CVE_ENT,ENT,CVE_MUN,MUN,POB_TOT,ANALF15,NOESC_614,EDBAS_INC,PSDSS,VPT,VNOWC,VNOAGUA,VNODREN,VNOELEC,VNOLAV,VNOREF,IRS,GRS,LC_NAL
01,Aguascalientes,01001,Aguascalientes,"948,990",1.642183,4.601069,20.252928,18.250877,0.574092,0.272787,0.371096,0.299428,0.164348,12.125340,4.333453,-1.315320,Muy bajo,"2,435"
01,Aguascalientes,01002,Asientos,"51,536",3.523404,6.294853,33.869504,14.727569,1.469414,3.825268,0.990257,3.569717,0.758665,17.696854,11.587606,-0.857301,Muy bajo,"1,986"
01,Aguascalientes,01003,Calvillo,"58,250",4.487288,6.948460,42.424388,20.312446,1.121134,0.715206,0.940722,0.663660,0.721649,12.628866,5.547680,-0.918554,Muy bajo,"2,076"
01,Aguascalientes,01004,Cosío,"17,000",3.139545,5.697637,27.595837,13.805882,1.017553,2.009667,0.788603,1.195625,0.635970,18.519461,10.506233,-1.004023,Muy bajo,"2,178"
01,Aguascalientes,01005,Jesús María,"129,929",2.377387,5.877568,26.604873,21.010706,1.239034,0.584848,0.862199,0.780803,0.467276,12.007476,5.296795,-1.173361,Muy bajo,"2,347"
01,Aguascalientes,01006,Pabellón de Arteaga,"47,646",2.724991,4.438116,25.615513,18.591277,0.681818,0.970280,1.066434,0.891608,0.585664,12.954545,6.704545,-1.168755,Muy bajo,"2,343"
01,Aguascalientes,01007,Rincón de Romos,"57,369",3.442602,4.382054,27.042147,19.862644,1.269373,1.778598,1.092251,1.498155,0.664207,17.239852,8.575646,-1.065487,Muy bajo,"2,256"
01,Aguascalientes,01008,San José de Gracia,"9,552",2.439024,5.735378,28.424605,13.075796,1.009251,2.733389,1.892347,2.649285,1.387721,16.862910,9.882254,-0.956906,Muy bajo,"2,121"
01,Aguascalientes,01009,Tepezalá,"22,485",4.231683,5.367841,34.996468,14.934401,1.644190,2.660262,1.182339,1.902827,0.812858,15.998522,9.181600,-0.900102,Muy bajo,"2,041"
01,Aguascalientes,01010,El Llano,"20,853",3.889612,4.397087,34.924331,21.037740,1.536098,3.302611,1.804916,3.801843,1.459293,20.142089,13.018433,-0.829259,Muy bajo,"1,955"
01,Aguascalientes,01011,San Francisco de los Romo,"61,997",2.354126,6.429683,28.386153,17.055664,0.714722,0.488699,0.537569,0.342089,0.458155,18.112401,8.869884,-1.075474,Muy bajo,"2,261"
02,Baja California,02001,Ensenada,"443,807",2.281879,5.455517,25.217238,17.531945,1.803281,0.797217,4.376413,5.291017,1.698858,19.610681,7.200881,-0.970463,Muy bajo,"2,142"
02,Baja California,02002,Mexicali,"1,049,792",1.612190,4.884076,21.403443,18.162265,1.389378,0.401693,0.824336,3.432152,0.683759,12.045932,3.052320,-1.240347,Muy bajo,"2,397"
02,Baja California,02003,Tecate,"108,440",1.921376,6.041172,28.422073,18.180561,1.835633,1.079404,3.739133,2.430275,1.577093,14.184145,4.928417,-1.024642,Muy bajo,"2,208"
02,Baja California,02004,Tijuana,"1,922,523",1.463182,7.626528,24.483910,25.036163,2.176452,0.691251,1.185623,0.919757,0.294190,18.128060,4.410247,-1.149643,Muy bajo,"2,320"
02,Baja California,02005,Playas de Rosarito,"126,890",2.017930,7.745966,29.498303,28.093624,2.723725,1.353788,5.006056,2.301171,0.777823,22.494954,5.611627,-0.956101,Muy bajo,"2,119"
02,Baja California,02006,San Quintín,"117,568",8.111663,5.709051,47.137132,26.498707,4.285142,0.918025,15.991497,43.726318,5.748437,41.985768,27.673208,0.349481,Medio,700
03,Baja California Sur,03001,Comondú,"73,021",4.076639,3.561304,32.208889,11.714438,3.134328,0.967888,1.899593,4.246947,1.610131,27.933062,7.914971,-0.811338,Muy bajo,"1,938"
03,Baja California Sur,03002,Mulegé,"64,022",4.148104,5.624630,33.481125,14.980788,3.035501,1.912781,2.941941,11.476688,2.307812,32.974687,15.031966,-0.568869,Bajo,"1,630"
03,Baja California Sur,03003,La Paz,"292,241",1.779959,3.317793,19.758739,14.084608,2.038709,1.053406,2.398998,1.333509,1.253323,24.958808,5.639403,-1.101218,Muy bajo,"2,285"
03,Baja California Sur,03008,Los Cabos,"351,111",2.115111,4.765198,23.815597,19.249183,7.763458,1.332203,8.504008,1.621126,0.798730,38.085612,9.145951,-0.758723,Muy bajo,"1,858"
03,Baja California Sur,03009,Loreto,"18,052",2.207734,4.388715,25.929767,13.173056,4.100719,1.816547,3.219424,2.967626,1.348921,26.241007,9.028777,-0.890728,Muy bajo,"2,031"
04,Campeche,04001,Calkiní,"59,232",9.238969,2.821283,31.756525,17.949757,2.356484,9.537213,1.957191,12.037704,0.890227,28.650913,27.682137,-0.427612,Bajo,"1,453"
04,Campeche,04002,Campeche,"294,077",3.304942,3.201178,22.853333,19.384379,1.063630,1.291383,0.747828,1.584879,0.534163,18.383423,8.401033,-1.144640,Muy bajo,"2,314"
04,Campeche,04003,Carmen,"248,845",3.921664,6.687846,26.395463,23.146939,2.454585,2.314204,5.556868,1.360724,0.867305,17.910406,10.939997,-0.922415,Muy bajo,"2,080"
04,Campeche,04004,Champotón,"78,170",8.817042,5.908658,38.931626,24.080849,3.540938,3.764871,3.326335,8.145556,1.912760,25.672965,20.508514,-0.446059,Bajo,"1,472"
04,Campeche,04005,Hecelchakán,"31,917",8.405375,10.723097,30.912437,22.229533,1.556467,6.901544,2.425193,10.569498,0.880792,25.627413,23.914093,-0.453318,Bajo,"1,481"
04,Campeche,04006,Hopelchén,"42,140",8.299728,19.763253,42.901458,22.551020,2.795972,10.509336,1.505524,13.520383,1.749927,27.715319,32.564278,0.036244,Bajo,986
04,Campeche,04007,Palizada,"8,683",7.819260,5.109489,34.177215,14.177128,4.109048,2.686685,17.661004,4.899249,2.607665,27.024891,21.453971,-0.312180,Bajo,"1,327"
04,Campeche,04008,Tenabo,"11,452",8.773404,9.164969,32.885262,18.555711,1.209150,10.816993,1.241830,15.098039,1.470588,24.771242,23.758170,-0.344090,Bajo,"1,369"
04,Campeche,04009,Escárcega,"59,923",8.917517,6.987451,38.722245,22.457153,4.872071,4.387853,1.966762,7.071975,1.763510,30.206839,21.192013,-0.379536,Bajo,"1,404"
04,Campeche,04010,Calakmul,"31,714",13.194614,6.509889,39.084455,24.768241,9.794393,5.158879,21.819315,15.576324,2.517134,39.065421,35.813084,0.317074,Medio,727
04,Campeche,04011,Candelaria,"46,913",11.248113,9.343603,43.982763,32.443033,8.765842,7.332529,11.330718,13.986119,7.460772,39.446288,32.264635,0.414902,Medio,649
04,Campeche,04012,Seybaplaya,"15,297",6.228883,4.709987,34.471108,18.023142,0.937866,5.064478,6.424385,5.463072,0.984760,18.100821,15.474795,-0.699509,Bajo,"1,776"
05,Coahuila de Zaragoza,05001,Abasolo,"1,022",2.211302,4.310345,32.923833,42.857143,0.000000,0.276243,0.552486,1.933702,0.000000,13.535912,1.657459,-1.282192,Muy bajo,"2,426"
05,Coahuila de Zaragoza,05002,Acuña,"163,058",1.678127,4.973423,26.943027,19.483251,0.938738,0.510691,0.701405,1.082834,0.481024,15.829289,3.566358,-1.186766,Muy bajo,"2,367"
05,Coahuila de Zaragoza,05003,Allende,"23,056",2.078108,9.231186,25.570285,23.013532,0.335914,0.394333,0.204469,1.387469,0.175259,9.770702,1.971666,-1.221814,Muy bajo,"2,388"
05,Coahuila de Zaragoza,05004,Arteaga,"29,578",3.680097,4.681036,31.101703,28.166205,2.352805,1.437181,3.256838,2.735280,0.683820,13.004172,5.458971,-1.049694,Muy bajo,"2,242"
05,Coahuila de Zaragoza,05005,Candela,"1,643",7.419899,14.436620,46.121417,18.807060,0.425532,1.063830,0.851064,2.765957,0.425532,12.340426,3.617021,-0.706085,Bajo,"1,782"
05,Coahuila de Zaragoza,05006,Castaños,"29,128",1.582938,5.052632,23.061611,15.843862,0.429902,0.668737,3.319799,5.684261,0.549319,15.392883,2.483879,-1.165801,Muy bajo,"2,337"
05,Coahuila de Zaragoza,05007,Cuatro Ciénegas,"12,715",3.640589,6.641895,33.119398,20.000000,1.430843,1.271860,5.670376,7.763646,2.729200,18.733439,7.074722,-0.773303,Muy bajo,"1,878"
05,Coahuila de Zaragoza,05008,Escobedo,"3,047",3.429355,5.313093,36.625514,35.674434,0.330761,1.764057,4.740904,10.474090,0.661521,15.104741,4.520397,-0.964528,Muy bajo,"2,132"
05,Coahuila de Zaragoza,05009,Francisco I. Madero,"59,035",2.872978,5.879917,29.857180,22.027611,1.315789,1.592798,1.750189,4.652480,0.295895,19.887938,4.998741,-1.027870,Muy bajo,"2,211"
05,Coahuila de Zaragoza,05010,Frontera,"82,409",1.497095,5.258252,21.005809,15.890255,0.368387,0.376954,0.466909,0.890983,0.239880,12.281002,2.116085,-1.300759,Muy bajo,"2,430"
05,Coahuila de Zaragoza,05011,General Cepeda,"11,898",4.665885,5.398587,32.778429,19.894100,0.971731,3.386337,1.766784,3.180212,0.677267,18.934040,7.243816,-0.918830,Muy bajo,"2,077"
05,Coahuila de Zaragoza,05012,Guerrero,"1,643",6.910569,8.429119,39.593496,18.563603,1.730769,1.730769,2.115385,6.346154,1.538462,15.576923,3.846154,-0.736287,Muy bajo,"1,825"
05,Coahuila de Zaragoza,05013,Hidalgo,"1,735",4.816112,11.046512,36.690018,52.219020,0.609756,1.016260,2.439024,4.878049,1.219512,21.138211,5.894309,-0.897380,Muy bajo,"2,036"
05,Coahuila de Zaragoza,05014,Jiménez,"9,502",3.061076,6.426230,49.934716,24.889497,1.211454,2.202643,1.615272,9.801762,1.688693,16.593245,5.616740,-0.722670,Muy bajo,"1,806"
05,Coahuila de Zaragoza,05015,Juárez,"1,584",2.867072,5.511811,41.355343,30.492424,0.824742,2.268041,1.030928,3.298969,0.824742,13.608247,1.855670,-1.009518,Muy bajo,"2,184"
05,Coahuila de Zaragoza,05016,Lamadrid,"1,764",3.106509,5.371901,34.097633,13.435374,0.000000,0.542495,0.180832,2.169982,0.542495,12.296564,2.350814,-1.095539,Muy bajo,"2,280"
05,Coahuila de Zaragoza,05017,Matamoros,"118,337",3.090667,6.079424,30.129358,23.317306,1.658061,1.465636,1.058337,2.216093,0.253359,21.086559,4.701581,-1.039603,Muy bajo,"2,227"
05,Coahuila de Zaragoza,05018,Monclova,"237,951",1.182056,4.519008,18.144753,15.570012,0.457014,0.325210,0.607441,0.477071,0.243550,11.753413,1.962723,-1.355182,Muy bajo,"2,448"
05,Coahuila de Zaragoza,05019,Morelos,"7,928",1.695208,3.950426,27.313614,18.579717,0.300172,0.471698,0.428816,3.602058,0.257290,7.761578,1.415094,-1.278062,Muy bajo,"2,421"
05,Coahuila de Zaragoza,05020,Múzquiz,"71,627",2.499610,5.817005,29.270574,16.824661,0.702485,1.879754,0.624970,3.115159,0.717020,12.252313,4.224602,-1.098356,Muy bajo,"2,283"
05,Coahuila de Zaragoza,05021,Nadadores,"6,539",2.304893,4.934542,24.807926,14.222358,0.456158,1.165737,0.506842,5.727319,0.405474,15.002534,2.280791,-1.161470,Muy bajo,"2,334"
05,Coahuila de Zaragoza,05022,Nava,"33,129",1.757365,6.069669,25.834112,17.139062,0.886279,0.683396,0.448478,1.398825,0.363054,9.631607,2.466631,-1.227345,Muy bajo,"2,391"
05,Coahuila de Zaragoza,05023,Ocampo,"9,642",3.879247,8.632677,38.719557,17.288944,1.539617,1.802478,6.458881,7.209914,4.919264,25.159594,16.372512,-0.430410,Bajo,"1,456"
05,Coahuila de Zaragoza,05024,Parras,"44,472",3.515111,4.382997,26.112251,22.142022,1.542093,3.170732,3.351692,4.177813,0.440598,19.850511,5.444532,-1.026923,Muy bajo,"2,210"
05,Coahuila de Zaragoza,05025,Piedras Negras,"176,327",1.417763,6.196574,22.591084,19.751371,0.586811,0.433814,0.387334,0.443498,0.230464,10.415416,2.457635,-1.295353,Muy bajo,"2,429"
05,Coahuila de Zaragoza,05026,Progreso,"3,239",3.351718,6.924644,42.766228,19.357826,0.603622,3.018109,1.207243,8.651911,0.100604,17.505030,5.231388,-0.842305,Muy bajo,"1,969"
05,Coahuila de Zaragoza,05027,Ramos Arizpe,"122,243",1.677349,4.860938,18.407655,16.330587,0.771066,0.480098,0.910731,2.010591,0.293878,16.649209,4.416899,-1.257305,Muy bajo,"2,407"
05,Coahuila de Zaragoza,05028,Sabinas,"64,811",1.620284,6.133088,23.615791,15.926309,0.569222,0.306885,0.628620,1.257239,0.232639,9.374845,2.034351,-1.270138,Muy bajo,"2,415"
05,Coahuila de Zaragoza,05029,Sacramento,"2,471",3.410341,5.511811,28.492849,25.414812,0.137931,1.379310,0.275862,3.724138,0.137931,15.172414,2.068966,-1.164213,Muy bajo,"2,336"
05,Coahuila de Zaragoza,05030,Saltillo,"879,958",1.253532,4.231443,16.253015,16.175999,0.574483,0.575308,0.849971,0.510147,0.126609,9.868483,2.871176,-1.383355,Muy bajo,"2,457"
05,Coahuila de Zaragoza,05031,San Buenaventura,"24,759",1.486626,5.344969,20.357007,15.081385,0.328127,0.525003,0.446253,1.693136,0.485628,11.038194,2.126263,-1.294073,Muy bajo,"2,428"
05,Coahuila de Zaragoza,05032,San Juan de Sabinas,"42,260",1.494726,6.356641,25.054609,12.167534,0.595829,0.465969,0.427775,1.978458,0.236804,7.211061,1.795126,-1.250474,Muy bajo,"2,403"
05,Coahuila de Zaragoza,05033,San Pedro,"101,041",3.627952,4.593557,32.677807,27.188963,1.532380,1.912651,6.261295,4.393825,0.414157,21.046687,5.365211,-0.947149,Muy bajo,"2,107"
05,Coahuila de Zaragoza,05034,Sierra Mojada,"6,744",2.366364,5.975395,27.424467,12.322064,0.782881,0.991649,1.878914,1.826722,1.096033,15.918580,7.254697,-1.040244,Muy bajo,"2,229"
05,Coahuila de Zaragoza,05035,Torreón,"720,848",1.238287,4.799372,18.973964,21.934721,0.935658,0.401528,0.218212,0.232635,0.089797,15.044503,3.124288,-1.334731,Muy bajo,"2,443"
05,Coahuila de Zaragoza,05036,Viesca,"20,305",4.666346,7.179931,41.557281,27.830584,2.417541,4.647676,10.063718,7.908546,0.505997,26.592954,7.964768,-0.594478,Bajo,"1,654"
05,Coahuila de Zaragoza,05037,Villa Unión,"6,188",2.822308,4.693878,31.925943,27.504848,0.330033,1.650165,1.320132,4.015402,1.155116,13.036304,3.850385,-1.096590,Muy bajo,"2,282"
05,Coahuila de Zaragoza,05038,Zaragoza,"13,135",2.973545,5.367614,35.746032,19.550818,1.455823,1.029116,0.627510,6.902610,2.510040,14.106426,4.944779,-0.907766,Muy bajo,"2,059"
06,Colima,06001,Armería,"27,626",7.142857,8.260105,46.299012,9.820459,5.579976,1.379731,1.758242,1.147741,0.854701,28.461538,10.317460,-0.489055,Bajo,"1,528"
06,Colima,06002,Colima,"157,048",2.381705,4.058107,23.485604,17.769090,1.627666,0.660618,0.531280,0.316380,0.481535,21.390481,4.968561,-1.157756,Muy bajo,"2,329"
06,Colima,06003,Comala,"21,661",3.223474,5.191945,35.657046,19.371220,3.885969,1.974837,0.891862,1.369645,1.178532,35.578914,13.330148,-0.719713,Muy bajo,"1,801"
06,Colima,06004,Coquimatlán,"20,837",5.902513,6.257901,38.544047,19.359793,4.910063,0.923675,1.604278,0.907470,1.409820,33.446767,8.718198,-0.646125,Bajo,"1,712"
06,Colima,06005,Cuauhtémoc,"31,267",3.781095,5.874529,34.423715,15.204529,1.708208,2.009024,1.547056,1.246240,0.408251,23.001719,9.346798,-0.884068,Muy bajo,"2,017"
06,Colima,06006,Ixtlahuacán,"5,623",7.123162,3.990326,43.336397,5.246310,7.457428,1.879037,2.290076,1.879037,1.761597,35.466823,11.332942,-0.421713,Bajo,"1,449"
06,Colima,06007,Manzanillo,"191,031",2.432706,5.937663,25.327787,15.995310,1.769081,0.623199,0.522683,0.345105,0.333378,23.172284,5.251960,-1.087651,Muy bajo,"2,272"
06,Colima,06008,Minatitlán,"10,231",5.208476,5.857988,34.053315,8.757697,4.173853,2.863056,2.207658,3.208003,1.724733,29.320455,12.073129,-0.623937,Bajo,"1,692"
06,Colima,06009,Tecomán,"116,305",7.355350,10.690839,41.455282,17.739564,6.104342,0.565161,1.227553,0.395005,0.632008,35.678041,11.497676,-0.488530,Bajo,"1,527"
06,Colima,06010,Villa de Álvarez,"149,762",1.317089,3.211117,16.513873,18.090036,0.942165,0.446611,0.214128,0.136634,0.250836,19.408190,3.670772,-1.327860,Muy bajo,"2,441"
07,Chiapas,07001,Acacoyagua,"17,994",10.755765,10.251451,51.733715,33.839057,3.855750,4.150601,6.849626,4.649580,2.132003,56.679519,27.103652,0.082204,Bajo,945
07,Chiapas,07002,Acala,"21,187",15.876344,12.025478,50.639248,34.327654,5.955243,1.997411,3.088589,2.441280,1.109673,43.480673,20.861846,-0.031970,Bajo,"1,049"
07,Chiapas,07003,Acapetahua,"26,899",13.721655,9.464587,50.499498,40.113015,8.299248,3.865945,16.242248,4.129832,1.174297,39.899723,17.706821,0.039884,Bajo,982
07,Chiapas,07004,Altamirano,"36,160",22.985562,14.222798,62.925515,23.697456,6.680899,4.998116,13.562728,22.943614,3.189753,84.252166,64.912721,1.420850,Alto,239
07,Chiapas,07005,Amatán,"24,512",17.081102,10.401802,52.206070,29.605907,25.442008,1.803395,11.050212,8.079915,4.862093,82.920792,58.239038,1.256774,Alto,291
07,Chiapas,07006,Amatenango de la Frontera,"31,735",15.355858,9.395670,58.517888,22.142745,6.922975,1.942132,3.131193,3.765359,1.281543,53.573788,30.202140,0.229509,Medio,808
07,Chiapas,07007,Amatenango del Valle,"11,283",26.487524,14.570361,74.993145,26.570947,19.890582,11.957796,23.563892,20.125049,2.149277,96.678390,90.425948,2.321146,Muy alto,74
07,Chiapas,07008,Angel Albino Corzo,"31,947",17.603946,11.300310,56.011276,27.041663,15.025620,3.462124,2.381942,3.323639,2.063426,57.762083,33.236394,0.517613,Medio,600
07,Chiapas,07009,Arriaga,"41,135",8.373401,6.458364,41.863736,40.243102,3.007946,2.456624,13.012810,2.416086,1.224258,37.952003,14.699205,-0.429847,Bajo,"1,455"
07,Chiapas,07010,Bejucal de Ocampo,"7,365",10.809116,8.009858,60.025089,20.692464,6.704981,0.830140,40.038314,4.789272,0.766284,62.643678,42.911877,0.684595,Medio,514
07,Chiapas,07011,Bella Vista,"20,157",10.081520,7.182706,57.333034,12.695342,12.173528,2.124834,16.356795,5.688358,2.235502,64.541833,45.219124,0.610934,Medio,556
07,Chiapas,07012,Berriozábal,"64,632",9.997288,12.605109,46.167405,42.712588,9.662463,3.128091,17.111771,3.635015,1.199308,42.247774,24.295252,0.045575,Bajo,975
07,Chiapas,07013,Bochil,"37,263",13.953164,8.100669,48.620017,28.108311,14.686979,8.807427,7.664842,7.081647,0.690312,76.815044,50.666508,0.682808,Medio,516
07,Chiapas,07014,El Bosque,"24,273",22.549086,13.988149,64.718980,15.033164,18.906064,1.149425,0.713436,4.776060,2.160127,88.862465,61.097899,1.301126,Alto,277
07,Chiapas,07015,Cacahoatán,"50,112",9.888934,6.896919,39.564413,43.061542,6.943185,1.492537,2.284159,2.523295,1.030758,59.783953,28.778758,-0.222215,Bajo,"1,245"
07,Chiapas,07016,Catazajá,"17,619",12.904463,9.117221,47.776415,39.366593,8.923335,5.613741,3.288647,6.032677,2.157520,39.400922,17.762882,-0.066618,Bajo,"1,085"
07,Chiapas,07017,Cintalapa,"88,106",10.037474,7.224456,44.017884,46.498536,8.044338,3.799099,7.331432,4.498206,1.779965,47.364548,25.126483,-0.137743,Bajo,"1,164"
07,Chiapas,07018,Coapilla,"9,900",14.838611,8.304326,52.929478,19.676768,11.374795,3.600655,1.391162,3.805237,0.777414,61.947627,42.962357,0.381097,Medio,680
07,Chiapas,07019,Comitán de Domínguez,"166,178",9.101705,8.579377,44.305894,41.871367,6.007577,0.841151,11.740032,4.268898,0.563774,40.181310,21.924048,-0.280019,Bajo,"1,292"
07,Chiapas,07020,La Concordia,"49,920",17.469035,11.317063,55.947651,22.113381,11.159325,5.673817,7.859833,5.395448,2.603570,51.940396,29.867365,0.526642,Medio,594
07,Chiapas,07021,Copainalá,"22,192",10.692189,6.348021,44.328435,32.133201,10.206782,3.490488,3.490488,4.168734,1.985112,62.084367,31.794872,0.080833,Bajo,947
07,Chiapas,07022,Chalchihuitán,"21,915",29.162133,21.794195,81.141709,24.814054,40.041580,17.858628,49.376299,72.785863,13.139293,99.625780,92.266112,4.260517,Muy alto,6
07,Chiapas,07023,Chamula,"101,967",32.578814,17.459662,86.126694,19.178754,20.145094,2.446253,17.672299,38.737503,1.331505,95.961249,92.059630,2.564559,Muy alto,51
07,Chiapas,07024,Chanal,"13,678",22.365439,8.889468,59.277620,13.847054,27.127173,3.385178,34.675206,50.045746,3.019213,98.764867,92.040256,2.447300,Muy alto,59
07,Chiapas,07025,Chapultenango,"7,472",14.748559,5.786249,40.806997,18.683084,20.743754,1.743173,7.786171,5.810575,4.067403,77.280651,46.775131,0.734063,Medio,492
07,Chiapas,07026,Chenalhó,"47,371",27.600887,24.620035,80.130223,20.324671,34.017688,4.527269,19.151400,36.302379,3.221731,97.831122,90.482207,2.877015,Muy alto,32
07,Chiapas,07027,Chiapa de Corzo,"112,075",9.098641,8.009387,37.157472,42.339505,5.819963,1.665259,7.059618,1.574058,0.699206,42.023307,17.274109,-0.452716,Bajo,"1,480"
07,Chiapas,07028,Chiapilla,"6,156",21.866667,6.274131,58.088889,23.684211,3.015385,1.476923,1.476923,1.538462,1.107692,40.123077,25.230769,0.050131,Bajo,971
07,Chiapas,07029,Chicoasén,"5,402",11.481976,5.096840,46.408545,38.781933,8.220109,2.989130,6.657609,2.105978,0.543478,52.038043,21.263587,-0.172642,Bajo,"1,192"
07,Chiapas,07030,Chicomuselo,"36,785",16.177126,7.806691,60.580156,21.989942,14.917379,3.589744,9.230769,4.809117,2.017094,52.934473,30.643875,0.527657,Medio,592
07,Chiapas,07031,Chilón,"137,262",26.607032,14.097605,60.391353,24.428465,24.033336,11.194534,13.548314,18.154516,6.306780,95.581500,77.032810,2.168340,Muy alto,97
07,Chiapas,07032,Escuintla,"30,896",11.969553,8.358510,48.097050,31.864966,7.979670,3.379924,8.996188,4.612452,2.439644,56.810673,27.179161,0.151513,Medio,877
07,Chiapas,07033,Francisco León,"7,245",19.953350,6.367771,55.703986,27.177364,20.919387,2.798135,2.198534,4.130580,1.665556,74.417055,44.770153,0.786109,Medio,466
07,Chiapas,07034,Frontera Comalapa,"80,897",10.964580,9.183409,54.217562,40.544149,8.166004,1.809145,7.897614,2.276342,1.232604,43.215706,19.721670,-0.088252,Bajo,"1,115"
07,Chiapas,07035,Frontera Hidalgo,"14,556",12.803113,12.615031,42.500748,42.607859,9.345287,4.265145,9.209454,4.292312,1.738658,51.181744,21.162728,0.057390,Bajo,966
07,Chiapas,07036,La Grandeza,"7,701",8.923077,8.607741,48.656410,17.192572,7.226563,0.716146,17.513021,4.231771,0.651042,59.244792,45.507813,0.281259,Medio,763
07,Chiapas,07037,Huehuetán,"36,333",12.426059,10.507416,42.469645,41.367352,9.719313,4.681609,16.788856,4.597822,1.445329,59.007122,23.250943,0.181587,Medio,855
07,Chiapas,07038,Huixtán,"22,975",18.252159,9.206471,63.122625,16.304679,21.117877,1.500652,20.813397,28.512397,2.892562,95.802523,89.560679,1.879540,Muy alto,134
07,Chiapas,07039,Huitiupán,"27,893",21.743572,11.129190,58.896646,33.273581,26.562500,2.598852,5.277423,18.000638,1.275510,90.577168,60.395408,1.389175,Alto,253
07,Chiapas,07040,Huixtla,"53,242",8.881527,9.360326,41.326182,43.054356,8.612575,1.629786,7.558834,3.238497,1.383913,47.586934,21.243414,-0.219837,Bajo,"1,240"
07,Chiapas,07041,La Independencia,"46,409",12.574070,15.149026,69.413334,16.018445,7.853403,1.633869,6.797256,27.170969,0.686044,50.288861,52.446290,0.772280,Medio,473
07,Chiapas,07042,Ixhuatán,"11,377",13.869626,8.793868,48.654646,10.538806,9.174664,1.765835,0.460653,1.880998,0.844530,74.395393,47.600768,0.394224,Medio,665
07,Chiapas,07043,Ixtacomitán,"10,961",10.222998,6.548176,37.600752,35.170149,9.671326,1.775595,3.853419,2.040045,3.588969,61.428032,36.116358,0.043094,Bajo,978
07,Chiapas,07044,Ixtapa,"28,999",13.425926,11.523643,53.652263,20.862788,14.594858,4.376830,2.489424,4.767328,0.846079,76.163358,49.593231,0.658650,Medio,528
07,Chiapas,07045,Ixtapangajoya,"6,284",13.317972,10.569106,53.410138,34.914067,15.555556,3.660131,3.594771,3.529412,4.117647,62.810458,41.437908,0.573689,Medio,568
07,Chiapas,07046,Jiquipilas,"41,063",10.489439,6.267685,46.533983,33.692132,8.246597,2.935682,7.401477,4.750467,1.298817,46.766302,22.880527,-0.117168,Bajo,"1,145"
07,Chiapas,07047,Jitotol,"24,966",15.819447,10.477713,47.598959,26.227670,8.977189,5.573951,1.361295,3.863135,0.846210,83.885210,66.813834,0.698862,Medio,510
07,Chiapas,07048,Juárez,"21,807",10.317971,6.971736,44.342173,38.175815,6.355723,2.496305,12.859254,2.545574,0.673345,33.191000,15.963212,-0.328909,Bajo,"1,354"
07,Chiapas,07049,Larráinzar,"31,259",17.351411,11.009740,62.895214,18.177165,6.618633,1.172922,5.563003,17.510054,1.105898,95.760724,88.438338,1.255667,Alto,293
07,Chiapas,07050,La Libertad,"5,232",12.022558,10.714286,44.834658,43.272171,1.834282,3.605313,13.409235,3.795066,1.707780,45.351044,12.650221,-0.189003,Bajo,"1,213"
07,Chiapas,07051,Mapastepec,"46,130",11.938076,8.387850,52.905408,35.863863,6.695973,2.001727,12.214460,2.425622,1.318785,43.103854,18.078342,-0.060241,Bajo,"1,078"
07,Chiapas,07052,Las Margaritas,"141,027",18.780165,13.495901,64.036364,17.242797,13.929227,3.140055,20.763872,38.359963,2.755346,79.998614,63.414550,1.599144,Alto,199
07,Chiapas,07053,Mazapa de Madero,"7,901",8.139985,9.627507,59.377417,10.327807,8.505611,1.063201,8.682812,9.982280,1.122268,63.083284,31.659776,0.329235,Medio,714
07,Chiapas,07054,Mazatán,"28,250",11.380941,10.199106,44.807166,33.723894,10.665299,5.114729,12.049737,5.512114,1.012691,43.712345,23.855916,0.060171,Bajo,964
07,Chiapas,07055,Metapa,"5,876",8.276864,7.545272,35.866409,42.103472,8.651399,3.371501,8.842239,2.798982,1.208651,50.381679,16.030534,-0.310815,Bajo,"1,324"
07,Chiapas,07056,Mitontic,"13,755",36.629545,21.823362,79.457936,6.412214,27.011070,1.549815,25.166052,33.062731,0.774908,99.594096,92.103321,2.865647,Muy alto,33
07,Chiapas,07057,Motozintla,"76,398",10.519486,8.311672,54.627855,20.488756,10.137665,1.207584,7.082478,2.234030,1.002294,68.331119,34.120275,0.277526,Medio,768
07,Chiapas,07058,Nicolás Ruíz,"4,765",14.244650,7.192118,61.130629,7.701994,8.950914,1.251203,0.866218,0.769971,0.481232,73.339750,23.676612,0.284701,Medio,759
07,Chiapas,07059,Ocosingo,"234,661",21.889596,12.217448,56.867853,29.491905,27.234580,5.977435,11.156308,20.133165,6.527650,84.756685,60.521527,1.739935,Alto,164
07,Chiapas,07060,Ocotepec,"14,088",27.963375,12.355430,64.860183,19.754401,21.137376,5.447071,4.898938,11.408016,1.027749,92.840014,71.257280,1.645398,Alto,189
07,Chiapas,07061,Ocozocoautla de Espinosa,"97,397",10.307548,11.255006,51.112858,42.696387,12.095186,2.308434,7.189241,5.810884,2.253970,50.115212,30.160459,0.170683,Medio,865
07,Chiapas,07062,Ostuacán,"18,469",12.578926,8.587632,47.339073,30.618875,9.926224,3.375810,7.601163,3.532305,2.794545,47.015426,28.839705,0.136178,Medio,890
07,Chiapas,07063,Osumacinta,"3,983",7.416880,5.766526,40.189989,16.168717,4.427334,2.309913,0.673725,2.406160,0.577478,51.106833,28.200192,-0.326817,Bajo,"1,351"
07,Chiapas,07064,Oxchuc,"54,932",15.982330,7.110140,52.841162,7.365470,42.340826,4.842064,69.937618,58.916724,11.674423,97.603723,91.593227,3.378717,Muy alto,17
07,Chiapas,07065,Palenque,"132,265",14.159501,7.632655,44.799919,36.971232,5.502542,4.836648,4.916912,6.813520,1.795535,58.233003,30.366539,0.086753,Bajo,935
07,Chiapas,07066,Pantelhó,"26,391",36.009685,27.348674,74.774244,27.509378,21.003453,7.048548,9.689214,20.455007,3.189112,95.815560,80.641885,2.491271,Muy alto,55
07,Chiapas,07067,Pantepec,"12,266",22.436139,6.779661,52.799799,19.305397,23.890785,3.959044,1.228669,3.651877,0.921502,85.563140,66.860068,1.135410,Alto,325
07,Chiapas,07068,Pichucalco,"31,919",11.196439,7.201309,39.946767,45.596667,6.747465,2.528843,8.285748,2.726955,1.363477,50.192285,21.990444,-0.221975,Bajo,"1,244"
07,Chiapas,07069,Pijijiapan,"51,193",12.312181,6.558625,49.614137,36.717911,5.891442,3.211071,22.450625,3.318554,1.128577,37.686417,17.244391,-0.048161,Bajo,"1,065"
07,Chiapas,07070,El Porvenir,"12,263",8.843102,11.967037,45.200921,4.427954,9.745939,2.957101,6.205748,12.161599,0.749688,67.846731,57.809246,0.527706,Medio,591
07,Chiapas,07071,Villa Comaltitlán,"30,297",12.246435,9.824498,49.465807,44.278311,8.306082,3.531720,13.342054,3.845651,1.386527,48.005232,26.265533,0.083613,Bajo,942
07,Chiapas,07072,Pueblo Nuevo Solistahuacán,"29,636",19.535114,12.144897,58.198703,26.427318,20.984615,2.815385,5.584615,5.892308,1.138462,77.246154,64.876923,1.119394,Alto,334
07,Chiapas,07073,Rayón,"10,866",15.983548,7.831325,45.440363,21.838763,14.315439,2.913025,13.441531,5.493134,1.290054,74.864752,60.840616,0.768871,Medio,475
07,Chiapas,07074,Reforma,"44,829",6.532810,6.078078,35.628791,33.625555,5.890828,1.824876,3.481671,1.560749,0.664319,23.571314,13.990716,-0.724109,Muy bajo,"1,809"
07,Chiapas,07075,Las Rosas,"28,829",21.412381,17.390524,64.534327,29.650699,20.717849,2.217295,19.650776,2.064856,1.552106,52.536031,39.578714,1.054037,Alto,356
07,Chiapas,07076,Sabanilla,"29,889",20.225127,6.555249,53.081232,14.573924,21.134249,1.092896,12.184315,18.224782,1.949490,96.101019,66.430365,1.364996,Alto,259
07,Chiapas,07077,Salto de Agua,"64,251",23.139155,7.209710,55.160979,18.223841,16.528589,7.802526,7.945131,10.600299,3.565123,85.291321,54.094798,1.246970,Alto,297
07,Chiapas,07078,San Cristóbal de las Casas,"215,874",9.212306,10.290839,38.343307,44.746472,9.344496,0.797260,5.765389,5.158405,0.489012,51.764818,36.616878,-0.122718,Bajo,"1,151"
07,Chiapas,07079,San Fernando,"41,793",10.771600,11.312975,53.426861,35.101572,4.744142,2.563367,10.779531,2.199904,0.793879,47.594452,26.360593,0.002227,Bajo,"1,015"
07,Chiapas,07080,Siltepec,"25,937",15.054612,5.485674,54.332524,11.153950,14.101578,1.616006,5.829165,4.193921,1.866102,63.139669,47.422085,0.555407,Medio,577
07,Chiapas,07081,Simojovel,"52,935",24.598143,16.165622,62.827410,28.378200,18.857517,2.468212,7.245699,18.390052,1.065819,89.210920,66.361257,1.507437,Alto,218
07,Chiapas,07082,Sitalá,"15,518",40.081822,24.513427,73.850066,26.524037,32.680957,46.132339,39.484312,59.521591,7.486797,95.464430,82.416900,4.173845,Muy alto,7
07,Chiapas,07083,Socoltenango,"19,092",17.647498,10.411765,59.499627,18.787974,14.726230,2.174343,6.443961,2.747579,0.691836,39.948606,22.988733,0.317392,Medio,726
07,Chiapas,07084,Solosuchiapa,"8,561",13.873140,9.950249,51.045358,27.123000,11.865234,2.685547,1.123047,2.783203,1.416016,65.332031,42.333984,0.369846,Medio,688
07,Chiapas,07085,Soyaló,"10,890",14.146676,10.976789,53.803975,17.630854,8.265107,3.079922,3.040936,2.378168,1.520468,70.799220,37.660819,0.422559,Medio,643
07,Chiapas,07086,Suchiapa,"25,627",11.730727,6.851343,39.057987,39.388145,6.265743,1.353904,7.493703,1.338161,1.479849,49.590680,17.821159,-0.281148,Bajo,"1,293"
07,Chiapas,07087,Suchiate,"41,672",14.260451,18.110236,53.317536,49.810424,16.232758,2.667397,17.749155,5.974240,2.119302,59.057276,26.518681,0.603534,Medio,561
07,Chiapas,07088,Sunuapa,"2,308",12.419562,4.988662,42.535393,29.332756,11.764706,2.139037,11.229947,2.139037,2.673797,60.606061,36.007130,0.224661,Medio,817
07,Chiapas,07089,Tapachula,"353,706",6.869078,9.440388,33.960246,42.559923,9.279038,2.040242,7.551397,1.605727,0.832561,45.296919,17.688003,-0.404519,Bajo,"1,433"
07,Chiapas,07090,Tapalapa,"4,547",13.369528,4.259635,48.048863,22.102485,17.545455,3.454545,2.272727,3.727273,1.272727,76.363636,60.272727,0.610062,Medio,557
07,Chiapas,07091,Tapilula,"13,592",11.625404,5.955994,34.725511,23.506474,10.017371,1.071222,2.171395,1.360741,0.868558,59.554140,38.216561,-0.065293,Bajo,"1,084"
07,Chiapas,07092,Tecpatán,"21,426",13.952700,6.642355,54.767229,61.056660,12.532411,3.820225,5.237684,4.407952,4.096802,59.377701,34.312878,0.322362,Medio,723
07,Chiapas,07093,Tenejapa,"48,162",19.287865,12.136207,71.142604,14.199992,13.489130,1.445652,5.663043,22.108696,1.554348,98.478261,94.902174,1.683409,Alto,177
07,Chiapas,07094,Teopisca,"49,499",21.009148,17.449054,72.701086,31.544072,16.724895,2.499328,8.537132,5.939264,1.791633,66.872704,62.787781,1.262836,Alto,289
07,Chiapas,07096,Tila,"83,505",23.025148,7.623657,56.423408,24.496737,24.344153,15.706981,7.942419,10.299022,3.507114,95.748110,74.722099,1.745000,Alto,161
07,Chiapas,07097,Tonalá,"91,913",9.348769,6.190599,39.968767,38.699640,3.403121,2.317102,6.892496,2.262213,0.858622,32.905983,14.584804,-0.546402,Bajo,"1,605"
07,Chiapas,07098,Totolapa,"7,211",25.387637,9.870317,57.535663,21.869366,10.444316,1.731102,2.019619,3.115984,1.500289,71.783035,40.334680,0.721426,Medio,499
07,Chiapas,07099,La Trinitaria,"83,111",13.820164,9.494324,63.416497,20.700028,6.052316,1.545476,16.361891,19.256060,1.300696,48.639309,30.712743,0.473267,Medio,617
07,Chiapas,07100,Tumbalá,"38,025",26.677356,9.486781,57.465877,18.177515,11.150264,5.688397,17.669268,17.165870,3.863579,95.834382,74.301535,1.674061,Alto,180
07,Chiapas,07101,Tuxtla Gutiérrez,"604,147",3.765032,5.763526,23.334474,40.743064,2.261134,0.746476,5.281406,0.249026,0.252644,27.075721,7.357428,-1.071436,Muy bajo,"2,259"
07,Chiapas,07102,Tuxtla Chico,"41,024",11.205984,7.627841,36.203422,43.303920,10.393523,2.861985,25.362455,2.824327,1.299190,57.606854,18.621728,0.047119,Bajo,973
07,Chiapas,07103,Tuzantán,"30,302",10.789916,8.874239,45.743097,47.871428,8.395158,4.060914,9.189119,4.516465,0.793961,61.473383,26.981648,0.025636,Bajo,997
07,Chiapas,07104,Tzimol,"16,560",16.776728,8.902909,58.789601,24.903382,5.102916,3.237564,7.804460,4.738422,0.964837,42.431389,28.066038,0.179531,Medio,859
07,Chiapas,07105,Unión Juárez,"16,008",10.570396,6.405817,38.023451,32.933533,7.466871,1.452599,1.095821,2.140673,1.172273,60.907238,34.301733,-0.140053,Bajo,"1,166"
07,Chiapas,07106,Venustiano Carranza,"67,292",20.643007,9.950131,56.486081,31.834393,15.508470,3.885503,4.796780,3.885503,1.638061,51.350143,34.606139,0.543004,Medio,580
07,Chiapas,07107,Villa Corzo,"65,643",15.356044,11.107311,48.314286,42.447786,7.810820,5.284844,7.607787,5.553565,4.203989,44.983877,25.188105,0.226467,Medio,812
07,Chiapas,07108,Villaflores,"109,536",11.107426,8.500367,44.348059,36.597100,5.841370,2.457357,8.816968,2.388715,1.074236,39.616295,18.814566,-0.249881,Bajo,"1,268"
07,Chiapas,07109,Yajalón,"40,285",23.606694,16.790093,55.274118,34.690331,23.554996,3.330663,6.924574,8.755866,2.563809,78.516653,52.695433,1.289378,Alto,283
07,Chiapas,07110,San Lucas,"7,526",21.325351,7.450030,57.638315,20.143503,9.011469,3.932277,1.747679,3.440743,2.457673,68.050246,47.078099,0.673939,Medio,521
07,Chiapas,07111,Zinacantán,"45,373",31.008584,22.331134,84.054410,17.283406,13.086175,5.053514,26.172349,12.015889,0.606863,92.618338,86.020082,2.288732,Muy alto,79
07,Chiapas,07112,San Juan Cancuc,"37,948",30.779891,13.535474,69.755328,16.751871,32.600575,11.264368,26.594828,45.847701,3.218391,99.640805,95.301724,2.950748,Muy alto,28
07,Chiapas,07113,Aldama,"8,480",21.198645,13.269731,71.833969,13.915094,14.718353,1.574803,6.723198,10.236220,1.150818,98.970321,95.093882,1.686595,Alto,176
07,Chiapas,07114,Benemérito de las Américas,"23,603",14.850812,13.576614,54.312513,49.595390,10.839611,3.729561,11.133566,8.506338,2.535367,48.374058,33.639537,0.410454,Medio,653
07,Chiapas,07115,Maravilla Tenejapa,"14,714",19.207248,17.481910,69.365798,13.273073,12.013769,2.822719,17.246127,41.101549,3.063683,76.144578,60.000000,1.645630,Alto,188
07,Chiapas,07116,Marqués de Comillas,"12,892",18.775817,12.863496,59.682063,20.338194,8.963585,5.532213,20.343137,14.460784,1.435574,57.387955,37.640056,0.850340,Medio,428
07,Chiapas,07117,Montecristo de Guerrero,"8,412",14.617256,8.342246,57.046603,13.195435,17.172833,4.141358,2.098288,3.754832,2.098288,55.825511,49.199337,0.635521,Medio,542
07,Chiapas,07118,San Andrés Duraznal,"6,047",29.413440,23.636364,73.889522,16.057549,8.085431,2.059497,1.067887,5.568268,1.144165,96.796339,79.481312,1.694751,Alto,174
07,Chiapas,07119,Santiago el Pinar,"4,959",33.213645,7.395751,62.585278,7.118371,22.502744,5.488474,1.646542,5.598244,0.768386,98.902305,94.072448,1.868427,Muy alto,140
07,Chiapas,07120,Capitán Luis Ángel Vidal,"4,315",15.137451,7.352941,60.978222,8.968714,28.019925,5.354919,4.981320,6.724782,2.366127,67.372354,58.281445,1.136283,Alto,324
07,Chiapas,07121,Rincón Chamula San Pedro,"8,718",24.196078,14.754857,71.411765,25.303969,26.258798,2.923660,2.328100,9.474824,1.245263,94.639957,72.441798,1.696329,Alto,173
07,Chiapas,07122,El Parral,"15,587",14.184461,8.233587,51.211197,32.969783,5.831178,3.009640,3.456384,3.033153,1.786974,34.798965,21.678815,-0.126434,Bajo,"1,156"
07,Chiapas,07123,Emiliano Zapata,"10,783",13.128205,5.738132,47.307692,36.900677,8.888889,3.633157,7.689594,3.844797,1.305115,46.490300,20.811287,-0.071234,Bajo,"1,090"
07,Chiapas,07124,Mezcalapa,"23,847",13.494699,11.437712,53.352919,35.727764,13.548498,3.382810,5.453918,4.590956,3.175699,48.809113,30.255437,0.341719,Medio,707
07,Chiapas,07125,Honduras de la Sierra,"11,650",18.517029,5.395137,58.862966,14.360515,20.922289,2.519214,1.921435,2.775406,2.006832,71.690863,48.035867,0.825837,Medio,441
08,Chihuahua,08001,Ahumada,"14,635",3.077852,12.429379,48.833233,15.428767,1.047619,0.928571,0.523810,1.071429,0.428571,10.333333,3.119048,-0.819982,Muy bajo,"1,947"
08,Chihuahua,08002,Aldama,"26,047",2.445001,6.388031,29.194036,7.951012,0.412972,0.364387,0.230779,0.485850,0.242925,8.757440,1.943399,-1.174008,Muy bajo,"2,349"
08,Chihuahua,08003,Allende,"8,487",3.255387,6.920415,35.442458,17.815483,0.801457,1.493625,0.473588,1.347905,1.275046,13.697632,4.590164,-0.982017,Muy bajo,"2,155"
08,Chihuahua,08004,Aquiles Serdán,"24,344",1.123784,8.390893,24.851839,21.438547,1.112990,0.746689,0.324035,0.154973,0.098619,18.794026,4.057481,-1.168073,Muy bajo,"2,342"
08,Chihuahua,08005,Ascensión,"26,093",4.718442,14.446907,49.917026,31.920438,1.279129,1.101824,0.734549,3.140831,0.899189,17.147923,6.788247,-0.676733,Bajo,"1,751"
08,Chihuahua,08006,Bachíniva,"5,807",4.606006,7.808858,59.855498,12.881006,1.149425,3.248376,0.699650,8.345827,1.199400,11.044478,4.247876,-0.592165,Bajo,"1,652"
08,Chihuahua,08007,Balleza,"16,440",26.037840,26.913947,69.094416,14.568127,15.375669,24.703419,32.495929,45.847872,23.563619,68.550826,52.221447,3.329732,Muy alto,18
08,Chihuahua,08008,Batopilas de Manuel Gómez Morín,"11,270",45.503181,34.066358,84.456333,12.724046,52.315978,53.536804,23.482944,76.947935,50.089767,91.454219,74.506284,6.827093,Muy alto,1
08,Chihuahua,08009,Bocoyna,"23,351",9.515435,8.922477,46.030687,11.733973,5.402894,6.000265,15.637860,34.846675,11.973981,52.621797,36.014868,0.922968,Medio,412
08,Chihuahua,08010,Buenaventura,"25,146",3.729290,12.746619,48.076383,20.905909,1.086401,0.894683,0.217280,3.131391,0.306748,10.876789,4.409509,-0.807769,Muy bajo,"1,930"
08,Chihuahua,08011,Camargo,"49,499",2.422647,8.481344,27.675118,14.155842,0.414964,0.587334,0.389428,0.785240,0.383044,9.671859,3.243105,-1.148985,Muy bajo,"2,319"
08,Chihuahua,08012,Carichí,"8,113",35.133150,38.560411,72.066116,19.696783,19.251578,33.318305,27.502254,46.257890,17.357980,57.394049,47.294860,3.492768,Muy alto,13
08,Chihuahua,08013,Casas Grandes,"11,815",3.673804,5.832076,39.873640,23.842573,0.946970,1.325758,0.974026,4.247835,2.462121,14.529221,8.225108,-0.850455,Muy bajo,"1,976"
08,Chihuahua,08014,Coronado,"2,034",3.634004,6.761566,41.077223,10.766962,0.148588,2.823180,0.594354,2.228826,1.485884,12.778603,4.457652,-0.871124,Muy bajo,"2,001"
08,Chihuahua,08015,Coyame del Sotol,"1,230",6.503198,14.102564,58.102345,6.260163,0.449438,2.696629,0.898876,0.449438,2.247191,10.786517,6.067416,-0.458541,Bajo,"1,491"
08,Chihuahua,08016,La Cruz,"3,704",3.390435,8.000000,37.366167,10.205184,0.257511,1.115880,0.343348,1.373391,0.772532,8.154506,2.832618,-1.004460,Muy bajo,"2,179"
08,Chihuahua,08017,Cuauhtémoc,"180,638",1.798713,7.501358,35.123774,13.121270,0.367608,0.629683,0.425652,0.967390,0.184684,10.588525,3.880114,-1.090677,Muy bajo,"2,275"
08,Chihuahua,08018,Cusihuiriachi,"5,099",5.431145,15.147453,67.232947,11.943518,0.824499,3.062426,1.354535,8.657244,1.295642,15.135453,6.183746,-0.317614,Bajo,"1,334"
08,Chihuahua,08019,Chihuahua,"937,674",1.014184,4.399848,16.237419,10.907949,0.533647,0.417869,0.818437,0.349998,0.132081,8.833461,1.831169,-1.386087,Muy bajo,"2,458"
08,Chihuahua,08020,Chínipas,"6,222",10.532381,5.938865,57.709150,12.262938,28.843996,9.090909,9.203143,35.914703,19.809203,62.962963,41.358025,1.901284,Muy alto,130
08,Chihuahua,08021,Delicias,"150,506",1.858246,5.181866,23.925245,13.242661,0.365393,0.287694,0.287694,0.235195,0.186896,9.958001,2.257455,-1.278830,Muy bajo,"2,423"
08,Chihuahua,08022,Dr. Belisario Domínguez,"2,456",7.051910,15.867159,62.242899,7.695440,1.570681,2.617801,0.209424,3.874346,1.465969,12.565445,3.350785,-0.383432,Bajo,"1,409"
08,Chihuahua,08023,Galeana,"6,656",6.103504,15.654039,51.334416,33.653846,1.594283,1.374382,0.109951,2.253986,0.989555,16.162727,9.235844,-0.604243,Bajo,"1,669"
08,Chihuahua,08024,Santa Isabel,"3,791",3.248260,9.090909,50.215446,10.182010,0.466200,0.543901,0.310800,1.243201,0.621601,10.411810,1.942502,-0.855143,Muy bajo,"1,981"
08,Chihuahua,08025,Gómez Farías,"7,023",3.406326,4.793233,46.078982,7.674783,0.667190,1.334380,0.235479,7.496075,0.274725,7.692308,2.904239,-0.922168,Muy bajo,"2,079"
08,Chihuahua,08026,Gran Morelos,"2,448",4.887781,4.316547,60.648379,8.210784,0.991189,2.863436,0.550661,3.303965,0.550661,8.480176,2.312775,-0.729760,Muy bajo,"1,816"
08,Chihuahua,08027,Guachochi,"50,180",21.066810,13.790825,58.943966,15.647668,21.144851,16.794120,28.019898,43.559284,25.012993,70.331873,59.529289,2.944131,Muy alto,29
08,Chihuahua,08028,Guadalupe,"4,237",3.300540,5.270655,44.842907,14.208166,0.513573,1.027146,1.393984,3.815114,0.586941,13.426266,3.448276,-0.918094,Muy bajo,"2,075"
08,Chihuahua,08029,Guadalupe y Calvo,"50,514",19.740113,14.222024,65.884278,14.140634,32.671969,17.602689,8.477494,50.733787,27.982291,77.699434,61.941461,3.264541,Muy alto,21
08,Chihuahua,08030,Guazapares,"8,196",16.998294,10.988372,60.280462,16.093216,24.335286,12.798558,11.671924,39.882830,14.916629,52.005408,38.621000,1.855950,Muy alto,142
08,Chihuahua,08031,Guerrero,"35,473",4.296043,7.471469,51.343227,15.733093,2.482420,2.567144,3.719393,14.437008,3.219520,21.672456,11.429298,-0.386209,Bajo,"1,414"
08,Chihuahua,08032,Hidalgo del Parral,"116,662",1.737847,3.762589,24.571259,11.900190,0.747636,0.593455,0.439273,0.497455,0.279273,13.480727,3.278545,-1.239709,Muy bajo,"2,396"
08,Chihuahua,08033,Huejotitán,824,4.991948,11.864407,57.971014,5.097087,0.355872,2.491103,1.067616,3.558719,0.711744,21.708185,4.626335,-0.505817,Bajo,"1,557"
08,Chihuahua,08034,Ignacio Zaragoza,"5,196",3.007335,5.763689,54.327628,8.622017,0.769231,1.538462,0.769231,7.743590,0.717949,6.769231,2.307692,-0.809208,Muy bajo,"1,934"
08,Chihuahua,08035,Janos,"11,005",3.468820,27.365854,64.795446,26.069968,1.682767,1.059520,0.155812,5.172951,1.589280,11.654721,6.450608,-0.302702,Bajo,"1,316"
08,Chihuahua,08036,Jiménez,"40,859",2.978205,5.975264,27.402870,12.516214,0.838273,1.253175,0.906012,1.735817,0.355631,14.978831,3.590178,-1.103903,Muy bajo,"2,286"
08,Chihuahua,08037,Juárez,"1,512,450",1.330886,5.964391,23.841993,18.598499,0.821298,0.550129,0.514953,0.297662,0.116883,12.038952,2.907827,-1.266366,Muy bajo,"2,412"
08,Chihuahua,08038,Julimes,"4,980",2.591504,9.465021,47.582153,7.710843,0.237248,2.194543,0.711744,1.542112,0.948992,12.040332,3.618031,-0.815055,Muy bajo,"1,942"
08,Chihuahua,08039,López,"4,122",4.038772,9.831029,38.352181,5.701116,1.104101,2.050473,0.788644,1.735016,1.340694,11.356467,4.258675,-0.833833,Muy bajo,"1,958"
08,Chihuahua,08040,Madera,"25,144",4.200624,7.217752,44.374556,12.726694,2.291205,1.835427,1.034738,14.252279,2.229613,13.069722,8.622814,-0.631036,Bajo,"1,702"
08,Chihuahua,08041,Maguarichi,"1,302",17.595628,10.810811,59.344262,4.685100,27.111111,10.888889,19.333333,46.444444,33.777778,78.000000,64.888889,3.294234,Muy alto,20
08,Chihuahua,08042,Manuel Benavides,"1,178",7.252298,13.445378,67.007150,5.602716,1.070664,0.428266,3.426124,1.498929,2.355460,19.914347,5.353319,-0.275021,Bajo,"1,289"
08,Chihuahua,08043,Matachí,"2,742",3.793911,11.506849,49.274005,13.202042,1.011122,2.325581,1.314459,8.190091,0.808898,13.953488,5.965622,-0.655730,Bajo,"1,723"
08,Chihuahua,08044,Matamoros,"4,314",3.697997,6.033183,38.520801,7.904497,1.020408,2.551020,1.676385,2.551020,1.384840,15.670554,4.373178,-0.855228,Muy bajo,"1,983"
08,Chihuahua,08045,Meoqui,"44,853",2.796505,8.889805,38.141307,15.053620,0.522496,0.747460,0.464441,0.674891,0.370102,9.738752,3.156749,-1.021442,Muy bajo,"2,203"
08,Chihuahua,08046,Morelos,"7,266",22.935978,13.738441,71.286915,30.044041,36.192017,23.516721,12.081985,54.368932,23.193096,82.740022,66.396980,3.410274,Muy alto,16
08,Chihuahua,08047,Moris,"4,447",10.155239,7.003891,61.772316,32.426355,10.612855,4.559043,2.092676,19.431988,5.754858,54.334828,29.820628,0.484097,Medio,614
08,Chihuahua,08048,Namiquipa,"22,712",2.946539,9.090909,51.449744,15.427968,0.660109,1.307274,0.414186,3.261714,0.388299,7.740098,2.368625,-0.863307,Muy bajo,"1,994"
08,Chihuahua,08049,Nonoava,"2,757",13.873695,9.915612,54.947787,10.047153,3.341289,13.723150,4.892601,18.257757,7.159905,39.618138,17.422434,0.506444,Medio,608
08,Chihuahua,08050,Nuevo Casas Grandes,"65,753",1.942827,5.412298,28.321225,19.018144,0.272493,0.454154,0.530643,0.506741,0.315518,9.876661,2.218185,-1.238021,Muy bajo,"2,395"
08,Chihuahua,08051,Ocampo,"8,127",7.871828,3.913043,52.509724,25.150732,4.175453,4.555040,6.663855,28.258119,7.423028,40.531421,25.010544,0.244120,Medio,792
08,Chihuahua,08052,Ojinaga,"24,534",2.629129,9.619074,39.289040,16.091954,0.560839,0.268227,0.341380,0.195074,0.329188,8.132163,1.755669,-1.041172,Muy bajo,"2,232"
08,Chihuahua,08053,Praxedis G. Guerrero,"5,111",3.803487,11.435832,52.033809,17.256897,0.715564,1.192606,0.477042,8.825283,0.238521,12.283840,2.742993,-0.733587,Muy bajo,"1,821"
08,Chihuahua,08054,Riva Palacio,"7,695",1.662357,25.321240,80.365719,11.513970,0.322135,0.690290,0.368155,1.196503,0.368155,4.555913,1.058445,-0.362099,Bajo,"1,383"
08,Chihuahua,08055,Rosales,"16,776",3.227823,5.110664,40.187573,12.947067,0.376435,1.468097,0.658762,1.486919,0.583474,10.502541,3.274986,-1.012485,Muy bajo,"2,193"
08,Chihuahua,08056,Rosario,"2,079",8.223289,7.228916,58.283313,16.065416,1.029412,3.676471,0.441176,5.882353,1.470588,21.911765,5.735294,-0.465483,Bajo,"1,499"
08,Chihuahua,08057,San Francisco de Borja,"2,197",8.695652,13.651877,57.837529,6.690942,2.138365,5.031447,2.012579,6.540881,3.899371,21.383648,8.050314,-0.130073,Bajo,"1,158"
08,Chihuahua,08058,San Francisco de Conchos,"2,696",2.742317,12.931034,39.385343,4.636499,0.108578,1.085776,0.868621,1.520087,0.217155,10.097720,2.823018,-0.899751,Muy bajo,"2,040"
08,Chihuahua,08059,San Francisco del Oro,"5,004",2.652951,4.601990,28.776394,3.796962,1.220295,1.734104,1.541426,2.697495,1.541426,12.845215,4.752730,-1.010303,Muy bajo,"2,187"
08,Chihuahua,08060,Santa Bárbara,"11,582",2.668871,4.296875,28.743505,7.054049,0.957910,2.322206,1.567489,2.728592,0.812772,12.917271,4.238026,-1.059350,Muy bajo,"2,253"
08,Chihuahua,08061,Satevó,"3,414",4.855072,10.926366,57.536232,8.260105,1.150370,2.054232,0.328677,1.889893,2.218570,13.640099,5.258833,-0.541415,Bajo,"1,601"
08,Chihuahua,08062,Saucillo,"29,862",2.938025,6.574394,36.202893,14.265622,0.486887,0.741396,0.309837,0.829921,0.343034,8.210689,2.168861,-1.096387,Muy bajo,"2,281"
08,Chihuahua,08063,Temósachic,"5,320",6.470147,10.714286,55.908069,13.157895,5.433029,2.097902,2.850995,19.741797,6.670253,34.427111,23.184508,0.194904,Medio,847
08,Chihuahua,08064,El Tule,"1,448",7.200000,14.358974,57.866667,17.265193,1.059322,5.720339,1.059322,6.567797,1.059322,24.576271,5.084746,-0.339039,Bajo,"1,363"
08,Chihuahua,08065,Urique,"17,043",27.347523,17.524300,68.896441,18.253829,32.598194,24.112581,15.059861,51.375761,33.669397,74.942239,59.462298,3.891390,Muy alto,9
08,Chihuahua,08066,Uruachi,"6,512",18.034963,11.677632,65.811020,16.124079,32.304417,14.582225,13.092070,60.457690,25.971261,78.020224,63.225120,3.175966,Muy alto,24
08,Chihuahua,08067,Valle de Zaragoza,"4,775",4.755360,6.303725,55.360088,11.560209,0.301205,3.012048,1.144578,2.710843,1.807229,11.867470,3.734940,-0.686369,Bajo,"1,761"
09,Ciudad de México,09002,Azcapotzalco,"432,205",1.016671,5.505621,14.970371,20.909059,0.249324,0.257536,0.178409,0.064944,0.028366,13.616548,3.781669,-1.391197,Muy bajo,"2,460"
09,Ciudad de México,09003,Coyoacán,"614,447",1.102311,5.029500,12.865398,26.196075,0.235301,0.187718,0.069545,0.095166,0.031896,12.566669,3.654494,-1.451144,Muy bajo,"2,465"
09,Ciudad de México,09004,Cuajimalpa de Morelos,"217,686",1.494807,6.150686,18.450277,24.256498,0.978493,0.341065,0.471862,0.226825,0.051325,15.397606,7.874303,-1.278397,Muy bajo,"2,422"
09,Ciudad de México,09005,Gustavo A. Madero,"1,173,351",1.518987,4.944634,18.894181,25.644671,0.431475,0.197784,0.222212,0.087708,0.047091,18.511324,6.387945,-1.304860,Muy bajo,"2,432"
09,Ciudad de México,09006,Iztacalco,"404,695",1.157501,4.308436,16.434421,27.209627,0.239910,0.204179,0.079119,0.035731,0.044239,16.643129,4.959845,-1.386912,Muy bajo,"2,459"
09,Ciudad de México,09007,Iztapalapa,"1,835,486",1.823524,5.444492,22.295499,32.405368,0.570271,0.128668,0.253763,0.064930,0.059569,21.051785,8.107303,-1.244697,Muy bajo,"2,399"
09,Ciudad de México,09008,La Magdalena Contreras,"247,622",1.864626,4.721937,21.340553,27.501595,0.908783,0.297046,1.179360,0.339691,0.111760,16.322809,7.464377,-1.262630,Muy bajo,"2,410"
09,Ciudad de México,09009,Milpa Alta,"152,685",2.766415,4.196816,23.246820,30.146380,2.630972,0.901755,10.521327,1.549891,0.386832,32.424747,20.235686,-0.849953,Muy bajo,"1,975"
09,Ciudad de México,09010,Álvaro Obregón,"759,137",1.567828,5.841889,18.798513,24.678023,0.526301,0.288484,0.190345,0.100422,0.033778,14.260804,5.590297,-1.321042,Muy bajo,"2,438"
09,Ciudad de México,09011,Tláhuac,"392,313",1.671118,4.957681,20.182593,27.272357,1.787957,0.268943,2.146860,0.245516,0.227711,22.679311,9.225594,-1.182614,Muy bajo,"2,363"
09,Ciudad de México,09012,Tlalpan,"699,928",1.602820,4.502917,18.087313,28.727241,0.891143,0.353290,4.142999,0.321128,0.135576,16.960416,8.068778,-1.266801,Muy bajo,"2,413"
09,Ciudad de México,09013,Xochimilco,"442,178",1.952000,4.718519,20.469512,31.082731,2.342495,0.421324,8.393156,0.691382,0.211944,23.941989,10.569856,-1.084835,Muy bajo,"2,267"
09,Ciudad de México,09014,Benito Juárez,"434,153",0.352598,5.922117,5.439677,20.084394,0.073360,0.096107,0.024453,0.018767,0.016492,10.421678,1.278967,-1.550066,Muy bajo,"2,469"
09,Ciudad de México,09015,Cuauhtémoc,"545,884",0.949932,6.197064,13.391183,28.174484,0.130716,0.208328,0.093441,0.066890,0.041870,16.337920,4.088948,-1.407415,Muy bajo,"2,461"
09,Ciudad de México,09016,Miguel Hidalgo,"414,470",0.750761,5.493054,10.912038,19.231549,0.155573,1.559142,0.074375,0.088022,0.030705,12.445839,3.929583,-1.424851,Muy bajo,"2,464"
09,Ciudad de México,09017,Venustiano Carranza,"443,704",1.082945,5.772778,16.701168,28.208445,0.253230,0.262828,0.055371,0.047988,0.039129,16.709487,5.260244,-1.361456,Muy bajo,"2,450"
10,Durango,10001,Canatlán,"31,454",2.570438,3.104862,30.372779,26.661156,2.372221,4.056842,1.237680,6.165482,2.567041,22.633509,8.136603,-0.885814,Muy bajo,"2,021"
10,Durango,10002,Canelas,"4,321",10.329289,9.257004,58.821490,17.981949,16.753022,7.858377,1.640760,12.262522,6.217617,52.763385,31.519862,0.676833,Medio,520
10,Durango,10003,Coneto de Comonfort,"4,084",2.413059,5.084746,40.454223,16.013712,1.797540,10.596026,0.946074,12.393567,1.608325,25.543992,9.460738,-0.585558,Bajo,"1,645"
10,Durango,10004,Cuencamé,"34,955",2.967144,4.236598,35.541222,26.156487,2.277366,4.210979,3.254915,4.200236,0.644538,19.776560,6.875067,-0.907548,Muy bajo,"2,058"
10,Durango,10005,Durango,"688,697",1.401270,3.923115,18.948018,25.189016,1.826949,1.006161,0.696491,1.279400,0.318243,20.110367,5.591214,-1.252476,Muy bajo,"2,404"
10,Durango,10006,General Simón Bolívar,"10,038",6.348074,3.841932,48.972896,24.576609,2.207842,8.907499,5.786068,10.163685,0.685192,22.382946,8.564903,-0.510272,Bajo,"1,561"
10,Durango,10007,Gómez Palacio,"372,750",1.649346,5.690179,24.330624,21.032596,1.209033,1.022953,0.258174,0.982035,0.151982,17.587974,4.265227,-1.198614,Muy bajo,"2,372"
10,Durango,10008,Guadalupe Victoria,"36,695",2.783131,6.831056,33.571746,41.256302,1.520421,2.126602,0.635993,2.782470,0.486932,15.383087,5.843188,-1.081443,Muy bajo,"2,265"
10,Durango,10009,Guanaceví,"9,869",8.661304,12.056304,52.628555,29.334279,7.205012,4.838148,3.619910,17.751479,6.613296,47.615733,33.971458,0.417251,Medio,645
10,Durango,10010,Hidalgo,"3,843",3.514266,5.158070,36.047321,14.285714,0.933786,3.904924,1.273345,3.820034,0.848896,16.723260,5.178268,-0.910842,Muy bajo,"2,064"
10,Durango,10011,Indé,"4,748",3.383566,6.722689,49.758317,17.628475,1.388889,6.805556,1.597222,7.430556,1.180556,14.027778,4.861111,-0.677768,Bajo,"1,754"
10,Durango,10012,Lerdo,"163,313",2.111210,6.534400,27.365143,25.034749,1.385997,1.612145,0.629184,2.763037,0.311234,17.238754,4.552070,-1.120294,Muy bajo,"2,298"
10,Durango,10013,Mapimí,"26,932",4.723154,7.535070,42.277451,26.604040,1.832876,2.669938,3.968827,7.317073,0.721605,19.007072,6.191370,-0.749637,Muy bajo,"1,843"
10,Durango,10014,Mezquital,"48,583",22.765456,8.655602,56.959693,23.360023,47.283486,39.074771,49.101668,71.360947,41.398601,89.295320,81.204949,5.157500,Muy alto,2
10,Durango,10015,Nazas,"12,894",3.626661,7.882200,41.374428,21.482860,2.191235,3.642573,1.252134,5.036995,0.853728,15.623221,5.947638,-0.806273,Muy bajo,"1,928"
10,Durango,10016,Nombre de Dios,"19,060",3.104277,5.095150,36.580923,30.020986,2.248677,4.138322,0.944822,4.894180,0.925926,25.207861,8.068783,-0.855361,Muy bajo,"1,984"
10,Durango,10017,Ocampo,"8,003",5.071629,3.084833,36.950436,14.344621,1.526135,4.959939,3.090424,5.150706,2.479969,21.900038,8.584510,-0.706336,Bajo,"1,783"
10,Durango,10018,El Oro,"10,384",2.810214,5.801825,38.842551,19.038906,1.107352,2.030145,1.322670,2.676100,0.953553,17.348508,4.214088,-0.936050,Muy bajo,"2,094"
10,Durango,10019,Otáez,"4,924",6.735751,7.024793,43.218531,21.689683,19.652174,16.434783,2.956522,20.086957,4.782609,61.565217,50.521739,0.791940,Medio,463
10,Durango,10020,Pánuco de Coronado,"12,656",2.856534,4.573171,33.990620,36.441214,1.492125,4.117159,0.828958,4.255319,0.635535,15.943631,5.913236,-1.040475,Muy bajo,"2,230"
10,Durango,10021,Peñón Blanco,"11,118",3.976118,7.722970,36.051829,21.145890,1.754386,3.905991,2.019199,4.501821,0.959947,26.812314,7.216154,-0.760538,Muy bajo,"1,864"
10,Durango,10022,Poanas,"25,623",3.323312,4.626168,37.050360,29.614019,2.656546,3.357174,0.700628,4.627062,0.379507,22.420085,7.414976,-0.910067,Muy bajo,"2,061"
10,Durango,10023,Pueblo Nuevo,"51,269",5.096645,6.168590,31.090730,29.944021,15.959747,10.512309,3.110446,23.802395,8.424817,48.095476,35.637059,0.392051,Medio,669
10,Durango,10024,Rodeo,"12,818",3.108063,2.809482,36.467205,26.337962,1.357597,4.072790,0.722126,4.794916,0.664356,19.901791,4.679376,-0.979057,Muy bajo,"2,152"
10,Durango,10025,San Bernardo,"2,837",4.979629,12.800000,51.652331,11.138527,1.846154,4.307692,2.256410,5.128205,2.769231,25.948718,12.410256,-0.316012,Bajo,"1,331"
10,Durango,10026,San Dimas,"17,333",3.990771,6.672598,39.540250,25.944730,9.334812,5.077605,0.709534,20.376940,6.430155,48.093126,35.787140,0.136480,Medio,889
10,Durango,10027,San Juan de Guadalupe,"5,251",6.410596,3.218646,48.423841,24.814321,2.927161,5.582029,23.213070,16.405718,1.361470,19.741321,12.389381,-0.272207,Bajo,"1,287"
10,Durango,10028,San Juan del Río,"12,013",2.656121,5.747664,41.258411,16.956630,1.698718,3.846154,0.576923,4.006410,0.416667,20.705128,4.326923,-0.864927,Muy bajo,"1,995"
10,Durango,10029,San Luis del Cordero,"2,103",4.575597,8.405797,48.342175,17.261056,1.528014,2.716469,0.509338,2.546689,1.018676,11.035654,4.753820,-0.774887,Muy bajo,"1,880"
10,Durango,10030,San Pedro del Gallo,"1,633",3.257329,6.410256,49.267101,24.004899,1.431493,3.476483,1.431493,3.476483,1.635992,14.110429,6.952965,-0.759272,Muy bajo,"1,860"
10,Durango,10031,Santa Clara,"6,727",4.082915,1.565217,39.154104,20.663000,2.391073,4.463337,0.318810,4.250797,0.478215,18.490967,5.313496,-0.924022,Muy bajo,"2,085"
10,Durango,10032,Santiago Papasquiaro,"49,207",3.359526,4.760771,36.889306,27.776536,2.872333,3.876541,1.543233,5.294248,4.024219,25.865761,9.761500,-0.670823,Bajo,"1,738"
10,Durango,10033,Súchil,"6,917",5.399302,3.938907,38.062000,32.615296,6.078537,8.284024,4.410974,13.986014,3.119957,30.446477,14.362561,-0.388368,Bajo,"1,416"
10,Durango,10034,Tamazula,"26,300",7.748085,7.152219,50.932694,21.977186,31.310640,18.286466,5.229403,28.975497,12.284164,56.520309,37.148495,1.421833,Alto,238
10,Durango,10035,Tepehuanes,"11,378",5.210084,8.090615,51.800720,23.343294,6.079907,9.235669,4.024320,15.952519,3.763752,40.185292,20.613781,0.035067,Bajo,988
10,Durango,10036,Tlahualilo,"21,143",3.062869,4.127939,34.699087,22.414038,1.814978,3.312775,2.731278,11.770925,0.651982,17.162996,5.462555,-0.901634,Muy bajo,"2,046"
10,Durango,10037,Topia,"9,320",6.030070,8.042745,47.248880,42.768240,21.580547,10.725141,0.738168,12.244898,7.511941,43.812419,23.881893,0.392295,Medio,668
10,Durango,10038,Vicente Guerrero,"23,476",2.086297,4.862194,28.526553,44.735049,1.902815,1.415317,0.393144,2.122975,0.471772,20.018871,5.645542,-1.177611,Muy bajo,"2,353"
10,Durango,10039,Nuevo Ideal,"27,981",2.854449,13.700408,44.697009,33.679997,1.226580,2.439682,0.390888,4.973716,0.539156,16.269039,4.744575,-0.803432,Muy bajo,"1,923"
11,Guanajuato,11001,Abasolo,"92,040",7.597086,6.992646,45.523924,18.197523,1.227463,5.512342,1.829954,6.636392,0.467605,29.265770,8.920462,-0.540405,Bajo,"1,597"
11,Guanajuato,11002,Acámbaro,"108,697",7.268310,6.108125,37.863476,20.624304,1.923588,1.584718,1.099668,1.940199,0.415282,18.794020,6.485050,-0.842175,Muy bajo,"1,968"
11,Guanajuato,11003,San Miguel de Allende,"174,615",7.620354,7.637435,36.680930,35.471179,2.879687,6.065102,3.758655,8.236669,1.016096,28.151695,8.131013,-0.607835,Bajo,"1,672"
11,Guanajuato,11004,Apaseo el Alto,"63,392",8.022229,5.472123,40.307290,21.054707,2.609073,2.993307,1.127913,3.637828,0.532970,27.305404,6.463808,-0.697684,Bajo,"1,774"
11,Guanajuato,11005,Apaseo el Grande,"117,883",5.287072,6.449398,31.114976,21.626528,3.459754,5.818531,1.081773,2.057929,0.464074,29.131061,11.877100,-0.743184,Muy bajo,"1,834"
11,Guanajuato,11006,Atarjea,"5,296",13.177275,4.216216,45.923198,15.067976,2.514507,13.539652,41.586074,19.471309,3.223727,58.091554,37.459703,0.816765,Medio,449
11,Guanajuato,11007,Celaya,"521,169",3.359769,6.139204,24.213291,24.239546,3.146612,0.536648,1.150059,0.718089,0.323803,16.765180,5.120833,-1.120770,Muy bajo,"2,299"
11,Guanajuato,11008,Manuel Doblado,"41,240",8.785644,8.162411,48.852938,16.658584,1.378940,6.142550,1.853510,6.590258,1.020774,18.651504,8.837751,-0.493599,Bajo,"1,537"
11,Guanajuato,11009,Comonfort,"82,216",8.124368,5.733023,37.594913,21.071324,6.606098,8.428293,10.065702,12.570578,1.385895,37.064983,16.076378,-0.205953,Bajo,"1,226"
11,Guanajuato,11010,Coroneo,"11,083",7.694236,5.431971,41.115288,16.403501,1.440461,3.489117,1.024328,6.498079,0.800256,33.834827,8.226633,-0.599197,Bajo,"1,663"
11,Guanajuato,11011,Cortazar,"97,928",5.031044,6.409826,33.765862,20.357814,4.053148,1.967433,1.119741,2.681071,0.571699,16.642353,6.793360,-0.884588,Muy bajo,"2,019"
11,Guanajuato,11012,Cuerámaro,"30,857",8.323276,7.141478,44.843771,22.108436,1.692213,2.881668,0.797057,3.531576,0.674433,25.787860,7.381974,-0.639180,Bajo,"1,708"
11,Guanajuato,11013,Doctor Mora,"27,390",9.264621,4.842906,37.363794,16.918583,1.894893,4.618801,0.710585,5.077720,0.917839,32.568468,15.988157,-0.545608,Bajo,"1,604"
11,Guanajuato,11014,Dolores Hidalgo Cuna de la Independencia Nacional,"163,038",8.055551,7.533484,42.728516,23.891976,4.182080,7.418824,3.062063,8.618475,1.500206,23.985306,11.431360,-0.432231,Bajo,"1,458"
11,Guanajuato,11015,Guanajuato,"194,500",3.308059,5.531577,23.772601,14.297172,1.506613,2.544588,3.766533,3.007417,0.528670,17.407386,5.960611,-1.030786,Muy bajo,"2,215"
11,Guanajuato,11016,Huanímaro,"21,128",6.707317,5.846599,43.149974,10.597312,0.632911,3.276247,0.595681,3.797468,0.428146,25.037230,10.927029,-0.671679,Bajo,"1,741"
11,Guanajuato,11017,Irapuato,"592,953",3.943306,7.449822,27.537152,18.935902,1.900156,1.026506,1.404034,1.497592,0.183822,16.972927,5.457349,-1.038608,Muy bajo,"2,224"
11,Guanajuato,11018,Jaral del Progreso,"38,782",6.963438,6.310680,35.647502,14.547986,2.335371,1.313020,0.601383,1.202766,0.330761,18.302095,8.569710,-0.843632,Muy bajo,"1,971"
11,Guanajuato,11019,Jerécuaro,"49,517",12.394121,7.809294,46.766141,15.255367,1.912171,7.772284,2.973680,9.858950,1.228733,32.725025,9.473608,-0.247495,Bajo,"1,266"
11,Guanajuato,11020,León,"1,721,215",3.315652,7.639628,28.718842,22.182238,1.355127,0.673361,3.568313,0.655414,0.220592,14.857331,6.140215,-1.054585,Muy bajo,"2,248"
11,Guanajuato,11021,Moroleón,"47,261",5.393671,9.104163,41.910825,22.517509,0.680272,0.455852,0.462866,0.631180,0.161302,15.092222,2.819272,-0.923447,Muy bajo,"2,083"
11,Guanajuato,11022,Ocampo,"26,383",8.024329,7.969555,49.559836,21.131031,3.181596,4.878447,4.225812,6.787404,1.680535,22.907489,15.663240,-0.364146,Bajo,"1,384"
11,Guanajuato,11023,Pénjamo,"154,960",8.166222,6.651832,45.959293,18.902297,1.645144,7.265422,2.597862,8.379874,0.720224,28.440019,9.752091,-0.463296,Bajo,"1,498"
11,Guanajuato,11024,Pueblo Nuevo,"12,403",8.450395,8.462694,44.490781,17.390954,1.099237,3.633588,0.366412,2.412214,0.213740,17.129771,6.687023,-0.701691,Bajo,"1,778"
11,Guanajuato,11025,Purísima del Rincón,"83,842",4.392690,10.874200,51.190820,22.328904,1.400998,1.174218,1.466512,1.053268,0.433402,15.224512,8.411027,-0.718131,Muy bajo,"1,799"
11,Guanajuato,11026,Romita,"65,766",7.570373,7.178897,43.613103,12.504942,1.687790,4.544049,1.737249,5.415765,0.537867,21.230294,12.364760,-0.579240,Bajo,"1,636"
11,Guanajuato,11027,Salamanca,"273,417",5.120621,5.596439,29.322084,16.467155,1.456239,1.381492,1.342784,1.675142,0.210894,12.493493,4.448805,-1.056396,Muy bajo,"2,251"
11,Guanajuato,11028,Salvatierra,"94,126",7.585881,6.114797,40.958187,13.961073,3.417078,1.894925,1.176562,3.184095,0.500913,17.764921,6.970062,-0.732530,Muy bajo,"1,819"
11,Guanajuato,11029,San Diego de la Unión,"41,054",10.340405,5.708796,49.656822,16.453939,4.734662,12.369304,2.870389,15.062142,0.966660,26.385875,16.068258,-0.144878,Bajo,"1,170"
11,Guanajuato,11030,San Felipe,"119,793",8.701872,5.937416,41.295071,17.607039,3.209894,10.276666,7.484987,12.196168,1.512010,32.166857,13.768945,-0.253882,Bajo,"1,271"
11,Guanajuato,11031,San Francisco del Rincón,"130,871",4.932874,10.168025,47.039316,24.516509,1.414977,2.204876,1.259485,2.422565,0.317204,14.373678,9.267322,-0.751296,Muy bajo,"1,847"
11,Guanajuato,11032,San José Iturbide,"89,558",5.771622,4.429679,27.316778,19.621921,2.343096,2.646994,0.629817,3.140277,0.374367,23.505836,9.235851,-0.930426,Muy bajo,"2,089"
11,Guanajuato,11033,San Luis de la Paz,"128,536",8.770437,5.760690,37.340426,24.940873,5.220513,7.394355,5.559764,8.748065,1.301011,27.469451,16.359804,-0.402081,Bajo,"1,431"
11,Guanajuato,11034,Santa Catarina,"5,723",12.620878,4.395604,42.177039,11.130526,3.504218,5.645685,3.958469,7.462687,3.244646,53.147307,21.933809,-0.003255,Bajo,"1,019"
11,Guanajuato,11035,Santa Cruz de Juventino Rosas,"82,340",7.969156,8.434903,41.493283,21.627399,5.794479,2.351907,2.413936,4.553913,0.692650,22.185465,6.714566,-0.594873,Bajo,"1,657"
11,Guanajuato,11036,Santiago Maravatío,"6,714",10.182517,4.977876,46.666667,13.836759,0.950475,1.700850,0.450225,1.500750,0.200100,15.457729,6.553277,-0.735575,Muy bajo,"1,823"
11,Guanajuato,11037,Silao de la Victoria,"203,556",5.516197,5.973632,33.781325,14.322840,3.099094,2.016666,5.141532,2.199218,0.478931,21.573386,9.241442,-0.780484,Muy bajo,"1,885"
11,Guanajuato,11038,Tarandacuao,"11,304",6.958885,7.466973,41.457940,17.179759,0.909376,1.975541,1.066165,1.881468,0.564440,25.180307,5.236751,-0.746019,Muy bajo,"1,837"
11,Guanajuato,11039,Tarimoro,"35,905",8.928901,5.773842,44.876951,12.209999,3.445230,2.326266,1.050255,3.592462,0.530035,20.318021,7.430310,-0.627255,Bajo,"1,698"
11,Guanajuato,11040,Tierra Blanca,"20,007",10.575529,3.787268,38.097999,20.677763,4.330950,17.282942,5.291113,32.441267,2.002043,64.698672,26.762002,0.325468,Medio,716
11,Guanajuato,11041,Uriangato,"61,494",5.740194,8.140085,46.675462,21.093115,1.239979,0.444086,1.009285,0.738220,0.288367,15.981314,4.654248,-0.830709,Muy bajo,"1,956"
11,Guanajuato,11042,Valle de Santiago,"150,054",7.022830,8.345042,41.430390,21.354979,4.420796,3.110440,1.604193,3.727234,0.349428,18.270860,8.383630,-0.676837,Bajo,"1,752"
11,Guanajuato,11043,Victoria,"21,253",8.432103,3.360698,37.372164,15.771891,6.576296,13.372413,11.613849,16.523173,2.363070,52.720278,20.278439,0.091415,Bajo,931
11,Guanajuato,11044,Villagrán,"65,791",5.063796,5.131471,27.761689,16.745452,3.925279,0.647091,1.507844,1.159880,0.299127,17.263903,6.470911,-0.995057,Muy bajo,"2,170"
11,Guanajuato,11045,Xichú,"11,143",14.611575,6.988743,50.404067,4.765324,6.156406,8.386023,17.271215,11.281198,3.161398,46.722130,25.324459,0.447920,Medio,632
11,Guanajuato,11046,Yuriria,"68,741",9.774891,7.646551,49.890762,19.183602,3.104456,4.001878,1.471356,5.290619,0.448711,22.200772,7.648962,-0.502040,Bajo,"1,552"
12,Guerrero,12001,Acapulco de Juárez,"779,566",5.840108,5.046852,29.747092,27.954657,7.076217,5.016086,6.924526,4.094755,0.388847,41.579374,10.339581,-0.580997,Bajo,"1,639"
12,Guerrero,12002,Ahuacuotzingo,"25,205",26.612604,8.736609,70.620280,16.060305,21.506494,17.679654,16.536797,23.411255,3.532468,72.329004,28.744589,1.658613,Alto,183
12,Guerrero,12003,Ajuchitlán del Progreso,"37,655",17.241783,6.398852,56.357469,35.931483,18.604399,17.477517,13.728465,19.102828,2.633005,62.151912,16.816557,0.846409,Medio,431
12,Guerrero,12004,Alcozauca de Guerrero,"21,225",38.670840,13.122084,76.065495,15.797409,22.533466,26.202281,3.569658,30.614774,1.289043,75.061973,33.366386,2.072817,Muy alto,111
12,Guerrero,12005,Alpoyeca,"7,813",16.333459,4.328453,51.433421,16.024574,5.578728,2.867570,3.962461,3.962461,0.625652,40.458811,15.067779,-0.133817,Bajo,"1,160"
12,Guerrero,12006,Apaxtla,"11,112",12.384905,6.508876,48.994942,28.599712,11.519945,9.456671,13.308116,10.316369,1.856946,49.415406,12.998624,0.207002,Medio,836
12,Guerrero,12007,Arcelia,"33,267",10.403634,5.025997,41.811638,30.336369,11.391978,6.628469,9.538254,7.089091,1.067296,38.422649,11.459387,-0.185220,Bajo,"1,209"
12,Guerrero,12008,Atenango del Río,"9,147",16.204857,6.962415,60.305106,13.632885,12.474521,10.150836,22.421525,11.210762,1.752956,50.509580,13.779046,0.628686,Medio,543
12,Guerrero,12009,Atlamajalcingo del Monte,"5,811",29.500965,8.135861,64.350703,11.048012,44.960630,30.393701,10.393701,62.283465,4.724409,95.905512,66.456693,3.055902,Muy alto,25
12,Guerrero,12010,Atlixtac,"28,491",30.586940,7.631842,66.770960,11.775648,30.878929,15.788708,14.770081,35.855646,3.856228,89.871944,62.980210,2.349530,Muy alto,72
12,Guerrero,12011,Atoyac de Álvarez,"60,680",9.800536,5.096811,40.072243,23.968359,16.182853,5.546474,2.542134,6.747083,1.488078,59.252579,19.187194,0.031814,Bajo,989
12,Guerrero,12012,Ayutla de los Libres,"69,123",17.837104,7.093213,52.616227,16.823633,23.314322,30.532319,7.224335,32.743980,4.683143,81.387833,35.918885,1.604785,Alto,197
12,Guerrero,12013,Azoyú,"15,099",16.069429,3.340595,46.948488,30.160938,10.631849,8.883190,22.476102,12.124038,2.051760,67.241781,22.103054,0.514385,Medio,602
12,Guerrero,12014,Benito Juárez,"15,442",7.500209,4.717401,35.287731,27.956223,6.530369,4.168321,3.394204,4.208019,1.528384,45.653037,14.787614,-0.436513,Bajo,"1,464"
12,Guerrero,12015,Buenavista de Cuéllar,"12,982",7.757029,3.871625,42.376360,21.529811,3.483454,2.264245,3.707390,2.164718,0.497636,35.008709,8.758398,-0.613283,Bajo,"1,676"
12,Guerrero,12016,Coahuayutla de José María Izazaga,"12,408",18.885017,14.279091,69.605110,5.359446,26.630279,37.403045,21.832807,41.396151,3.188739,43.091066,13.530595,1.847462,Muy alto,145
12,Guerrero,12017,Cocula,"15,579",11.481213,9.929342,51.343256,37.743116,12.468016,6.466620,7.071412,6.582926,0.651314,43.568272,9.909281,-0.014041,Bajo,"1,030"
12,Guerrero,12018,Copala,"14,463",14.388066,4.251245,46.422613,23.045011,10.361446,12.698795,5.180723,13.253012,1.686747,45.325301,18.939759,0.175810,Medio,861
12,Guerrero,12019,Copalillo,"15,598",26.934772,11.543287,69.063266,12.161816,33.170451,20.925553,67.778097,39.925266,2.874389,83.443518,29.318770,2.749238,Muy alto,42
12,Guerrero,12020,Copanatoyac,"21,648",29.892863,10.901340,70.265580,14.065965,25.158609,37.366003,14.810764,42.660249,2.647123,92.211770,50.557865,2.546531,Muy alto,53
12,Guerrero,12021,Coyuca de Benítez,"73,056",12.245939,4.315079,41.947488,25.895204,12.983361,10.049215,8.197797,10.363253,1.354582,56.212796,18.382939,0.151475,Medio,878
12,Guerrero,12022,Coyuca de Catalán,"38,554",16.853339,10.494021,55.986725,33.838253,18.773911,14.546981,13.968461,12.111598,3.331156,44.163479,16.030606,0.712881,Medio,501
12,Guerrero,12023,Cuajinicuilapa,"26,627",18.290456,6.931449,53.582296,20.666992,10.194175,10.463862,7.928803,11.407767,1.725998,41.990291,19.255663,0.354782,Medio,695
12,Guerrero,12024,Cualác,"7,874",15.996863,4.971680,57.400510,10.998222,10.203046,7.461929,12.690355,14.213198,2.893401,62.487310,29.644670,0.665699,Medio,524
12,Guerrero,12025,Cuautepec,"17,024",14.915523,3.948498,49.674410,22.174577,16.567777,22.774989,20.241899,35.349156,0.912825,75.422182,25.741670,1.069738,Alto,347
12,Guerrero,12026,Cuetzala del Progreso,"8,272",16.212172,6.409323,62.437645,37.753868,15.680596,9.267687,62.225900,14.770376,1.406703,67.728589,20.314439,1.242650,Alto,298
12,Guerrero,12027,Cutzamala de Pinzón,"20,537",20.992955,11.932515,64.354244,46.720553,8.597285,6.900452,7.918552,7.078216,1.648352,29.864253,7.611506,0.209761,Medio,833
12,Guerrero,12028,Chilapa de Álvarez,"123,722",23.448089,7.293823,57.535918,25.412619,21.672130,16.440810,18.340036,21.942483,1.561286,78.604981,37.379609,1.411000,Alto,244
12,Guerrero,12029,Chilpancingo de los Bravo,"283,354",5.478115,4.183358,25.359412,27.445175,10.645121,1.549563,9.853061,1.852287,0.494865,45.310535,11.091605,-0.579304,Bajo,"1,637"
12,Guerrero,12030,Florencio Villarreal,"22,250",12.761892,5.137700,43.457636,25.213483,12.052402,11.947598,18.515284,12.663755,0.925764,44.698690,16.908297,0.228375,Medio,810
12,Guerrero,12031,General Canuto A. Neri,"6,278",14.405399,5.460751,59.506633,39.136668,19.387117,17.135710,16.385241,19.574734,2.626642,55.472170,16.697936,0.782896,Medio,469
12,Guerrero,12032,General Heliodoro Castillo,"37,254",14.638394,7.002602,61.309705,20.800451,41.233574,14.620575,17.509175,16.396354,4.261868,73.825027,41.789985,1.675200,Alto,179
12,Guerrero,12033,Huamuxtitlán,"17,488",14.409579,5.975340,48.232865,21.346066,6.439722,3.902862,2.515178,4.076323,1.040763,34.648742,13.486557,-0.225142,Bajo,"1,248"
12,Guerrero,12034,Huitzuco de los Figueroa,"36,593",12.776061,8.001368,50.727369,13.969885,10.682013,7.314753,29.078284,11.519072,0.570722,49.652811,10.491772,0.383238,Medio,676
12,Guerrero,12035,Iguala de la Independencia,"154,173",5.257979,5.166961,29.326083,29.791209,11.830623,1.239911,15.739853,1.504270,0.488946,43.396889,8.885250,-0.484134,Bajo,"1,524"
12,Guerrero,12036,Igualapa,"11,739",16.968469,4.615385,49.132582,25.078797,20.172242,14.375621,14.011262,20.006625,2.848625,76.647897,25.604505,0.954925,Medio,399
12,Guerrero,12037,Ixcateopan de Cuauhtémoc,"6,138",11.772458,4.603854,52.668570,17.025090,11.355529,9.215220,6.777646,9.571938,0.653983,60.642093,16.052319,0.211931,Medio,832
12,Guerrero,12038,Zihuatanejo de Azueta,"126,001",5.998359,5.493939,32.747060,24.153777,6.648608,2.985035,6.568149,1.657459,0.560532,30.402832,8.590356,-0.671834,Bajo,"1,742"
12,Guerrero,12039,Juan R. Escudero,"26,093",12.234467,4.997808,46.382367,22.918024,7.036726,4.709840,7.485282,4.821979,0.728904,57.737595,13.821138,-0.074090,Bajo,"1,097"
12,Guerrero,12040,Leonardo Bravo,"26,357",15.788266,6.057674,53.948500,19.789809,22.251676,4.740371,2.697645,4.677998,1.418993,68.158428,27.070014,0.560190,Medio,575
12,Guerrero,12041,Malinaltepec,"29,625",16.752535,2.565187,45.273605,19.848101,39.114281,26.021697,7.058998,49.427850,6.464556,90.830733,55.803240,2.079635,Muy alto,109
12,Guerrero,12042,Mártir de Cuilapan,"18,613",25.607739,7.734807,64.461717,23.977865,20.596708,4.753086,12.818930,17.386831,0.781893,76.646091,29.135802,1.137420,Alto,323
12,Guerrero,12043,Metlatónoc,"18,859",37.984278,9.042770,71.935242,7.858317,29.694775,30.574237,3.931712,52.793585,5.871702,92.472840,61.846870,2.911277,Muy alto,31
12,Guerrero,12044,Mochitlán,"12,402",11.308254,4.408353,44.570466,17.537494,19.729979,4.725376,2.761583,4.633323,2.086530,60.693464,18.563977,0.199186,Medio,843
12,Guerrero,12045,Olinalá,"28,446",22.224615,9.679630,62.862065,19.630176,16.914750,19.380544,49.646670,28.341603,2.916855,65.539017,34.897008,1.810943,Muy alto,151
12,Guerrero,12046,Ometepec,"68,207",16.013295,4.574025,41.620505,29.387013,14.759912,12.283455,16.480642,13.940240,2.929892,71.578886,25.136612,0.647700,Medio,538
12,Guerrero,12047,Pedro Ascencio Alquisiras,"7,076",15.626982,8.765522,70.014802,10.641605,24.346793,37.054632,26.187648,42.814727,5.819477,66.448931,32.838480,2.122330,Muy alto,104
12,Guerrero,12048,Petatlán,"44,583",9.995905,10.413885,45.061903,28.710495,10.151539,6.053812,3.819391,6.850162,1.136539,32.441627,11.040668,-0.205994,Bajo,"1,227"
12,Guerrero,12049,Pilcaya,"12,753",7.621580,7.630162,52.043868,30.965263,3.887025,6.347875,7.857942,6.571588,1.733781,45.357942,20.162192,-0.113681,Bajo,"1,138"
12,Guerrero,12050,Pungarabato,"38,482",8.876851,6.342528,37.757313,47.591082,6.449076,2.369249,4.168305,2.202123,0.422729,42.154935,8.720016,-0.586999,Bajo,"1,646"
12,Guerrero,12051,Quechultenango,"36,143",21.141834,5.930830,58.536687,20.692804,21.840107,9.792318,5.739169,13.164359,1.540866,71.873604,27.177311,0.924252,Medio,411
12,Guerrero,12052,San Luis Acatlán,"46,270",19.811070,5.507592,51.666445,20.300411,37.183125,34.421112,14.614075,42.858494,5.987514,87.135830,42.054484,2.228403,Muy alto,93
12,Guerrero,12053,San Marcos,"50,124",14.862636,4.056644,48.620670,27.270369,10.638451,19.698709,17.173601,21.126255,1.384505,62.431851,19.806313,0.615600,Medio,552
12,Guerrero,12054,San Miguel Totolapan,"24,139",16.736053,10.425963,58.771537,20.493807,35.103604,27.093853,20.511928,30.715654,4.788438,66.794358,35.434442,1.889224,Muy alto,131
12,Guerrero,12055,Taxco de Alarcón,"105,586",8.207283,5.009598,39.433946,19.355786,6.782551,4.990807,8.136386,6.896206,0.471335,53.772355,15.808123,-0.225229,Bajo,"1,249"
12,Guerrero,12056,Tecoanapa,"46,063",14.421438,3.221809,45.653683,22.145757,11.922877,26.024555,5.274079,26.845928,1.755144,79.967145,26.085077,0.800443,Medio,457
12,Guerrero,12057,Técpan de Galeana,"65,237",11.055999,6.116179,46.037138,27.426154,12.823643,7.558879,6.093901,9.720739,1.485325,43.511878,13.006765,-0.006518,Bajo,"1,022"
12,Guerrero,12058,Teloloapan,"53,817",10.895367,5.185263,48.022297,28.438969,11.288927,10.467128,19.528547,11.065456,0.865052,52.955594,12.737889,0.209592,Medio,834
12,Guerrero,12059,Tepecoacuilco de Trujano,"30,806",15.762378,7.946357,51.463873,20.122703,17.177006,9.379624,15.959021,9.937393,1.115538,57.712009,12.669323,0.522841,Medio,596
12,Guerrero,12060,Tetipac,"13,552",9.761479,5.901639,58.505832,19.273908,9.137192,9.914255,8.199357,13.799571,1.795284,54.662379,26.473741,0.352859,Medio,697
12,Guerrero,12061,Tixtla de Guerrero,"43,171",11.481470,4.200669,35.932628,26.059160,17.771139,5.160239,29.639689,10.610176,0.651820,65.127648,23.519826,0.407787,Medio,655
12,Guerrero,12062,Tlacoachistlahuaca,"22,781",39.578322,14.811441,70.206594,28.444757,26.122283,27.666057,3.981312,28.092626,4.103189,85.110705,34.755231,2.291287,Muy alto,78
12,Guerrero,12063,Tlacoapa,"10,092",18.651035,6.244617,54.917783,4.766151,48.536392,19.106013,4.588608,48.101266,15.743671,90.625000,64.596519,2.858437,Muy alto,34
12,Guerrero,12064,Tlalchapa,"11,681",15.791968,7.386066,49.543893,33.618697,6.575102,5.698422,7.364115,5.961426,1.198130,29.398013,7.568673,-0.184517,Bajo,"1,208"
12,Guerrero,12065,Tlalixtaquilla de Maldonado,"7,602",21.048513,5.521049,62.773865,20.810313,11.228814,11.175847,23.781780,20.497881,1.059322,45.868644,17.955508,0.760751,Medio,479
12,Guerrero,12066,Tlapa de Comonfort,"96,125",16.438009,7.340480,43.472537,28.386996,16.403199,6.448763,9.368607,11.642180,1.645899,68.262972,25.864794,0.497290,Medio,611
12,Guerrero,12067,Tlapehuala,"22,209",14.973262,4.787506,44.244971,43.279751,11.327524,4.271314,11.908423,4.100461,1.093456,55.800444,10.011960,-0.028733,Bajo,"1,042"
12,Guerrero,12068,La Unión de Isidoro Montes de Oca,"26,349",13.275636,6.699693,51.801731,22.114691,6.686614,11.877195,8.624951,13.373228,1.404969,28.294523,9.236373,-0.002655,Bajo,"1,017"
12,Guerrero,12069,Xalpatláhuac,"11,966",33.974359,8.962083,72.582799,12.961725,12.931376,16.937723,49.861166,21.896073,1.626339,83.181277,30.107100,2.064600,Muy alto,112
12,Guerrero,12070,Xochihuehuetlán,"7,862",19.918986,3.470541,60.091582,15.873823,9.566075,4.930966,9.566075,6.903353,1.429980,41.420118,12.919132,0.242333,Medio,795
12,Guerrero,12071,Xochistlahuaca,"29,891",36.932322,10.699452,70.658063,12.120705,36.324675,12.584416,5.584416,22.883117,5.597403,91.038961,41.909091,2.343437,Muy alto,73
12,Guerrero,12072,Zapotitlán Tablas,"12,004",22.631022,8.193124,61.209635,6.056315,42.894911,13.813615,7.038995,32.319894,6.477198,94.448116,76.404494,2.482070,Muy alto,57
12,Guerrero,12073,Zirándaro,"18,031",20.178661,16.771627,69.068292,34.412955,14.884189,16.213494,8.076536,12.104733,2.195368,36.998993,14.582075,0.800867,Medio,456
12,Guerrero,12074,Zitlala,"21,977",26.814362,7.745715,63.254393,22.537198,23.940021,6.945881,26.904516,27.266460,1.258187,90.434333,42.537056,1.720882,Alto,167
12,Guerrero,12075,Eduardo Neri,"53,126",13.337129,5.827048,45.650995,25.887513,13.556197,2.396986,13.916947,2.685586,0.921918,54.882155,16.426166,0.099217,Bajo,917
12,Guerrero,12076,Acatepec,"40,197",20.900916,4.390339,58.521725,8.097619,59.343491,18.630966,4.862200,53.977145,13.085369,98.655613,77.806408,3.197062,Muy alto,22
12,Guerrero,12077,Marquelia,"14,280",12.576410,4.111111,41.938070,27.268908,13.478486,8.320373,14.022810,10.575428,1.529290,61.145671,22.446864,0.278664,Medio,767
12,Guerrero,12078,Cochoapa el Grande,"21,241",53.057286,22.246771,82.787964,18.087661,45.186972,63.546441,18.673100,70.398070,11.363088,97.153197,73.051870,4.998727,Muy alto,4
12,Guerrero,12079,José Joaquín de Herrera,"18,381",32.019265,7.819383,68.801284,15.418095,31.850354,39.939333,20.500506,45.803842,3.665319,97.446916,67.037412,2.992723,Muy alto,27
12,Guerrero,12080,Juchitán,"7,559",18.322337,6.054131,54.627710,24.064030,12.166589,15.863360,21.899860,17.407581,2.246139,51.567618,20.262050,0.763133,Medio,478
12,Guerrero,12081,Iliatenco,"11,679",13.130651,3.459372,39.968549,23.186917,35.024065,23.731951,5.479452,50.351722,7.034432,91.632729,51.832655,1.820274,Muy alto,148
13,Hidalgo,13001,Acatlán,"22,268",11.131549,7.359523,45.946975,44.000359,1.742398,8.267851,3.382303,14.400410,1.024940,35.907072,14.827468,-0.301684,Bajo,"1,315"
13,Hidalgo,13002,Acaxochitlán,"46,065",16.290907,7.184154,54.347613,35.703897,11.111111,5.272745,14.600709,14.936248,1.591410,66.110632,47.962803,0.711946,Medio,502
13,Hidalgo,13003,Actopan,"61,002",3.839384,2.921326,24.638064,36.669290,2.352651,2.900782,2.543573,3.473548,1.034674,38.547761,16.179097,-0.870466,Muy bajo,"2,000"
13,Hidalgo,13004,Agua Blanca de Iturbide,"10,313",11.738424,3.495358,40.739236,33.123243,3.157895,5.368421,2.526316,11.578947,3.824561,54.701754,36.982456,0.026182,Bajo,995
13,Hidalgo,13005,Ajacuba,"18,872",5.576130,3.896552,32.261896,34.235905,1.898121,3.776874,1.975596,3.621925,0.910323,44.218478,18.419524,-0.671084,Bajo,"1,739"
13,Hidalgo,13006,Alfajayucan,"19,162",8.377519,2.490131,36.238954,34.030894,2.722323,10.036298,3.157895,14.119782,1.669691,49.927405,18.656987,-0.308831,Bajo,"1,322"
13,Hidalgo,13007,Almoloya,"12,546",6.579521,2.784223,31.023965,21.377331,3.750705,4.060914,1.579244,4.342922,1.184433,42.978003,22.701636,-0.552404,Bajo,"1,615"
13,Hidalgo,13008,Apan,"46,681",5.012232,3.506076,26.557433,29.410253,1.602787,1.502129,1.285327,2.152536,0.572977,31.374371,14.448316,-0.931588,Muy bajo,"2,090"
13,Hidalgo,13009,El Arenal,"19,836",4.371660,4.145541,28.470604,36.080863,2.685203,4.437250,5.503714,5.979813,1.504475,44.124929,19.405827,-0.624890,Bajo,"1,693"
13,Hidalgo,13010,Atitalaquia,"31,525",2.697199,3.182111,26.531460,26.296590,0.897687,1.127863,0.517896,1.081828,0.448843,28.679940,13.453792,-1.045802,Muy bajo,"2,239"
13,Hidalgo,13011,Atlapexco,"19,812",18.808347,2.872896,39.703460,15.889360,5.190638,2.925632,7.342393,25.745564,1.057003,81.823330,28.274821,0.398400,Medio,662
13,Hidalgo,13012,Atotonilco el Grande,"30,135",8.349550,4.059329,40.335792,33.280239,2.091800,8.558451,4.721492,11.080564,1.661487,42.840067,16.770261,-0.342797,Bajo,"1,368"
13,Hidalgo,13013,Atotonilco de Tula,"62,470",2.100226,3.970827,21.232664,27.736514,0.512821,1.127078,1.544097,0.924204,0.304311,26.165117,10.340941,-1.155127,Muy bajo,"2,326"
13,Hidalgo,13014,Calnali,"16,150",17.101304,2.313811,50.083584,19.900929,7.274265,2.093466,3.002749,3.214210,1.437936,68.703743,30.471558,0.189925,Medio,850
13,Hidalgo,13015,Cardonal,"19,431",10.019578,1.966206,34.170046,27.600226,4.498938,6.198108,2.529446,8.688936,1.795713,57.597992,23.575980,-0.249766,Bajo,"1,267"
13,Hidalgo,13016,Cuautepec de Hinojosa,"60,421",8.172724,5.542397,41.155011,40.888102,2.651892,6.231325,3.193476,7.077938,0.852839,43.077689,18.364044,-0.435984,Bajo,"1,462"
13,Hidalgo,13017,Chapantongo,"12,967",8.040253,4.757374,43.147629,30.546773,2.035558,11.337284,2.808554,14.790003,3.710384,55.243494,26.977583,0.013213,Bajo,"1,005"
13,Hidalgo,13018,Chapulhuacán,"22,903",13.545296,4.809524,45.327277,19.717941,7.224091,2.658978,5.494153,5.317956,2.018260,43.969246,28.143521,-0.018166,Bajo,"1,035"
13,Hidalgo,13019,Chilcuautla,"18,909",7.485094,2.055011,33.733209,33.476122,4.429765,7.382942,3.108607,8.529240,2.059452,56.246357,23.003691,-0.313465,Bajo,"1,328"
13,Hidalgo,13020,Eloxochitlán,"2,593",11.662531,4.935065,42.481390,20.516776,2.715466,2.479339,2.361275,2.243211,0.708383,46.871311,23.730815,-0.311282,Bajo,"1,326"
13,Hidalgo,13021,Emiliano Zapata,"15,175",3.493259,4.095278,25.249518,25.568369,2.698145,0.843170,0.626355,0.939533,0.891351,26.114189,12.936642,-0.997424,Muy bajo,"2,172"
13,Hidalgo,13022,Epazoyucan,"16,285",4.085086,6.052215,28.853436,35.584894,1.905156,3.168358,3.831021,3.644647,1.408159,35.183268,15.531166,-0.764795,Muy bajo,"1,868"
13,Hidalgo,13023,Francisco I. Madero,"36,248",4.639194,2.521450,23.340945,29.339550,1.962810,2.107438,1.074380,2.324380,0.650826,39.442149,18.243802,-0.883003,Muy bajo,"2,016"
13,Hidalgo,13024,Huasca de Ocampo,"17,607",7.423126,6.071987,44.690903,34.264781,1.879223,7.981419,2.005912,10.789696,1.182432,36.972128,13.070101,-0.426784,Bajo,"1,451"
13,Hidalgo,13025,Huautla,"20,673",16.654781,1.560694,44.635332,14.453635,7.042254,0.975081,36.384977,35.012640,1.372337,83.929216,22.986638,0.782610,Medio,470
13,Hidalgo,13026,Huazalingo,"12,766",17.917595,2.262626,45.612472,9.893467,11.257841,2.112909,1.584681,10.894685,1.518653,87.586662,38.362496,0.520875,Medio,597
13,Hidalgo,13027,Huehuetla,"22,846",26.087756,4.210270,53.333742,12.667425,9.711538,4.182692,22.804487,14.807692,3.269231,80.785256,55.528846,1.252039,Alto,294
13,Hidalgo,13028,Huejutla de Reyes,"126,781",16.294277,3.637745,39.381295,18.692864,7.224625,1.987408,6.785805,9.320148,0.849021,69.114093,19.279445,0.057020,Bajo,967
13,Hidalgo,13029,Huichapan,"47,425",4.902904,2.688604,33.224820,28.362678,1.939706,6.169666,1.791696,10.010127,0.934798,37.851523,13.017060,-0.678922,Bajo,"1,756"
13,Hidalgo,13030,Ixmiquilpan,"98,654",6.273139,2.736423,30.802723,37.693353,3.072626,3.434999,2.076098,5.454477,0.856862,47.984297,16.152046,-0.665575,Bajo,"1,734"
13,Hidalgo,13031,Jacala de Ledezma,"12,290",11.377375,3.112245,42.832470,13.523190,2.165196,3.769046,13.472334,7.190591,1.256349,29.002940,15.290029,-0.317120,Bajo,"1,332"
13,Hidalgo,13032,Jaltocán,"10,523",22.800835,3.536453,46.580527,10.795401,4.763691,3.150788,3.675919,7.314329,1.125281,79.444861,18.679670,0.310417,Medio,731
13,Hidalgo,13033,Juárez Hidalgo,"2,895",12.169553,3.601695,42.525068,25.492228,1.153040,2.620545,2.201258,7.232704,1.467505,46.226415,39.308176,-0.174996,Bajo,"1,193"
13,Hidalgo,13034,Lolotla,"9,474",13.886826,2.441930,40.383187,17.954402,6.920415,1.268743,14.609765,7.650903,1.806997,63.821607,29.796232,0.147607,Medio,880
13,Hidalgo,13035,Metepec,"13,078",7.146724,4.607158,38.408230,44.257532,2.941176,4.810049,2.297794,9.895833,1.409314,37.530637,18.658088,-0.534641,Bajo,"1,591"
13,Hidalgo,13036,San Agustín Metzquititlán,"9,449",5.513750,4.403409,37.159666,32.543126,3.958996,3.499470,1.626016,9.826794,1.555320,37.539767,17.992223,-0.550105,Bajo,"1,610"
13,Hidalgo,13037,Metztitlán,"20,962",10.511078,3.250537,45.644512,33.384219,5.687661,8.017352,9.142031,9.591902,2.265424,47.316838,25.208869,-0.024790,Bajo,"1,040"
13,Hidalgo,13038,Mineral del Chico,"8,878",8.654590,3.044341,36.476235,36.258166,3.913043,10.158103,7.312253,11.027668,3.399209,45.494071,29.525692,-0.118335,Bajo,"1,146"
13,Hidalgo,13039,Mineral del Monte,"14,324",3.064092,3.619490,25.265162,35.862887,1.359065,1.685241,10.328894,1.957054,0.244632,28.975265,14.243001,-0.945139,Muy bajo,"2,104"
13,Hidalgo,13040,La Misión,"9,819",19.279778,5.231509,55.803324,11.661065,4.540799,4.199385,32.400137,13.212701,1.468078,42.027996,26.493684,0.550946,Medio,579
13,Hidalgo,13041,Mixquiahuala de Juárez,"47,222",3.735568,3.031109,25.403542,27.027657,2.104185,1.946568,1.150603,1.702262,0.827488,38.962881,16.880763,-0.874137,Muy bajo,"2,003"
13,Hidalgo,13042,Molango de Escamilla,"11,578",9.261650,3.929471,34.217631,14.639834,4.864865,2.162162,4.114114,3.063063,2.282282,48.948949,27.777778,-0.268152,Bajo,"1,284"
13,Hidalgo,13043,Nicolás Flores,"6,265",10.434205,2.274716,38.989809,17.653631,5.698006,7.065527,5.413105,20.170940,2.222222,65.527066,34.814815,0.180269,Medio,858
13,Hidalgo,13044,Nopala de Villagrán,"16,948",7.190558,4.152961,38.406585,25.991267,1.789883,12.120623,4.455253,16.731518,2.217899,40.583658,19.474708,-0.241193,Bajo,"1,261"
13,Hidalgo,13045,Omitlán de Juárez,"9,295",6.193132,4.834761,34.267684,37.708445,1.715882,8.100559,2.314445,10.295291,0.638468,36.233041,16.719872,-0.600850,Bajo,"1,666"
13,Hidalgo,13046,San Felipe Orizatlán,"38,492",21.096132,2.752550,50.751203,23.223007,7.149872,2.416028,2.219603,8.986447,0.903555,71.400511,16.941662,0.203505,Medio,841
13,Hidalgo,13047,Pacula,"4,748",16.287016,2.307692,52.676538,28.727885,4.478656,12.526242,23.093072,17.284815,2.099370,32.120364,20.153954,0.287127,Medio,756
13,Hidalgo,13048,Pachuca de Soto,"314,331",2.022740,2.834591,17.045804,31.636396,0.846029,0.970571,1.864914,0.260895,0.187887,24.117199,9.018585,-1.264186,Muy bajo,"2,411"
13,Hidalgo,13049,Pisaflores,"18,723",14.879867,5.910042,43.835957,16.509106,6.807898,5.080214,8.473879,9.481695,1.995064,46.256684,32.250103,0.170309,Medio,866
13,Hidalgo,13050,Progreso de Obregón,"23,641",3.320931,3.619265,24.579330,32.460556,2.001589,1.509134,1.636219,1.525020,1.016680,36.648133,14.011120,-0.939745,Muy bajo,"2,101"
13,Hidalgo,13051,Mineral de la Reforma,"202,749",1.222403,2.803020,12.912113,29.261797,0.397863,0.360270,0.925737,0.225560,0.150374,23.995551,7.394934,-1.362099,Muy bajo,"2,451"
13,Hidalgo,13052,San Agustín Tlaxiaca,"38,891",4.032944,2.658289,28.975938,39.713558,2.149398,5.426506,5.619277,6.159036,1.291566,36.250602,18.583133,-0.731581,Muy bajo,"1,818"
13,Hidalgo,13053,San Bartolo Tutotepec,"17,699",26.737926,4.837238,53.631895,10.480818,18.471083,6.103662,10.406244,17.110266,5.443266,77.566540,57.174305,1.442699,Alto,234
13,Hidalgo,13054,San Salvador,"36,796",4.584288,1.486928,26.029738,28.986846,2.839342,3.962823,1.317537,4.667552,0.908998,46.828720,20.804821,-0.720619,Muy bajo,"1,803"
13,Hidalgo,13055,Santiago de Anaya,"18,329",5.373245,1.488095,29.889135,25.495117,3.249455,7.073509,1.882306,8.084010,1.545473,48.781454,22.548048,-0.504788,Bajo,"1,556"
13,Hidalgo,13056,Santiago Tulantepec de Lugo Guerrero,"39,561",4.569235,5.704542,28.325859,38.184070,1.340169,1.025364,3.651736,1.565030,0.323799,31.435510,13.347724,-0.928801,Muy bajo,"2,087"
13,Hidalgo,13057,Singuilucan,"15,142",7.987307,7.471264,40.516772,47.331924,1.343429,4.347826,7.156815,6.057645,1.123596,41.279922,18.270640,-0.456636,Bajo,"1,486"
13,Hidalgo,13058,Tasquillo,"17,441",7.738005,1.602914,36.884996,30.703515,4.237288,9.381159,1.852582,10.051242,1.064249,46.275128,14.209696,-0.435302,Bajo,"1,461"
13,Hidalgo,13059,Tecozautla,"38,010",9.116748,3.782766,39.935240,25.056564,3.178652,8.339056,2.570391,10.242323,1.226332,50.024527,16.570195,-0.285522,Bajo,"1,298"
13,Hidalgo,13060,Tenango de Doria,"17,503",16.265158,4.373089,46.604689,12.534994,5.405405,4.735135,2.162162,7.372973,1.794595,58.464865,35.135135,0.203736,Medio,840
13,Hidalgo,13061,Tepeapulco,"56,245",2.986198,3.467406,22.103342,27.915370,0.698154,0.989558,0.734580,1.353813,0.236765,22.116319,8.122875,-1.190125,Muy bajo,"2,368"
13,Hidalgo,13062,Tepehuacán de Guerrero,"31,235",22.015163,4.757506,53.069210,7.389147,13.978351,1.951089,23.453160,5.372177,2.806361,74.863023,51.049045,1.069416,Alto,348
13,Hidalgo,13063,Tepeji del Río de Ocampo,"90,546",3.823757,5.635382,28.256284,26.016610,1.432049,4.085193,3.095335,4.628803,0.681542,34.235294,12.835700,-0.803785,Muy bajo,"1,924"
13,Hidalgo,13064,Tepetitlán,"10,830",3.911359,3.501229,34.778397,25.309326,2.673632,6.853104,2.181930,7.928703,2.089736,46.158574,24.462200,-0.441794,Bajo,"1,467"
13,Hidalgo,13065,Tetepango,"11,768",5.032724,3.798883,31.279621,32.936778,1.039298,2.208509,0.909386,2.403378,0.617083,36.635271,16.563819,-0.834356,Muy bajo,"1,959"
13,Hidalgo,13066,Villa de Tezontepec,"13,032",2.990616,4.168734,28.431474,44.344690,1.278698,1.162453,0.668410,1.104330,0.261552,31.299041,15.402499,-1.036207,Muy bajo,"2,220"
13,Hidalgo,13067,Tezontepec de Aldama,"55,134",4.660108,3.396267,29.390734,32.571553,2.086428,4.044564,1.255908,4.112086,1.026334,51.168130,23.187036,-0.626687,Bajo,"1,697"
13,Hidalgo,13068,Tianguistengo,"14,340",21.211226,3.364689,52.122107,17.517434,9.495401,1.913995,17.946806,11.906537,2.411136,75.441213,45.886155,0.825744,Medio,442
13,Hidalgo,13069,Tizayuca,"168,302",1.581802,3.880769,19.917920,35.172488,1.253265,0.303311,0.949954,0.431797,0.219058,23.843626,9.792316,-1.245231,Muy bajo,"2,400"
13,Hidalgo,13070,Tlahuelilpan,"19,067",3.355563,3.359684,29.743770,34.132270,1.892552,1.872202,1.851852,1.912902,0.793651,37.728938,18.457468,-0.851029,Muy bajo,"1,977"
13,Hidalgo,13071,Tlahuiltepa,"9,086",14.968999,4.582210,56.318276,19.480519,4.878905,3.194103,18.462618,14.496314,4.001404,42.155142,30.607231,0.406312,Medio,659
13,Hidalgo,13072,Tlanalapa,"11,113",2.780997,3.575832,21.552723,27.202376,0.816327,1.444270,1.381476,3.171115,0.973312,23.265306,9.262166,-1.115615,Muy bajo,"2,293"
13,Hidalgo,13073,Tlanchinol,"37,722",16.825900,3.669230,45.008316,9.225386,10.867743,1.792077,1.928317,7.032069,1.257598,74.313561,38.660658,0.373288,Medio,685
13,Hidalgo,13074,Tlaxcoapan,"28,626",3.717352,4.094778,30.024414,39.128764,1.567621,1.296851,0.555793,1.239846,0.484538,41.342454,19.908793,-0.857315,Muy bajo,"1,987"
13,Hidalgo,13075,Tolcayuca,"21,362",3.303645,4.480998,25.108963,33.381706,0.899550,0.666333,0.416458,0.549725,0.316508,27.786107,12.427120,-1.086146,Muy bajo,"2,270"
13,Hidalgo,13076,Tula de Allende,"115,107",2.586578,3.440408,23.781553,27.079152,1.109274,1.999098,2.582294,2.356832,0.847738,30.019540,11.802194,-1.012403,Muy bajo,"2,192"
13,Hidalgo,13077,Tulancingo de Bravo,"168,369",4.603471,5.380250,29.500295,44.679840,1.693622,0.612494,2.628711,0.932909,0.379267,33.416888,14.168011,-0.938734,Muy bajo,"2,099"
13,Hidalgo,13078,Xochiatipan,"18,260",24.802027,4.485834,56.097561,9.074480,15.959642,3.714744,16.487044,28.754873,2.682871,96.331117,54.391195,1.493850,Alto,222
13,Hidalgo,13079,Xochicoatlán,"7,015",10.077807,1.951220,38.143757,18.360656,3.492063,2.176871,2.811791,6.167800,1.632653,63.129252,38.730159,-0.107903,Bajo,"1,133"
13,Hidalgo,13080,Yahualica,"24,674",24.859802,3.526927,52.511996,11.518197,6.264945,2.678144,26.016260,34.608640,1.817312,92.555396,38.705564,1.194312,Alto,308
13,Hidalgo,13081,Zacualtipán de Ángeles,"38,155",6.802158,3.510759,34.798561,39.289739,2.375095,0.586677,2.346707,2.119606,0.946253,45.117335,27.819833,-0.603229,Bajo,"1,668"
13,Hidalgo,13082,Zapotlán de Juárez,"21,443",3.378337,4.241338,28.142531,42.055683,1.302262,1.302262,4.078136,1.148047,0.479781,31.151474,15.027416,-0.973141,Muy bajo,"2,148"
13,Hidalgo,13083,Zempoala,"57,906",2.761916,3.522054,19.224207,36.065347,1.013397,1.282492,1.580213,1.574488,0.601168,25.563953,9.922134,-1.179373,Muy bajo,"2,355"
13,Hidalgo,13084,Zimapán,"39,927",5.776974,3.161939,34.528765,37.608636,3.332116,5.413548,8.846084,8.517437,1.405879,38.853387,14.369180,-0.550162,Bajo,"1,611"
14,Jalisco,14001,Acatic,"23,175",7.243644,8.962149,52.627418,34.360302,1.218560,0.859241,3.390095,0.999844,0.296829,9.217310,4.155601,-0.788597,Muy bajo,"1,900"
14,Jalisco,14002,Acatlán de Juárez,"25,250",2.961878,5.089213,31.595247,25.093069,0.597015,0.565593,1.115475,0.879811,0.267086,17.454831,5.011783,-1.116235,Muy bajo,"2,294"
14,Jalisco,14003,Ahualulco de Mercado,"23,630",2.715600,4.361618,29.195546,22.018620,0.706280,0.460617,0.138185,0.445263,0.230309,14.494089,4.130201,-1.192017,Muy bajo,"2,370"
14,Jalisco,14004,Amacueca,"5,743",3.557599,8.064516,44.046467,25.213303,3.528670,0.378072,0.252048,0.567108,0.441084,16.383113,9.829868,-0.840860,Muy bajo,"1,967"
14,Jalisco,14005,Amatitán,"16,490",3.627384,5.248619,31.352180,30.818678,1.355852,0.523311,1.022835,0.570885,0.333016,13.320647,3.877260,-1.149719,Muy bajo,"2,321"
14,Jalisco,14006,Ameca,"60,386",3.705331,4.859634,34.285840,22.993740,1.055302,0.893835,0.582435,0.784268,0.299867,14.918401,3.431175,-1.089717,Muy bajo,"2,274"
14,Jalisco,14007,San Juanito de Escobedo,"9,433",4.026258,2.643172,37.811816,15.117142,1.503194,0.563698,0.450958,0.563698,0.375799,15.670800,4.772642,-1.031135,Muy bajo,"2,216"
14,Jalisco,14008,Arandas,"80,609",6.383848,10.102379,45.444486,39.929785,0.699270,0.637699,0.963145,0.734453,0.329844,11.003606,5.449028,-0.905326,Muy bajo,"2,052"
14,Jalisco,14009,El Arenal,"21,115",2.968311,6.058981,30.926594,29.197253,0.634473,0.246740,0.581600,0.246740,0.370109,16.778287,4.917166,-1.139195,Muy bajo,"2,307"
14,Jalisco,14010,Atemajac de Brizuela,"7,758",7.611398,13.411458,49.435839,49.806651,4.132231,1.542700,1.212121,1.542700,1.101928,34.876033,20.440771,-0.401685,Bajo,"1,429"
14,Jalisco,14011,Atengo,"5,599",6.920245,5.773420,47.435583,24.718700,3.601834,3.929273,1.506221,4.256713,1.571709,23.575639,10.478062,-0.561734,Bajo,"1,625"
14,Jalisco,14012,Atenguillo,"4,176",4.402123,8.006536,42.741180,13.769157,0.916031,1.221374,0.305344,0.763359,0.610687,11.145038,4.198473,-0.903461,Muy bajo,"2,048"
14,Jalisco,14013,Atotonilco el Alto,"64,009",5.274216,9.812109,44.379224,28.341327,1.261085,0.840723,0.506737,1.134401,0.109409,14.862375,3.679604,-0.886297,Muy bajo,"2,023"
14,Jalisco,14014,Atoyac,"8,689",7.175855,8.575581,53.895904,23.086661,6.642942,0.869909,1.028074,2.688810,0.751285,16.014235,6.287070,-0.564898,Bajo,"1,628"
14,Jalisco,14015,Autlán de Navarro,"64,931",3.374987,5.029386,31.188681,18.422633,2.680511,1.091275,1.292578,0.566827,0.513853,17.412724,5.657679,-1.024138,Muy bajo,"2,206"
14,Jalisco,14016,Ayotlán,"41,552",7.923865,9.710907,57.756629,49.901328,1.314931,0.876620,0.391681,0.923249,0.233144,18.856663,6.929031,-0.709515,Bajo,"1,789"
14,Jalisco,14017,Ayutla,"12,880",4.916106,4.492363,40.889174,24.759317,2.487281,1.865461,0.706614,1.837196,0.847937,17.608819,6.105144,-0.888539,Muy bajo,"2,026"
14,Jalisco,14018,La Barca,"67,937",5.158158,7.859268,42.961624,32.715604,1.091259,0.514531,0.469298,0.491915,0.107430,20.790456,5.207509,-0.911828,Muy bajo,"2,066"
14,Jalisco,14019,Bolaños,"7,043",14.535158,9.243697,52.878716,16.612239,27.722772,35.272277,16.336634,35.891089,19.059406,60.519802,45.730198,2.413635,Muy alto,63
14,Jalisco,14020,Cabo Corrientes,"10,940",4.355601,6.206206,49.457147,19.159049,5.567858,4.270800,4.112623,4.365707,3.163556,30.654856,12.749130,-0.356114,Bajo,"1,377"
14,Jalisco,14021,Casimiro Castillo,"20,548",5.711243,9.472422,43.919324,13.149698,1.317058,1.140379,0.899454,1.076132,0.658529,16.945069,8.111147,-0.743008,Muy bajo,"1,833"
14,Jalisco,14022,Cihuatlán,"40,139",5.350123,8.244365,41.579991,28.819851,2.544753,0.675676,1.640927,0.859951,0.403650,28.036153,8.775009,-0.760205,Muy bajo,"1,863"
14,Jalisco,14023,Zapotlán el Grande,"115,141",2.698210,4.896607,25.791313,21.004681,1.333588,0.232343,0.512429,0.257806,0.159139,16.165378,4.487730,-1.192947,Muy bajo,"2,371"
14,Jalisco,14024,Cocula,"29,267",4.501548,4.807294,37.722420,24.563502,1.986673,1.369694,0.333169,1.233959,0.308490,17.250740,4.898815,-0.987616,Muy bajo,"2,164"
14,Jalisco,14025,Colotlán,"19,689",3.268107,2.551192,32.823753,27.238560,0.979363,1.119272,0.647079,1.206716,0.489682,18.013291,5.386499,-1.117514,Muy bajo,"2,295"
14,Jalisco,14026,Concepción de Buenos Aires,"6,334",7.258065,6.759443,50.275891,23.208083,3.422053,0.814775,0.217273,0.814775,0.325910,13.633895,7.441608,-0.743997,Muy bajo,"1,835"
14,Jalisco,14027,Cuautitlán de García Barragán,"18,370",11.809804,4.108779,49.848989,15.977137,19.096800,16.808424,3.422438,17.577967,5.771567,50.465776,26.873228,0.699831,Medio,509
14,Jalisco,14028,Cuautla,"2,166",6.524390,10.576923,50.365854,13.804247,2.507375,2.507375,1.917404,4.572271,1.622419,15.339233,5.604720,-0.548397,Bajo,"1,608"
14,Jalisco,14029,Cuquío,"17,820",7.733026,8.393285,53.456080,26.610550,2.377566,1.828897,3.088803,2.397887,0.365779,17.191628,6.807559,-0.622260,Bajo,"1,687"
14,Jalisco,14030,Chapala,"55,196",2.560540,8.429261,31.897770,44.149938,1.165287,0.410917,0.435449,0.717571,0.325054,15.970561,4.017173,-1.157210,Muy bajo,"2,328"
14,Jalisco,14031,Chimaltitán,"3,270",12.150838,6.695157,56.843575,36.238532,7.432432,16.103604,8.108108,17.229730,9.009009,51.351351,31.193694,0.753031,Medio,484
14,Jalisco,14032,Chiquilistlán,"5,983",7.105975,8.540925,40.103270,18.084573,4.986339,3.278689,0.956284,2.663934,1.024590,29.849727,18.647541,-0.478103,Bajo,"1,513"
14,Jalisco,14033,Degollado,"21,226",6.868313,10.311011,55.474838,55.818336,0.759622,1.181634,1.097232,2.076300,0.320729,13.386226,4.827819,-0.812330,Muy bajo,"1,939"
14,Jalisco,14034,Ejutla,"1,981",6.371912,8.992806,46.684005,17.364967,1.367781,1.671733,0.911854,1.823708,1.215805,16.109422,4.559271,-0.718981,Muy bajo,"1,800"
14,Jalisco,14035,Encarnación de Díaz,"53,039",5.679012,8.154083,47.835566,33.580950,0.709565,1.154783,0.966957,1.419130,0.466087,9.106087,3.846957,-0.910991,Muy bajo,"2,065"
14,Jalisco,14036,Etzatlán,"20,011",2.658332,4.604486,32.264047,20.103943,0.856930,0.484352,0.298063,0.391207,0.186289,13.599106,4.116990,-1.152810,Muy bajo,"2,324"
14,Jalisco,14037,El Grullo,"25,920",3.457126,4.779845,35.089833,24.915123,1.248322,0.563758,0.805369,0.295302,0.281879,16.993289,4.912752,-1.071568,Muy bajo,"2,260"
14,Jalisco,14038,Guachinango,"4,199",7.461735,5.000000,42.346939,28.006668,2.206462,4.018913,1.654846,4.097715,1.497242,17.966903,8.825847,-0.711614,Bajo,"1,791"
14,Jalisco,14039,Guadalajara,"1,385,629",1.522583,5.788816,21.737374,29.504579,0.614160,0.387837,0.055764,0.030394,0.047475,13.214353,2.472714,-1.341700,Muy bajo,"2,445"
14,Jalisco,14040,Hostotipaquillo,"8,732",6.149388,8.302122,45.508693,17.338525,3.036876,1.735358,2.863341,2.255965,0.780911,25.162690,6.637744,-0.626644,Bajo,"1,696"
14,Jalisco,14041,Huejúcar,"5,920",4.953354,4.446978,49.733452,32.483108,0.507901,0.733634,0.451467,1.354402,0.225734,11.343115,2.934537,-0.982872,Muy bajo,"2,156"
14,Jalisco,14042,Huejuquilla el Alto,"10,015",8.063814,5.703212,46.976070,18.122816,2.911534,6.830907,6.644270,6.644270,2.351624,30.272490,14.632325,-0.292250,Bajo,"1,308"
14,Jalisco,14043,La Huerta,"23,258",6.261927,5.767752,45.706107,19.219193,3.562741,2.031764,2.561168,1.817141,1.216197,18.657891,5.980827,-0.697538,Bajo,"1,773"
14,Jalisco,14044,Ixtlahuacán de los Membrillos,"67,969",2.333058,9.024542,32.749540,30.880254,0.720739,0.258857,0.360370,0.248706,0.370521,28.971678,9.293473,-0.967437,Muy bajo,"2,136"
14,Jalisco,14045,Ixtlahuacán del Río,"20,465",6.162369,6.358059,50.297517,41.856829,2.332869,1.375348,2.959610,1.653900,0.783426,16.695682,4.874652,-0.800359,Muy bajo,"1,917"
14,Jalisco,14046,Jalostotitlán,"32,678",4.412392,8.325873,47.601775,43.013648,0.705961,0.571493,0.414612,0.705961,0.302555,10.152398,3.171224,-1.001300,Muy bajo,"2,176"
14,Jalisco,14047,Jamay,"24,894",4.628025,8.299739,43.390532,29.071262,1.350699,0.627110,0.707509,0.450233,0.160798,16.722946,5.000804,-0.917348,Muy bajo,"2,073"
14,Jalisco,14048,Jesús María,"18,982",9.969280,10.597912,62.244002,47.250026,0.794090,1.255771,0.590951,1.625115,0.664820,12.853186,6.057248,-0.618624,Bajo,"1,683"
14,Jalisco,14049,Jilotlán de los Dolores,"9,425",11.127422,10.543338,62.742220,38.673740,5.263158,4.399057,2.945797,4.988217,3.024352,18.538885,8.169678,-0.209476,Bajo,"1,228"
14,Jalisco,14050,Jocotepec,"47,105",4.362860,10.655236,46.557219,40.791848,2.422868,0.725953,0.998185,0.635209,0.317604,22.459165,6.370236,-0.809552,Muy bajo,"1,935"
14,Jalisco,14051,Juanacatlán,"30,855",2.069655,7.878276,28.889523,27.713499,0.735801,0.402391,0.494367,0.379398,0.229938,21.453208,5.679467,-1.106803,Muy bajo,"2,288"
14,Jalisco,14052,Juchitlán,"5,534",4.665826,5.225410,44.943253,18.521865,0.811486,1.810237,0.749064,1.935081,0.561798,15.730337,5.118602,-0.879399,Muy bajo,"2,011"
14,Jalisco,14053,Lagos de Moreno,"172,403",4.791641,6.067431,35.780991,25.419511,0.998288,1.671966,1.149476,1.832047,0.333504,18.129266,5.802966,-0.969389,Muy bajo,"2,140"
14,Jalisco,14054,El Limón,"5,368",4.262373,7.823613,42.315889,14.754098,1.117943,0.838457,0.558971,0.782560,0.167691,11.626607,2.683063,-0.945314,Muy bajo,"2,105"
14,Jalisco,14055,Magdalena,"21,781",3.520209,3.465092,36.603651,18.337083,0.581197,0.598291,0.991453,0.581197,0.410256,16.991453,5.401709,-1.048355,Muy bajo,"2,240"
14,Jalisco,14056,Santa María del Oro,"1,815",17.021277,17.187500,61.063830,13.774105,7.530648,16.637478,7.005254,17.863398,4.203152,25.218914,10.157618,0.598930,Medio,562
14,Jalisco,14057,La Manzanilla de la Paz,"4,099",4.479536,8.056042,47.276829,36.155160,1.044177,0.963855,0.401606,0.963855,0.080321,12.610442,5.060241,-0.943604,Muy bajo,"2,102"
14,Jalisco,14058,Mascota,"14,451",3.422825,4.225352,35.861242,20.047056,1.069270,1.231985,0.302185,1.185495,1.301720,12.343096,4.788470,-1.036579,Muy bajo,"2,221"
14,Jalisco,14059,Mazamitla,"14,043",5.606736,6.702974,40.713224,36.594745,2.113063,1.070252,0.274424,1.097695,0.384193,18.358946,7.244786,-0.919131,Muy bajo,"2,078"
14,Jalisco,14060,Mexticacán,"5,307",7.440552,9.219858,52.390693,13.378557,1.107011,0.861009,0.922509,0.799508,0.430504,13.099631,5.596556,-0.687099,Bajo,"1,764"
14,Jalisco,14061,Mezquitic,"22,083",24.738676,17.462437,63.010770,10.360911,42.246331,56.541161,29.206552,59.604340,29.631993,77.302702,68.857690,4.606749,Muy alto,5
14,Jalisco,14062,Mixtlán,"3,638",4.903037,6.021898,46.871570,25.755910,2.052239,3.078358,1.399254,4.104478,0.932836,12.500000,7.649254,-0.788140,Muy bajo,"1,898"
14,Jalisco,14063,Ocotlán,"106,050",3.269086,7.574146,34.237149,23.497407,1.350746,0.423831,1.226698,0.537542,0.265325,18.500396,5.010165,-1.015214,Muy bajo,"2,195"
14,Jalisco,14064,Ojuelos de Jalisco,"33,588",6.116114,6.393622,46.362683,26.318923,1.883376,5.638054,3.597730,5.903658,1.098636,22.793674,13.521671,-0.558481,Bajo,"1,621"
14,Jalisco,14065,Pihuamo,"11,386",9.845172,7.574901,56.175393,24.942912,3.841808,0.762712,0.197740,1.864407,1.242938,19.039548,5.028249,-0.541650,Bajo,"1,602"
14,Jalisco,14066,Poncitlán,"53,659",5.234060,8.224983,43.117100,32.734490,2.696793,1.368643,1.959832,1.287658,0.712666,30.531260,10.843861,-0.693105,Bajo,"1,769"
14,Jalisco,14067,Puerto Vallarta,"291,839",1.985061,5.421482,24.795736,25.982134,1.318411,0.353353,1.261643,0.373048,0.234024,23.429028,5.481023,-1.155159,Muy bajo,"2,327"
14,Jalisco,14068,Villa Purificación,"11,303",7.330550,6.155451,50.601670,22.224188,3.714536,3.860778,0.672711,3.977771,2.544604,21.526762,8.628254,-0.500468,Bajo,"1,550"
14,Jalisco,14069,Quitupan,"7,734",13.923404,12.534562,63.080851,45.138350,2.059689,2.774275,1.219000,3.488861,1.261034,17.234132,3.699033,-0.374447,Bajo,"1,395"
14,Jalisco,14070,El Salto,"232,852",2.824369,8.507363,32.459893,33.340920,2.449512,0.369035,2.060163,0.502768,0.187903,25.891693,8.066291,-0.962645,Muy bajo,"2,128"
14,Jalisco,14071,San Cristóbal de la Barranca,"2,924",8.161306,6.134969,53.432549,39.363885,3.325123,2.463054,8.497537,2.586207,0.615764,27.832512,7.019704,-0.519897,Bajo,"1,574"
14,Jalisco,14072,San Diego de Alejandría,"7,609",5.263158,6.661891,55.244361,25.824681,0.507357,2.029427,1.268392,2.232369,0.405885,11.669203,4.769153,-0.793198,Muy bajo,"1,904"
14,Jalisco,14073,San Juan de los Lagos,"72,230",4.136234,8.434500,45.359919,33.227191,0.510341,1.144239,1.423583,1.122750,0.198764,9.669621,4.684394,-0.967635,Muy bajo,"2,137"
14,Jalisco,14074,San Julián,"16,792",5.047525,6.464573,50.950508,37.595283,0.565682,0.754243,0.942803,1.298973,0.251414,10.287031,3.184580,-0.951708,Muy bajo,"2,112"
14,Jalisco,14075,San Marcos,"3,791",4.089758,11.111111,33.767644,22.553416,1.464844,1.269531,1.953125,1.367188,0.976563,16.406250,8.789063,-0.862545,Muy bajo,"1,992"
14,Jalisco,14076,San Martín de Bolaños,"3,095",7.345421,6.203008,50.488145,15.024233,3.837209,6.046512,5.348837,6.279070,4.534884,32.441860,15.465116,-0.143902,Bajo,"1,169"
14,Jalisco,14077,San Martín Hidalgo,"28,102",3.722752,5.213812,37.699349,33.033236,1.023554,1.578493,1.294858,1.603157,0.456283,15.686275,4.291528,-1.042209,Muy bajo,"2,235"
14,Jalisco,14078,San Miguel el Alto,"31,965",5.627649,7.871232,50.276841,36.615048,0.726282,1.373128,1.259646,3.132093,0.510667,10.247390,4.198820,-0.869247,Muy bajo,"1,998"
14,Jalisco,14079,Gómez Farías,"16,431",6.505498,6.102071,40.963653,25.238878,5.904810,0.305421,0.610842,0.509035,0.356325,19.725121,8.729957,-0.782514,Muy bajo,"1,889"
14,Jalisco,14080,San Sebastián del Oeste,"5,086",7.907222,5.172414,46.178176,15.670468,4.129606,3.494282,2.795426,4.828463,1.715375,18.678526,7.242694,-0.561166,Bajo,"1,624"
14,Jalisco,14081,Santa María de los Ángeles,"3,515",6.549401,7.330827,53.330838,20.540541,1.392758,4.456825,0.742804,4.735376,0.928505,15.784587,4.363974,-0.637910,Bajo,"1,707"
14,Jalisco,14082,Sayula,"37,186",3.021292,5.925926,34.570485,22.728984,3.394505,0.201549,0.381882,0.339451,0.360666,16.898271,5.091758,-1.024692,Muy bajo,"2,209"
14,Jalisco,14083,Tala,"87,690",3.192377,6.979194,34.590125,24.212567,0.963314,0.341174,0.690375,0.537850,0.405395,22.995103,7.281047,-0.983211,Muy bajo,"2,157"
14,Jalisco,14084,Talpa de Allende,"14,997",5.121929,3.367140,42.416825,19.590585,2.828467,2.851277,0.729927,3.079380,1.756387,25.228102,11.564781,-0.695555,Bajo,"1,771"
14,Jalisco,14085,Tamazula de Gordiano,"38,955",6.391042,7.459367,46.714008,18.688230,1.544603,0.789656,0.494620,0.971885,1.067338,12.669212,4.685873,-0.800524,Muy bajo,"1,918"
14,Jalisco,14086,Tapalpa,"21,245",6.375606,7.400990,50.381150,48.900918,4.063018,1.513267,0.808458,1.616915,0.352405,21.475954,17.703151,-0.674082,Bajo,"1,746"
14,Jalisco,14087,Tecalitlán,"16,705",7.068021,8.515448,45.881689,22.633942,3.752577,1.340206,0.453608,1.216495,2.701031,18.618557,8.536082,-0.594673,Bajo,"1,655"
14,Jalisco,14088,Tecolotlán,"16,603",4.633612,6.040268,39.268035,18.376197,1.523657,1.202887,0.661588,1.202887,0.360866,14.314354,4.671211,-0.951887,Muy bajo,"2,113"
14,Jalisco,14089,Techaluta de Montenegro,"4,072",3.861789,5.891016,42.276423,7.490177,2.838828,2.655678,1.831502,2.747253,0.183150,18.772894,6.868132,-0.782976,Muy bajo,"1,891"
14,Jalisco,14090,Tenamaxtlán,"7,302",3.807290,3.815439,38.614219,25.403999,1.196809,0.797872,0.620567,0.709220,0.221631,17.331560,5.097518,-1.039056,Muy bajo,"2,225"
14,Jalisco,14091,Teocaltiche,"39,839",5.286083,6.939971,48.909332,34.496348,1.106476,1.750408,0.970434,2.067840,0.344640,12.080537,4.679848,-0.887725,Muy bajo,"2,025"
14,Jalisco,14092,Teocuitatlán de Corona,"11,039",5.775578,4.761905,51.697313,24.694266,3.175573,2.534351,0.946565,2.564885,0.580153,17.312977,4.977099,-0.740623,Muy bajo,"1,827"
14,Jalisco,14093,Tepatitlán de Morelos,"150,190",4.260668,7.008751,39.638417,28.487249,0.546047,0.448101,0.509317,0.489728,0.230172,7.666691,2.771860,-1.085521,Muy bajo,"2,269"
14,Jalisco,14094,Tequila,"44,353",3.422511,6.427445,31.369321,31.957252,2.211037,1.483013,0.763976,2.004314,1.357181,18.694949,6.516268,-0.994939,Muy bajo,"2,169"
14,Jalisco,14095,Teuchitlán,"9,647",4.267034,5.837387,37.040606,18.181818,0.738280,0.442968,0.110742,0.406054,0.553710,14.248800,3.359173,-1.027886,Muy bajo,"2,212"
14,Jalisco,14096,Tizapán el Alto,"22,758",6.689252,11.861361,51.727749,50.659109,1.760508,1.363997,0.935765,1.379857,0.539255,22.014274,7.279937,-0.704221,Bajo,"1,779"
14,Jalisco,14097,Tlajomulco de Zúñiga,"727,750",1.587838,7.800346,23.952435,28.901683,0.687520,0.143724,0.354363,0.147965,0.114979,22.030328,5.872429,-1.183862,Muy bajo,"2,365"
14,Jalisco,14098,San Pedro Tlaquepaque,"687,127",2.250611,6.747359,25.376745,29.748940,2.128269,0.814783,0.519775,0.204236,0.110223,16.205425,4.338664,-1.190253,Muy bajo,"2,369"
14,Jalisco,14099,Tolimán,"11,219",8.752707,6.669985,46.184227,23.674124,7.777778,4.865900,3.448276,5.593870,2.107280,30.651341,11.724138,-0.305543,Bajo,"1,318"
14,Jalisco,14100,Tomatlán,"36,316",6.894272,7.856376,48.936501,16.799758,3.929330,4.305851,2.259123,4.634099,1.708824,26.327476,10.291562,-0.432989,Bajo,"1,460"
14,Jalisco,14101,Tonalá,"569,913",2.123717,6.913562,26.788435,35.392595,2.016842,0.969175,0.582037,0.290686,0.114412,17.234957,5.040776,-1.182097,Muy bajo,"2,359"
14,Jalisco,14102,Tonaya,"5,961",5.557977,4.436860,44.006103,20.533468,0.773481,0.883978,0.276243,0.828729,0.055249,9.613260,1.878453,-1.012064,Muy bajo,"2,190"
14,Jalisco,14103,Tonila,"7,565",4.600315,5.902481,41.420325,16.655651,2.094972,0.186220,0.279330,0.186220,0.232775,19.320298,4.236499,-0.914865,Muy bajo,"2,069"
14,Jalisco,14104,Totatiche,"4,180",5.882353,5.766063,46.359300,22.009569,1.583710,2.413273,1.206637,2.639517,1.583710,20.286576,6.259427,-0.720268,Muy bajo,"1,802"
14,Jalisco,14105,Tototlán,"23,573",5.900071,9.608802,47.147413,28.099945,1.190108,1.406491,0.772798,1.329212,0.247295,13.353941,4.142195,-0.834486,Muy bajo,"1,960"
14,Jalisco,14106,Tuxcacuesco,"5,482",10.798479,8.859358,53.992395,13.735863,3.822153,3.510140,0.468019,3.900156,1.248050,20.670827,9.594384,-0.369871,Bajo,"1,392"
14,Jalisco,14107,Tuxcueca,"6,702",5.322788,9.275834,46.152202,39.838854,1.656196,1.313535,0.685323,1.313535,0.571102,20.102798,6.339235,-0.821936,Muy bajo,"1,948"
14,Jalisco,14108,Tuxpan,"37,518",4.292764,5.758914,36.149213,20.893971,4.533195,0.321577,0.290456,0.456432,0.663900,25.809129,7.541494,-0.854231,Muy bajo,"1,979"
14,Jalisco,14109,Unión de San Antonio,"19,069",7.734157,7.815879,56.072636,32.670827,1.642003,4.054328,3.081289,3.871883,0.831137,14.271235,6.426110,-0.600489,Bajo,"1,665"
14,Jalisco,14110,Unión de Tula,"13,799",3.714565,5.929204,39.384164,25.255453,1.892744,0.727979,0.582383,0.703713,0.266926,14.244116,3.639893,-1.017756,Muy bajo,"2,201"
14,Jalisco,14111,Valle de Guadalupe,"6,627",5.086512,9.480401,45.174067,29.666516,0.376952,0.915455,0.969305,1.292407,0.107701,5.761982,2.207862,-0.979512,Muy bajo,"2,154"
14,Jalisco,14112,Valle de Juárez,"6,151",8.007813,11.578947,47.938368,50.105674,1.070091,0.909577,0.481541,1.016586,0.749064,15.302301,5.724987,-0.797788,Muy bajo,"1,914"
14,Jalisco,14113,San Gabriel,"16,548",6.603774,7.586934,46.327493,23.029973,4.854831,1.856259,2.189434,1.903855,0.547358,19.728701,7.758210,-0.656669,Bajo,"1,724"
14,Jalisco,14114,Villa Corona,"19,063",4.967556,7.195800,42.458544,24.628862,1.495180,0.452489,0.295101,0.767263,0.295101,19.437340,5.429864,-0.894107,Muy bajo,"2,035"
14,Jalisco,14115,Villa Guerrero,"5,525",8.726899,7.399794,50.077002,22.769231,5.148395,6.238643,5.935796,6.662629,3.937008,30.466384,17.565112,-0.113700,Bajo,"1,139"
14,Jalisco,14116,Villa Hidalgo,"20,088",3.750438,7.291667,50.984928,53.096376,0.858062,0.840186,0.983196,1.036825,0.250268,6.292456,2.770826,-1.053785,Muy bajo,"2,245"
14,Jalisco,14117,Cañadas de Obregón,"4,388",7.234043,13.946588,58.054711,20.237010,0.933238,2.225413,1.363963,2.512563,1.363963,10.983489,4.953338,-0.522863,Bajo,"1,578"
14,Jalisco,14118,Yahualica de González Gallo,"22,394",6.091311,6.816196,47.746686,24.872734,1.111111,1.385281,2.193362,1.529582,0.692641,12.943723,5.108225,-0.817356,Muy bajo,"1,944"
14,Jalisco,14119,Zacoalco de Torres,"30,472",4.298470,8.863275,41.746310,31.980179,4.655373,1.319022,1.073322,1.797491,0.375016,22.940644,6.814949,-0.788164,Muy bajo,"1,899"
14,Jalisco,14120,Zapopan,"1,476,491",1.530604,6.502450,19.489337,27.520046,1.289317,2.575810,0.221947,0.101206,0.067314,13.984080,4.815993,-1.272576,Muy bajo,"2,417"
14,Jalisco,14121,Zapotiltic,"33,713",3.947264,6.438746,38.237630,25.236556,2.372243,0.288216,0.709456,0.421239,0.543177,17.614455,6.762000,-0.952425,Muy bajo,"2,115"
14,Jalisco,14122,Zapotitlán de Vadillo,"7,466",6.250000,5.729565,38.870120,23.627110,13.928571,4.285714,1.938776,6.275510,4.489796,37.959184,20.102041,-0.134613,Bajo,"1,162"
14,Jalisco,14123,Zapotlán del Rey,"19,279",6.214080,7.683037,49.619253,32.107474,1.800930,1.820294,0.677769,1.626646,0.503486,18.667699,5.577072,-0.768457,Muy bajo,"1,870"
14,Jalisco,14124,Zapotlanejo,"64,806",4.981784,8.230825,48.332579,51.566213,1.141553,1.208375,1.620448,1.486803,0.501169,12.880053,4.399154,-0.939527,Muy bajo,"2,100"
14,Jalisco,14125,San Ignacio Cerro Gordo,"18,341",6.466531,11.254396,56.129487,46.262472,0.573418,0.880606,1.576899,1.167315,0.327667,8.785583,4.116322,-0.809672,Muy bajo,"1,936"
15,México,15001,Acambay de Ruíz Castañeda,"67,872",7.950423,4.389144,38.955183,30.883133,3.831770,14.941603,10.384903,20.942408,2.583281,63.160923,32.374432,0.232584,Medio,805
15,México,15002,Acolman,"171,507",1.947301,6.274882,24.043845,34.030098,2.157400,0.388641,9.676280,1.108510,0.209778,24.115621,10.572804,-1.016887,Muy bajo,"2,199"
15,México,15003,Aculco,"49,266",6.932893,4.390639,40.589040,22.814923,2.317400,16.107075,7.143403,19.709369,2.485660,55.632887,24.443595,0.077221,Bajo,953
15,México,15004,Almoloya de Alquisiras,"15,333",7.433497,9.067735,43.989248,26.785365,2.962963,9.080048,4.133811,10.298686,1.290323,44.970131,27.789725,-0.114168,Bajo,"1,140"
15,México,15005,Almoloya de Juárez,"174,587",5.632664,5.665928,35.794672,39.938254,3.240488,8.450871,7.331990,12.516297,1.156809,58.812374,31.551499,-0.175501,Bajo,"1,195"
15,México,15006,Almoloya del Río,"12,694",3.250271,3.738760,28.234020,28.115645,4.456634,0.617072,0.137127,0.719918,0.342818,31.127871,30.202263,-0.810396,Muy bajo,"1,937"
15,México,15007,Amanalco,"23,675",9.457717,4.977273,46.299822,31.328405,5.223266,7.942000,5.107926,10.940847,2.372714,64.475202,46.383259,0.252554,Medio,786
15,México,15008,Amatepec,"25,244",12.591850,4.940801,50.100200,10.739186,6.985135,8.067542,8.226295,10.391110,1.645259,38.620292,17.477269,0.052734,Bajo,970
15,México,15009,Amecameca,"53,441",2.203993,6.696259,23.201226,35.570068,6.936072,0.654908,1.183300,1.696807,0.431644,34.658034,21.113344,-0.845984,Muy bajo,"1,973"
15,México,15010,Apaxco,"31,898",3.356643,4.102866,27.955075,38.942880,1.192086,1.683667,2.052353,1.511614,0.294949,28.155340,15.472533,-1.008782,Muy bajo,"2,183"
15,México,15011,Atenco,"75,489",2.221784,5.409668,27.068141,35.423704,4.883920,0.636568,9.398738,2.032738,0.417246,32.347277,18.439071,-0.806248,Muy bajo,"1,927"
15,México,15012,Atizapán,"12,984",3.319996,5.391744,30.983022,36.806839,6.252195,1.194240,0.316122,0.772743,0.632244,37.899543,30.734106,-0.674769,Bajo,"1,747"
15,México,15013,Atizapán de Zaragoza,"523,674",1.827584,6.117172,20.505769,29.418302,0.705571,0.395386,0.047260,0.035279,0.040604,14.430252,5.743079,-1.305154,Muy bajo,"2,433"
15,México,15014,Atlacomulco,"109,384",5.339551,4.263566,29.640400,36.707380,2.212071,5.114740,3.913388,5.920437,1.014316,52.395511,28.627437,-0.494635,Bajo,"1,540"
15,México,15015,Atlautla,"31,900",4.399965,6.718989,32.231904,34.667712,8.975558,1.963403,7.586483,4.167223,0.961667,45.692534,36.169360,-0.319300,Bajo,"1,337"
15,México,15016,Axapusco,"29,128",4.269715,5.400372,32.911806,29.851002,1.758924,2.884118,2.340921,3.285049,0.452664,37.377134,19.141231,-0.729046,Muy bajo,"1,812"
15,México,15017,Ayapango,"10,053",2.220727,5.095923,23.741588,32.527604,2.701660,0.270166,2.238518,1.312235,0.347356,31.956773,19.837900,-0.964372,Muy bajo,"2,130"
15,México,15018,Calimaya,"68,489",2.840639,5.104945,21.105001,31.764225,1.976926,0.863818,0.515972,0.614528,0.278277,26.905908,19.322859,-1.049318,Muy bajo,"2,241"
15,México,15019,Capulhuac,"36,921",2.395386,6.506438,23.711378,38.352157,2.703352,0.576715,0.997237,0.444551,0.240298,29.316352,21.626817,-0.985248,Muy bajo,"2,161"
15,México,15020,Coacalco de Berriozábal,"293,444",0.730459,4.675737,14.049366,27.058655,0.330213,0.194112,0.065820,0.035699,0.032352,11.798436,3.248586,-1.463503,Muy bajo,"2,467"
15,México,15021,Coatepec Harinas,"38,643",7.936019,10.887794,53.736751,20.340036,4.632123,7.626845,2.811591,7.766886,0.991059,38.952925,29.591727,-0.009860,Bajo,"1,024"
15,México,15022,Cocotitlán,"15,107",1.800299,4.743753,19.987705,26.583703,4.074265,0.567303,7.735946,0.696235,0.593089,29.190304,15.085095,-0.956612,Muy bajo,"2,120"
15,México,15023,Coyotepec,"40,885",3.277041,6.767363,25.402091,33.760548,3.453881,0.406339,1.960585,1.086957,0.274279,31.531898,16.101178,-0.925627,Muy bajo,"2,086"
15,México,15024,Cuautitlán,"178,847",0.983639,4.961476,14.306051,25.856738,0.544074,0.155724,0.355667,0.163414,0.034605,13.255792,4.329520,-1.418401,Muy bajo,"2,463"
15,México,15025,Chalco,"400,057",2.557348,5.869366,24.374787,40.073540,4.468234,0.470038,7.464963,1.803409,0.285860,27.333161,14.481952,-0.946757,Muy bajo,"2,106"
15,México,15026,Chapa de Mota,"31,737",7.375000,3.846154,40.504464,28.940984,2.556564,10.660872,3.732583,18.381695,1.802378,56.001534,32.506711,-0.033880,Bajo,"1,053"
15,México,15027,Chapultepec,"12,772",1.625412,4.487179,19.887390,19.644535,1.098249,0.445236,0.771742,0.890472,0.267142,27.040665,17.839121,-1.082111,Muy bajo,"2,266"
15,México,15028,Chiautla,"30,045",1.942605,6.260870,24.357616,33.103678,1.857825,0.670881,3.457618,1.096633,0.206425,30.757322,13.585344,-1.010488,Muy bajo,"2,189"
15,México,15029,Chicoloapan,"200,750",1.808353,5.397527,21.077308,35.307597,1.300295,0.210611,1.719686,0.514624,0.243576,21.691116,9.283373,-1.212614,Muy bajo,"2,380"
15,México,15030,Chiconcuac,"27,692",1.629960,5.118110,22.280974,41.412682,1.639613,0.606657,3.361207,0.754222,0.163961,35.661584,16.642072,-1.041196,Muy bajo,"2,233"
15,México,15031,Chimalhuacán,"705,193",3.123172,7.018251,30.419049,43.706475,3.982612,0.193503,1.765368,0.827239,0.195721,32.061610,17.245050,-0.897422,Muy bajo,"2,037"
15,México,15032,Donato Guerra,"37,436",12.186031,7.646603,53.520499,23.007266,11.043963,11.055812,12.679227,20.002370,3.080934,71.821306,58.075601,0.960216,Medio,398
15,México,15033,Ecatepec de Morelos,"1,645,352",1.923310,6.247269,23.289345,35.515318,1.210084,0.188587,0.944276,0.155557,0.069409,19.817305,8.050117,-1.217934,Muy bajo,"2,386"
15,México,15034,Ecatzingo,"10,827",5.354539,5.613306,28.058317,25.630369,7.090103,2.806499,2.474151,8.050222,0.849335,56.462334,47.636632,-0.210484,Bajo,"1,229"
15,México,15035,Huehuetoca,"163,244",1.674919,5.198241,19.457060,26.579231,0.841653,0.236178,1.253892,0.264090,0.135266,24.891036,10.907139,-1.186174,Muy bajo,"2,366"
15,México,15036,Hueypoxtla,"46,757",5.383017,4.283217,35.140357,43.379601,1.912757,4.024580,2.587848,3.790895,0.199065,42.037390,18.539034,-0.707284,Bajo,"1,784"
15,México,15037,Huixquilucan,"284,965",1.842363,6.794835,19.466478,31.407015,1.100779,0.370994,2.090503,0.438115,0.118376,16.649581,8.959996,-1.232901,Muy bajo,"2,394"
15,México,15038,Isidro Fabela,"11,929",4.462961,4.186047,31.491839,21.334563,3.256896,3.622466,0.930542,7.145231,0.465271,33.067464,22.432702,-0.678086,Bajo,"1,755"
15,México,15039,Ixtapaluca,"542,211",1.999679,4.999024,21.946867,35.196077,3.069921,0.286826,2.049339,0.669033,0.193488,22.485505,11.120119,-1.147348,Muy bajo,"2,318"
15,México,15040,Ixtapan de la Sal,"36,911",5.607618,8.094567,37.792617,25.515429,3.231397,3.221203,6.717635,3.465851,0.570846,42.069317,20.876656,-0.447412,Bajo,"1,474"
15,México,15041,Ixtapan del Oro,"6,475",10.600868,10.719875,54.009596,6.069498,5.360334,9.529482,2.620608,13.222156,2.561048,53.722454,43.656939,0.478251,Medio,615
15,México,15042,Ixtlahuaca,"160,139",7.145947,3.190099,34.683671,31.277827,3.921517,8.463048,6.030085,14.995422,0.910399,68.149117,32.800523,-0.077350,Bajo,"1,102"
15,México,15043,Xalatlaco,"30,687",2.986026,5.025505,30.688698,33.802587,4.599323,1.537810,3.033296,1.834086,0.409142,44.441309,35.299097,-0.591340,Bajo,"1,651"
15,México,15044,Jaltenco,"28,217",1.325916,4.966730,22.892907,30.899812,1.890756,0.301996,0.144433,0.196954,0.078782,21.113445,9.703256,-1.210044,Muy bajo,"2,377"
15,México,15045,Jilotepec,"87,671",4.662796,3.461841,33.252532,28.780326,1.692475,7.921483,8.798255,11.685932,2.237732,46.852781,20.318430,-0.375665,Bajo,"1,398"
15,México,15046,Jilotzingo,"19,877",4.376487,5.061301,29.806320,32.560246,2.263252,2.680167,0.734564,3.672821,0.675005,28.409768,17.550129,-0.853303,Muy bajo,"1,978"
15,México,15047,Jiquipilco,"76,826",7.209276,4.521239,40.016058,38.864447,4.683225,7.640497,2.473164,10.471480,1.289202,68.748684,38.907598,-0.028475,Bajo,"1,041"
15,México,15048,Jocotitlán,"69,264",4.420488,2.956642,29.163793,28.918341,2.009483,6.090540,2.844886,9.008806,1.433732,51.337774,27.359449,-0.489210,Bajo,"1,529"
15,México,15049,Joquicingo,"15,428",5.170984,5.153547,33.781915,25.388903,6.113903,2.065885,2.512563,2.847571,0.670017,45.672808,48.464545,-0.307960,Bajo,"1,320"
15,México,15050,Juchitepec,"27,116",4.606908,5.851902,30.886179,30.015489,6.514469,0.712520,2.297513,1.992148,0.523484,42.882071,33.648393,-0.527987,Bajo,"1,582"
15,México,15051,Lerma,"170,327",2.732517,4.347198,21.427271,30.309346,1.572238,0.915958,0.901794,1.093012,0.316336,27.847025,17.901322,-1.057189,Muy bajo,"2,252"
15,México,15052,Malinalco,"28,155",7.413460,6.009024,44.361908,31.777659,4.109774,6.353927,4.677572,8.327700,0.865216,54.751926,27.673381,-0.158165,Bajo,"1,181"
15,México,15053,Melchor Ocampo,"61,220",2.232722,6.084467,24.045709,32.708265,2.634518,0.440181,0.558439,0.492740,0.223376,22.350700,10.689179,-1.119372,Muy bajo,"2,297"
15,México,15054,Metepec,"242,307",1.327106,4.484375,13.684935,27.613317,0.645095,0.339446,0.414389,0.252748,0.094046,17.554223,8.794745,-1.355831,Muy bajo,"2,449"
15,México,15055,Mexicaltzingo,"13,807",2.763132,5.837104,24.389768,38.929529,1.489362,0.759878,2.036474,1.306991,0.121581,28.480243,20.121581,-1.008261,Muy bajo,"2,181"
15,México,15056,Morelos,"33,164",10.053759,6.505270,46.492673,22.663129,5.704821,15.470494,7.986750,21.432953,3.422893,68.470126,48.828365,0.657331,Medio,529
15,México,15057,Naucalpan de Juárez,"834,434",2.028355,6.664631,21.624471,30.898310,0.787723,0.143033,0.465795,0.145952,0.077146,19.327787,8.562791,-1.221680,Muy bajo,"2,387"
15,México,15058,Nezahualcóyotl,"1,077,208",1.850587,5.825781,22.714620,35.267469,0.599036,0.155890,0.300694,0.041660,0.061147,21.482639,9.156546,-1.231234,Muy bajo,"2,393"
15,México,15059,Nextlalpan,"57,082",1.797132,5.944937,22.859118,36.132231,2.097151,0.454804,1.907650,0.524288,0.195818,26.397574,14.149454,-1.095110,Muy bajo,"2,279"
15,México,15060,Nicolás Romero,"430,601",2.812802,4.376332,26.602814,33.287429,1.928283,0.837511,4.136901,1.006061,0.143224,24.211832,11.556600,-1.055037,Muy bajo,"2,249"
15,México,15061,Nopaltepec,"10,351",3.579302,12.172855,31.643107,22.538885,0.941423,1.708508,1.220363,2.126918,0.278940,30.543933,15.620642,-0.757059,Muy bajo,"1,855"
15,México,15062,Ocoyoacac,"72,103",2.479095,3.068543,21.188345,39.081592,1.648828,0.665317,2.059589,0.838878,0.329766,30.598785,22.377784,-1.054562,Muy bajo,"2,247"
15,México,15063,Ocuilan,"36,223",6.228291,4.193454,39.817144,34.668581,4.589977,4.715262,4.339408,9.453303,0.842825,50.398633,37.186788,-0.239844,Bajo,"1,259"
15,México,15064,El Oro,"36,937",6.372568,3.671512,36.494329,27.587514,2.964491,7.677272,6.602237,14.605277,1.161907,54.848518,31.414920,-0.175375,Bajo,"1,194"
15,México,15065,Otumba,"36,331",3.497046,6.064831,29.364845,42.679805,1.695281,2.084008,2.181190,2.775078,0.583090,34.002807,19.285174,-0.859412,Muy bajo,"1,988"
15,México,15066,Otzoloapan,"4,891",14.450167,4.125737,50.287792,3.496218,1.343874,5.296443,0.553360,5.770751,0.158103,30.118577,12.252964,-0.329547,Bajo,"1,356"
15,México,15067,Otzolotepec,"88,783",5.219665,5.331412,31.627683,46.710519,3.526768,2.779406,0.532435,3.824736,0.390778,45.950567,31.604142,-0.611617,Bajo,"1,674"
15,México,15068,Ozumba,"30,785",2.874917,5.608811,27.322817,42.783823,8.129745,0.938578,9.192547,3.105590,0.524500,44.872326,27.439614,-0.573797,Bajo,"1,633"
15,México,15069,Papalotla,"4,862",1.953337,5.785124,21.025502,29.494035,0.657895,0.740132,0.000000,0.493421,0.082237,22.697368,12.006579,-1.182342,Muy bajo,"2,362"
15,México,15070,La Paz,"304,088",2.692907,5.806872,27.899311,39.690813,4.485333,0.344435,7.742737,1.094764,0.266329,29.369134,15.603273,-0.886248,Muy bajo,"2,022"
15,México,15071,Polotitlán,"14,985",4.705453,4.623074,34.926135,29.983317,1.621756,5.064870,1.197605,8.283433,0.773453,35.928144,10.578842,-0.722621,Muy bajo,"1,805"
15,México,15072,Rayón,"15,972",2.812820,5.307161,22.008183,18.876784,1.963907,0.477707,0.716561,0.610403,0.371550,30.387473,25.477707,-0.910729,Muy bajo,"2,063"
15,México,15073,San Antonio la Isla,"31,962",1.742265,2.606383,16.414196,22.911583,1.631838,0.352195,0.434374,0.540033,0.281756,25.146748,16.564921,-1.182340,Muy bajo,"2,361"
15,México,15074,San Felipe del Progreso,"144,924",10.800837,5.708731,48.217288,31.344705,4.079827,10.030210,20.020750,37.594214,2.209270,82.789662,55.308047,0.899887,Medio,417
15,México,15075,San Martín de las Pirámides,"29,182",2.849776,4.571826,25.091600,32.197930,3.111169,1.067430,1.848477,1.809425,0.273366,33.350690,15.985420,-0.949243,Muy bajo,"2,110"
15,México,15076,San Mateo Atenco,"97,418",2.038904,4.512391,21.548337,32.749595,1.259008,1.007207,2.557090,0.503603,0.273509,30.858731,21.707042,-1.016994,Muy bajo,"2,200"
15,México,15077,San Simón de Guerrero,"6,692",8.462867,4.991948,34.930915,9.234907,4.210526,12.631579,1.111111,14.502924,1.754386,38.713450,25.087719,-0.161270,Bajo,"1,183"
15,México,15078,Santo Tomás,"9,729",8.167155,6.480380,41.832845,8.664817,1.940639,4.375951,4.109589,4.604262,0.418569,35.121766,13.546423,-0.453717,Bajo,"1,482"
15,México,15079,Soyaniquilpan de Juárez,"14,323",3.574851,2.457309,30.860648,23.765971,0.809922,9.693748,5.694761,15.995950,1.771703,42.773981,14.198937,-0.515633,Bajo,"1,568"
15,México,15080,Sultepec,"24,145",14.858188,6.282290,51.747484,13.091737,6.947368,13.522267,5.068826,16.032389,1.797571,59.433198,35.514170,0.527459,Medio,593
15,México,15081,Tecámac,"547,503",1.173404,5.234680,15.595109,32.801281,0.890997,0.128503,0.906223,0.181488,0.059684,16.232232,5.765600,-1.375786,Muy bajo,"2,454"
15,México,15082,Tejupilco,"79,282",10.408405,4.993421,39.965904,23.291542,5.267672,7.376760,9.440436,8.264796,0.787123,40.577224,17.634593,-0.219724,Bajo,"1,239"
15,México,15083,Temamatla,"14,130",2.523908,10.414104,22.646160,22.271762,3.115767,0.456621,7.708837,2.712866,1.423583,28.686543,15.578834,-0.767961,Muy bajo,"1,869"
15,México,15084,Temascalapa,"43,593",3.256849,4.105045,28.966836,35.934668,3.539287,1.401869,5.996885,1.799931,0.536518,35.989962,19.574247,-0.800272,Muy bajo,"1,916"
15,México,15085,Temascalcingo,"66,414",9.316574,5.726910,42.051962,38.241937,2.713649,9.280796,2.702077,12.573049,0.966267,59.092750,23.988891,-0.137204,Bajo,"1,163"
15,México,15086,Temascaltepec,"35,014",7.417019,5.245272,44.753254,17.204547,5.511720,14.481318,3.353446,17.544674,1.473660,52.135066,40.438617,0.205933,Medio,837
15,México,15087,Temoaya,"105,766",6.188509,5.167007,40.563679,40.191555,5.218946,3.892377,1.010521,4.694972,0.856656,61.034640,43.814197,-0.181310,Bajo,"1,204"
15,México,15088,Tenancingo,"104,677",4.791386,5.175419,30.891163,41.429349,2.568225,2.536857,3.917033,3.834693,0.556775,43.157936,25.897898,-0.653630,Bajo,"1,719"
15,México,15089,Tenango del Aire,"11,359",2.893052,8.483853,24.199668,20.582798,2.093510,0.628053,1.325890,1.011863,0.523378,26.552687,15.945569,-0.923600,Muy bajo,"2,084"
15,México,15090,Tenango del Valle,"90,518",5.060557,4.901771,33.674304,35.226143,5.506765,1.789699,1.889390,2.990743,0.721576,38.708759,35.532874,-0.529853,Bajo,"1,585"
15,México,15091,Teoloyucan,"65,459",2.742703,8.410678,24.947216,36.097404,1.975769,0.584032,0.987884,3.118981,0.198820,24.672258,14.240447,-1.012769,Muy bajo,"2,194"
15,México,15092,Teotihuacán,"58,507",2.496379,4.538359,23.252761,34.156597,1.699106,0.703734,3.417232,0.855893,0.221898,26.621442,11.513346,-1.093884,Muy bajo,"2,277"
15,México,15093,Tepetlaoxtoc,"32,564",2.464569,4.288723,25.057146,34.731605,2.210803,3.393881,3.286329,3.847992,0.310707,31.919216,18.917304,-0.907368,Muy bajo,"2,057"
15,México,15094,Tepetlixpa,"20,500",3.366625,4.517134,31.013956,43.214634,8.645364,1.470300,6.528132,3.842384,0.470496,48.265046,31.209567,-0.497324,Bajo,"1,545"
15,México,15095,Tepotzotlán,"103,696",2.604418,5.825003,24.830312,33.551921,2.356466,1.113495,5.574874,1.387245,0.277449,22.909885,11.430897,-1.028496,Muy bajo,"2,213"
15,México,15096,Tequixquiac,"39,489",2.502621,3.062352,29.774426,44.321203,1.155472,1.841240,3.494598,1.822452,0.441522,33.236261,16.843589,-0.971587,Muy bajo,"2,144"
15,México,15097,Texcaltitlán,"18,482",6.989117,4.406690,41.072148,29.212206,3.467193,9.128813,6.473557,10.774632,1.645820,51.590959,38.468291,-0.050802,Bajo,"1,071"
15,México,15098,Texcalyacac,"5,736",1.581308,3.888889,21.807883,16.579498,1.867220,0.553250,0.069156,1.936376,0.414938,36.030429,29.253112,-0.879334,Muy bajo,"2,009"
15,México,15099,Texcoco,"277,562",2.170174,4.787652,21.543371,33.582047,2.591769,0.830089,8.248053,1.686596,0.225250,28.330089,12.704394,-1.010396,Muy bajo,"2,188"
15,México,15100,Tezoyuca,"47,044",2.304292,7.326393,27.831171,36.355327,4.268443,0.559257,29.739288,4.630315,0.164487,28.357595,12.221400,-0.618180,Bajo,"1,681"
15,México,15101,Tianguistenco,"84,259",3.042845,5.823221,27.269455,33.617774,4.112252,1.679793,2.233077,3.773303,0.528362,40.315023,33.391486,-0.654200,Bajo,"1,720"
15,México,15102,Timilpan,"16,414",5.775876,3.302412,37.255225,22.675765,1.227131,4.953146,3.235163,7.117358,1.004016,42.614904,16.532798,-0.554741,Bajo,"1,619"
15,México,15103,Tlalmanalco,"49,196",1.579699,5.852380,17.773603,24.804862,2.772138,0.531001,0.523192,0.632516,0.226456,22.575355,13.696705,-1.143319,Muy bajo,"2,312"
15,México,15104,Tlalnepantla de Baz,"672,202",1.761841,6.703085,20.429364,28.129640,0.698411,0.309124,0.158320,0.053107,0.065132,16.931201,6.162949,-1.270055,Muy bajo,"2,414"
15,México,15105,Tlatlaya,"31,762",14.198412,5.388899,47.823178,10.285876,7.321637,9.906433,8.093567,10.912281,1.087719,41.415205,16.573099,0.097939,Bajo,921
15,México,15106,Toluca,"910,608",2.624544,4.981528,20.222079,33.290395,1.440750,0.855015,1.890384,1.227831,0.318126,31.130390,16.115026,-1.055367,Muy bajo,"2,250"
15,México,15107,Tonatico,"12,912",5.006738,4.605263,39.266093,20.353160,1.236302,1.601573,3.961787,1.095813,0.196684,32.537230,10.002810,-0.769349,Muy bajo,"1,872"
15,México,15108,Tultepec,"157,645",1.783454,5.983798,19.395905,31.464366,1.291154,0.208553,0.140598,0.128881,0.093732,16.909197,7.669596,-1.282163,Muy bajo,"2,425"
15,México,15109,Tultitlán,"516,341",1.649780,6.127583,20.932584,30.062497,0.937343,0.285457,0.321140,0.106360,0.052151,17.014225,6.224482,-1.277346,Muy bajo,"2,420"
15,México,15110,Valle de Bravo,"61,590",6.002245,6.495846,34.433221,43.088164,3.588056,2.414799,1.992675,2.383761,0.769756,35.334285,14.879881,-0.726684,Muy bajo,"1,810"
15,México,15111,Villa de Allende,"53,275",10.030285,6.929934,50.493179,26.791178,5.712000,10.224000,8.656000,18.976000,2.384000,71.864000,56.344000,0.642086,Medio,539
15,México,15112,Villa del Carbón,"51,498",7.404441,5.040812,41.336169,26.892306,4.545102,13.689599,3.924610,15.737222,2.838750,52.028232,39.432250,0.141563,Medio,886
15,México,15113,Villa Guerrero,"69,086",6.696343,10.419704,54.113863,30.706655,5.233656,5.079220,3.477664,7.275639,0.817937,38.940685,34.193216,-0.074316,Bajo,"1,098"
15,México,15114,Villa Victoria,"108,196",11.046974,9.216759,55.202800,40.348072,5.748597,21.215748,16.606141,33.204028,2.145923,75.792341,52.703037,1.054294,Alto,355
15,México,15115,Xonacatlán,"54,633",3.638595,3.251855,27.781534,41.361448,1.986553,1.337103,0.932152,1.512836,0.359108,38.928790,24.755501,-0.874135,Muy bajo,"2,002"
15,México,15116,Zacazonapan,"5,109",10.063621,5.941591,46.240602,7.242122,0.872727,2.836364,1.600000,2.400000,0.727273,24.945455,9.018182,-0.553528,Bajo,"1,617"
15,México,15117,Zacualpan,"13,522",10.095339,7.602574,49.194915,11.307499,8.392002,20.163334,18.023092,22.388060,2.506336,55.195720,32.723177,0.723989,Medio,496
15,México,15118,Zinacantepec,"203,872",3.770276,4.169719,26.245322,35.204933,2.459992,1.333607,2.125564,2.016824,0.408289,42.466147,24.575297,-0.795792,Muy bajo,"1,910"
15,México,15119,Zumpahuacán,"18,833",9.854821,5.397260,45.415812,26.522593,8.825467,10.054885,6.520307,11.481888,1.273326,70.625686,39.187706,0.334047,Medio,711
15,México,15120,Zumpango,"280,455",2.163245,4.810715,23.369552,37.707654,0.909861,0.396540,1.552795,0.460705,0.215595,29.776449,13.998255,-1.110164,Muy bajo,"2,290"
15,México,15121,Cuautitlán Izcalli,"555,163",1.247373,5.197113,16.645738,27.261543,0.776420,0.163129,1.587707,0.559122,0.042961,11.993724,4.173490,-1.377332,Muy bajo,"2,455"
15,México,15122,Valle de Chalco Solidaridad,"391,731",3.132706,6.019048,30.099745,42.915419,3.474915,0.307090,1.720663,0.507658,0.127634,33.207938,17.881271,-0.914528,Muy bajo,"2,067"
15,México,15123,Luvianos,"28,822",14.215055,6.195166,49.616157,17.569912,7.003838,11.156798,15.117873,14.172149,1.768092,40.104167,16.351425,0.239679,Medio,797
15,México,15124,San José del Rincón,"100,082",13.491700,8.754588,56.990431,17.341780,5.035542,6.379271,19.298326,42.178399,1.706031,79.036918,61.875717,1.154552,Alto,317
15,México,15125,Tonanitla,"14,883",1.741522,7.996801,21.228231,36.726466,1.418440,0.177305,4.331307,0.481256,0.177305,21.403242,9.878419,-1.143247,Muy bajo,"2,311"
16,Michoacán de Ocampo,16001,Acuitzio,"11,301",6.909625,6.721820,48.098325,42.421025,10.160794,1.402668,3.318508,5.063291,1.265823,24.324324,13.650359,-0.477510,Bajo,"1,512"
16,Michoacán de Ocampo,16002,Aguililla,"14,754",14.933628,17.855795,62.550282,51.030229,5.717620,4.807468,1.446908,2.917153,2.193699,22.380397,10.268378,-0.062369,Bajo,"1,081"
16,Michoacán de Ocampo,16003,Álvaro Obregón,"23,000",8.018090,7.144629,48.725784,42.700000,2.238677,1.480971,0.464956,4.374031,0.378853,29.791631,10.418460,-0.651338,Bajo,"1,716"
16,Michoacán de Ocampo,16004,Angamacutiro,"14,943",8.741259,7.535986,60.883988,29.090544,1.420660,4.237900,1.468818,4.623164,0.481580,31.254515,9.535276,-0.398368,Bajo,"1,423"
16,Michoacán de Ocampo,16005,Angangueo,"10,892",6.838284,10.379242,42.231023,35.383768,7.129385,2.904564,1.093927,4.677480,0.641267,47.265183,31.233497,-0.233614,Bajo,"1,256"
16,Michoacán de Ocampo,16006,Apatzingán,"126,191",8.652831,11.580091,47.209308,42.862011,10.620141,1.601496,1.984336,1.835291,0.581565,24.454965,6.306622,-0.486702,Bajo,"1,526"
16,Michoacán de Ocampo,16007,Aporo,"3,529",8.152610,7.954545,45.502008,31.283650,4.756512,7.701019,0.792752,11.551529,0.226501,31.030578,22.310306,-0.326063,Bajo,"1,348"
16,Michoacán de Ocampo,16008,Aquila,"24,676",12.762763,8.677289,56.881882,20.469282,36.031196,17.296360,10.259965,20.502600,10.121317,54.523397,30.225303,1.528749,Alto,215
16,Michoacán de Ocampo,16009,Ario,"36,268",7.931294,8.339965,48.525745,47.761112,9.508478,1.330758,2.350290,7.362095,0.375617,20.712599,11.772913,-0.531118,Bajo,"1,587"
16,Michoacán de Ocampo,16010,Arteaga,"20,332",13.258334,6.366120,46.290289,19.904584,11.541144,6.136681,2.475593,7.897490,2.179219,28.451883,14.661785,-0.086817,Bajo,"1,112"
16,Michoacán de Ocampo,16011,Briseñas,"11,681",5.775656,10.201968,49.940334,29.381046,1.280000,0.896000,0.896000,0.768000,0.160000,22.304000,6.016000,-0.734971,Muy bajo,"1,822"
16,Michoacán de Ocampo,16012,Buenavista,"45,538",12.593316,16.767652,62.311400,50.478721,10.130693,1.655446,1.710891,1.726733,0.562376,21.996040,8.918812,-0.189167,Bajo,"1,214"
16,Michoacán de Ocampo,16013,Carácuaro,"9,176",15.546150,9.586777,54.826632,18.711857,13.203807,4.797780,2.656622,4.718477,2.379064,28.786677,9.199048,0.069319,Bajo,957
16,Michoacán de Ocampo,16014,Coahuayana,"17,022",10.105175,14.168658,55.212453,28.892022,5.924979,1.449275,1.406650,1.300085,0.831202,22.634271,8.695652,-0.354501,Bajo,"1,376"
16,Michoacán de Ocampo,16015,Coalcomán de Vázquez Pallares,"19,633",9.685461,8.345201,54.769411,25.915550,8.327011,3.414264,0.606980,3.433232,3.205615,19.878604,11.115326,-0.268599,Bajo,"1,285"
16,Michoacán de Ocampo,16016,Coeneo,"20,965",10.613474,6.115914,56.297830,47.445743,5.972927,2.233503,2.267343,5.685279,0.575296,34.111675,13.857868,-0.367754,Bajo,"1,387"
16,Michoacán de Ocampo,16017,Contepec,"35,070",9.176412,6.423000,52.307628,41.106359,2.573650,7.063848,2.726974,8.564232,0.963750,40.554156,17.040850,-0.287302,Bajo,"1,303"
16,Michoacán de Ocampo,16018,Copándaro,"9,484",7.805938,5.535055,51.774077,47.058203,4.738155,1.080632,3.241895,2.867830,0.665004,33.790524,8.603491,-0.579551,Bajo,"1,638"
16,Michoacán de Ocampo,16019,Cotija,"20,198",11.582592,10.382514,57.980854,46.004555,2.673435,1.218274,1.962775,1.658206,0.507614,18.071066,5.956007,-0.546476,Bajo,"1,606"
16,Michoacán de Ocampo,16020,Cuitzeo,"29,910",9.641091,7.111021,53.424281,44.436643,4.552249,1.059927,0.869683,2.350863,0.380486,36.689768,10.694388,-0.493717,Bajo,"1,538"
16,Michoacán de Ocampo,16021,Charapan,"13,539",16.290389,8.870256,57.156172,30.910702,17.103795,1.227679,24.358259,33.258929,1.255580,58.119420,52.427455,1.058064,Alto,352
16,Michoacán de Ocampo,16022,Charo,"25,138",6.328777,5.239295,53.799926,50.214814,4.891110,1.588718,2.838272,2.302749,0.767583,26.508390,8.657622,-0.654216,Bajo,"1,721"
16,Michoacán de Ocampo,16023,Chavinda,"10,417",9.935733,9.907121,63.946015,49.707209,2.408446,1.319696,1.715605,1.583636,0.329924,14.945563,7.456285,-0.566511,Bajo,"1,629"
16,Michoacán de Ocampo,16024,Cherán,"20,586",10.964662,6.366048,44.692220,28.053046,20.236613,0.747198,7.077626,22.768784,0.996264,35.761727,43.960149,0.304729,Medio,739
16,Michoacán de Ocampo,16025,Chilchota,"40,560",10.894684,9.047892,50.898872,46.119329,13.097866,1.923683,2.827709,16.072743,0.883002,63.176706,32.324188,0.225376,Medio,816
16,Michoacán de Ocampo,16026,Chinicuila,"4,773",10.840438,9.694989,55.115713,16.404777,13.840304,6.387833,1.292776,6.615970,3.954373,20.456274,9.961977,0.027981,Bajo,991
16,Michoacán de Ocampo,16027,Chucándiro,"4,944",13.897516,4.885496,64.259834,27.629450,2.941176,3.898769,11.217510,16.894665,0.410397,33.720930,7.865937,-0.054908,Bajo,"1,075"
16,Michoacán de Ocampo,16028,Churintzio,"5,233",6.005859,4.913295,56.933594,29.161093,0.297796,1.965456,1.429422,2.322811,0.357356,15.306730,5.181656,-0.775470,Muy bajo,"1,881"
16,Michoacán de Ocampo,16029,Churumuco,"12,342",14.831568,6.638478,57.838353,19.316156,19.822391,13.923248,3.330162,14.018395,2.537266,31.652395,9.958769,0.407420,Medio,657
16,Michoacán de Ocampo,16030,Ecuandureo,"11,850",11.297431,10.081403,64.538321,43.654008,1.066448,1.859448,0.519552,2.351654,0.246103,22.450096,5.250205,-0.495814,Bajo,"1,543"
16,Michoacán de Ocampo,16031,Epitacio Huerta,"16,112",10.360121,5.880431,57.628171,42.980387,3.108696,5.608696,2.891304,6.956522,1.282609,33.869565,9.347826,-0.339867,Bajo,"1,364"
16,Michoacán de Ocampo,16032,Erongarícuaro,"15,715",8.994616,5.490345,49.836702,36.869233,4.263959,1.192893,2.538071,17.309645,0.583756,43.705584,26.624365,-0.222833,Bajo,"1,247"
16,Michoacán de Ocampo,16033,Gabriel Zamora,"21,466",11.275282,9.593183,48.660362,25.188670,5.847953,2.095517,2.680312,2.810266,0.568551,22.839506,6.319038,-0.455858,Bajo,"1,485"
16,Michoacán de Ocampo,16034,Hidalgo,"125,712",7.201379,7.338435,46.926486,43.699885,6.239363,2.222151,4.489259,5.398028,0.722520,33.842844,17.578112,-0.446255,Bajo,"1,473"
16,Michoacán de Ocampo,16035,La Huacana,"30,627",13.809030,7.382550,51.621265,24.321677,12.686656,6.319436,4.420022,6.665870,0.991518,24.668498,8.529447,-0.110391,Bajo,"1,136"
16,Michoacán de Ocampo,16036,Huandacareo,"11,644",8.996579,5.462653,53.797035,45.680179,2.082722,0.997360,0.410678,0.850689,0.293341,19.125843,4.605456,-0.781289,Muy bajo,"1,887"
16,Michoacán de Ocampo,16037,Huaniqueo,"7,945",10.474214,6.497175,61.887274,46.947766,3.702229,4.259554,1.313694,6.011146,0.437898,29.179936,8.558917,-0.408583,Bajo,"1,437"
16,Michoacán de Ocampo,16038,Huetamo,"41,973",13.969153,6.139298,48.578029,32.346985,8.192949,3.673268,4.807297,3.796532,1.462733,24.389843,7.239707,-0.324638,Bajo,"1,345"
16,Michoacán de Ocampo,16039,Huiramba,"9,015",7.193548,8.207218,48.290323,27.775929,2.728086,1.744186,1.028623,5.366726,0.581395,31.484794,15.295170,-0.510292,Bajo,"1,562"
16,Michoacán de Ocampo,16040,Indaparapeo,"18,385",8.557402,7.916667,53.912387,44.672287,8.252532,2.650291,3.210515,4.438699,0.840336,40.142211,18.099548,-0.258159,Bajo,"1,274"
16,Michoacán de Ocampo,16041,Irimbo,"16,043",7.652926,6.478465,52.131697,35.934676,5.514086,3.587768,5.032507,5.803034,0.987238,29.231881,14.038045,-0.399228,Bajo,"1,425"
16,Michoacán de Ocampo,16042,Ixtlán,"14,302",10.048902,14.120782,66.286317,44.860859,2.177767,1.012915,0.405166,1.139529,0.405166,23.398329,6.482654,-0.420619,Bajo,"1,448"
16,Michoacán de Ocampo,16043,Jacona,"68,781",8.081470,16.561315,52.666844,38.356523,1.809045,0.351759,0.664433,0.424344,0.290341,24.014517,9.374651,-0.540679,Bajo,"1,598"
16,Michoacán de Ocampo,16044,Jiménez,"12,946",7.359307,9.135938,55.874358,41.016530,2.055316,2.080690,1.370211,3.400152,0.583608,23.648820,9.033240,-0.587964,Bajo,"1,647"
16,Michoacán de Ocampo,16045,Jiquilpan,"36,158",6.405681,8.859086,45.895728,39.280381,1.485336,1.466414,1.428571,1.608325,0.350047,23.964049,5.137181,-0.787111,Muy bajo,"1,895"
16,Michoacán de Ocampo,16046,Juárez,"14,936",9.746366,8.832117,52.389095,38.410552,4.098160,2.208589,4.147239,2.233129,0.466258,22.453988,9.496933,-0.513943,Bajo,"1,567"
16,Michoacán de Ocampo,16047,Jungapeo,"19,834",8.326655,10.174497,52.247396,42.548150,5.422046,2.224429,2.442900,3.376365,0.516385,27.547170,10.585899,-0.478540,Bajo,"1,514"
16,Michoacán de Ocampo,16048,Lagunillas,"5,745",8.921212,9.391676,56.896970,36.153177,3.131246,1.598934,0.732845,2.798135,0.466356,28.847435,11.325783,-0.466689,Bajo,"1,501"
16,Michoacán de Ocampo,16049,Madero,"19,086",12.113847,13.718121,54.727928,36.094520,14.325661,7.743601,4.538610,11.077651,4.302000,32.630673,18.584642,0.318021,Medio,725
16,Michoacán de Ocampo,16050,Maravatío,"89,311",8.184762,7.200709,48.008722,45.287814,3.477150,5.530827,3.512406,7.540435,1.088537,36.146490,12.330880,-0.428673,Bajo,"1,454"
16,Michoacán de Ocampo,16051,Marcos Castellanos,"13,983",4.798612,5.958430,45.442282,55.381535,0.789663,1.268246,0.837521,1.052883,0.263221,15.649677,4.091888,-1.038380,Muy bajo,"2,223"
16,Michoacán de Ocampo,16052,Lázaro Cárdenas,"196,003",5.207028,5.110387,29.893493,23.677699,3.759602,0.834866,1.644488,0.975513,0.409319,20.476757,6.280428,-0.969938,Muy bajo,"2,141"
16,Michoacán de Ocampo,16053,Morelia,"849,053",2.785353,4.320695,23.760719,32.247928,2.210576,0.620355,2.647775,0.991174,0.205692,19.320724,5.495505,-1.180576,Muy bajo,"2,357"
16,Michoacán de Ocampo,16054,Morelos,"7,983",10.793024,4.556752,57.124054,35.387699,3.387593,3.563572,1.451826,8.183018,0.615926,19.313682,7.347118,-0.511479,Bajo,"1,566"
16,Michoacán de Ocampo,16055,Múgica,"45,732",10.334059,10.182768,49.367528,41.172483,7.612860,3.040147,3.315009,3.581543,0.616358,29.035482,7.996002,-0.400475,Bajo,"1,427"
16,Michoacán de Ocampo,16056,Nahuatzen,"32,598",13.777401,4.837921,49.426314,20.105528,29.248431,1.388333,14.110266,44.012815,0.854359,54.985983,61.113336,1.119990,Alto,332
16,Michoacán de Ocampo,16057,Nocupétaro,"8,196",16.299722,7.767584,52.802960,21.742313,10.988506,11.356322,7.218391,11.954023,3.632184,33.517241,12.275862,0.301130,Medio,745
16,Michoacán de Ocampo,16058,Nuevo Parangaricutiro,"20,981",5.527810,6.339682,44.605596,56.003050,7.934224,0.431655,0.349435,3.042138,0.267215,17.081192,18.047276,-0.770820,Muy bajo,"1,876"
16,Michoacán de Ocampo,16059,Nuevo Urecho,"9,027",9.644906,6.388527,52.085595,28.126731,7.249712,4.257768,0.958957,7.019563,0.958957,22.362869,8.170311,-0.420381,Bajo,"1,447"
16,Michoacán de Ocampo,16060,Numarán,"9,437",7.509262,10.929737,54.716443,29.183003,1.196370,1.567657,0.330033,1.815182,0.288779,20.462046,5.775578,-0.631732,Bajo,"1,703"
16,Michoacán de Ocampo,16061,Ocampo,"24,774",8.211781,7.278994,51.914841,32.308065,4.736038,1.918180,7.655746,17.501273,1.035478,57.664234,49.652012,0.219348,Medio,821
16,Michoacán de Ocampo,16062,Pajacuarán,"21,028",11.063336,11.046658,58.974884,48.582842,2.346409,2.328497,1.056780,2.382232,0.501522,29.213684,11.499194,-0.414901,Bajo,"1,442"
16,Michoacán de Ocampo,16063,Panindícuaro,"14,889",9.529369,7.903152,63.651877,41.090738,2.821616,3.658537,0.836920,7.269249,0.406504,37.183166,8.273553,-0.331637,Bajo,"1,358"
16,Michoacán de Ocampo,16064,Parácuaro,"26,832",12.074253,11.605532,55.727737,37.738521,8.543906,6.687142,1.382102,7.259528,0.656150,27.781656,8.613709,-0.180553,Bajo,"1,203"
16,Michoacán de Ocampo,16065,Paracho,"39,657",9.749600,6.382067,42.649618,36.384497,15.969462,1.192219,12.779753,24.524158,0.585652,39.385066,35.484208,0.167747,Medio,867
16,Michoacán de Ocampo,16066,Pátzcuaro,"98,382",5.754310,6.250737,38.381049,38.004920,8.891811,0.912191,3.246086,10.190245,0.694416,33.845585,20.043555,-0.494398,Bajo,"1,539"
16,Michoacán de Ocampo,16067,Penjamillo,"16,621",9.130677,7.302659,60.542432,28.415859,1.159660,2.774902,0.641955,3.955270,0.393456,27.479809,6.709464,-0.490324,Bajo,"1,532"
16,Michoacán de Ocampo,16068,Peribán,"29,389",6.772754,10.142417,53.725985,47.892068,3.908751,0.400213,1.254002,0.520277,0.493597,15.875133,8.030950,-0.716202,Muy bajo,"1,796"
16,Michoacán de Ocampo,16069,La Piedad,"106,490",5.021423,8.598921,39.996967,33.572166,0.555913,0.305074,0.820311,0.515237,0.230501,14.321548,3.982916,-0.997996,Muy bajo,"2,173"
16,Michoacán de Ocampo,16070,Purépero,"15,503",5.449315,8.311346,52.403114,39.011804,2.445043,0.605653,0.740242,0.515926,0.291611,8.322118,4.800359,-0.876323,Muy bajo,"2,007"
16,Michoacán de Ocampo,16071,Puruándiro,"69,260",8.799023,7.052346,54.389663,31.601213,1.510885,2.761833,1.592115,3.763674,0.243691,21.748078,6.325138,-0.615608,Bajo,"1,678"
16,Michoacán de Ocampo,16072,Queréndaro,"13,961",8.204274,7.855903,51.960400,33.693861,5.763453,1.502322,1.119913,1.857416,1.147228,24.938541,11.444960,-0.504057,Bajo,"1,554"
16,Michoacán de Ocampo,16073,Quiroga,"27,176",10.834384,8.056206,52.543484,42.121725,8.659824,4.279312,2.616741,5.016626,0.563828,35.116380,21.324274,-0.202168,Bajo,"1,223"
16,Michoacán de Ocampo,16074,Cojumatlán de Régules,"10,553",11.245607,8.931600,60.601328,37.828106,1.767505,1.835486,0.305914,2.209381,0.271924,18.524813,6.764106,-0.541342,Bajo,"1,600"
16,Michoacán de Ocampo,16075,Los Reyes,"78,935",8.297838,11.748325,48.771186,31.532273,7.447762,0.867884,8.254328,9.424084,0.632046,30.597613,22.008396,-0.195428,Bajo,"1,219"
16,Michoacán de Ocampo,16076,Sahuayo,"78,477",6.297779,9.723214,44.968537,50.082190,1.113224,0.440651,0.876664,0.551974,0.143791,20.320980,4.856440,-0.901399,Muy bajo,"2,045"
16,Michoacán de Ocampo,16077,San Lucas,"17,677",16.642052,8.793165,55.297318,45.414946,9.059894,3.809704,10.727824,3.961334,1.156179,29.605762,6.406368,-0.094469,Bajo,"1,122"
16,Michoacán de Ocampo,16078,Santa Ana Maya,"12,812",10.107899,4.205352,49.480863,44.427100,5.102928,1.333720,0.811830,2.493476,0.579878,25.485648,9.133082,-0.644311,Bajo,"1,711"
16,Michoacán de Ocampo,16079,Salvador Escalante,"49,896",9.754622,11.049910,56.030759,41.454225,11.296711,0.473566,3.375237,18.184949,0.568280,40.692268,25.210952,0.038961,Bajo,984
16,Michoacán de Ocampo,16080,Senguio,"19,833",9.220329,5.947137,48.993140,42.449453,4.311377,5.528942,2.554890,13.253493,1.077844,40.299401,20.638723,-0.258486,Bajo,"1,276"
16,Michoacán de Ocampo,16081,Susupuato,"9,076",18.302344,12.621359,68.633791,30.685324,9.841535,10.884070,7.464554,11.759800,2.418682,40.241868,22.310259,0.612554,Medio,553
16,Michoacán de Ocampo,16082,Tacámbaro,"79,540",8.991537,9.698382,45.747345,44.062107,5.729295,1.109529,1.050616,3.397319,0.540036,21.920566,10.079042,-0.617709,Bajo,"1,680"
16,Michoacán de Ocampo,16083,Tancítaro,"33,453",8.160656,9.741393,56.189930,59.677757,6.273834,1.488498,1.685324,5.794071,0.873416,19.178251,13.088941,-0.523045,Bajo,"1,579"
16,Michoacán de Ocampo,16084,Tangamandapio,"31,716",13.137825,9.965157,59.242782,45.103418,17.296928,1.310580,3.180887,2.375427,0.600683,36.204778,21.952218,0.059722,Bajo,965
16,Michoacán de Ocampo,16085,Tangancícuaro,"35,256",10.568530,13.262646,60.918456,55.811777,6.043555,1.333750,3.980411,8.190059,0.552256,22.184016,13.608419,-0.294679,Bajo,"1,311"
16,Michoacán de Ocampo,16086,Tanhuato,"15,534",8.548133,11.265371,53.463090,40.929574,1.313903,1.290014,0.262781,1.290014,0.119446,17.128524,4.323937,-0.712200,Bajo,"1,792"
16,Michoacán de Ocampo,16087,Taretan,"15,589",6.733190,11.015960,47.015462,19.866573,3.139754,1.723324,2.006610,2.219075,0.354108,19.169027,6.043437,-0.637220,Bajo,"1,706"
16,Michoacán de Ocampo,16088,Tarímbaro,"114,513",3.685495,4.740778,31.265401,34.107045,1.394422,0.742485,0.470844,0.660992,0.205240,26.159000,7.796088,-1.052885,Muy bajo,"2,244"
16,Michoacán de Ocampo,16089,Tepalcatepec,"24,074",9.498065,9.427357,53.983610,52.600316,4.913055,1.559481,2.290919,1.683688,0.289815,16.215843,6.155120,-0.647772,Bajo,"1,714"
16,Michoacán de Ocampo,16090,Tingambato,"16,325",6.807615,5.714286,41.915958,36.753446,17.315680,0.545171,2.596054,13.914849,0.493250,43.224299,32.762201,-0.100039,Bajo,"1,126"
16,Michoacán de Ocampo,16091,Tingüindín,"14,934",6.701313,8.909309,50.674690,42.500335,5.249344,0.739680,1.574803,4.318778,0.429492,17.728466,7.683131,-0.679342,Bajo,"1,757"
16,Michoacán de Ocampo,16092,Tiquicheo de Nicolás Romero,"12,836",17.242163,7.609148,58.405270,28.716111,10.695652,9.391304,12.347826,10.231884,2.347826,29.652174,12.289855,0.279097,Medio,764
16,Michoacán de Ocampo,16093,Tlalpujahua,"28,556",7.889546,6.299659,42.699641,43.619555,5.167675,8.644860,8.988455,14.609676,0.907092,41.959868,26.759208,-0.152780,Bajo,"1,176"
16,Michoacán de Ocampo,16094,Tlazazalca,"6,420",10.991903,14.959724,73.542510,48.317757,1.465559,2.589155,0.439668,2.344895,0.390816,15.876893,4.982902,-0.368621,Bajo,"1,388"
16,Michoacán de Ocampo,16095,Tocumbo,"12,325",9.322034,12.466984,55.334637,25.006085,2.534435,1.570248,2.038567,1.790634,1.652893,18.154270,9.311295,-0.425951,Bajo,"1,450"
16,Michoacán de Ocampo,16096,Tumbiscatío,"5,971",18.419800,12.546125,61.256545,32.808575,10.548272,7.151371,2.622169,7.508939,3.098927,26.221692,15.911800,0.271803,Medio,773
16,Michoacán de Ocampo,16097,Turicato,"29,056",16.291424,9.089273,55.562864,30.227836,17.795950,7.359813,4.607996,9.735202,1.843198,29.452233,11.954829,0.230022,Medio,807
16,Michoacán de Ocampo,16098,Tuxpan,"25,757",6.633920,8.109394,46.216129,42.959196,5.278256,4.360298,4.388985,5.895009,1.147447,29.934022,13.697648,-0.475700,Bajo,"1,510"
16,Michoacán de Ocampo,16099,Tuzantla,"14,329",16.633206,8.661725,61.363180,19.952544,9.586609,5.376617,4.032463,5.503424,1.470961,25.462846,9.688055,0.046232,Bajo,974
16,Michoacán de Ocampo,16100,Tzintzuntzan,"14,911",10.293980,5.410822,45.356976,35.041245,6.718624,1.585595,4.891158,13.464123,0.644988,45.982263,24.912658,-0.181811,Bajo,"1,205"
16,Michoacán de Ocampo,16101,Tzitzio,"8,855",12.740344,9.116488,61.294098,27.216262,14.558690,18.016379,7.279345,20.700637,6.733394,45.814377,20.200182,0.838441,Medio,434
16,Michoacán de Ocampo,16102,Uruapan,"356,786",4.619941,7.243531,35.714423,38.295505,5.106977,0.395303,1.790052,3.749521,0.313259,22.082641,10.066914,-0.861512,Muy bajo,"1,991"
16,Michoacán de Ocampo,16103,Venustiano Carranza,"23,469",8.678386,10.791367,55.673655,48.838894,1.974591,1.148018,0.673504,0.887800,0.290831,20.373488,6.689117,-0.661941,Bajo,"1,729"
16,Michoacán de Ocampo,16104,Villamar,"15,864",12.981694,9.537815,58.229541,33.490923,1.622674,2.639550,0.822155,2.077023,0.216357,23.885764,5.884898,-0.457793,Bajo,"1,487"
16,Michoacán de Ocampo,16105,Vista Hermosa,"20,982",6.809609,11.401978,51.300377,44.457154,2.330275,0.935780,1.688073,1.064220,0.238532,20.477064,6.495413,-0.709979,Bajo,"1,790"
16,Michoacán de Ocampo,16106,Yurécuaro,"32,303",8.992463,19.031142,60.564844,53.360369,1.835853,0.587953,0.311975,0.311975,0.419966,27.021838,11.615071,-0.407693,Bajo,"1,436"
16,Michoacán de Ocampo,16107,Zacapu,"76,829",4.509200,8.140422,36.435668,33.853102,3.738318,0.526590,1.432706,1.465914,0.431709,20.726790,8.064899,-0.890435,Muy bajo,"2,030"
16,Michoacán de Ocampo,16108,Zamora,"204,860",5.978719,12.139628,42.661115,34.726643,1.417087,0.506716,1.746882,0.675049,0.267958,22.463843,7.863547,-0.770000,Muy bajo,"1,874"
16,Michoacán de Ocampo,16109,Zináparo,"3,232",7.148347,8.040201,55.995388,27.568069,0.300601,1.002004,1.302605,0.901804,0.400802,18.537074,3.406814,-0.717642,Muy bajo,"1,798"
16,Michoacán de Ocampo,16110,Zinapécuaro,"49,005",8.012794,6.267132,49.426255,55.314764,3.428398,1.782464,1.319782,2.116201,0.394417,23.702973,8.161408,-0.750263,Muy bajo,"1,845"
16,Michoacán de Ocampo,16111,Ziracuaretiro,"18,402",6.164766,10.125824,47.627403,50.766221,6.095017,0.973349,1.645423,9.524913,0.533024,27.694090,14.855156,-0.540029,Bajo,"1,596"
16,Michoacán de Ocampo,16112,Zitácuaro,"157,056",6.271388,6.968915,36.716963,47.821159,9.160531,1.600630,3.863676,3.280061,0.753528,40.264473,22.376813,-0.489516,Bajo,"1,530"
16,Michoacán de Ocampo,16113,José Sixto Verduzco,"26,213",10.079943,4.269663,53.792149,36.214855,0.844001,2.011535,1.223801,1.983401,0.365734,23.238149,7.778872,-0.671391,Bajo,"1,740"
17,Morelos,17001,Amacuzac,"17,598",7.963164,8.481980,36.201826,14.564155,4.704463,2.573382,2.633695,4.563731,0.663450,41.495778,8.805790,-0.482608,Bajo,"1,519"
17,Morelos,17002,Atlatlahucan,"25,232",4.696296,6.288231,33.442342,37.539632,7.270135,1.397006,16.079829,2.451889,1.069138,39.030649,14.896650,-0.492468,Bajo,"1,535"
17,Morelos,17003,Axochiapan,"39,174",9.596409,7.402949,43.294269,28.452545,8.681186,3.246622,7.098205,3.609599,0.695705,35.642267,17.654769,-0.281821,Bajo,"1,294"
17,Morelos,17004,Ayala,"89,834",7.319583,8.666847,34.588321,29.123717,6.282282,2.198198,5.953954,3.475475,0.836837,37.453453,13.389389,-0.497999,Bajo,"1,546"
17,Morelos,17005,Coatlán del Río,"10,520",7.491289,6.275304,46.528123,24.980989,3.779264,3.712375,0.702341,4.749164,0.668896,44.983278,13.578595,-0.416140,Bajo,"1,445"
17,Morelos,17006,Cuautla,"187,118",4.182496,5.962370,25.729789,29.892902,3.626506,0.431043,2.593919,0.624533,0.314182,31.669189,8.548056,-0.952349,Muy bajo,"2,114"
17,Morelos,17007,Cuernavaca,"378,476",2.193330,4.335629,18.826272,28.714634,1.168277,0.332920,1.024100,0.311075,0.124954,24.910435,5.092536,-1.246878,Muy bajo,"2,401"
17,Morelos,17008,Emiliano Zapata,"107,053",4.024003,5.031973,25.363938,27.463032,2.565506,0.630915,1.155604,0.685637,0.289706,32.163780,6.621387,-1.012178,Muy bajo,"2,191"
17,Morelos,17009,Huitzilac,"24,515",3.088251,3.494007,25.991867,36.251275,3.249476,1.692123,19.137466,7.202755,1.018269,39.682540,25.546571,-0.559215,Bajo,"1,622"
17,Morelos,17010,Jantetelco,"18,402",5.364633,5.458808,35.749503,17.335072,3.982735,2.334707,10.123602,2.550520,1.059447,40.278595,16.205611,-0.484023,Bajo,"1,523"
17,Morelos,17011,Jiutepec,"215,357",2.920281,4.459003,21.582523,28.390997,1.677814,0.364530,1.308402,0.348256,0.170873,25.743299,5.266156,-1.174747,Muy bajo,"2,350"
17,Morelos,17012,Jojutla,"57,682",5.046993,6.195015,27.632848,25.382268,3.987005,1.246308,2.238630,1.086828,0.490254,31.955109,8.074424,-0.866935,Muy bajo,"1,997"
17,Morelos,17013,Jonacatepec de Leandro Valle,"16,694",6.555290,9.979798,36.921241,18.329939,3.012048,2.431950,2.721999,2.409639,0.379295,39.268184,15.127175,-0.521943,Bajo,"1,577"
17,Morelos,17014,Mazatepec,"9,653",6.674907,7.349823,35.022662,19.589765,2.184466,1.872399,0.832178,1.733703,0.589459,34.570042,8.703190,-0.716720,Muy bajo,"1,797"
17,Morelos,17015,Miacatlán,"15,802",6.666102,5.273592,35.227850,22.149095,3.170785,2.164881,1.946206,1.924339,0.590422,39.842554,8.637656,-0.684655,Bajo,"1,760"
17,Morelos,17016,Ocuituco,"19,219",5.364205,5.862697,33.731214,23.726521,5.971049,2.754322,3.035786,5.448331,0.804182,46.320869,31.845597,-0.378244,Bajo,"1,402"
17,Morelos,17017,Puente de Ixtla,"40,018",6.100378,6.194835,30.692738,22.757259,4.154461,1.597870,2.636485,2.148247,0.621394,35.446072,8.113626,-0.747988,Muy bajo,"1,839"
17,Morelos,17018,Temixco,"122,263",5.147555,6.207286,31.263204,29.321217,3.159019,0.814299,2.468886,1.048194,0.415812,40.073922,8.893766,-0.798326,Muy bajo,"1,915"
17,Morelos,17019,Tepalcingo,"28,122",8.435517,4.993160,39.658381,22.011237,6.039923,3.567289,5.730844,6.464907,0.901481,36.922086,15.518352,-0.399643,Bajo,"1,426"
17,Morelos,17020,Tepoztlán,"54,987",3.537369,5.360600,25.822797,38.227217,4.955912,1.757096,17.075368,4.543992,0.707987,41.668276,11.591684,-0.652623,Bajo,"1,718"
17,Morelos,17021,Tetecala,"7,617",6.348933,8.279669,31.865107,13.207299,2.641509,1.844864,2.264151,2.180294,0.377358,35.681342,8.553459,-0.692026,Bajo,"1,767"
17,Morelos,17022,Tetela del Volcán,"14,853",4.422159,5.600293,36.714422,21.086649,7.857712,2.760818,1.247677,4.565968,0.743297,44.465092,37.934696,-0.319327,Bajo,"1,338"
17,Morelos,17023,Tlalnepantla,"7,943",4.332449,7.423269,37.453581,32.922070,3.369141,2.587891,33.544922,13.769531,0.292969,37.890625,31.005859,-0.098411,Bajo,"1,124"
17,Morelos,17024,Tlaltizapán de Zapata,"52,399",6.050488,6.354723,31.071989,23.945113,6.255373,1.772135,2.797064,1.659724,0.886068,37.968657,9.707069,-0.663995,Bajo,"1,732"
17,Morelos,17025,Tlaquiltenango,"33,789",6.412184,7.403651,33.198381,18.991388,5.664121,2.708065,2.846940,4.017459,0.575340,36.424958,9.641901,-0.600067,Bajo,"1,664"
17,Morelos,17026,Tlayacapan,"19,408",4.782639,6.551952,30.361462,32.311418,5.640214,1.840491,11.834554,3.443499,0.870770,40.787651,15.990501,-0.550874,Bajo,"1,612"
17,Morelos,17027,Totolapan,"12,750",5.181010,6.828392,33.774117,25.341176,5.879059,4.087346,33.286674,6.690929,1.119821,46.920493,28.695409,-0.004966,Bajo,"1,021"
17,Morelos,17028,Xochitepec,"73,539",5.057900,6.271247,31.320563,30.250615,5.629207,0.897410,2.885988,0.943300,0.464002,41.138079,8.790536,-0.741800,Muy bajo,"1,832"
17,Morelos,17029,Yautepec,"105,780",4.551565,7.196901,29.623488,29.626583,3.963194,1.311206,7.255997,1.413079,0.407493,36.053237,9.661518,-0.756775,Muy bajo,"1,854"
17,Morelos,17030,Yecapixtla,"56,083",5.261870,6.172971,32.063142,30.267639,5.445069,1.687011,8.236182,2.434508,0.672061,42.957070,17.089562,-0.559332,Bajo,"1,623"
17,Morelos,17031,Zacatepec,"36,094",3.538445,5.052158,21.994975,21.632404,2.951504,0.436557,0.683306,0.427067,0.284711,27.047547,6.538863,-1.077112,Muy bajo,"2,262"
17,Morelos,17032,Zacualpan de Amilpas,"9,965",3.849227,3.725490,28.676079,24.576016,1.838755,4.172560,3.147100,5.304102,0.565771,39.179632,16.973126,-0.745669,Muy bajo,"1,836"
17,Morelos,17033,Temoac,"16,574",5.485575,5.172414,35.359610,15.373477,5.193873,3.757779,6.917185,4.164672,0.263284,46.433700,22.498803,-0.401861,Bajo,"1,430"
17,Morelos,17034,Coatetelco,"11,347",10.606624,9.239130,57.015259,19.670397,16.660708,3.825527,5.720415,4.290311,0.929567,73.292814,18.269575,0.387638,Medio,670
17,Morelos,17035,Xoxocotla,"27,805",8.204876,7.707006,34.449643,33.929149,27.481763,1.807802,11.766572,1.998097,0.872185,68.950206,20.345703,0.218552,Medio,824
17,Morelos,17036,Hueyapan,"7,855",6.232040,7.915759,52.873563,36.893698,16.743236,2.756508,1.786626,47.626340,0.816743,57.733538,44.512506,0.529148,Medio,590
18,Nayarit,18001,Acaponeta,"37,232",5.682984,3.032269,30.060091,16.491190,3.691027,4.690102,3.191489,4.810361,1.313599,31.350601,11.526364,-0.699457,Bajo,"1,775"
18,Nayarit,18002,Ahuacatlán,"15,393",4.933161,5.324459,32.591634,20.697720,0.958733,1.083785,0.562734,1.125469,0.521050,20.154231,6.648604,-0.986383,Muy bajo,"2,162"
18,Nayarit,18003,Amatlán de Cañas,"11,536",5.828505,3.196859,39.953650,16.799584,1.697700,1.834611,0.575027,1.916758,0.492881,17.031763,5.832421,-0.907088,Muy bajo,"2,055"
18,Nayarit,18004,Compostela,"77,436",4.742352,5.408588,37.385450,28.251718,1.926641,1.168053,1.146502,1.155123,0.969786,22.774880,8.163441,-0.889762,Muy bajo,"2,027"
18,Nayarit,18005,Huajicori,"12,230",10.309955,3.313568,41.502495,9.852821,22.578322,23.622614,17.716961,28.952107,20.741808,68.995319,46.813108,1.960731,Muy alto,126
18,Nayarit,18006,Ixtlán del Río,"29,299",3.981122,5.919662,29.377132,27.884911,0.785924,0.457478,0.563050,0.445748,0.410557,19.624633,5.665689,-1.094638,Muy bajo,"2,278"
18,Nayarit,18007,Jala,"19,321",5.278325,5.408971,35.545275,16.541587,5.261060,3.965723,2.909526,5.121562,1.414906,53.925867,28.138701,-0.288277,Bajo,"1,305"
18,Nayarit,18008,Xalisco,"65,229",2.555112,4.220452,20.936385,22.537522,0.837090,0.713672,1.035630,0.622451,0.338055,19.923803,5.371324,-1.216494,Muy bajo,"2,384"
18,Nayarit,18009,Del Nayar,"47,550",27.214629,13.136251,66.379756,12.929548,44.766851,61.680027,30.439201,68.612397,31.218245,93.011178,77.170600,5.074744,Muy alto,3
18,Nayarit,18010,Rosamorada,"33,567",6.504131,5.089820,35.886686,17.112045,3.212812,4.224799,3.478090,7.201808,1.532718,27.333464,13.843584,-0.581230,Bajo,"1,640"
18,Nayarit,18011,Ruíz,"24,096",7.047787,7.917821,36.159484,19.119356,4.349717,6.307090,3.044802,6.974047,3.233290,36.088154,16.528926,-0.321091,Bajo,"1,341"
18,Nayarit,18012,San Blas,"41,518",5.389241,6.712368,40.496111,22.696180,2.488565,1.976897,1.635786,1.883867,0.984572,29.056516,12.938988,-0.679499,Bajo,"1,758"
18,Nayarit,18013,San Pedro Lagunillas,"7,683",5.012744,3.454231,38.572642,14.811922,1.061658,1.837485,1.714986,1.714986,0.326664,20.171499,5.389955,-0.916683,Muy bajo,"2,071"
18,Nayarit,18014,Santa María del Oro,"24,911",6.973050,4.936827,40.890666,24.856489,2.699283,4.147336,1.251230,3.823984,1.588641,26.866301,12.554478,-0.623588,Bajo,"1,691"
18,Nayarit,18015,Santiago Ixcuintla,"93,981",5.681333,4.944541,36.976308,19.162384,1.379454,1.833495,5.760433,3.552613,0.547622,21.870234,8.720366,-0.795071,Muy bajo,"1,909"
18,Nayarit,18016,Tecuala,"37,135",6.038639,2.646143,34.764132,18.195772,1.530656,1.866025,2.639952,2.562559,0.653539,23.785364,7.670479,-0.875713,Muy bajo,"2,006"
18,Nayarit,18017,Tepic,"425,924",2.127547,3.510546,19.189813,21.235713,1.210119,0.799600,0.923470,0.693992,0.475631,22.209341,6.307072,-1.213796,Muy bajo,"2,382"
18,Nayarit,18018,Tuxpan,"30,064",4.784065,5.024088,31.139912,20.053885,2.030457,1.660321,3.405245,1.670897,0.412437,17.597293,7.170051,-0.961274,Muy bajo,"2,126"
18,Nayarit,18019,La Yesca,"13,719",11.957731,8.926746,58.153504,16.837962,23.760889,25.593271,10.934214,25.172725,12.586362,59.627516,44.607990,1.743538,Alto,162
18,Nayarit,18020,Bahía de Banderas,"187,632",2.622201,6.957751,26.723937,29.750256,1.810587,0.742759,0.691910,0.479433,0.561155,26.830110,7.376737,-1.045391,Muy bajo,"2,238"
19,Nuevo León,19001,Abasolo,"2,974",2.206897,7.296137,22.252874,4.741089,0.750939,1.376721,2.127660,1.251564,0.375469,13.516896,3.379224,-1.125021,Muy bajo,"2,300"
19,Nuevo León,19002,Agualeguas,"3,382",4.812638,3.950617,43.387215,9.698403,0.078740,1.102362,0.944882,2.677165,0.866142,11.496063,2.755906,-0.932820,Muy bajo,"2,091"
19,Nuevo León,19003,Los Aldamas,"1,407",4.253394,3.208556,55.837104,22.743426,0.000000,0.000000,2.222222,1.296296,0.370370,11.296296,3.333333,-0.907215,Muy bajo,"2,056"
19,Nuevo León,19004,Allende,"35,289",1.721422,9.491794,31.563156,12.525149,0.504956,0.430148,0.430148,0.776136,0.065457,6.985225,2.141388,-1.142397,Muy bajo,"2,309"
19,Nuevo León,19005,Anáhuac,"18,030",3.635253,6.387363,39.544830,14.564615,1.265127,0.623396,3.355336,3.887055,1.760176,16.336634,6.032270,-0.825282,Muy bajo,"1,951"
19,Nuevo León,19006,Apodaca,"656,464",0.733650,3.587572,11.666031,15.742828,0.354003,0.062212,0.059459,0.029730,0.028078,8.117839,1.458954,-1.506361,Muy bajo,"2,468"
19,Nuevo León,19007,Aramberri,"14,992",7.963883,3.977055,47.990971,9.111526,10.983337,3.238676,6.782445,15.207698,2.698897,26.613471,19.408590,-0.084188,Bajo,"1,106"
19,Nuevo León,19008,Bustamante,"3,661",3.809524,7.142857,35.238095,7.402349,0.611354,1.746725,2.096070,2.532751,1.048035,14.410480,4.104803,-0.908533,Muy bajo,"2,060"
19,Nuevo León,19009,Cadereyta Jiménez,"122,337",1.729429,5.852311,28.176099,21.386825,0.511721,0.350971,0.977897,0.841259,0.182184,17.741460,5.189551,-1.160138,Muy bajo,"2,331"
19,Nuevo León,19010,El Carmen,"104,478",1.026462,5.311730,19.865902,22.163518,0.682582,0.286352,0.586022,0.223088,0.289681,25.035794,6.779210,-1.213524,Muy bajo,"2,381"
19,Nuevo León,19011,Cerralvo,"7,340",4.059906,7.617360,38.848791,13.201635,0.448430,0.774562,1.712189,2.201386,1.508357,12.026091,4.239706,-0.899237,Muy bajo,"2,039"
19,Nuevo León,19012,Ciénega de Flores,"68,747",1.459654,6.457443,21.548373,20.141970,0.464525,0.122243,0.156472,0.092905,0.146692,25.739573,8.258765,-1.160312,Muy bajo,"2,332"
19,Nuevo León,19013,China,"9,930",3.963699,8.789063,43.213666,14.974824,0.857318,0.949173,8.634415,10.532762,3.612982,13.778322,7.287201,-0.557934,Bajo,"1,620"
19,Nuevo León,19014,Doctor Arroyo,"36,088",9.071163,4.365683,48.831056,10.022722,4.130081,3.111111,29.994580,43.598916,1.723577,23.967480,12.130081,0.185431,Medio,852
19,Nuevo León,19015,Doctor Coss,"1,360",4.347826,8.000000,52.835539,17.500000,0.609756,0.406504,3.252033,4.878049,0.813008,10.569106,2.845528,-0.769808,Muy bajo,"1,873"
19,Nuevo León,19016,Doctor González,"3,256",4.909984,7.249467,41.939444,5.651106,1.167315,2.140078,3.501946,2.626459,0.972763,17.217899,4.669261,-0.748767,Muy bajo,"1,842"
19,Nuevo León,19017,Galeana,"40,903",6.478902,5.228192,47.017055,11.984451,4.036681,3.434325,13.593455,9.961341,1.213701,20.920615,11.291918,-0.380583,Bajo,"1,405"
19,Nuevo León,19018,García,"397,205",1.058970,4.128303,16.557245,20.738661,0.814863,0.100987,0.390890,0.180210,0.134069,19.689900,5.143384,-1.324283,Muy bajo,"2,439"
19,Nuevo León,19019,San Pedro Garza García,"132,169",0.994523,5.594067,11.300798,11.526909,0.307554,3.786091,0.047724,0.055678,0.055678,8.813002,4.668982,-1.367207,Muy bajo,"2,452"
19,Nuevo León,19020,General Bravo,"5,506",2.996533,6.060606,40.366518,30.385035,0.513406,1.426127,4.506560,5.191101,1.939532,15.059897,5.704507,-0.880533,Muy bajo,"2,014"
19,Nuevo León,19021,General Escobedo,"481,213",1.400070,4.322316,19.238880,21.511472,1.061866,0.192169,0.699556,0.273442,0.110896,12.645171,3.566139,-1.342311,Muy bajo,"2,446"
19,Nuevo León,19022,General Terán,"14,109",3.744595,5.945946,43.647070,15.961443,1.339093,1.231102,3.153348,9.784017,1.166307,12.116631,4.276458,-0.809083,Muy bajo,"1,933"
19,Nuevo León,19023,General Treviño,"1,808",2.890571,13.488372,45.010323,13.219027,0.455927,0.759878,2.887538,2.431611,1.215805,15.805471,5.319149,-0.722708,Muy bajo,"1,807"
19,Nuevo León,19024,General Zaragoza,"6,282",5.598194,3.001715,44.108352,12.448265,23.058252,5.885922,20.631068,17.050971,2.366505,32.281553,29.065534,0.336598,Medio,709
19,Nuevo León,19025,General Zuazua,"102,149",1.017969,4.536350,16.782430,17.857248,1.282614,0.124886,0.351031,0.108010,0.583927,20.211294,5.474736,-1.270429,Muy bajo,"2,416"
19,Nuevo León,19026,Guadalupe,"643,143",1.395790,4.459880,17.878880,19.350595,0.524126,0.080044,0.290024,0.120615,0.070176,8.338313,1.687509,-1.412271,Muy bajo,"2,462"
19,Nuevo León,19027,Los Herreras,"1,959",3.750795,10.188679,50.095359,8.014293,0.274725,1.510989,2.060440,3.571429,1.098901,12.500000,4.395604,-0.713407,Muy bajo,"1,793"
19,Nuevo León,19028,Higueras,"1,386",4.230769,4.672897,34.711538,15.873016,0.714286,2.857143,1.190476,2.619048,2.857143,18.809524,6.666667,-0.837919,Muy bajo,"1,964"
19,Nuevo León,19029,Hualahuises,"7,026",3.050150,3.184713,34.244012,12.083689,0.647549,0.693802,1.341351,6.567993,0.416281,12.812211,2.590194,-1.064791,Muy bajo,"2,255"
19,Nuevo León,19030,Iturbide,"3,298",5.420712,5.938697,42.677994,6.791995,10.446247,3.549696,1.926978,9.533469,2.738337,26.673428,18.052738,-0.269957,Bajo,"1,286"
19,Nuevo León,19031,Juárez,"471,523",1.074255,4.991335,17.670680,22.373034,0.876599,0.184547,0.328911,0.183059,0.098971,17.678575,4.358438,-1.324739,Muy bajo,"2,440"
19,Nuevo León,19032,Lampazos de Naranjo,"5,351",4.217791,4.236343,39.340491,11.493179,0.180614,0.541842,1.745936,3.973510,0.903070,12.823600,4.033715,-0.957253,Muy bajo,"2,122"
19,Nuevo León,19033,Linares,"84,666",2.093666,3.181683,30.436625,11.476862,1.901420,0.832381,1.685164,6.361188,0.644687,15.272564,4.361841,-1.054393,Muy bajo,"2,246"
19,Nuevo León,19034,Marín,"5,119",2.784345,7.079646,33.648542,15.022465,0.555556,0.625000,0.625000,0.347222,0.000000,12.916667,3.541667,-1.092030,Muy bajo,"2,276"
19,Nuevo León,19035,Melchor Ocampo,"1,483",1.434599,7.386364,38.649789,7.754552,0.433839,1.301518,1.084599,1.301518,0.433839,8.676790,1.952278,-1.039397,Muy bajo,"2,226"
19,Nuevo León,19036,Mier y Noriega,"7,652",11.623364,5.474934,53.174448,7.070047,2.711324,3.987241,20.680489,54.385965,2.126528,25.943647,15.948963,0.345079,Medio,703
19,Nuevo León,19037,Mina,"6,048",4.648500,4.444444,35.333181,13.574735,2.699531,1.760563,5.633803,3.755869,1.291080,20.363850,7.042254,-0.790684,Muy bajo,"1,901"
19,Nuevo León,19038,Montemorelos,"67,428",1.906639,6.683143,27.477460,14.123213,1.393078,0.885634,1.077122,4.006894,0.464359,12.030255,3.906362,-1.111001,Muy bajo,"2,291"
19,Nuevo León,19039,Monterrey,"1,142,994",1.540493,5.961701,18.465223,19.686105,0.795051,0.921322,0.231852,0.202338,0.073024,10.751602,3.042068,-1.332680,Muy bajo,"2,442"
19,Nuevo León,19040,Parás,906,4.240766,9.174312,37.072503,12.030905,0.900901,0.300300,1.201201,1.501502,0.900901,13.513514,3.603604,-0.914680,Muy bajo,"2,068"
19,Nuevo León,19041,Pesquería,"147,624",1.191062,5.383265,20.356334,18.929171,0.451317,0.128293,0.444444,0.210767,0.197022,26.923253,8.274914,-1.177381,Muy bajo,"2,352"
19,Nuevo León,19042,Los Ramones,"5,389",4.313360,9.773371,50.524598,33.568380,1.078749,0.916936,3.128371,7.551241,0.539374,12.998921,3.128371,-0.784683,Muy bajo,"1,892"
19,Nuevo León,19043,Rayones,"2,377",10.157127,13.101604,57.351291,7.404291,5.317769,3.891051,3.891051,14.396887,1.815824,22.178988,11.154345,-0.050216,Bajo,"1,069"
19,Nuevo León,19044,Sabinas Hidalgo,"34,709",2.425123,3.964758,28.214871,12.339739,0.352996,0.418021,0.993962,1.495588,0.250813,10.301904,2.470971,-1.210437,Muy bajo,"2,378"
19,Nuevo León,19045,Salinas Victoria,"86,766",1.562705,5.163745,21.501577,21.957910,1.341569,0.287198,0.558659,0.601936,0.192777,24.289873,6.554410,-1.182215,Muy bajo,"2,360"
19,Nuevo León,19046,San Nicolás de los Garza,"412,199",0.954252,4.717351,14.678038,15.466801,0.501204,0.067375,0.033687,0.025471,0.036152,6.619997,1.092788,-1.460158,Muy bajo,"2,466"
19,Nuevo León,19047,Hidalgo,"16,086",2.853384,8.562823,24.331881,12.153425,0.436872,0.851900,1.135867,0.764526,0.349498,11.511577,2.664919,-1.146255,Muy bajo,"2,315"
19,Nuevo León,19048,Santa Catarina,"306,322",1.542499,4.506772,18.708441,18.152793,0.935188,0.943635,0.271506,0.261853,0.098949,10.580300,2.713856,-1.347309,Muy bajo,"2,447"
19,Nuevo León,19049,Santiago,"46,784",1.968721,6.241678,26.603888,15.738287,1.660414,1.785466,1.681256,0.785049,0.312630,9.552591,3.459775,-1.160329,Muy bajo,"2,333"
19,Nuevo León,19050,Vallecillo,"1,552",4.656863,6.250000,52.124183,9.342784,0.355872,2.313167,3.202847,9.074733,0.533808,15.658363,3.024911,-0.686661,Bajo,"1,763"
19,Nuevo León,19051,Villaldama,"3,573",2.994012,8.409091,31.842198,7.416737,0.789889,0.868878,1.816746,3.159558,0.394945,14.533965,3.396524,-0.983773,Muy bajo,"2,158"
20,Oaxaca,20001,Abejones,841,21.639344,2.531646,52.459016,5.231867,15.740741,0.462963,0.462963,22.685185,1.851852,77.777778,42.592593,0.815821,Medio,450
20,Oaxaca,20002,Acatlán de Pérez Figueroa,"45,167",12.798780,5.334785,50.259146,26.247039,8.600662,5.161936,8.039080,20.201554,1.600123,39.087622,17.424417,0.066739,Bajo,959
20,Oaxaca,20003,Asunción Cacalotepec,"2,547",20.710059,3.073286,55.782679,23.792697,25.818640,1.763224,8.312343,67.506297,3.778338,94.836272,73.551637,1.873466,Muy alto,138
20,Oaxaca,20004,Asunción Cuyotepeji,"1,107",8.303249,3.636364,46.089049,27.913279,6.194690,7.079646,1.474926,9.439528,1.179941,51.917404,24.188791,-0.158009,Bajo,"1,180"
20,Oaxaca,20005,Asunción Ixtaltepec,"15,261",11.375948,3.036145,41.853488,21.853090,2.979327,1.905148,2.533441,2.107823,1.540332,33.198216,15.383056,-0.494904,Bajo,"1,542"
20,Oaxaca,20006,Asunción Nochixtlán,"20,464",6.057854,3.322615,33.140022,34.108679,12.589521,1.375801,12.664908,16.509612,3.675085,43.648700,31.304184,-0.050485,Bajo,"1,070"
20,Oaxaca,20007,Asunción Ocotlán,"2,395",31.576145,3.215434,75.346113,43.465553,54.367666,3.389831,5.345502,57.757497,2.346806,68.318123,40.547588,2.176115,Muy alto,95
20,Oaxaca,20008,Asunción Tlacolulita,734,8.695652,14.285714,63.478261,23.160763,11.194030,3.358209,2.611940,3.731343,1.865672,59.701493,23.880597,0.324694,Medio,718
20,Oaxaca,20009,Ayotzintepec,"6,857",12.727658,4.245641,59.678102,22.619221,8.539095,1.286008,6.584362,20.627572,1.646091,70.267490,33.590535,0.449867,Medio,631
20,Oaxaca,20010,El Barrio de la Soledad,"13,474",6.119742,3.889185,33.848049,20.016328,1.754386,2.031394,2.285319,2.216066,0.738689,23.084026,9.510619,-0.856314,Muy bajo,"1,985"
20,Oaxaca,20011,Calihualá,"1,402",23.535676,3.225806,67.731629,20.542083,11.799410,9.439528,4.424779,26.843658,1.769912,56.047198,26.843658,0.821549,Medio,444
20,Oaxaca,20012,Candelaria Loxicha,"11,166",20.879757,10.372447,62.089423,42.441340,25.143091,2.125920,16.148814,25.429272,8.789861,86.753884,55.805397,1.768702,Alto,157
20,Oaxaca,20013,Ciénega de Zimatlán,"3,043",7.590618,2.727273,49.808102,29.346040,11.160714,0.334821,0.446429,2.566964,0.892857,17.410714,12.723214,-0.583268,Bajo,"1,641"
20,Oaxaca,20014,Ciudad Ixtepec,"28,082",6.495087,3.514685,30.935891,25.268855,4.738562,1.493931,2.159197,1.342204,1.038749,34.593838,11.146125,-0.756319,Muy bajo,"1,853"
20,Oaxaca,20015,Coatecas Altas,"5,356",30.512072,7.379679,75.325020,28.360717,23.184818,6.848185,16.831683,61.551155,1.650165,82.013201,44.554455,2.010036,Muy alto,119
20,Oaxaca,20016,Coicoyán de las Flores,"9,563",42.691088,16.105477,80.362804,16.250131,38.781665,6.513872,2.352232,68.576598,7.720145,92.159228,76.296743,3.304640,Muy alto,19
20,Oaxaca,20017,La Compañía,"3,607",18.700416,5.025997,66.074802,27.529803,16.525024,2.360718,13.597734,41.076487,2.077432,61.473088,36.827195,1.031368,Alto,366
20,Oaxaca,20018,Concepción Buenavista,752,8.287293,6.349206,64.825046,18.085106,7.172996,6.329114,5.907173,8.860759,3.797468,46.835443,43.459916,0.416116,Medio,648
20,Oaxaca,20019,Concepción Pápalo,"2,754",18.588808,4.192872,70.364964,20.297749,18.522860,0.937866,0.468933,23.329426,0.468933,54.747948,35.169988,0.685110,Medio,513
20,Oaxaca,20020,Constancia del Rosario,"4,847",30.482166,11.346317,59.214003,16.133691,18.578199,1.421801,0.947867,4.739336,3.033175,61.421801,30.710900,0.961410,Medio,397
20,Oaxaca,20021,Cosolapa,"14,488",10.149877,5.697528,42.980459,23.923247,7.831178,3.586241,3.830202,4.537692,1.366187,35.935594,16.979751,-0.298930,Bajo,"1,314"
20,Oaxaca,20022,Cosoltepec,803,5.405405,4.000000,45.310016,23.038605,5.067568,6.081081,5.405405,25.337838,2.702703,58.108108,27.702703,0.065971,Bajo,960
20,Oaxaca,20023,Cuilápam de Guerrero,"26,882",4.311917,5.282853,33.112079,40.365300,12.071685,2.795699,37.462366,21.620072,4.931900,45.820789,24.845878,0.271797,Medio,774
20,Oaxaca,20024,Cuyamecalco Villa de Zaragoza,"3,644",29.794653,7.104558,73.731112,29.884742,10.893032,2.649657,3.140334,27.379784,2.453386,75.956820,44.847890,1.247110,Alto,296
20,Oaxaca,20025,Chahuites,"11,356",10.918084,10.293361,51.140065,38.376189,5.242183,2.605763,22.992029,2.053955,0.735745,33.721643,18.056407,-0.070896,Bajo,"1,089"
20,Oaxaca,20026,Chalcatongo de Hidalgo,"9,035",11.059695,2.162516,45.488200,27.648035,17.052136,2.312819,10.780086,41.630733,1.764014,54.880439,59.858879,0.700694,Medio,508
20,Oaxaca,20027,Chiquihuitlán de Benito Juárez,"2,179",31.934307,3.343465,71.289538,17.898118,10.752688,3.091398,6.989247,24.731183,2.688172,83.736559,61.559140,1.483942,Alto,225
20,Oaxaca,20028,Heroica Ciudad de Ejutla de Crespo,"23,148",13.869407,6.589827,57.291415,45.930534,23.607908,3.492586,9.555189,19.176277,1.696870,48.006590,26.622735,0.520629,Medio,598
20,Oaxaca,20029,Eloxochitlán de Flores Magón,"4,215",33.273510,10.355649,69.849246,13.357058,18.642612,1.116838,7.474227,59.965636,3.522337,92.955326,78.608247,2.271906,Muy alto,82
20,Oaxaca,20030,El Espinal,"8,730",5.362637,1.869159,25.978022,20.137457,2.065472,1.519875,2.494154,1.363991,1.325019,19.953235,6.975838,-1.015521,Muy bajo,"2,196"
20,Oaxaca,20031,Tamazulápam del Espíritu Santo,"7,185",26.379039,8.135349,63.297872,37.550452,19.005416,1.378631,0.787789,26.637125,2.314131,83.850320,56.326933,1.292013,Alto,281
20,Oaxaca,20032,Fresnillo de Trujano,"1,077",23.785166,5.031447,62.148338,22.005571,3.761755,7.836991,18.808777,10.031348,1.253918,30.721003,16.927900,0.365571,Medio,690
20,Oaxaca,20033,Guadalupe Etla,"2,929",3.105862,5.612245,30.971129,38.818709,3.501946,1.297017,1.815824,6.225681,0.907912,28.793774,11.024643,-0.890246,Muy bajo,"2,029"
20,Oaxaca,20034,Guadalupe de Ramírez,"1,288",12.286325,2.830189,60.256410,18.944099,2.583979,2.842377,8.268734,5.943152,0.258398,33.074935,15.762274,-0.221517,Bajo,"1,243"
20,Oaxaca,20035,Guelatao de Juárez,657,1.612903,2.285714,20.967742,12.633181,3.030303,0.000000,0.000000,1.818182,0.000000,27.272727,7.878788,-1.144406,Muy bajo,"2,313"
20,Oaxaca,20036,Guevea de Humboldt,"5,256",18.010899,6.086957,62.670300,13.527397,11.374096,3.287311,0.920447,8.218277,2.695595,78.895464,46.088100,0.799478,Medio,459
20,Oaxaca,20037,Mesones Hidalgo,"4,424",24.361493,8.004510,65.618861,15.280289,12.654867,6.106195,2.831858,17.256637,4.336283,70.619469,26.106195,1.003708,Alto,377
20,Oaxaca,20038,Villa Hidalgo,"1,885",16.815374,6.198347,64.310226,34.376658,15.719697,0.946970,1.893939,7.954545,2.083333,71.780303,26.325758,0.526231,Medio,595
20,Oaxaca,20039,Heroica Ciudad de Huajuapan de León,"78,313",5.154256,4.202910,31.773368,47.843908,5.088769,1.345136,6.275654,1.814945,0.895109,30.918352,14.044805,-0.807282,Muy bajo,"1,929"
20,Oaxaca,20040,Huautepec,"6,385",37.137236,10.881935,74.200689,17.948316,15.267640,1.642336,34.854015,74.330900,5.839416,96.289538,83.759124,2.933266,Muy alto,30
20,Oaxaca,20041,Huautla de Jiménez,"31,710",27.856757,6.544722,57.018175,28.293914,27.498859,1.928343,25.216796,30.602465,3.263350,81.823368,66.168416,1.853011,Muy alto,143
20,Oaxaca,20042,Ixtlán de Juárez,"8,385",5.617210,3.155819,42.222981,24.376863,17.736340,0.737207,0.303556,8.976583,0.650477,53.252385,35.862966,-0.066751,Bajo,"1,086"
20,Oaxaca,20043,Juchitán de Zaragoza,"113,570",9.485722,4.260216,39.008929,41.316369,4.667225,2.274313,2.706851,1.035998,1.049951,34.163527,16.307381,-0.598830,Bajo,"1,661"
20,Oaxaca,20044,Loma Bonita,"40,934",10.411975,6.854777,49.635713,30.761714,6.609308,2.221353,4.583496,8.463043,1.118498,34.211967,18.670317,-0.242733,Bajo,"1,264"
20,Oaxaca,20045,Magdalena Apasco,"7,888",1.956195,4.086538,27.002174,28.549696,3.113553,0.595238,1.648352,8.653846,0.366300,26.465201,10.027473,-0.993843,Muy bajo,"2,167"
20,Oaxaca,20046,Magdalena Jaltepec,"2,943",9.250329,4.218362,56.071898,15.426436,8.180840,2.906351,17.222820,34.445640,1.506997,49.946179,30.247578,0.426558,Medio,642
20,Oaxaca,20047,Santa Magdalena Jicotlán,81,5.714286,0.000000,54.285714,38.271605,3.333333,0.000000,0.000000,16.666667,0.000000,60.000000,10.000000,-0.459308,Bajo,"1,493"
20,Oaxaca,20048,Magdalena Mixtepec,"1,433",12.656784,2.366864,58.722919,15.840893,36.395760,2.826855,0.706714,92.932862,3.180212,83.745583,71.024735,1.939802,Muy alto,127
20,Oaxaca,20049,Magdalena Ocotlán,"1,184",6.908665,1.005025,46.487119,45.608108,30.793651,0.952381,18.095238,74.603175,1.269841,50.158730,23.492063,0.750093,Medio,486
20,Oaxaca,20050,Magdalena Peñasco,"3,750",27.394561,2.026222,63.776114,12.800000,15.612245,1.122449,11.326531,91.326531,2.755102,63.061224,63.265306,1.791830,Alto,154
20,Oaxaca,20051,Magdalena Teitipac,"4,764",24.393319,13.114754,88.244564,43.073048,21.936759,1.679842,50.988142,43.083004,0.889328,67.490119,35.276680,1.985178,Muy alto,121
20,Oaxaca,20052,Magdalena Tequisistlán,"5,996",10.019951,7.255521,42.540457,16.827885,10.934183,4.193206,4.564756,4.777070,4.193206,54.564756,20.222930,0.109878,Bajo,911
20,Oaxaca,20053,Magdalena Tlacotepec,"1,297",10.886320,4.320988,42.967245,28.064765,2.863962,4.057279,5.489260,4.057279,0.238663,44.152745,8.591885,-0.451465,Bajo,"1,478"
20,Oaxaca,20054,Magdalena Zahuatlán,404,6.109325,3.389831,50.160772,11.386139,13.846154,3.076923,0.769231,42.307692,2.307692,52.307692,33.076923,0.350878,Medio,699
20,Oaxaca,20055,Mariscala de Juárez,"3,739",10.714286,8.534622,58.383459,17.812249,2.234637,4.748603,6.517691,5.772812,0.558659,23.184358,17.970205,-0.216641,Bajo,"1,237"
20,Oaxaca,20056,Mártires de Tacubaya,"1,446",12.887597,1.659751,53.294574,21.645920,10.513447,10.757946,3.911980,11.246944,1.466993,53.056235,19.315403,0.171343,Medio,863
20,Oaxaca,20057,Matías Romero Avendaño,"38,183",9.641497,4.538008,41.367914,33.609198,4.279538,2.047119,12.194476,3.979529,1.305921,38.683491,17.471102,-0.361162,Bajo,"1,381"
20,Oaxaca,20058,Mazatlán Villa de Flores,"12,722",32.104719,8.280255,69.743943,11.256092,40.841929,3.540563,7.945358,15.249512,3.373292,92.389183,72.260942,2.268355,Muy alto,84
20,Oaxaca,20059,Miahuatlán de Porfirio Díaz,"50,375",10.798528,4.948230,45.466458,44.321588,17.446154,1.300000,8.830769,18.369231,1.461538,60.807692,28.246154,0.236933,Medio,802
20,Oaxaca,20060,Mixistlán de la Reforma,"2,487",18.714769,2.391304,57.440812,13.309208,20.652174,2.639752,5.279503,34.782609,5.745342,91.459627,79.347826,1.614996,Alto,196
20,Oaxaca,20061,Monjas,"2,893",22.883065,11.720227,65.675403,17.110266,19.774718,9.136421,21.276596,39.799750,2.127660,63.704631,34.668335,1.513554,Alto,217
20,Oaxaca,20062,Natividad,498,4.325700,1.612903,41.730280,18.875502,9.032258,0.000000,0.000000,1.290323,0.645161,37.419355,12.258065,-0.650662,Bajo,"1,715"
20,Oaxaca,20063,Nazareno Etla,"4,293",1.384389,3.914591,23.681885,34.334964,2.218279,0.709849,7.364685,3.815439,0.976043,25.998225,9.760426,-1.033122,Muy bajo,"2,217"
20,Oaxaca,20064,Nejapa de Madero,"8,494",7.622964,5.948795,51.795034,25.794679,14.432548,1.798715,3.811563,6.937901,2.997859,52.890792,27.794433,0.134442,Medio,893
20,Oaxaca,20065,Ixpantepec Nieves,"1,079",28.537455,2.173913,75.029727,47.822057,11.461318,5.730659,3.724928,5.157593,2.005731,53.581662,24.641834,0.625647,Medio,545
20,Oaxaca,20066,Santiago Niltepec,"5,342",13.926258,7.737397,50.323866,22.089105,3.474233,2.779386,3.879560,2.895194,2.489867,37.521714,18.702953,-0.125471,Bajo,"1,154"
20,Oaxaca,20067,Oaxaca de Juárez,"270,955",2.706512,4.310773,21.546510,36.265062,4.834804,1.095028,4.789066,1.964055,0.516573,34.357512,11.918855,-0.958452,Muy bajo,"2,125"
20,Oaxaca,20068,Ocotlán de Morelos,"23,751",7.266830,5.013123,38.280316,42.924508,18.559603,1.357616,20.927152,19.437086,1.125828,42.731788,24.602649,0.080942,Bajo,946
20,Oaxaca,20069,La Pe,"3,052",13.313462,18.316832,62.742176,10.419397,16.794872,0.641026,6.923077,76.538462,1.025641,63.333333,59.358974,1.492370,Alto,223
20,Oaxaca,20070,Pinotepa de Don Luis,"6,416",19.766397,3.405316,51.886792,14.619701,15.843373,5.903614,9.036145,7.469880,2.409639,86.084337,42.590361,0.894707,Medio,419
20,Oaxaca,20071,Pluma Hidalgo,"3,255",17.709251,9.240924,57.312775,28.448541,21.003501,2.917153,6.301050,48.424737,5.600933,82.380397,53.208868,1.487636,Alto,224
20,Oaxaca,20072,San José del Progreso,"8,059",11.216289,8.367072,54.491874,20.809033,15.054788,3.716055,28.346832,56.360172,1.238685,53.311101,44.830872,1.071579,Alto,346
20,Oaxaca,20073,Putla Villa de Guerrero,"34,652",11.448445,3.624979,44.410802,25.340529,13.892473,2.591398,2.182796,17.935484,1.924731,57.946237,28.483871,0.166411,Medio,868
20,Oaxaca,20074,Santa Catarina Quioquitani,456,7.301587,2.020202,58.095238,3.289474,3.906250,1.562500,0.781250,3.906250,0.781250,83.593750,53.906250,0.296867,Medio,750
20,Oaxaca,20075,Reforma de Pineda,"2,660",12.189293,4.395604,48.374761,16.729323,1.962810,2.892562,0.723140,2.685950,0.929752,32.541322,15.702479,-0.413756,Bajo,"1,441"
20,Oaxaca,20076,La Reforma,"3,411",8.504519,7.300509,53.327855,19.994137,13.416009,3.720406,1.127396,7.440812,3.043968,47.801578,25.591883,0.145520,Medio,882
20,Oaxaca,20077,Reyes Etla,"4,370",2.539003,3.751804,36.127256,35.469108,7.116451,1.756007,14.602588,8.040665,1.201479,41.774492,16.266174,-0.480698,Bajo,"1,517"
20,Oaxaca,20078,Rojas de Cuauhtémoc,"1,301",3.300971,2.439024,39.514563,23.597233,4.761905,0.264550,6.084656,17.989418,0.529101,23.809524,7.407407,-0.722755,Muy bajo,"1,808"
20,Oaxaca,20079,Salina Cruz,"84,438",4.083501,4.722199,27.949713,24.372913,2.745852,1.117954,8.661201,2.326129,0.862982,27.842937,8.810262,-0.854991,Muy bajo,"1,980"
20,Oaxaca,20080,San Agustín Amatengo,"1,593",20.456398,6.074766,66.829666,27.495292,20.825516,3.377111,3.564728,5.440901,2.063790,55.909944,32.645403,0.727270,Medio,494
20,Oaxaca,20081,San Agustín Atenango,"1,871",21.353803,4.814815,72.993719,25.761625,6.972789,3.231293,7.823129,14.625850,2.891156,42.517007,17.346939,0.470808,Medio,619
20,Oaxaca,20082,San Agustín Chayuco,"4,163",14.429530,7.605634,54.261745,21.811194,12.853470,2.056555,2.056555,4.712939,4.113111,78.406170,37.360754,0.604934,Medio,560
20,Oaxaca,20083,San Agustín de las Juntas,"11,391",3.588200,4.557499,26.478025,38.381178,9.395973,0.872483,3.926174,1.711409,0.469799,42.919463,17.416107,-0.714696,Muy bajo,"1,794"
20,Oaxaca,20084,San Agustín Etla,"4,168",2.066869,3.407155,23.495441,30.110365,3.929766,1.337793,0.585284,3.428094,0.501672,16.973244,7.943144,-1.152257,Muy bajo,"2,323"
20,Oaxaca,20085,San Agustín Loxicha,"26,194",21.593606,10.096864,65.136755,13.468733,50.913116,1.309721,4.113632,55.801513,7.766095,93.100904,71.831765,2.624402,Muy alto,49
20,Oaxaca,20086,San Agustín Tlacotepec,"1,032",8.300395,0.571429,37.549407,23.352713,15.501520,4.255319,5.471125,79.939210,4.255319,73.860182,55.927052,0.992415,Alto,383
20,Oaxaca,20087,San Agustín Yatareni,"5,521",4.980178,9.294513,53.121903,61.601159,9.533898,0.918079,35.946328,4.096045,0.353107,42.514124,17.302260,-0.028964,Bajo,"1,043"
20,Oaxaca,20088,San Andrés Cabecera Nueva,"2,881",13.204748,3.929273,61.078140,16.799722,14.196762,2.117061,8.717310,48.816936,4.981320,61.394770,52.303861,1.088933,Alto,342
20,Oaxaca,20089,San Andrés Dinicuiti,"2,308",10.526316,4.901961,54.678363,32.885615,3.436989,3.764321,0.654664,7.037643,0.327332,61.374795,29.950900,-0.065196,Bajo,"1,083"
20,Oaxaca,20090,San Andrés Huaxpaltepec,"6,234",12.943024,3.429101,44.055630,29.659929,11.725293,2.847571,38.246790,3.350084,2.177554,62.423227,22.166387,0.432001,Medio,636
20,Oaxaca,20091,San Andrés Huayápam,"6,279",2.239414,4.171633,18.973941,35.961140,5.739036,0.866270,2.544667,1.949107,0.270709,22.739578,7.255008,-1.143017,Muy bajo,"2,310"
20,Oaxaca,20092,San Andrés Ixtlahuaca,"1,776",8.333333,5.447471,44.219219,48.310811,9.716599,1.821862,9.311741,43.522267,2.631579,48.582996,22.064777,0.135865,Medio,891
20,Oaxaca,20093,San Andrés Lagunas,518,5.076142,12.500000,68.274112,18.725869,7.182320,1.104972,3.867403,78.453039,1.657459,61.325967,41.988950,0.915384,Medio,414
20,Oaxaca,20094,San Andrés Nuxiño,"1,850",6.731488,1.492537,43.679880,13.243243,5.631399,1.194539,19.112628,93.515358,1.877133,86.177474,53.754266,1.075046,Alto,345
20,Oaxaca,20095,San Andrés Paxtlán,"4,562",24.937656,6.567534,61.221945,22.249014,29.543246,0.971817,9.037901,89.601555,2.332362,92.808552,77.453839,2.281001,Muy alto,81
20,Oaxaca,20096,San Andrés Sinaxtla,756,4.448399,3.846154,33.451957,27.380952,6.666667,1.777778,3.111111,12.000000,0.888889,36.888889,15.555556,-0.598065,Bajo,"1,658"
20,Oaxaca,20097,San Andrés Solaga,"1,771",6.983441,7.234043,73.146148,29.136081,25.142857,0.380952,0.190476,0.380952,0.571429,84.000000,39.047619,0.655867,Medio,531
20,Oaxaca,20098,San Andrés Teotilálpam,"4,233",19.728353,2.308627,61.731749,22.513584,16.071429,1.428571,6.071429,88.303571,3.839286,67.589286,47.857143,1.449082,Alto,233
20,Oaxaca,20099,San Andrés Tepetlapa,381,33.208955,7.142857,70.895522,14.698163,14.035088,7.894737,5.263158,35.087719,0.000000,81.578947,29.824561,1.382834,Alto,256
20,Oaxaca,20100,San Andrés Yaá,393,28.703704,8.108108,73.148148,15.776081,18.831169,2.597403,1.948052,9.740260,1.948052,86.363636,38.961039,1.291092,Alto,282
20,Oaxaca,20101,San Andrés Zabache,748,24.511545,4.901961,70.692718,30.347594,29.611650,3.398058,3.883495,59.223301,1.941748,52.912621,19.902913,1.279723,Alto,285
20,Oaxaca,20102,San Andrés Zautla,"5,326",3.036336,4.676259,33.897461,29.064964,9.901685,2.668539,21.699438,18.750000,3.230337,46.558989,22.331461,-0.050008,Bajo,"1,068"
20,Oaxaca,20103,San Antonino Castillo Velasco,"6,064",8.327811,8.297872,58.802739,55.046174,27.173913,1.598465,53.005115,11.061381,0.191816,43.222506,28.196931,0.793025,Medio,462
20,Oaxaca,20104,San Antonino el Alto,"2,705",10.157895,4.990020,49.526316,13.530499,19.801980,1.131542,0.707214,85.855728,3.677511,60.678925,58.981612,1.203692,Alto,306
20,Oaxaca,20105,San Antonino Monte Verde,"7,678",12.439730,1.789137,50.607522,20.526179,12.277952,1.724138,0.835946,34.326019,1.306165,50.992685,57.993730,0.475729,Medio,616
20,Oaxaca,20106,San Antonio Acutla,249,16.243655,2.941176,67.005076,12.449799,2.409639,3.614458,0.000000,3.614458,0.000000,74.698795,54.216867,0.467169,Medio,620
20,Oaxaca,20107,San Antonio de la Cal,"26,282",4.749686,5.212587,31.593004,38.988661,8.882799,0.870547,6.787039,1.225214,0.403031,42.898597,16.282444,-0.618298,Bajo,"1,682"
20,Oaxaca,20108,San Antonio Huitepec,"2,936",9.980620,2.797203,50.387597,20.912807,19.006211,1.366460,13.043478,28.944099,3.975155,60.869565,58.012422,0.841811,Medio,432
20,Oaxaca,20109,San Antonio Nanahuatípam,"1,232",5.984766,2.312139,36.779108,6.655844,10.029499,2.064897,3.244838,2.949853,2.949853,44.837758,18.289086,-0.303757,Bajo,"1,317"
20,Oaxaca,20110,San Antonio Sinicahua,"1,668",21.880998,4.047619,57.197697,44.364508,19.221968,3.890160,42.334096,91.990847,5.263158,90.617849,79.405034,2.420981,Muy alto,62
20,Oaxaca,20111,San Antonio Tepetlapa,"4,873",22.012770,6.223629,51.383399,15.842397,19.282511,6.278027,20.627803,19.910314,2.690583,92.376682,40.986547,1.325247,Alto,271
20,Oaxaca,20112,San Baltazar Chichicápam,"2,576",21.798493,2.888087,49.717514,43.633540,12.284730,2.985075,1.951780,4.247991,1.836969,79.908152,31.343284,0.417010,Medio,646
20,Oaxaca,20113,San Baltazar Loxicha,"3,169",10.798548,5.328597,63.430127,15.935626,11.880046,0.115340,0.346021,46.020761,1.038062,76.470588,28.604383,0.637454,Medio,541
20,Oaxaca,20114,San Baltazar Yatzachi el Bajo,674,13.619403,5.128205,63.432836,19.584570,11.934156,3.292181,0.411523,10.288066,0.411523,66.255144,14.403292,0.238781,Medio,799
20,Oaxaca,20115,San Bartolo Coyotepec,"10,391",3.339731,2.912621,24.388996,27.023386,6.274233,0.810716,7.930913,2.714135,0.916461,34.155798,13.394431,-0.808538,Muy bajo,"1,932"
20,Oaxaca,20116,San Bartolomé Ayautla,"4,131",34.137559,4.611924,70.399712,21.496006,18.954827,1.860053,7.440213,40.832595,2.568645,96.811337,78.476528,2.023575,Muy alto,117
20,Oaxaca,20117,San Bartolomé Loxicha,"2,213",17.537073,8.173077,61.637653,4.202440,10.305958,1.771337,6.763285,41.867955,6.763285,89.533011,47.342995,1.398284,Alto,249
20,Oaxaca,20118,San Bartolomé Quialana,"2,389",22.234452,4.712042,79.086406,53.495186,15.522388,1.343284,1.044776,12.537313,1.791045,48.955224,12.388060,0.442045,Medio,634
20,Oaxaca,20119,San Bartolomé Yucuañe,735,12.151067,7.792208,42.528736,19.319728,25.688073,1.834862,0.917431,31.192661,1.376147,76.146789,49.082569,0.828961,Medio,439
20,Oaxaca,20120,San Bartolomé Zoogocho,449,9.187279,4.225352,56.183746,29.175947,15.789474,3.508772,2.631579,4.385965,0.877193,70.175439,20.175439,0.161434,Medio,873
20,Oaxaca,20121,San Bartolo Soyaltepec,596,9.336100,1.428571,53.319502,25.167785,5.339806,3.398058,1.456311,8.737864,1.941748,64.563107,38.834951,0.084991,Bajo,939
20,Oaxaca,20122,San Bartolo Yautepec,653,3.138075,0.000000,53.347280,19.142420,27.093596,0.985222,0.985222,6.896552,1.477833,45.812808,22.167488,0.005626,Bajo,"1,009"
20,Oaxaca,20123,San Bernardo Mixtepec,"2,829",11.156812,3.245436,54.190231,20.148462,14.229249,0.790514,8.827404,34.255599,2.239789,56.916996,33.333333,0.506236,Medio,609
20,Oaxaca,20124,San Blas Atempa,"19,696",23.953228,8.914729,60.593754,21.060114,40.912667,5.468135,15.932337,5.192762,3.973249,55.310779,27.517703,1.395739,Alto,250
20,Oaxaca,20125,San Carlos Yautepec,"11,662",12.456359,5.434318,60.261845,18.641742,27.282016,2.963215,12.704360,21.866485,6.880109,78.576294,54.972752,1.406811,Alto,246
20,Oaxaca,20126,San Cristóbal Amatlán,"5,396",25.068418,3.345389,58.210181,10.656042,25.759768,4.124457,5.282200,81.476122,3.545586,95.658466,75.036179,2.167247,Muy alto,98
20,Oaxaca,20127,San Cristóbal Amoltepec,"1,252",17.221584,2.040816,51.205511,22.683706,21.319797,4.060914,6.091371,93.654822,8.629442,74.365482,78.426396,1.964594,Muy alto,124
20,Oaxaca,20128,San Cristóbal Lachirioag,"1,342",12.670565,1.538462,62.865497,36.810730,5.845511,0.835073,0.000000,0.626305,0.208768,68.058455,11.899791,-0.161677,Bajo,"1,184"
20,Oaxaca,20129,San Cristóbal Suchixtlahuaca,356,3.100775,3.278689,42.248062,7.303371,2.654867,1.769912,0.000000,1.769912,0.000000,26.548673,21.238938,-0.722150,Muy bajo,"1,804"
20,Oaxaca,20130,San Dionisio del Mar,"5,180",19.001086,1.797040,56.053203,32.297297,7.778469,9.583074,24.579963,11.574362,4.915993,62.538892,41.443684,0.870932,Medio,422
20,Oaxaca,20131,San Dionisio Ocotepec,"11,411",18.595579,5.839002,69.878236,36.096749,25.089734,2.297200,4.522613,6.819813,2.727925,73.295047,42.426418,1.001640,Alto,380
20,Oaxaca,20132,San Dionisio Ocotlán,"1,380",5.086372,13.043478,38.675624,31.159420,9.677419,0.000000,22.580645,22.580645,2.150538,40.591398,23.924731,0.096859,Bajo,923
20,Oaxaca,20133,San Esteban Atatlahuca,"3,934",12.210983,1.426534,56.141618,8.439248,29.392173,2.664446,12.323064,78.434638,8.576187,78.517902,81.182348,2.085693,Muy alto,108
20,Oaxaca,20134,San Felipe Jalapa de Díaz,"28,500",23.575848,13.683347,67.436527,21.943860,20.327204,3.373389,23.787462,48.863472,1.520197,87.013175,49.225423,1.846356,Muy alto,146
20,Oaxaca,20135,San Felipe Tejalápam,"8,231",6.900051,4.524887,45.881955,48.633216,13.375796,1.224890,11.268986,44.194023,1.126899,69.475747,27.829495,0.324611,Medio,719
20,Oaxaca,20136,San Felipe Usila,"12,191",19.143546,2.698283,54.740651,23.984907,17.125172,0.343879,4.504814,86.004127,1.650619,82.702889,25.722146,1.160984,Alto,313
20,Oaxaca,20137,San Francisco Cahuacuá,"3,450",9.716430,5.766313,54.503753,13.913043,26.304107,1.886792,3.329634,57.935627,7.436182,76.803552,61.265261,1.507073,Alto,219
20,Oaxaca,20138,San Francisco Cajonos,451,11.413043,10.869565,58.423913,18.403548,11.042945,1.226994,0.000000,3.680982,0.000000,61.349693,21.472393,0.137794,Medio,888
20,Oaxaca,20139,San Francisco Chapulapa,"2,195",22.291235,3.950104,65.148378,10.979499,17.975567,1.396161,3.839442,32.111693,2.268761,80.628272,60.907504,1.324372,Alto,272
20,Oaxaca,20140,San Francisco Chindúa,812,6.135987,3.875969,44.112769,22.044335,15.637860,1.234568,0.411523,65.020576,0.823045,58.847737,48.971193,0.543000,Medio,581
20,Oaxaca,20141,San Francisco del Mar,"8,710",11.466802,5.260082,54.522358,26.957520,8.868002,6.824683,15.202289,7.478545,12.464242,44.421741,40.212505,0.795411,Medio,461
20,Oaxaca,20142,San Francisco Huehuetlán,842,34.389140,5.932203,72.699849,11.401425,11.971831,2.464789,7.394366,14.436620,0.704225,89.788732,66.197183,1.555941,Alto,208
20,Oaxaca,20143,San Francisco Ixhuatán,"9,461",11.844908,3.557047,49.069734,15.843991,5.829447,3.730846,4.963358,4.830113,1.532312,33.677548,24.217189,-0.169832,Bajo,"1,191"
20,Oaxaca,20144,San Francisco Jaltepetongo,"1,075",10.301508,1.724138,58.793970,18.790698,7.122507,1.424501,9.401709,36.182336,4.273504,66.381766,45.584046,0.672449,Medio,522
20,Oaxaca,20145,San Francisco Lachigoló,"5,215",2.895553,5.269461,30.351603,38.370086,5.799056,0.606878,15.778827,7.956844,2.360081,33.175995,11.665543,-0.598636,Bajo,"1,660"
20,Oaxaca,20146,San Francisco Logueche,"2,803",23.250921,3.260870,47.080484,7.277917,21.889055,1.199400,8.845577,99.100450,0.749625,97.301349,62.518741,1.865805,Muy alto,141
20,Oaxaca,20147,San Francisco Nuxaño,376,9.859155,6.557377,55.281690,9.574468,7.438017,1.652893,1.652893,33.057851,1.652893,53.719008,42.975207,0.409836,Medio,654
20,Oaxaca,20148,San Francisco Ozolotepec,"2,182",20.405210,2.235772,55.209841,20.485793,12.375250,1.397206,5.389222,52.495010,5.988024,75.648703,67.664671,1.362837,Alto,260
20,Oaxaca,20149,San Francisco Sola,"2,019",13.795620,13.315927,66.350365,41.307578,30.694981,3.088803,4.054054,27.027027,2.895753,49.806950,30.888031,0.971300,Alto,392
20,Oaxaca,20150,San Francisco Telixtlahuaca,"13,856",3.294942,4.005113,31.236855,28.305427,10.510776,1.919102,7.971656,8.945970,1.623856,38.057278,23.944494,-0.432505,Bajo,"1,459"
20,Oaxaca,20151,San Francisco Teopan,312,10.330579,12.195122,73.553719,5.448718,11.881188,2.970297,0.000000,2.970297,1.980198,43.564356,48.514851,0.565189,Medio,571
20,Oaxaca,20152,San Francisco Tlapancingo,"2,472",26.178660,10.441767,67.990074,10.072816,13.513514,5.405405,34.555985,26.640927,3.474903,74.710425,39.189189,1.671739,Alto,181
20,Oaxaca,20153,San Gabriel Mixtepec,"4,910",9.306515,9.197652,48.063645,12.158859,8.176101,2.515723,1.886792,7.625786,1.729560,64.937107,33.176101,0.191546,Medio,848
20,Oaxaca,20154,San Ildefonso Amatlán,"2,329",17.618171,5.733945,64.702271,16.960069,9.730539,0.598802,2.694611,57.185629,2.395210,71.257485,48.053892,1.067736,Alto,350
20,Oaxaca,20155,San Ildefonso Sola,"1,060",12.191781,5.797101,62.191781,50.849057,19.691120,4.633205,16.988417,60.231660,6.949807,69.111969,43.243243,1.368255,Alto,258
20,Oaxaca,20156,San Ildefonso Villa Alta,"3,677",9.828449,4.887984,55.289492,39.135165,9.753874,0.820419,0.546946,6.016408,0.638104,61.713765,27.529626,-0.037188,Bajo,"1,055"
20,Oaxaca,20157,San Jacinto Amilpas,"16,827",2.259095,3.247020,18.921866,33.202591,4.061977,0.481575,1.214405,0.439698,0.188442,28.747906,9.484925,-1.153787,Muy bajo,"2,325"
20,Oaxaca,20158,San Jacinto Tlacotepec,"2,233",14.340836,2.985075,61.479100,5.956113,18.959732,0.838926,4.530201,36.912752,2.348993,48.489933,28.355705,0.669761,Medio,523
20,Oaxaca,20159,San Jerónimo Coatlán,"5,537",11.462020,6.649396,53.498503,15.658299,23.771791,4.120444,3.724247,49.128368,6.576862,70.126783,45.562599,1.250779,Alto,295
20,Oaxaca,20160,San Jerónimo Silacayoapilla,"1,429",10.009533,8.786611,62.440419,21.553534,1.995565,4.878049,5.986696,15.077605,1.330377,29.046563,17.960089,-0.059983,Bajo,"1,077"
20,Oaxaca,20161,San Jerónimo Sosola,"2,730",6.666667,3.562341,45.603865,26.666667,7.881773,3.940887,18.103448,35.344828,3.448276,63.793103,35.960591,0.461099,Medio,623
20,Oaxaca,20162,San Jerónimo Taviche,"2,046",9.226402,6.896552,49.112846,25.415445,18.940937,4.684318,33.808554,27.291242,3.462322,81.059063,65.173116,1.318270,Alto,274
20,Oaxaca,20163,San Jerónimo Tecóatl,"1,577",26.034959,7.878788,57.957682,23.081801,15.011038,1.324503,5.960265,37.748344,1.324503,88.741722,63.796909,1.401540,Alto,248
20,Oaxaca,20164,San Jorge Nuchita,"2,881",23.155838,6.054280,73.864191,30.718501,6.322581,3.354839,4.387097,5.548387,1.419355,49.935484,25.806452,0.460658,Medio,624
20,Oaxaca,20165,San José Ayuquila,"1,629",14.867257,4.950495,54.513274,12.031921,4.366812,11.572052,2.401747,16.812227,1.746725,49.781659,35.589520,0.365803,Medio,689
20,Oaxaca,20166,San José Chiltepec,"11,310",13.240377,3.277808,42.438327,23.465959,7.432652,4.543979,3.115871,21.161960,1.655307,43.849400,18.532944,-0.065078,Bajo,"1,082"
20,Oaxaca,20167,San José del Peñasco,"2,149",9.523810,5.707196,62.653061,18.566775,27.678571,0.714286,17.857143,67.500000,3.035714,86.071429,58.035714,1.666955,Alto,182
20,Oaxaca,20168,San José Estancia Grande,938,21.904762,13.541667,51.746032,24.840085,8.088235,12.500000,2.205882,12.500000,7.352941,57.352941,19.485294,0.803627,Medio,453
20,Oaxaca,20169,San José Independencia,"4,251",28.416486,6.685499,68.835864,25.452835,52.744425,3.687822,44.682676,77.101201,6.003431,90.137221,56.861063,3.190244,Muy alto,23
20,Oaxaca,20170,San José Lachiguiri,"3,700",28.629180,3.933434,59.794193,9.270270,30.089485,2.348993,47.427293,77.181208,4.809843,98.545861,66.219239,2.787838,Muy alto,40
20,Oaxaca,20171,San José Tenango,"18,102",32.641253,10.223490,70.209326,21.594299,53.362301,2.586385,67.990896,62.900890,11.793917,92.758121,80.136561,3.990902,Muy alto,8
20,Oaxaca,20172,San Juan Achiutla,408,7.736390,2.702703,46.991404,15.686275,6.250000,0.694444,1.388889,22.916667,1.388889,46.527778,18.055556,-0.200634,Bajo,"1,221"
20,Oaxaca,20173,San Juan Atepec,"1,457",6.613047,6.696429,52.457551,6.177076,23.125000,1.666667,1.458333,8.958333,0.416667,40.000000,37.500000,0.230421,Medio,806
20,Oaxaca,20174,Ánimas Trujano,"4,564",2.891497,3.020668,24.763813,37.949167,5.496308,0.410172,4.429861,0.492207,0.738310,33.962264,11.484824,-0.957886,Muy bajo,"2,123"
20,Oaxaca,20175,San Juan Bautista Atatlahuca,"1,424",17.338332,4.147465,59.700094,10.814607,8.883249,1.269036,0.761421,42.385787,2.284264,34.771574,12.436548,0.301921,Medio,744
20,Oaxaca,20176,San Juan Bautista Coixtlahuaca,"2,725",8.283433,2.994012,46.556886,23.559633,11.736527,4.790419,25.269461,29.101796,5.748503,58.323353,52.814371,0.828915,Medio,440
20,Oaxaca,20177,San Juan Bautista Cuicatlán,"10,365",7.785536,6.261288,47.240153,20.704293,16.285069,1.451145,1.676878,13.769752,0.999678,54.143825,27.636246,0.091918,Bajo,930
20,Oaxaca,20178,San Juan Bautista Guelache,"6,692",2.687637,2.930057,26.856460,37.731620,5.595971,0.615557,11.303861,5.428092,0.503637,34.415221,11.919418,-0.822315,Muy bajo,"1,950"
20,Oaxaca,20179,San Juan Bautista Jayacatlán,"1,447",8.349146,5.474453,60.815939,18.382861,16.136919,1.711491,1.222494,6.601467,1.711491,33.496333,20.048900,0.006318,Bajo,"1,008"
20,Oaxaca,20180,San Juan Bautista Lo de Soto,"2,344",15.151515,3.225806,44.800951,29.863481,6.469003,7.412399,2.156334,10.916442,1.617251,39.757412,13.072776,-0.164112,Bajo,"1,185"
20,Oaxaca,20181,San Juan Bautista Suchitepec,453,11.388889,1.785714,65.833333,11.920530,9.316770,6.832298,1.863354,14.906832,2.484472,58.385093,36.024845,0.456436,Medio,629
20,Oaxaca,20182,San Juan Bautista Tlacoatzintepec,"2,181",28.640110,4.545455,63.598901,20.678588,15.201465,3.479853,13.369963,96.520147,1.831502,87.179487,38.461538,1.850077,Muy alto,144
20,Oaxaca,20183,San Juan Bautista Tlachichilco,"1,475",20.158888,4.593640,63.157895,26.915254,5.361930,3.217158,10.723861,8.579088,0.536193,43.967828,22.788204,0.238594,Medio,800
20,Oaxaca,20184,San Juan Bautista Tuxtepec,"159,452",7.113555,4.944287,35.659970,33.503499,5.374652,2.137525,5.978689,4.449454,0.965608,29.559521,14.045983,-0.626439,Bajo,"1,695"
20,Oaxaca,20185,San Juan Cacahuatepec,"8,939",9.880616,4.172099,40.653472,23.380691,11.641541,5.402010,9.715243,9.463987,1.591290,55.695142,21.984925,0.044453,Bajo,976
20,Oaxaca,20186,San Juan Cieneguilla,524,16.578947,3.370787,56.578947,9.351145,7.602339,7.602339,0.584795,7.602339,0.584795,26.900585,21.637427,-0.011209,Bajo,"1,026"
20,Oaxaca,20187,San Juan Coatzóspam,"1,808",26.077429,7.942238,68.005844,19.690265,6.525912,4.030710,9.404990,52.399232,3.646833,79.654511,80.038388,1.727986,Alto,166
20,Oaxaca,20188,San Juan Colorado,"9,609",19.541654,7.420495,57.881697,19.679467,24.709077,4.034135,9.542281,6.477890,5.934833,86.850272,56.710628,1.414126,Alto,241
20,Oaxaca,20189,San Juan Comaltepec,"3,116",17.274472,15.805471,64.203455,14.602054,22.668580,0.286944,6.169297,76.183644,10.043042,87.374462,54.375897,2.160284,Muy alto,99
20,Oaxaca,20190,San Juan Cotzocón,"22,444",16.140815,5.437045,54.997166,22.571734,11.586656,2.066721,15.931652,26.688365,2.489829,54.743694,29.292107,0.608138,Medio,558
20,Oaxaca,20191,San Juan Chicomezúchil,296,3.017241,0.000000,54.741379,10.135135,19.565217,1.086957,0.000000,5.434783,0.000000,48.913043,27.173913,-0.110566,Bajo,"1,137"
20,Oaxaca,20192,San Juan Chilateca,"1,522",2.584814,0.546448,33.279483,41.524310,7.317073,1.330377,3.104213,4.434590,0.000000,29.268293,11.751663,-0.929777,Muy bajo,"2,088"
20,Oaxaca,20193,San Juan del Estado,"2,807",5.348615,2.427184,44.555874,45.137157,15.868673,0.957592,0.683995,10.396717,0.820793,27.086183,16.005472,-0.501715,Bajo,"1,551"
20,Oaxaca,20194,San Juan del Río,"1,372",14.878269,1.379310,60.144274,39.868805,1.583710,0.904977,0.000000,0.904977,0.452489,46.380090,13.574661,-0.364970,Bajo,"1,386"
20,Oaxaca,20195,San Juan Diuxi,"1,056",33.937198,1.388889,73.913043,31.060606,16.624041,1.534527,28.900256,48.593350,1.790281,78.772379,63.427110,1.935016,Muy alto,128
20,Oaxaca,20196,San Juan Evangelista Analco,407,2.795031,1.960784,53.416149,15.724816,13.333333,2.222222,0.000000,2.962963,0.000000,34.814815,24.444444,-0.361858,Bajo,"1,382"
20,Oaxaca,20197,San Juan Guelavía,"3,288",11.204147,1.629328,63.118022,32.177616,9.017224,1.925025,6.484296,8.409321,1.215805,61.094225,22.796353,0.121246,Bajo,903
20,Oaxaca,20198,San Juan Guichicovi,"29,802",28.598813,6.259067,59.767230,20.280518,7.063115,4.797170,10.091743,13.440920,2.785454,72.963413,36.741461,0.952802,Medio,400
20,Oaxaca,20199,San Juan Ihualtepec,494,29.287599,4.225352,76.253298,21.052632,7.692308,5.594406,11.888112,26.573427,1.398601,52.447552,25.174825,0.949260,Medio,401
20,Oaxaca,20200,San Juan Juquila Mixes,"3,703",30.118256,24.704142,63.968958,22.468269,23.436041,5.415500,0.560224,25.303455,1.400560,88.328665,61.624650,1.884235,Muy alto,133
20,Oaxaca,20201,San Juan Juquila Vijanos,"1,880",11.809816,3.932584,61.886503,18.563830,28.571429,1.428571,0.535714,7.500000,1.428571,84.285714,65.357143,1.023287,Alto,367
20,Oaxaca,20202,San Juan Lachao,"4,577",17.545030,5.578512,60.273516,8.258685,9.615385,3.113553,2.289377,13.003663,1.923077,72.710623,38.461538,0.651090,Medio,533
20,Oaxaca,20203,San Juan Lachigalla,"3,538",19.450229,6.122449,59.391920,18.485020,20.120482,5.783133,21.927711,67.349398,2.048193,67.228916,48.313253,1.580936,Alto,203
20,Oaxaca,20204,San Juan Lajarcia,634,7.551020,3.529412,57.142857,27.602524,14.155251,1.369863,0.456621,7.762557,1.369863,58.447489,15.068493,-0.036868,Bajo,"1,054"
20,Oaxaca,20205,San Juan Lalana,"16,989",21.713555,10.216998,69.164535,36.046854,17.276786,1.183036,15.267857,43.303571,4.151786,83.370536,46.562500,1.547567,Alto,211
20,Oaxaca,20206,San Juan de los Cués,"2,421",11.831627,3.571429,53.242321,26.435357,10.957004,4.993065,3.190014,8.737864,2.357836,64.216366,45.908460,0.393553,Medio,666
20,Oaxaca,20207,San Juan Mazatlán,"19,032",19.860709,7.267222,60.552469,28.299706,16.985646,3.548644,11.104466,38.217703,3.728070,64.792663,38.357257,1.117255,Alto,335
20,Oaxaca,20208,San Juan Mixtepec,"6,941",30.743802,3.930636,65.619835,42.212938,14.004283,5.695931,6.895075,60.128480,3.725910,67.451820,55.546039,1.561788,Alto,207
20,Oaxaca,20209,San Juan Mixtepec,607,33.608247,4.285714,68.041237,17.627677,26.500000,0.500000,0.000000,7.500000,1.500000,97.000000,82.500000,1.762495,Alto,158
20,Oaxaca,20210,San Juan Ñumí,"5,773",17.698050,1.639344,56.344811,23.609908,20.226730,1.312649,2.326969,90.632458,2.744630,82.219570,65.393795,1.583434,Alto,202
20,Oaxaca,20211,San Juan Ozolotepec,"3,411",18.529269,7.500000,63.860668,14.218704,20.603675,0.524934,1.574803,37.401575,5.643045,88.451444,80.183727,1.687406,Alto,175
20,Oaxaca,20212,San Juan Petlapa,"3,117",27.671657,7.436919,77.181208,18.543471,27.797834,2.406739,8.664260,94.464501,1.684717,97.593261,80.505415,2.595194,Muy alto,50
20,Oaxaca,20213,San Juan Quiahije,"4,203",28.486293,10.009911,68.851808,11.682132,9.339408,0.911162,1.594533,29.726651,2.505695,66.628702,36.902050,1.099723,Alto,339
20,Oaxaca,20214,San Juan Quiotepec,"2,033",21.761999,6.709265,61.012492,7.870143,9.689214,1.645338,1.096892,11.700183,1.279707,40.036563,12.614260,0.252559,Medio,785
20,Oaxaca,20215,San Juan Sayultepec,879,2.936378,0.537634,31.158238,16.040956,8.898305,0.423729,1.271186,46.610169,2.118644,39.830508,27.542373,-0.226783,Bajo,"1,252"
20,Oaxaca,20216,San Juan Tabaá,"1,241",8.397790,1.604278,46.629834,17.888799,27.190332,0.604230,0.302115,0.604230,0.000000,90.030211,44.410876,0.459934,Medio,625
20,Oaxaca,20217,San Juan Tamazola,"3,325",13.580806,1.950585,55.500226,14.436090,31.336898,3.315508,52.085561,93.262032,10.695187,80.641711,73.475936,2.756391,Muy alto,41
20,Oaxaca,20218,San Juan Teita,544,20.383693,4.819277,53.717026,4.963235,5.421687,1.204819,1.204819,98.795181,2.409639,68.674699,57.831325,1.337050,Alto,267
20,Oaxaca,20219,San Juan Teitipac,"2,668",16.500994,4.986877,67.743539,22.113943,18.435013,5.702918,4.244032,9.151194,0.928382,65.119363,27.984085,0.656180,Medio,530
20,Oaxaca,20220,San Juan Tepeuxila,"2,692",6.900103,4.068522,62.100927,12.147103,15.884477,1.083032,2.166065,21.058965,1.684717,72.202166,67.388688,0.764107,Medio,476
20,Oaxaca,20221,San Juan Teposcolula,"1,494",6.316726,2.145923,47.064057,21.151272,9.280742,3.480278,3.944316,22.505800,3.712297,67.285383,47.563805,0.356883,Medio,693
20,Oaxaca,20222,San Juan Yaeé,"1,426",9.021842,3.968254,66.001899,13.674614,11.842105,1.754386,1.754386,3.070175,1.535088,87.938596,67.324561,0.743296,Medio,489
20,Oaxaca,20223,San Juan Yatzona,440,7.051282,0.000000,66.025641,29.772727,1.515152,0.000000,0.000000,0.000000,0.000000,71.212121,29.545455,-0.191385,Bajo,"1,216"
20,Oaxaca,20224,San Juan Yucuita,643,1.937984,0.000000,42.829457,18.973561,5.208333,3.645833,18.229167,22.916667,0.520833,35.937500,22.395833,-0.293927,Bajo,"1,310"
20,Oaxaca,20225,San Lorenzo,"5,903",24.168891,6.976744,58.456685,19.125868,18.353659,9.390244,27.073171,14.817073,5.914634,90.304878,49.573171,1.709896,Alto,169
20,Oaxaca,20226,San Lorenzo Albarradas,"2,971",9.181818,4.166667,62.590909,18.142040,3.668639,1.538462,2.721893,11.715976,1.301775,55.976331,31.005917,0.077948,Bajo,952
20,Oaxaca,20227,San Lorenzo Cacaotepec,"18,339",2.195437,4.718310,26.230449,38.437210,5.252566,1.187362,9.740390,5.333065,1.187362,28.919300,11.149125,-0.845478,Muy bajo,"1,972"
20,Oaxaca,20228,San Lorenzo Cuaunecuiltitla,833,26.217228,6.161137,67.041199,10.564226,9.500000,2.000000,10.500000,28.500000,0.500000,94.500000,83.000000,1.573795,Alto,204
20,Oaxaca,20229,San Lorenzo Texmelúcan,"9,148",25.275519,15.827338,69.611563,10.658067,35.827251,1.399027,4.927007,94.099757,2.858881,90.085158,76.763990,2.687625,Muy alto,43
20,Oaxaca,20230,San Lorenzo Victoria,932,15.720524,4.255319,64.628821,40.128755,1.398601,2.447552,0.699301,2.797203,0.699301,25.874126,14.685315,-0.337117,Bajo,"1,362"
20,Oaxaca,20231,San Lucas Camotlán,"3,187",25.155833,8.417508,61.798753,5.993097,29.301746,3.366584,4.987531,20.448878,9.600998,99.251870,90.399002,2.310121,Muy alto,76
20,Oaxaca,20232,San Lucas Ojitlán,"22,185",15.015490,4.374714,52.646497,20.513861,29.054431,5.573101,18.762772,76.630132,5.461638,77.558982,40.572172,1.732850,Alto,165
20,Oaxaca,20233,San Lucas Quiaviní,"1,720",26.714801,6.565657,75.740072,59.767442,15.192744,0.680272,0.453515,0.907029,0.453515,78.684807,20.634921,0.624234,Medio,546
20,Oaxaca,20234,San Lucas Zoquiápam,"7,163",29.047218,5.630198,62.099494,12.843781,31.294597,2.752294,14.271152,33.944954,4.332314,95.361876,82.161060,2.238570,Muy alto,91
20,Oaxaca,20235,San Luis Amatlán,"3,829",22.409993,5.817610,60.911095,21.650562,7.875458,3.846154,10.073260,35.805861,2.014652,71.428571,23.534799,0.833891,Medio,436
20,Oaxaca,20236,San Marcial Ozolotepec,"1,372",26.758939,9.422492,69.088812,6.122449,27.647059,0.882353,1.764706,95.000000,13.823529,95.000000,88.529412,3.048957,Muy alto,26
20,Oaxaca,20237,San Marcos Arteaga,"1,568",10.008554,4.979253,61.676647,46.109694,3.348214,0.669643,0.446429,10.267857,0.223214,26.116071,13.392857,-0.472520,Bajo,"1,507"
20,Oaxaca,20238,San Martín de los Cansecos,994,8.864266,1.807229,45.983380,39.336016,14.682540,2.380952,3.174603,63.095238,1.587302,54.761905,23.412698,0.332309,Medio,713
20,Oaxaca,20239,San Martín Huamelúlpam,"1,000",5.844156,1.282051,40.000000,11.300000,15.697674,0.872093,21.802326,73.255814,2.325581,58.430233,41.860465,0.799804,Medio,458
20,Oaxaca,20240,San Martín Itunyoso,"2,749",30.446927,7.233273,55.865922,28.701346,35.526316,3.289474,34.539474,95.723684,1.644737,93.421053,79.769737,2.812229,Muy alto,38
20,Oaxaca,20241,San Martín Lachilá,"1,034",15.335052,3.267974,56.958763,49.709865,12.772586,1.246106,0.623053,21.183801,1.246106,54.828660,20.560748,0.135790,Medio,892
20,Oaxaca,20242,San Martín Peras,"12,436",41.664415,18.738793,86.908944,27.725957,21.917211,9.498911,0.305011,36.949891,3.224401,74.901961,59.869281,2.355732,Muy alto,71
20,Oaxaca,20243,San Martín Tilcajete,"1,975",3.994584,3.691275,44.346649,43.594937,7.789474,1.263158,6.947368,39.789474,0.631579,45.473684,17.263158,-0.220691,Bajo,"1,241"
20,Oaxaca,20244,San Martín Toxpalan,"3,934",11.355311,3.989362,49.304029,25.470259,13.276027,4.871060,1.719198,8.787011,2.196753,59.216810,41.260745,0.295160,Medio,752
20,Oaxaca,20245,San Martín Zacatepec,"1,324",18.676628,6.986900,59.871932,28.700906,4.213483,3.089888,48.033708,16.292135,0.280899,32.022472,19.101124,0.539479,Medio,586
20,Oaxaca,20246,San Mateo Cajonos,611,14.772727,2.912621,60.454545,13.093290,14.044944,1.123596,0.000000,3.370787,0.000000,80.337079,33.146067,0.407678,Medio,656
20,Oaxaca,20247,Capulálpam de Méndez,"1,619",1.678657,0.840336,23.021583,21.494750,3.827751,0.000000,0.239234,0.239234,0.000000,24.880383,9.090909,-1.181287,Muy bajo,"2,358"
20,Oaxaca,20248,San Mateo del Mar,"15,571",18.868466,8.101345,55.992724,15.959155,47.918283,23.920352,61.986036,26.739074,15.826222,91.854151,70.106025,3.474210,Muy alto,14
20,Oaxaca,20249,San Mateo Yoloxochitlán,"3,831",16.582524,5.742821,53.980583,16.653615,18.135246,1.844262,6.250000,15.471311,2.254098,82.377049,71.311475,1.091716,Alto,341
20,Oaxaca,20250,San Mateo Etlatongo,"1,239",4.994687,1.666667,45.164718,13.640032,19.736842,1.578947,1.578947,45.789474,0.000000,46.052632,40.263158,0.271545,Medio,775
20,Oaxaca,20251,San Mateo Nejápam,"1,217",22.794118,10.729614,75.857843,6.820049,9.966777,5.647841,8.637874,15.282392,1.328904,90.033223,31.893688,1.206939,Alto,305
20,Oaxaca,20252,San Mateo Peñasco,"2,384",21.367521,1.030928,47.252747,20.763423,22.801303,2.117264,3.094463,74.429967,4.234528,85.667752,61.400651,1.570460,Alto,206
20,Oaxaca,20253,San Mateo Piñas,"2,021",17.591973,8.181818,70.167224,38.644236,31.406250,1.875000,16.093750,75.156250,17.812500,92.500000,69.687500,2.807817,Muy alto,39
20,Oaxaca,20254,San Mateo Río Hondo,"3,207",12.609075,9.621993,56.108202,22.045525,12.789281,8.038977,0.487211,45.310597,4.628502,71.010962,67.235079,1.214320,Alto,303
20,Oaxaca,20255,San Mateo Sindihui,"1,977",22.437276,4.154303,57.275986,20.030349,12.600000,1.000000,2.000000,25.400000,0.600000,60.000000,41.200000,0.647775,Medio,537
20,Oaxaca,20256,San Mateo Tlapiltepec,229,8.333333,3.225806,52.777778,7.860262,1.470588,2.941176,0.000000,5.882353,4.411765,39.705882,32.352941,-0.088429,Bajo,"1,116"
20,Oaxaca,20257,San Melchor Betaza,"1,052",23.756219,2.484472,76.368159,17.395437,14.848485,3.636364,0.606061,6.969697,1.212121,82.727273,50.606061,1.056169,Alto,354
20,Oaxaca,20258,San Miguel Achiutla,698,7.948244,2.083333,58.964880,25.358166,21.200000,2.000000,2.000000,20.400000,3.200000,63.200000,57.200000,0.693421,Medio,511
20,Oaxaca,20259,San Miguel Ahuehuetitlán,"2,142",34.599729,12.702079,81.682497,14.799253,11.787072,4.372624,2.661597,13.307985,1.140684,68.631179,42.585551,1.391154,Alto,251
20,Oaxaca,20260,San Miguel Aloápam,"2,191",18.324937,3.244838,62.027708,24.783204,22.202797,1.748252,0.699301,8.916084,0.524476,32.867133,36.888112,0.387619,Medio,671
20,Oaxaca,20261,San Miguel Amatitlán,"6,932",19.224138,6.109091,60.862069,18.854587,4.680582,8.791904,12.460468,32.953827,2.213789,47.944339,39.911448,0.770896,Medio,474
20,Oaxaca,20262,San Miguel Amatlán,991,2.627939,2.380952,54.910097,31.987891,9.310345,1.034483,1.034483,16.896552,1.034483,27.586207,43.448276,-0.230250,Bajo,"1,254"
20,Oaxaca,20263,San Miguel Coatlán,"3,184",21.271511,8.815427,71.080306,11.903266,24.333720,1.738123,2.201622,50.521437,3.360371,82.618772,48.551564,1.650970,Alto,187
20,Oaxaca,20264,San Miguel Chicahua,"2,169",22.382920,1.984127,50.000000,10.327340,17.675159,2.547771,12.738854,41.242038,5.095541,73.726115,74.363057,1.502398,Alto,220
20,Oaxaca,20265,San Miguel Chimalapa,"6,711",18.396757,4.283054,56.721459,20.011921,6.927264,13.656606,16.427511,6.630381,3.661554,69.421079,39.930727,0.849296,Medio,429
20,Oaxaca,20266,San Miguel del Puerto,"8,551",15.612295,10.046266,60.221174,21.623202,15.014762,3.753690,2.783636,46.773513,5.482919,73.007170,37.621257,1.158185,Alto,314
20,Oaxaca,20267,San Miguel del Río,245,3.108808,2.500000,63.212435,48.979592,9.210526,0.000000,1.315789,19.736842,1.315789,72.368421,35.526316,0.084207,Bajo,941
20,Oaxaca,20268,San Miguel Ejutla,"1,149",10.757946,1.932367,53.178484,36.553525,9.508197,7.213115,4.262295,15.737705,1.639344,40.983607,22.295082,-0.019060,Bajo,"1,036"
20,Oaxaca,20269,San Miguel el Grande,"4,313",11.399937,1.041667,36.548700,13.239045,21.917808,1.978691,3.196347,65.220700,4.642314,61.796043,64.840183,1.047828,Alto,357
20,Oaxaca,20270,San Miguel Huautla,"1,311",20.046083,2.272727,58.870968,5.797101,22.365039,5.398458,26.478149,94.087404,6.426735,80.719794,77.377892,2.396628,Muy alto,66
20,Oaxaca,20271,San Miguel Mixtepec,"3,194",21.973748,3.724138,65.435100,18.941766,19.261637,5.296950,2.889246,92.776886,5.778491,94.863563,82.985554,2.262751,Muy alto,86
20,Oaxaca,20272,San Miguel Panixtlahuaca,"6,252",24.889925,8.482439,67.754468,32.101727,22.675367,0.897227,1.223491,10.603589,2.528548,73.246330,19.983687,0.910727,Medio,415
20,Oaxaca,20273,San Miguel Peras,"3,818",14.354644,6.884058,61.238440,21.267679,37.142857,2.742857,13.142857,82.057143,5.942857,76.685714,76.228571,2.243722,Muy alto,89
20,Oaxaca,20274,San Miguel Piedras,"1,328",4.930332,1.865672,61.200429,17.695783,27.635328,1.424501,30.769231,97.150997,4.558405,91.168091,77.492877,2.137910,Muy alto,102
20,Oaxaca,20275,San Miguel Quetzaltepec,"7,286",29.441330,10.482655,68.335589,19.681581,15.882353,0.735294,2.843137,3.235294,3.823529,95.049020,67.598039,1.538008,Alto,212
20,Oaxaca,20276,San Miguel Santa Flor,691,42.424242,7.407407,81.250000,9.985528,13.302752,3.211009,1.834862,53.669725,3.211009,78.899083,59.633028,2.109091,Muy alto,105
20,Oaxaca,20277,Villa Sola de Vega,"12,350",14.465702,9.647577,62.050863,44.672065,35.208204,1.802362,5.779988,35.363580,4.226227,60.969546,36.016159,1.196389,Alto,307
20,Oaxaca,20278,San Miguel Soyaltepec,"38,682",17.283161,4.780326,54.174976,18.990745,16.557566,6.170581,22.112052,45.619946,2.223720,70.831729,28.889103,1.100098,Alto,338
20,Oaxaca,20279,San Miguel Suchixtepec,"2,932",15.535798,3.614458,48.104820,27.182810,7.078313,0.602410,3.614458,77.861446,1.355422,61.445783,54.066265,0.821193,Medio,445
20,Oaxaca,20280,Villa Talea de Castro,"2,011",6.645161,3.103448,58.129032,23.669816,12.765957,0.709220,0.283688,0.567376,0.141844,53.475177,30.780142,-0.092391,Bajo,"1,121"
20,Oaxaca,20281,San Miguel Tecomatlán,305,5.952381,3.030303,53.968254,30.491803,0.862069,0.000000,0.862069,6.034483,0.862069,31.034483,16.379310,-0.613925,Bajo,"1,677"
20,Oaxaca,20282,San Miguel Tenango,653,11.405295,1.886792,59.063136,15.926493,10.619469,6.637168,5.309735,6.637168,4.867257,84.070796,46.460177,0.743624,Medio,488
20,Oaxaca,20283,San Miguel Tequixtepec,"1,044",6.250000,3.804348,57.047872,11.302682,7.547170,2.830189,1.886792,5.974843,0.628931,36.477987,35.534591,-0.121543,Bajo,"1,150"
20,Oaxaca,20284,San Miguel Tilquiápam,"3,141",35.160681,10.060976,81.379962,43.616683,21.656977,7.703488,3.924419,40.843023,3.779070,89.534884,78.052326,2.263909,Muy alto,85
20,Oaxaca,20285,San Miguel Tlacamama,"3,668",14.450867,4.012346,45.703276,19.820065,12.303150,9.842520,12.598425,17.421260,2.559055,65.944882,25.787402,0.532580,Medio,588
20,Oaxaca,20286,San Miguel Tlacotepec,"3,100",20.485058,4.563492,61.498484,44.870968,9.713024,2.980132,3.863135,8.830022,1.876380,58.830022,25.055188,0.343927,Medio,705
20,Oaxaca,20287,San Miguel Tulancingo,307,10.756972,4.651163,56.573705,26.384365,4.854369,2.912621,2.912621,2.912621,0.970874,50.485437,28.155340,-0.075885,Bajo,"1,101"
20,Oaxaca,20288,San Miguel Yotao,585,7.674419,4.807692,63.255814,12.991453,20.000000,2.285714,0.000000,8.571429,0.000000,91.428571,86.857143,1.001802,Alto,379
20,Oaxaca,20289,San Nicolás,"1,214",16.838488,3.030303,65.177549,21.993410,12.032086,5.882353,3.475936,16.310160,1.336898,66.042781,34.491979,0.611108,Medio,555
20,Oaxaca,20290,San Nicolás Hidalgo,"1,043",14.670256,6.930693,63.660834,30.393097,3.717472,1.858736,2.973978,5.947955,0.743494,19.330855,12.639405,-0.265557,Bajo,"1,282"
20,Oaxaca,20291,San Pablo Coatlán,"4,308",8.229762,4.018913,58.649647,12.883008,12.885662,0.635209,0.816697,27.132486,2.722323,71.415608,40.653358,0.541716,Medio,583
20,Oaxaca,20292,San Pablo Cuatro Venados,"1,510",11.869436,0.297619,53.511375,35.165563,23.188406,1.449275,25.217391,94.202899,2.608696,86.956522,73.333333,1.796754,Alto,153
20,Oaxaca,20293,San Pablo Etla,"17,116",1.657459,2.568876,18.515961,32.291423,2.537669,0.773196,5.035686,5.729580,0.455987,24.583664,6.839810,-1.159070,Muy bajo,"2,330"
20,Oaxaca,20294,San Pablo Huitzo,"7,035",3.153153,2.351834,30.011261,37.412935,5.681220,1.472909,10.257759,21.199369,0.999474,32.614413,13.098369,-0.644193,Bajo,"1,710"
20,Oaxaca,20295,San Pablo Huixtepec,"10,020",6.258340,5.339486,36.575927,45.508982,11.152555,1.193584,1.156285,8.168594,1.118985,28.944424,14.173816,-0.604881,Bajo,"1,671"
20,Oaxaca,20296,San Pablo Macuiltianguis,955,11.320755,4.545455,58.490566,6.806283,4.248366,0.980392,0.653595,1.960784,0.326797,38.235294,21.241830,-0.215507,Bajo,"1,236"
20,Oaxaca,20297,San Pablo Tijaltepec,"2,751",16.973970,1.760000,51.626898,5.307161,26.151316,6.085526,11.513158,86.677632,11.677632,95.394737,86.513158,2.507767,Muy alto,54
20,Oaxaca,20298,San Pablo Villa de Mitla,"13,587",7.758875,7.674737,56.446062,39.854272,12.354571,1.385042,16.648199,9.750693,1.191136,53.351801,28.393352,0.214349,Medio,829
20,Oaxaca,20299,San Pablo Yaganiza,"1,125",9.257004,8.500000,59.805116,14.311111,8.385093,0.931677,0.310559,1.552795,0.310559,64.285714,42.236025,0.219212,Medio,822
20,Oaxaca,20300,San Pedro Amuzgos,"6,632",17.597293,6.485188,57.339255,25.452352,13.689840,3.208556,6.791444,38.342246,3.315508,84.491979,34.278075,1.005656,Alto,374
20,Oaxaca,20301,San Pedro Apóstol,"1,594",8.985985,1.860465,48.062655,20.639900,26.211454,1.321586,1.762115,4.845815,1.762115,44.052863,22.466960,0.088589,Bajo,932
20,Oaxaca,20302,San Pedro Atoyac,"4,559",22.890756,9.274194,64.000000,10.572494,19.588551,7.602862,8.944544,15.384615,2.862254,92.486583,36.940966,1.383286,Alto,255
20,Oaxaca,20303,San Pedro Cajonos,"1,081",8.395062,2.906977,54.938272,38.205365,22.777778,2.777778,0.277778,4.166667,0.000000,72.222222,45.555556,0.349468,Medio,701
20,Oaxaca,20304,San Pedro Coxcaltepec Cántaros,716,8.566108,3.389831,58.845438,17.318436,18.614719,1.731602,13.852814,57.575758,1.298701,79.653680,54.978355,1.146085,Alto,321
20,Oaxaca,20305,San Pedro Comitancillo,"4,333",6.506951,1.284109,25.554570,9.231479,3.002793,2.234637,2.444134,2.793296,1.396648,29.120112,14.315642,-0.793581,Muy bajo,"1,906"
20,Oaxaca,20306,San Pedro el Alto,"4,654",23.513514,9.032847,71.621622,14.589600,21.121121,1.101101,2.902903,26.726727,5.605606,90.290290,69.769770,1.783426,Alto,155
20,Oaxaca,20307,San Pedro Huamelula,"9,735",10.751332,5.481928,49.369218,20.534155,8.538163,5.692109,9.767141,98.059508,3.589909,67.270375,24.708926,1.013368,Alto,369
20,Oaxaca,20308,San Pedro Huilotepec,"3,307",9.987304,4.078014,45.535336,16.964016,19.907940,5.983890,3.452244,4.257768,2.071346,48.791715,26.121979,0.179317,Medio,860
20,Oaxaca,20309,San Pedro Ixcatlán,"10,368",21.728938,6.284153,63.472527,14.583333,30.657709,3.394625,23.797737,64.922207,3.288543,84.724187,46.039604,2.020163,Muy alto,118
20,Oaxaca,20310,San Pedro Ixtlahuaca,"14,552",5.464699,5.285714,40.696051,39.039307,18.120260,1.760563,47.670639,22.453954,7.258938,53.846154,26.760563,0.781349,Medio,471
20,Oaxaca,20311,San Pedro Jaltepetongo,483,26.050420,9.459459,58.543417,2.484472,49.068323,2.484472,13.043478,1.863354,0.621118,55.279503,45.341615,1.550397,Alto,209
20,Oaxaca,20312,San Pedro Jicayán,"11,279",19.429807,4.013664,53.384678,25.711499,16.381236,5.770663,44.415488,11.690246,2.494415,94.527178,43.745346,1.391014,Alto,252
20,Oaxaca,20313,San Pedro Jocotipac,730,25.293132,1.298701,59.798995,5.616438,20.074349,0.000000,0.743494,53.903346,1.858736,76.208178,75.464684,1.531075,Alto,214
20,Oaxaca,20314,San Pedro Juchatengo,"1,755",8.672700,2.973978,58.748115,53.162393,12.114990,3.080082,0.205339,6.365503,0.821355,54.825462,11.293634,-0.210794,Bajo,"1,230"
20,Oaxaca,20315,San Pedro Mártir,"1,899",9.756098,1.492537,59.866962,51.500790,62.040816,4.081633,32.244898,88.775510,0.816327,57.346939,43.061224,2.038825,Muy alto,115
20,Oaxaca,20316,San Pedro Mártir Quiechapa,738,3.826087,1.904762,42.086957,17.479675,21.658986,2.764977,0.000000,59.447005,3.225806,72.811060,40.552995,0.679689,Medio,517
20,Oaxaca,20317,San Pedro Mártir Yucuxaco,"1,257",4.109589,5.851064,50.895680,56.881464,16.473318,2.784223,22.041763,69.605568,4.408353,61.716937,51.044084,0.985587,Alto,387
20,Oaxaca,20318,San Pedro Mixtepec,"49,780",8.143350,5.695668,39.429493,33.591804,23.890017,2.089379,1.603308,2.742310,1.726640,42.919327,16.707777,-0.116156,Bajo,"1,144"
20,Oaxaca,20319,San Pedro Mixtepec,972,17.597765,0.591716,52.932961,20.884774,24.299065,2.803738,0.934579,7.165109,2.492212,94.080997,77.258567,1.149366,Alto,320
20,Oaxaca,20320,San Pedro Molinos,706,14.068441,1.754386,47.528517,26.203966,19.469027,3.097345,4.424779,27.876106,1.327434,72.123894,52.212389,0.709256,Medio,504
20,Oaxaca,20321,San Pedro Nopala,751,15.238095,6.474820,55.238095,25.033289,11.500000,5.000000,3.000000,12.500000,1.000000,52.000000,49.000000,0.459548,Medio,626
20,Oaxaca,20322,San Pedro Ocopetatillo,786,36.411150,7.971014,72.125436,9.923664,24.081633,2.040816,7.755102,39.591837,1.224490,89.795918,74.693878,2.145918,Muy alto,101
20,Oaxaca,20323,San Pedro Ocotepec,"2,404",19.375736,4.761905,54.711425,1.039933,10.971223,0.719424,1.618705,26.079137,2.517986,95.143885,65.647482,1.141051,Alto,322
20,Oaxaca,20324,San Pedro Pochutla,"48,204",12.253662,6.013602,45.370316,38.700108,14.776497,2.906334,9.248144,10.748697,3.301216,59.263939,25.983257,0.279049,Medio,765
20,Oaxaca,20325,San Pedro Quiatoni,"11,930",20.626632,8.789625,71.516734,21.525566,22.900517,3.488372,10.820413,14.599483,3.940568,75.387597,53.714470,1.440478,Alto,235
20,Oaxaca,20326,San Pedro Sochiápam,"5,052",23.464373,5.666957,65.417690,25.178147,12.831126,2.152318,15.314570,60.761589,3.725166,75.993377,40.811258,1.459540,Alto,229
20,Oaxaca,20327,San Pedro Tapanatepec,"15,479",14.168322,8.927890,52.889651,30.738420,7.524001,4.509935,9.645010,4.197365,1.942398,38.379102,21.902210,0.080053,Bajo,948
20,Oaxaca,20328,San Pedro Taviche,"1,441",11.566018,7.806691,56.499488,22.206801,16.434540,3.064067,18.384401,49.860724,1.392758,74.651811,75.487465,1.350795,Alto,262
20,Oaxaca,20329,San Pedro Teozacoalco,"1,153",11.715976,4.166667,53.964497,32.437121,27.953890,2.017291,4.610951,45.533141,3.746398,63.688761,49.567723,1.046388,Alto,360
20,Oaxaca,20330,San Pedro Teutila,"4,296",14.370468,5.875000,61.832564,12.709497,9.572650,1.794872,1.282051,65.726496,2.905983,66.752137,41.709402,0.985534,Alto,388
20,Oaxaca,20331,San Pedro Tidaá,982,19.444444,1.666667,60.138889,13.849287,14.199396,1.510574,2.719033,40.181269,2.114804,63.141994,65.256798,1.040689,Alto,362
20,Oaxaca,20332,San Pedro Topiltepec,373,4.620462,2.564103,66.006601,13.941019,8.396947,1.526718,0.000000,7.633588,0.763359,48.854962,37.404580,0.005512,Bajo,"1,010"
20,Oaxaca,20333,San Pedro Totolápam,"3,294",7.939054,5.381166,48.115477,28.233151,10.084926,1.167728,0.424628,9.447983,1.380042,32.377919,14.437367,-0.356312,Bajo,"1,378"
20,Oaxaca,20334,Villa de Tututepec,"50,541",13.006220,6.825397,53.105736,23.762886,10.040052,4.846921,7.704840,10.847872,2.179078,49.399226,24.974543,0.244803,Medio,791
20,Oaxaca,20335,San Pedro Yaneri,867,14.216478,4.519774,61.066236,9.919262,25.000000,1.190476,2.380952,13.888889,0.793651,85.714286,68.650794,1.121034,Alto,331
20,Oaxaca,20336,San Pedro Yólox,"1,697",20.719312,1.760563,66.379984,5.539187,7.113821,0.609756,0.203252,9.552846,0.813008,19.308943,5.487805,-0.106122,Bajo,"1,131"
20,Oaxaca,20337,San Pedro y San Pablo Ayutla,"5,616",35.822817,9.074573,64.718002,27.492877,34.886650,3.589421,8.438287,19.395466,4.282116,76.574307,56.738035,1.972474,Muy alto,122
20,Oaxaca,20338,Villa de Etla,"10,361",3.218774,3.997462,28.225186,36.965544,5.367126,0.670891,12.113306,5.739843,1.229966,30.339173,11.330600,-0.769154,Muy bajo,"1,871"
20,Oaxaca,20339,San Pedro y San Pablo Teposcolula,"4,353",3.593556,1.923077,37.267658,19.894326,6.290850,1.388889,3.676471,18.790850,1.879085,40.686275,29.084967,-0.351244,Bajo,"1,375"
20,Oaxaca,20340,San Pedro y San Pablo Tequixtepec,"1,747",8.528785,8.071749,54.726368,20.606754,9.624796,4.567700,4.404568,9.624796,3.425775,56.280587,31.973899,0.298070,Medio,748
20,Oaxaca,20341,San Pedro Yucunama,241,3.723404,0.000000,51.595745,19.502075,16.438356,6.849315,4.109589,13.698630,6.849315,39.726027,38.356164,0.299426,Medio,747
20,Oaxaca,20342,San Raymundo Jalpan,"4,105",1.894806,2.121212,24.338451,29.208283,9.217661,0.929512,6.274206,5.189775,0.852053,40.666150,13.942680,-0.757333,Muy bajo,"1,856"
20,Oaxaca,20343,San Sebastián Abasolo,"1,999",3.454894,4.693141,58.477287,43.021511,10.035211,1.936620,3.873239,41.373239,1.760563,43.309859,18.133803,0.007903,Bajo,"1,006"
20,Oaxaca,20344,San Sebastián Coatlán,"2,809",10.838979,4.077670,56.487754,18.618726,9.158416,3.217822,19.430693,30.693069,1.980198,82.054455,59.529703,0.964532,Alto,395
20,Oaxaca,20345,San Sebastián Ixcapa,"4,188",14.214047,5.371901,48.127090,22.134670,9.338843,4.628099,14.545455,15.289256,1.487603,54.132231,16.280992,0.229103,Medio,809
20,Oaxaca,20346,San Sebastián Nicananduta,"1,542",19.213584,0.380228,51.831993,16.212711,9.563410,2.494802,0.000000,2.494802,0.831601,41.580042,43.866944,0.134167,Medio,894
20,Oaxaca,20347,San Sebastián Río Hondo,"4,202",8.467742,4.036458,49.831989,22.203713,11.519364,1.092354,3.376365,87.288977,1.787488,73.584906,77.159881,1.165192,Alto,311
20,Oaxaca,20348,San Sebastián Tecomaxtlahuaca,"8,192",18.292075,5.064248,62.036883,33.032227,18.422212,5.288673,4.451300,18.642574,2.732481,63.199647,45.306302,0.870598,Medio,423
20,Oaxaca,20349,San Sebastián Teitipac,"2,189",10.583283,6.191950,56.644618,54.499772,12.598425,1.732283,20.157480,39.527559,2.362205,55.433071,23.149606,0.500629,Medio,610
20,Oaxaca,20350,San Sebastián Tutla,"16,878",1.106408,5.953533,12.831366,30.056879,2.367217,0.179033,0.755918,0.278496,0.039785,24.169485,4.794112,-1.308313,Muy bajo,"2,434"
20,Oaxaca,20351,San Simón Almolongas,"2,802",19.852580,5.458515,66.830467,29.942898,7.517900,1.551313,2.386635,46.420048,2.625298,71.599045,25.775656,0.801204,Medio,454
20,Oaxaca,20352,San Simón Zahuatlán,"4,940",38.510998,23.292469,79.593909,63.157895,2.181208,12.919463,8.053691,25.335570,1.677852,92.449664,59.899329,1.885218,Muy alto,132
20,Oaxaca,20353,Santa Ana,"2,406",14.438503,4.398148,54.961378,30.798005,10.679612,1.132686,3.398058,38.511327,2.265372,72.653722,24.919094,0.520475,Medio,599
20,Oaxaca,20354,Santa Ana Ateixtlahuaca,477,33.426184,9.210526,68.245125,83.857442,17.730496,0.709220,2.836879,48.936170,3.546099,95.744681,85.106383,1.878453,Muy alto,135
20,Oaxaca,20355,Santa Ana Cuauhtémoc,681,22.178218,0.900901,70.099010,8.370044,9.871245,3.004292,0.858369,44.206009,2.145923,80.686695,54.506438,1.207676,Alto,304
20,Oaxaca,20356,Santa Ana del Valle,"2,179",6.185567,10.802469,68.223166,61.909133,11.813644,3.161398,9.816972,5.823627,0.665557,71.381032,16.306156,0.187782,Medio,851
20,Oaxaca,20357,Santa Ana Tavela,848,7.703281,13.414634,58.059914,21.108491,14.869888,0.743494,0.000000,52.416357,2.973978,81.040892,42.750929,0.970743,Alto,393
20,Oaxaca,20358,Santa Ana Tlapacoyan,"1,958",14.896460,9.090909,61.322645,44.841675,11.707317,2.113821,5.203252,26.829268,2.113821,43.414634,28.130081,0.395826,Medio,663
20,Oaxaca,20359,Santa Ana Yareni,637,18.011257,0.000000,75.422139,24.489796,37.768240,1.716738,0.000000,51.072961,0.429185,69.957082,58.369099,1.519437,Alto,216
20,Oaxaca,20360,Santa Ana Zegache,"3,981",13.319946,5.326460,49.866131,42.326049,17.435897,4.273504,10.085470,64.188034,1.538462,58.290598,32.478632,0.785959,Medio,467
20,Oaxaca,20361,Santa Catalina Quierí,825,18.993506,5.072464,67.045455,11.636364,17.857143,3.174603,1.190476,36.507937,5.555556,92.460317,59.920635,1.536780,Alto,213
20,Oaxaca,20362,Santa Catarina Cuixtla,"1,495",11.361665,4.464286,58.369471,35.183946,11.520737,0.460829,1.843318,8.525346,3.225806,53.686636,18.663594,0.083007,Bajo,943
20,Oaxaca,20363,Santa Catarina Ixtepeji,"2,675",2.196193,2.279202,49.194729,40.710280,14.507772,1.036269,0.906736,23.704663,0.906736,39.507772,30.440415,-0.214712,Bajo,"1,235"
20,Oaxaca,20364,Santa Catarina Juquila,"18,654",15.268562,7.075874,57.014218,24.670312,18.594264,1.222379,3.196991,27.056888,2.233192,63.352139,39.045604,0.736081,Medio,490
20,Oaxaca,20365,Santa Catarina Lachatao,"1,059",3.680982,1.250000,48.957055,19.735600,16.621984,2.144772,4.825737,31.903485,1.876676,39.142091,46.648794,0.217523,Medio,826
20,Oaxaca,20366,Santa Catarina Loxicha,"3,676",17.473233,8.574739,68.265525,33.433079,18.840580,1.226310,2.898551,29.208473,3.790412,79.487179,58.193980,1.257102,Alto,290
20,Oaxaca,20367,Santa Catarina Mechoacán,"4,582",18.189991,7.722513,62.361402,22.675687,13.368514,7.915567,28.056288,8.883026,1.934916,91.204925,50.219877,1.304266,Alto,276
20,Oaxaca,20368,Santa Catarina Minas,"2,067",11.162180,6.501548,48.850952,25.689405,13.636364,2.363636,13.272727,65.454545,0.909091,52.545455,27.818182,0.650356,Medio,534
20,Oaxaca,20369,Santa Catarina Quiané,"2,193",8.536585,3.067485,44.939024,13.269494,16.946565,1.679389,3.816794,11.297710,1.068702,32.824427,17.862595,-0.150537,Bajo,"1,173"
20,Oaxaca,20370,Santa Catarina Tayata,662,4.142012,2.105263,36.291913,20.241692,15.458937,0.483092,2.415459,64.734300,2.415459,39.613527,36.231884,0.224480,Medio,818
20,Oaxaca,20371,Santa Catarina Ticuá,986,21.646746,1.449275,50.332005,22.312373,16.524217,4.843305,3.988604,54.131054,3.418803,80.056980,63.247863,1.326445,Alto,270
20,Oaxaca,20372,Santa Catarina Yosonotú,"1,316",35.390550,2.747253,57.859209,5.243161,9.932280,3.611738,30.925508,62.528217,2.257336,91.422122,84.875847,2.242612,Muy alto,90
20,Oaxaca,20373,Santa Catarina Zapoquila,403,11.726384,3.448276,46.905537,10.173697,21.428571,1.587302,1.587302,2.380952,3.968254,42.857143,45.238095,0.373212,Medio,686
20,Oaxaca,20374,Santa Cruz Acatepec,"1,645",21.375465,9.604520,57.620818,11.306991,44.075829,1.421801,9.004739,44.549763,2.843602,95.023697,87.203791,2.306211,Muy alto,77
20,Oaxaca,20375,Santa Cruz Amilpas,"13,200",2.657540,3.846154,23.615865,32.636364,4.963545,0.308469,5.243971,1.037577,0.308469,36.707796,13.292204,-0.923129,Muy bajo,"2,082"
20,Oaxaca,20376,Santa Cruz de Bravo,365,20.895522,0.000000,61.567164,3.835616,5.000000,5.000000,1.000000,11.000000,1.000000,33.000000,18.000000,0.079521,Bajo,949
20,Oaxaca,20377,Santa Cruz Itundujia,"10,860",10.843213,4.674221,52.337818,9.558011,22.453083,1.474531,21.079088,72.218499,6.668901,64.276139,65.784182,1.655916,Alto,185
20,Oaxaca,20378,Santa Cruz Mixtepec,"3,720",8.974359,4.148148,52.187029,28.360215,15.479876,2.786378,9.803922,43.343653,2.063983,57.791538,35.913313,0.573444,Medio,569
20,Oaxaca,20379,Santa Cruz Nundaco,"2,951",13.193403,1.472995,49.825087,24.601830,26.854220,1.662404,1.662404,76.086957,2.685422,76.982097,70.332481,1.416170,Alto,240
20,Oaxaca,20380,Santa Cruz Papalutla,"2,242",7.838480,2.077151,55.581948,23.773417,8.229814,2.639752,3.571429,53.416149,0.310559,47.670807,25.310559,0.198550,Medio,844
20,Oaxaca,20381,Santa Cruz Tacache de Mina,"2,940",9.523810,4.597701,60.495627,17.517007,2.025316,2.025316,0.506329,6.075949,0.253165,18.227848,11.012658,-0.502763,Bajo,"1,553"
20,Oaxaca,20382,Santa Cruz Tacahua,"1,182",11.791383,3.431373,54.308390,6.768190,9.971510,1.139601,1.139601,75.783476,2.564103,77.492877,64.957265,1.156697,Alto,316
20,Oaxaca,20383,Santa Cruz Tayata,595,4.347826,10.989011,48.283753,13.949580,27.118644,0.564972,1.129944,60.451977,1.129944,47.457627,51.977401,0.832128,Medio,437
20,Oaxaca,20384,Santa Cruz Xitla,"4,794",16.496087,6.644880,72.636966,28.473091,24.471831,1.232394,3.785211,36.883803,1.408451,80.985915,31.690141,1.132555,Alto,328
20,Oaxaca,20385,Santa Cruz Xoxocotlán,"100,402",3.093562,3.807550,23.574165,37.558017,8.649082,0.998251,17.735354,2.816234,0.910813,38.429029,12.842466,-0.662088,Bajo,"1,730"
20,Oaxaca,20386,Santa Cruz Zenzontepec,"19,079",24.575048,7.215761,64.560616,4.402746,42.649036,0.761990,4.661587,77.319588,4.235769,88.637382,63.446885,2.424761,Muy alto,60
20,Oaxaca,20387,Santa Gertrudis,"2,891",13.940774,6.971678,51.753986,27.326185,5.847255,2.863962,3.102625,5.966587,0.238663,30.429594,15.990453,-0.254842,Bajo,"1,272"
20,Oaxaca,20388,Santa Inés del Monte,"2,809",14.600107,5.025126,62.533548,24.884300,15.732087,2.959502,15.887850,70.560748,5.295950,85.669782,64.641745,1.704314,Alto,170
20,Oaxaca,20389,Santa Inés Yatzeche,908,29.506008,19.230769,73.831776,4.515419,17.748918,0.000000,0.000000,2.597403,0.432900,66.666667,22.510823,1.065506,Alto,351
20,Oaxaca,20390,Santa Lucía del Camino,"50,362",2.417931,4.377774,20.300386,35.032366,3.010269,0.717400,1.751301,0.386834,0.168800,38.387959,12.842875,-1.037709,Muy bajo,"2,222"
20,Oaxaca,20391,Santa Lucía Miahuatlán,"3,375",34.305556,8.364084,75.277778,20.651852,29.670330,1.343101,2.930403,86.813187,5.616606,98.534799,85.836386,2.847890,Muy alto,35
20,Oaxaca,20392,Santa Lucía Monteverde,"6,726",20.067312,3.971963,56.142196,9.262563,28.838951,2.996255,24.772606,87.747459,6.206528,91.011236,80.149813,2.487315,Muy alto,56
20,Oaxaca,20393,Santa Lucía Ocotlán,"4,173",16.223317,9.812410,70.311987,15.097052,15.968841,1.071081,3.700097,43.914314,0.778968,57.448880,43.427459,0.996602,Alto,381
20,Oaxaca,20394,Santa María Alotepec,"2,796",13.020833,3.002309,49.384470,17.811159,16.129032,1.364764,18.982630,31.265509,2.481390,86.724566,55.583127,1.047777,Alto,358
20,Oaxaca,20395,Santa María Apazco,"1,629",35.502471,1.286174,66.227348,21.608349,20.675944,5.367793,15.109344,90.656064,5.964215,71.371769,66.600398,2.377283,Muy alto,67
20,Oaxaca,20396,Santa María la Asunción,"3,259",49.779347,11.872146,76.257723,13.439705,15.252417,4.511278,17.293233,38.345865,2.685285,94.629431,82.814178,2.677198,Muy alto,44
20,Oaxaca,20397,Heroica Ciudad de Tlaxiaco,"40,123",6.744170,3.792905,31.409763,39.712883,17.186608,1.179380,11.898421,33.241392,1.436180,49.058398,36.770021,0.121398,Bajo,902
20,Oaxaca,20398,Ayoquezco de Aldama,"4,874",15.267590,8.389716,62.890519,25.543701,12.243402,2.346041,2.712610,32.991202,1.026393,37.976540,22.580645,0.383921,Medio,675
20,Oaxaca,20399,Santa María Atzompa,"41,921",3.568519,4.574970,26.856770,39.583979,8.295134,0.943230,16.140691,4.769041,1.939351,40.849788,15.893865,-0.534308,Bajo,"1,590"
20,Oaxaca,20400,Santa María Camotlán,"1,713",9.576138,3.819444,56.985871,19.206071,3.605313,5.502846,3.984820,7.400380,2.466793,38.519924,24.478178,-0.072759,Bajo,"1,093"
20,Oaxaca,20401,Santa María Colotepec,"27,046",9.213733,9.156379,43.281763,32.030615,9.492682,2.259486,6.750036,5.570556,2.998437,50.305528,19.127469,-0.044343,Bajo,"1,060"
20,Oaxaca,20402,Santa María Cortijo,"1,067",15.135135,4.020101,54.729730,25.679475,7.361963,11.656442,1.533742,12.576687,2.760736,43.865031,23.619632,0.223743,Medio,819
20,Oaxaca,20403,Santa María Coyotepec,"3,751",3.153316,5.000000,32.439290,39.322847,4.566636,1.211556,3.634669,2.423113,1.397950,47.064306,18.173346,-0.663099,Bajo,"1,731"
20,Oaxaca,20404,Santa María Chachoápam,761,3.921569,6.250000,44.281046,27.069645,4.453441,2.024291,0.809717,16.194332,0.000000,38.461538,21.052632,-0.466679,Bajo,"1,500"
20,Oaxaca,20405,Villa de Chilapa de Díaz,"1,815",11.119348,7.594937,63.973314,18.457300,8.765653,1.252236,1.252236,1.788909,0.894454,27.370304,23.076923,-0.099783,Bajo,"1,125"
20,Oaxaca,20406,Santa María Chilchotla,"21,469",28.752335,8.665780,69.808318,17.164283,43.582888,1.978610,65.828877,80.802139,6.506239,92.335116,73.440285,3.521581,Muy alto,12
20,Oaxaca,20407,Santa María Chimalapa,"9,578",21.538462,9.381373,63.136095,22.238463,11.553030,26.250000,16.439394,13.068182,2.500000,75.037879,51.818182,1.476259,Alto,226
20,Oaxaca,20408,Santa María del Rosario,499,6.111111,1.123596,49.722222,24.448898,12.500000,3.472222,5.555556,76.388889,2.083333,60.416667,47.222222,0.720733,Medio,500
20,Oaxaca,20409,Santa María del Tule,"8,939",1.710507,5.267490,22.035360,29.567066,4.632153,0.467108,1.284547,0.661736,0.194628,23.744648,7.318023,-1.125472,Muy bajo,"2,301"
20,Oaxaca,20410,Santa María Ecatepec,"3,418",5.862362,5.270864,52.676296,13.897016,10.000000,2.471910,10.674157,4.269663,2.584270,64.606742,47.865169,0.356063,Medio,694
20,Oaxaca,20411,Santa María Guelacé,908,2.816901,2.500000,45.633803,47.687225,12.749004,1.992032,3.187251,17.529880,0.796813,49.402390,17.529880,-0.341964,Bajo,"1,367"
20,Oaxaca,20412,Santa María Guienagati,"3,178",13.240093,5.928237,61.538462,24.795469,15.239155,9.566185,0.778643,15.906563,6.117909,73.971079,41.156841,0.932223,Medio,407
20,Oaxaca,20413,Santa María Huatulco,"50,862",6.448593,5.754615,34.569915,32.000315,10.265757,1.358606,4.347538,4.612632,2.458745,47.213202,19.762741,-0.330929,Bajo,"1,357"
20,Oaxaca,20414,Santa María Huazolotitlán,"11,995",17.271257,4.180682,53.315619,28.211755,6.746920,5.683091,8.342665,7.446809,1.959686,54.507279,22.340426,0.218315,Medio,825
20,Oaxaca,20415,Santa María Ipalapa,"4,878",15.954586,5.464481,63.340305,18.819188,6.604507,2.564103,1.243201,2.874903,1.631702,54.390054,16.860917,0.128243,Medio,897
20,Oaxaca,20416,Santa María Ixcatlán,461,18.015666,0.000000,55.091384,77.874187,29.447853,0.613497,7.361963,0.000000,0.613497,80.368098,79.141104,0.866860,Medio,425
20,Oaxaca,20417,Santa María Jacatepec,"9,682",16.136990,3.736135,53.751270,19.562074,12.447176,1.844026,13.983865,26.661544,1.152516,59.661929,22.935075,0.492807,Medio,612
20,Oaxaca,20418,Santa María Jalapa del Marqués,"11,735",9.877245,4.038772,38.883837,24.831700,10.013947,3.347280,3.291492,3.430962,2.928870,47.921897,18.493724,-0.189907,Bajo,"1,215"
20,Oaxaca,20419,Santa María Jaltianguis,592,2.017937,3.488372,51.569507,14.358108,10.795455,0.568182,0.568182,3.977273,1.136364,32.386364,17.613636,-0.449852,Bajo,"1,477"
20,Oaxaca,20420,Santa María Lachixío,"1,679",22.996516,5.792683,53.484321,8.159619,27.204030,0.755668,0.503778,62.216625,4.030227,76.070529,65.994962,1.699967,Alto,171
20,Oaxaca,20421,Santa María Mixtequilla,"4,690",7.800620,2.670623,38.918614,14.157783,7.271514,3.002001,2.735157,2.935290,1.667779,34.489660,14.809873,-0.466730,Bajo,"1,502"
20,Oaxaca,20422,Santa María Nativitas,603,9.247312,1.136364,43.870968,20.895522,3.061224,3.061224,1.530612,36.224490,1.530612,68.877551,54.081633,0.296693,Medio,751
20,Oaxaca,20423,Santa María Nduayaco,453,7.200000,0.000000,62.666667,22.516556,18.620690,2.068966,2.068966,28.965517,3.448276,60.689655,41.379310,0.574878,Medio,567
20,Oaxaca,20424,Santa María Ozolotepec,"3,793",18.640094,5.754476,63.305979,24.097021,21.590909,1.342975,2.169421,68.904959,3.202479,86.466942,76.239669,1.742722,Alto,163
20,Oaxaca,20425,Santa María Pápalo,"2,058",17.061924,1.129944,59.156785,15.986395,15.481833,0.789889,2.053712,25.750395,2.211690,92.101106,80.568720,1.193529,Alto,309
20,Oaxaca,20426,Santa María Peñoles,"8,967",15.509576,4.232534,55.369357,23.062340,27.927400,3.103044,4.918033,97.248244,7.435597,91.569087,84.426230,2.251134,Muy alto,88
20,Oaxaca,20427,Santa María Petapa,"16,706",11.211329,4.044118,44.926490,34.706094,4.477310,12.905186,10.514587,2.876823,1.235818,52.856564,28.423825,0.026755,Bajo,993
20,Oaxaca,20428,Santa María Quiegolani,"2,224",19.915849,3.974895,52.173913,7.553957,15.500945,6.238185,1.890359,6.805293,3.780718,68.052930,64.839319,0.962273,Medio,396
20,Oaxaca,20429,Santa María Sola,"1,516",15.602837,4.065041,61.790780,50.395778,18.264840,2.968037,13.242009,62.100457,3.424658,55.707763,30.365297,0.975341,Alto,390
20,Oaxaca,20430,Santa María Tataltepec,317,11.240310,0.000000,43.798450,18.611987,19.565217,1.086957,0.000000,3.260870,1.086957,64.130435,58.695652,0.322676,Medio,722
20,Oaxaca,20431,Santa María Tecomavaca,"1,830",6.947524,3.040541,40.946046,16.229508,14.639175,4.329897,3.092784,8.865979,0.412371,46.804124,23.505155,-0.152934,Bajo,"1,177"
20,Oaxaca,20432,Santa María Temaxcalapa,903,7.407407,1.869159,57.613169,18.493909,5.016722,0.000000,0.000000,0.000000,0.334448,78.595318,27.090301,-0.085150,Bajo,"1,108"
20,Oaxaca,20433,Santa María Temaxcaltepec,"2,694",31.019656,13.986014,78.255528,19.710468,19.645733,0.483092,1.449275,74.074074,6.119163,93.075684,55.394525,2.320771,Muy alto,75
20,Oaxaca,20434,Santa María Teopoxco,"3,985",31.491499,3.763441,71.058733,6.373902,14.387211,1.509769,1.687389,15.275311,0.532860,90.941385,68.827709,1.451373,Alto,231
20,Oaxaca,20435,Santa María Tepantlali,"3,576",31.173093,11.821975,68.293683,19.519016,26.637555,2.183406,0.982533,43.777293,3.602620,87.336245,77.074236,2.125740,Muy alto,103
20,Oaxaca,20436,Santa María Texcatitlán,896,25.116279,3.267974,69.302326,2.455357,14.089347,3.780069,68.384880,91.065292,2.405498,78.350515,64.261168,2.628090,Muy alto,47
20,Oaxaca,20437,Santa María Tlahuitoltepec,"9,653",23.847069,3.911205,52.201726,27.670154,29.729730,2.088452,2.047502,73.341523,3.153153,86.691237,74.365274,1.875627,Muy alto,137
20,Oaxaca,20438,Santa María Tlalixtac,"1,839",23.707957,3.836317,61.361772,13.974986,19.361702,1.702128,1.489362,15.531915,1.702128,72.340426,48.297872,0.989320,Alto,385
20,Oaxaca,20439,Santa María Tonameca,"25,347",17.245163,9.703398,58.030609,25.987296,24.421674,4.999224,12.078870,24.421674,4.890545,67.567148,29.995342,1.149733,Alto,319
20,Oaxaca,20440,Santa María Totolapilla,812,17.940718,2.752294,58.658346,10.098522,5.442177,2.721088,3.061224,4.761905,1.700680,63.945578,27.210884,0.283999,Medio,760
20,Oaxaca,20441,Santa María Xadani,"9,234",22.510322,10.307132,66.061107,15.551224,4.705882,3.438914,6.425339,2.760181,1.493213,53.438914,31.538462,0.541062,Medio,584
20,Oaxaca,20442,Santa María Yalina,250,6.701031,3.333333,62.886598,7.600000,10.843373,0.000000,2.409639,0.000000,0.000000,63.855422,30.120482,0.062910,Bajo,962
20,Oaxaca,20443,Santa María Yavesía,434,1.515152,6.349206,44.848485,3.917051,7.534247,1.369863,0.000000,5.479452,0.684932,33.561644,17.808219,-0.498614,Bajo,"1,547"
20,Oaxaca,20444,Santa María Yolotepec,481,8.083832,6.741573,53.892216,47.193347,7.741935,1.935484,4.516129,53.548387,3.225806,58.064516,54.193548,0.605533,Medio,559
20,Oaxaca,20445,Santa María Yosoyúa,"1,699",14.378554,0.323625,38.992689,6.533255,11.904762,1.322751,1.322751,76.455026,1.058201,86.772487,63.227513,1.032147,Alto,365
20,Oaxaca,20446,Santa María Yucuhiti,"6,008",11.869369,1.798202,48.873874,12.982690,13.030303,0.666667,6.909091,60.606061,1.272727,80.545455,67.696970,1.036127,Alto,363
20,Oaxaca,20447,Santa María Zacatepec,"17,100",16.948008,6.032849,59.740041,26.982456,13.764999,4.029885,2.105501,6.271225,2.739416,59.950192,22.503962,0.416853,Medio,647
20,Oaxaca,20448,Santa María Zaniza,"2,469",14.940931,4.798762,60.945101,4.171729,43.849206,0.595238,0.595238,53.968254,2.976190,94.047619,81.746032,2.059072,Muy alto,113
20,Oaxaca,20449,Santa María Zoquitlán,"3,294",14.010651,9.248555,68.906186,21.888282,14.854369,4.271845,5.825243,10.679612,1.650485,35.242718,16.116505,0.344908,Medio,704
20,Oaxaca,20450,Santiago Amoltepec,"13,855",23.119497,9.350649,69.685535,7.369181,66.978610,0.568182,11.530749,99.097594,6.684492,94.518717,78.643048,3.445750,Muy alto,15
20,Oaxaca,20451,Santiago Apoala,"1,019",34.175532,1.530612,66.755319,16.192345,13.622291,0.928793,56.346749,78.328173,2.786378,85.758514,79.566563,2.629153,Muy alto,46
20,Oaxaca,20452,Santiago Apóstol,"4,421",22.388506,11.793215,70.817121,56.457815,48.869565,1.478261,3.130435,19.304348,0.869565,68.000000,36.608696,1.462662,Alto,228
20,Oaxaca,20453,Santiago Astata,"3,918",9.660665,4.173107,43.871191,22.077591,7.280000,7.120000,5.840000,95.680000,4.640000,57.360000,25.680000,0.819000,Medio,447
20,Oaxaca,20454,Santiago Atitlán,"3,556",20.614547,11.480865,58.537534,24.437570,25.254813,1.132503,2.831257,29.445074,3.284258,94.677237,73.386183,1.638608,Alto,191
20,Oaxaca,20455,Santiago Ayuquililla,"2,904",10.888546,6.164384,62.763225,23.278237,7.611549,16.010499,11.286089,25.984252,1.443570,46.850394,36.089239,0.611244,Medio,554
20,Oaxaca,20456,Santiago Cacaloxtepec,"1,667",20.321285,3.543307,57.028112,34.253149,3.099174,5.578512,3.719008,5.165289,0.619835,52.892562,25.206612,0.104648,Bajo,914
20,Oaxaca,20457,Santiago Camotlán,"3,346",11.228641,6.039076,69.283971,38.583383,23.888889,0.888889,2.333333,31.333333,1.222222,85.555556,58.666667,1.100689,Alto,337
20,Oaxaca,20458,Santiago Comaltepec,"1,157",10.404624,0.609756,56.647399,9.248055,4.705882,2.941176,1.176471,5.294118,0.588235,50.294118,14.117647,-0.221398,Bajo,"1,242"
20,Oaxaca,20459,Villa de Santiago Chazumba,"4,877",6.248324,3.492885,42.638777,34.324380,2.515723,4.088050,11.698113,12.452830,2.452830,54.528302,28.930818,-0.127523,Bajo,"1,157"
20,Oaxaca,20460,Santiago Choápam,"5,242",20.883978,8.568548,69.447514,26.611980,19.798416,1.223902,5.471562,55.435565,4.175666,85.529158,54.643629,1.653172,Alto,186
20,Oaxaca,20461,Santiago del Río,527,22.705314,7.812500,78.019324,22.390892,17.021277,5.319149,1.063830,11.702128,3.191489,51.063830,33.510638,0.945162,Medio,404
20,Oaxaca,20462,Santiago Huajolotitlán,"4,600",5.685131,7.742782,42.448980,41.326087,5.044035,3.602882,2.562050,10.168135,1.120897,34.747798,20.736589,-0.449323,Bajo,"1,475"
20,Oaxaca,20463,Santiago Huauclilla,525,6.150342,9.090909,61.731207,28.190476,13.471503,5.699482,4.663212,40.932642,2.072539,65.803109,38.341969,0.702516,Medio,506
20,Oaxaca,20464,Santiago Ihuitlán Plumas,341,13.944223,3.030303,57.370518,16.129032,7.826087,5.217391,5.217391,8.695652,0.000000,54.782609,36.521739,0.234768,Medio,803
20,Oaxaca,20465,Santiago Ixcuintepec,"1,636",18.391867,9.444444,69.038817,10.207824,20.681265,2.433090,0.000000,3.163017,3.163017,75.182482,66.666667,1.220187,Alto,302
20,Oaxaca,20466,Santiago Ixtayutla,"13,880",32.657859,12.732615,74.339454,14.740634,40.679581,1.492537,13.274055,52.429343,7.494443,91.870435,65.481105,2.826272,Muy alto,36
20,Oaxaca,20467,Santiago Jamiltepec,"19,112",14.256229,5.207688,49.646174,31.519464,10.890909,5.363636,8.909091,8.654545,2.309091,59.254545,25.109091,0.277049,Medio,769
20,Oaxaca,20468,Santiago Jocotepec,"14,198",24.499836,11.210348,69.323275,25.637414,17.748148,1.985185,4.770370,55.674074,2.162963,83.022222,43.348148,1.547929,Alto,210
20,Oaxaca,20469,Santiago Juxtlahuaca,"34,735",20.107956,6.674098,53.701672,32.390960,24.371425,10.482905,2.873487,24.065452,4.057470,61.327657,48.490089,1.134541,Alto,326
20,Oaxaca,20470,Santiago Lachiguiri,"4,394",13.679525,4.721030,62.403561,17.068730,18.169014,6.056338,1.056338,9.647887,5.633803,85.070423,59.859155,1.131297,Alto,329
20,Oaxaca,20471,Santiago Lalopa,431,7.038123,3.636364,55.131965,11.136891,7.936508,0.793651,0.000000,0.000000,0.793651,80.952381,46.031746,0.197476,Medio,845
20,Oaxaca,20472,Santiago Laollaga,"3,361",8.752905,3.483607,38.148722,18.119607,4.484305,2.690583,4.484305,2.690583,0.717489,55.874439,18.834081,-0.348325,Bajo,"1,373"
20,Oaxaca,20473,Santiago Laxopa,"1,291",3.239289,1.877934,57.471264,7.745933,16.042781,1.336898,0.000000,2.941176,0.267380,78.342246,47.058824,0.270657,Medio,776
20,Oaxaca,20474,Santiago Llano Grande,"3,440",17.543860,3.951890,48.837209,20.523256,7.780980,9.125841,1.921230,8.933718,2.497598,47.646494,18.635927,0.154516,Medio,876
20,Oaxaca,20475,Santiago Matatlán,"10,175",17.132540,3.166870,60.545673,32.186732,16.851705,0.991277,6.859635,2.973830,1.903251,68.596352,39.056305,0.564942,Medio,572
20,Oaxaca,20476,Santiago Miltepec,421,8.253968,6.666667,50.793651,11.401425,2.816901,3.521127,2.112676,7.746479,2.112676,40.845070,30.281690,-0.104982,Bajo,"1,130"
20,Oaxaca,20477,Santiago Minas,"1,327",20.961145,8.374384,74.539877,11.680482,15.686275,0.560224,5.602241,15.686275,1.400560,32.773109,14.005602,0.535587,Medio,587
20,Oaxaca,20478,Santiago Nacaltepec,"1,599",9.427881,3.585657,66.317486,17.698562,12.966252,1.598579,8.703375,35.701599,1.598579,57.371226,31.971581,0.574945,Medio,566
20,Oaxaca,20479,Santiago Nejapilla,174,10.738255,0.000000,71.812081,21.264368,2.941176,0.000000,1.470588,58.823529,1.470588,80.882353,60.294118,0.869868,Medio,424
20,Oaxaca,20480,Santiago Nundiche,"1,351",11.467444,1.522843,47.230321,28.275352,20.398010,4.975124,16.417910,96.517413,11.940299,92.288557,89.800995,2.268356,Muy alto,83
20,Oaxaca,20481,Santiago Nuyoó,"1,898",15.379113,2.167183,50.786838,7.270811,14.853195,2.590674,0.863558,83.246978,1.727116,78.583765,68.048359,1.339913,Alto,266
20,Oaxaca,20482,Santiago Pinotepa Nacional,"55,840",12.731394,4.135338,40.710238,39.480659,9.553398,8.491909,16.809061,9.398058,1.896440,58.025890,22.077670,0.164386,Medio,871
20,Oaxaca,20483,Santiago Suchilquitongo,"10,886",3.271028,6.425703,39.608952,37.194562,8.039147,1.118490,14.330654,38.168473,1.677735,45.997903,22.055225,-0.053285,Bajo,"1,074"
20,Oaxaca,20484,Santiago Tamazola,"4,458",13.274625,3.787879,58.708415,14.692687,4.088889,6.044444,11.111111,6.844444,1.777778,28.000000,25.600000,0.042820,Bajo,981
20,Oaxaca,20485,Santiago Tapextla,"3,134",24.722503,15.952733,66.195762,23.292916,14.837905,22.194514,5.985037,25.685786,2.992519,45.511222,26.932668,1.267955,Alto,287
20,Oaxaca,20486,Villa Tejúpam de la Unión,"2,419",6.146179,3.465347,48.781838,22.943365,6.484150,5.187320,5.475504,7.348703,1.296830,48.414986,39.769452,-0.046006,Bajo,"1,062"
20,Oaxaca,20487,Santiago Tenango,"1,966",3.295933,5.329154,32.608696,35.605290,25.128205,1.709402,5.128205,23.760684,5.299145,71.623932,39.145299,0.457073,Medio,628
20,Oaxaca,20488,Santiago Tepetlapa,130,10.204082,0.000000,67.346939,37.692308,4.878049,0.000000,0.000000,7.317073,0.000000,46.341463,24.390244,-0.240311,Bajo,"1,260"
20,Oaxaca,20489,Santiago Tetepec,"4,909",14.843288,3.541667,59.432289,25.096761,15.430267,6.973294,6.008902,19.807122,2.522255,76.038576,31.305638,0.735472,Medio,491
20,Oaxaca,20490,Santiago Texcalcingo,"2,974",27.390438,8.789625,72.559761,24.512441,8.530184,1.181102,1.181102,24.146982,0.656168,90.682415,82.939633,1.456876,Alto,230
20,Oaxaca,20491,Santiago Textitlán,"4,930",10.162338,0.849618,41.980519,7.221095,28.097345,0.553097,0.000000,63.163717,1.880531,65.597345,64.823009,1.046705,Alto,359
20,Oaxaca,20492,Santiago Tilantongo,"2,764",18.341709,1.263538,58.341709,11.685962,15.929204,3.761062,16.039823,77.433628,5.641593,72.455752,61.725664,1.697338,Alto,172
20,Oaxaca,20493,Santiago Tillo,545,6.220096,2.439024,45.454545,18.165138,6.285714,1.142857,0.571429,24.000000,0.571429,38.857143,21.714286,-0.319924,Bajo,"1,339"
20,Oaxaca,20494,Santiago Tlazoyaltepec,"6,300",20.983213,3.751804,57.218225,17.587302,26.140758,1.933488,16.395978,94.199536,3.170920,79.582367,72.699149,2.093430,Muy alto,106
20,Oaxaca,20495,Santiago Xanica,"3,029",21.234940,11.688312,69.578313,17.233410,23.238566,2.224969,7.663782,76.637824,8.405439,93.325093,77.997528,2.452754,Muy alto,58
20,Oaxaca,20496,Santiago Xiacuí,"1,893",2.744546,1.618123,38.494018,17.062863,10.861423,0.749064,0.374532,15.355805,0.374532,35.767790,18.352060,-0.529182,Bajo,"1,584"
20,Oaxaca,20497,Santiago Yaitepec,"4,233",43.513414,15.618661,82.028666,26.931254,14.135021,2.953586,1.054852,57.700422,0.949367,81.223629,60.337553,2.170316,Muy alto,96
20,Oaxaca,20498,Santiago Yaveo,"7,593",15.489233,7.377648,59.066868,23.310944,14.519231,3.798077,46.634615,20.096154,3.461538,56.009615,33.173077,1.132662,Alto,327
20,Oaxaca,20499,Santiago Yolomécatl,"1,922",3.310345,3.594771,35.379310,17.481790,7.050093,1.484230,3.710575,8.905380,0.556586,39.888683,26.530612,-0.485442,Bajo,"1,525"
20,Oaxaca,20500,Santiago Yosondúa,"7,991",12.109863,6.186954,59.621901,17.156801,17.796258,2.370062,6.611227,37.546778,4.158004,63.243243,69.521830,1.164142,Alto,312
20,Oaxaca,20501,Santiago Yucuyachi,998,19.663648,7.913669,71.539457,22.144289,7.339450,1.834862,0.305810,7.645260,0.917431,26.299694,17.737003,0.128714,Medio,896
20,Oaxaca,20502,Santiago Zacatepec,"5,089",29.278764,10.772579,73.554665,13.715858,48.967972,2.135231,7.971530,48.256228,4.768683,95.871886,80.355872,2.817036,Muy alto,37
20,Oaxaca,20503,Santiago Zoochila,425,9.309309,1.639344,55.555556,30.588235,7.258065,0.000000,0.000000,0.806452,0.000000,41.935484,7.258065,-0.509938,Bajo,"1,560"
20,Oaxaca,20504,Nuevo Zoquiápam,"1,590",5.535714,0.692042,55.982143,12.578616,30.075188,0.751880,0.000000,1.503759,0.250627,15.538847,20.050125,-0.166058,Bajo,"1,189"
20,Oaxaca,20505,Santo Domingo Ingenio,"7,681",11.720067,1.816609,44.603710,27.535477,1.761409,2.522018,3.522818,2.481986,0.840673,27.181745,12.329864,-0.598843,Bajo,"1,662"
20,Oaxaca,20506,Santo Domingo Albarradas,798,14.378029,4.504505,51.696284,20.676692,14.224138,2.586207,0.431034,1.724138,0.862069,69.396552,36.206897,0.303456,Medio,742
20,Oaxaca,20507,Santo Domingo Armenta,"3,155",19.615204,4.878049,60.300328,22.662441,11.695279,15.879828,1.502146,17.489270,3.433476,49.356223,23.819742,0.662058,Medio,525
20,Oaxaca,20508,Santo Domingo Chihuitán,"1,618",8.809524,2.898551,39.444444,12.855377,3.947368,2.819549,2.255639,1.879699,1.879699,34.962406,15.225564,-0.492200,Bajo,"1,534"
20,Oaxaca,20509,Santo Domingo de Morelos,"11,384",22.370266,12.407045,70.238429,13.703443,20.128824,5.917874,26.046699,63.929147,2.616747,89.855072,37.600644,2.009530,Muy alto,120
20,Oaxaca,20510,Santo Domingo Ixcatlán,760,7.747748,1.639344,43.783784,3.815789,33.181818,4.090909,7.727273,44.545455,4.545455,45.454545,66.818182,1.119616,Alto,333
20,Oaxaca,20511,Santo Domingo Nuxaá,"3,335",6.207522,4.031209,55.052107,10.494753,16.174863,3.387978,38.797814,80.218579,6.775956,90.601093,68.852459,1.963110,Muy alto,125
20,Oaxaca,20512,Santo Domingo Ozolotepec,"1,101",22.222222,4.950495,64.883402,18.801090,18.726592,0.749064,0.000000,22.846442,1.872659,69.288390,76.404494,1.223335,Alto,301
20,Oaxaca,20513,Santo Domingo Petapa,"9,027",15.160120,4.509445,55.403060,27.118644,11.462756,3.820919,2.392898,5.287534,4.129680,58.278657,39.791586,0.444925,Medio,633
20,Oaxaca,20514,Santo Domingo Roayaga,941,17.665131,5.978261,66.205837,41.657811,59.756098,2.439024,0.813008,50.000000,4.065041,94.715447,77.642276,2.366782,Muy alto,70
20,Oaxaca,20515,Santo Domingo Tehuantepec,"67,739",7.497274,3.809784,34.859748,25.593823,11.258449,2.719158,5.701460,3.044219,1.986482,39.786389,16.722563,-0.369077,Bajo,"1,391"
20,Oaxaca,20516,Santo Domingo Teojomulco,"5,260",12.571266,6.461233,60.005701,4.638783,19.178082,1.978691,0.684932,9.817352,1.902588,51.445967,31.354642,0.472315,Medio,618
20,Oaxaca,20517,Santo Domingo Tepuxtepec,"6,029",32.587859,5.978706,64.266405,23.337204,41.877999,1.850583,3.015764,73.749143,6.716929,90.130226,69.088417,2.627738,Muy alto,48
20,Oaxaca,20518,Santo Domingo Tlatayápam,113,5.434783,0.000000,55.434783,44.247788,11.904762,0.000000,0.000000,66.666667,0.000000,59.523810,40.476190,0.316328,Medio,728
20,Oaxaca,20519,Santo Domingo Tomaltepec,"3,386",4.112221,7.515658,50.345888,40.431187,13.537118,1.419214,7.969432,2.729258,0.545852,34.825328,14.847162,-0.341872,Bajo,"1,366"
20,Oaxaca,20520,Santo Domingo Tonalá,"7,393",16.076043,10.471623,60.834256,29.690248,3.724490,3.316327,4.438776,4.489796,1.530612,32.346939,16.836735,-0.012045,Bajo,"1,027"
20,Oaxaca,20521,Santo Domingo Tonaltepec,250,10.416667,2.857143,55.729167,24.800000,12.658228,0.000000,1.265823,8.860759,2.531646,77.215190,56.962025,0.511728,Medio,605
20,Oaxaca,20522,Santo Domingo Xagacía,"1,205",12.315271,2.542373,66.379310,20.082988,25.142857,3.428571,4.857143,13.714286,2.857143,91.714286,72.000000,1.287641,Alto,284
20,Oaxaca,20523,Santo Domingo Yanhuitlán,"1,633",6.516291,4.377104,40.517962,19.534599,12.185687,1.353965,4.642166,20.696325,0.580271,53.191489,32.108317,-0.014869,Bajo,"1,032"
20,Oaxaca,20524,Santo Domingo Yodohino,327,2.898551,19.354839,70.289855,31.192661,3.571429,0.000000,0.000000,1.190476,0.000000,38.095238,10.714286,-0.266811,Bajo,"1,283"
20,Oaxaca,20525,Santo Domingo Zanatepec,"12,483",11.055981,4.976077,49.088556,20.235520,4.722738,5.067657,11.727249,4.616609,1.273547,34.916423,19.315468,-0.148122,Bajo,"1,172"
20,Oaxaca,20526,Santos Reyes Nopala,"16,688",20.563920,9.063353,56.478984,15.879674,14.911296,2.739726,2.941837,24.208399,3.211318,70.244779,40.220076,0.947052,Medio,403
20,Oaxaca,20527,Santos Reyes Pápalo,"2,490",16.146789,4.355401,67.094801,26.265060,16.639478,1.957586,0.652529,52.039152,0.815661,90.048940,78.466558,1.404374,Alto,247
20,Oaxaca,20528,Santos Reyes Tepejillo,904,33.677991,3.424658,73.559823,26.106195,6.620209,2.439024,0.696864,1.742160,0.696864,67.944251,42.160279,0.819313,Medio,446
20,Oaxaca,20529,Santos Reyes Yucuná,"1,474",22.054054,8.875740,69.945946,6.987788,9.842520,18.110236,16.535433,25.984252,1.181102,79.133858,65.354331,1.641663,Alto,190
20,Oaxaca,20530,Santo Tomás Jalieza,"3,923",8.729595,4.306220,47.232079,22.278868,15.408480,1.034126,40.020683,55.946225,1.861427,57.704240,33.092037,0.924626,Medio,410
20,Oaxaca,20531,Santo Tomás Mazaltepec,"2,612",4.399586,6.746988,46.169772,33.192956,10.930576,2.215657,3.545052,10.044313,1.181684,62.481536,33.382570,-0.016250,Bajo,"1,033"
20,Oaxaca,20532,Santo Tomás Ocotepec,"4,066",19.584361,2.567394,56.287425,46.606001,24.026591,3.988604,2.374169,88.793922,3.608737,84.520418,75.023742,1.782298,Alto,156
20,Oaxaca,20533,Santo Tomás Tamazulapan,"2,726",8.904811,6.694561,51.177073,36.940572,8.513514,1.081081,3.783784,17.162162,2.432432,58.918919,27.162162,0.096000,Bajo,925
20,Oaxaca,20534,San Vicente Coatlán,"3,512",25.020781,14.327917,76.974231,28.359909,19.858156,3.664303,2.836879,59.574468,1.536643,85.342790,51.418440,1.811161,Muy alto,150
20,Oaxaca,20535,San Vicente Lachixío,"3,227",20.862635,2.631579,52.930145,39.727301,16.409537,0.280505,3.506311,96.353436,1.542777,72.931276,49.929874,1.295182,Alto,279
20,Oaxaca,20536,San Vicente Nuñú,449,3.910615,0.000000,65.642458,7.126949,5.960265,3.311258,0.000000,3.973510,0.662252,50.331126,29.801325,-0.134103,Bajo,"1,161"
20,Oaxaca,20537,Silacayoápam,"6,710",17.605775,5.252725,58.612392,27.272727,9.842932,3.455497,2.408377,8.534031,1.256545,36.596859,20.680628,0.095293,Bajo,926
20,Oaxaca,20538,Sitio de Xitlapehua,713,7.812500,5.172414,58.984375,32.258065,6.896552,3.940887,3.448276,56.157635,0.492611,60.591133,27.586207,0.387424,Medio,672
20,Oaxaca,20539,Soledad Etla,"6,348",1.781276,6.765328,31.151616,35.223693,4.632972,1.203369,10.890493,8.363418,3.910951,33.574007,16.726835,-0.531059,Bajo,"1,586"
20,Oaxaca,20540,Villa de Tamazulápam del Progreso,"8,326",4.799216,3.218884,32.321254,23.300504,10.797491,1.388889,2.284946,2.912186,2.150538,31.227599,24.551971,-0.516492,Bajo,"1,570"
20,Oaxaca,20541,Tanetze de Zaragoza,"1,558",5.011933,0.534759,60.302307,21.245186,23.895582,0.200803,0.000000,0.401606,0.401606,79.919679,45.582329,0.381493,Medio,679
20,Oaxaca,20542,Taniche,887,10.370370,12.096774,67.111111,28.184893,6.400000,2.800000,3.200000,13.600000,1.600000,54.800000,28.400000,0.319629,Medio,724
20,Oaxaca,20543,Tataltepec de Valdés,"6,386",19.487062,5.070657,62.583009,20.435327,12.177122,3.690037,5.658057,29.827798,6.273063,81.857319,39.298893,1.152219,Alto,318
20,Oaxaca,20544,Teococuilco de Marcos Pérez,"1,032",7.953064,3.164557,60.495437,20.736434,29.391892,2.027027,0.337838,3.040541,0.675676,39.189189,28.378378,0.225874,Medio,815
20,Oaxaca,20545,Teotitlán de Flores Magón,"10,099",7.918174,4.143019,31.255218,32.587385,8.834447,1.670379,5.790646,1.967335,1.744618,46.770601,21.083890,-0.412565,Bajo,"1,440"
20,Oaxaca,20546,Teotitlán del Valle,"6,392",8.411215,2.052452,53.648837,48.107009,25.842697,4.198699,12.004731,13.660556,0.354820,49.733885,11.945594,0.146424,Medio,881
20,Oaxaca,20547,Teotongo,"1,005",8.655126,2.395210,52.330226,11.940299,7.812500,1.875000,2.500000,3.437500,1.250000,42.500000,34.687500,-0.102436,Bajo,"1,127"
20,Oaxaca,20548,Tepelmeme Villa de Morelos,"1,960",6.074074,6.970509,58.148148,22.295918,10.101010,6.228956,22.895623,14.646465,7.407407,54.882155,48.484848,0.839862,Medio,433
20,Oaxaca,20549,"Heroica Villa Tezoatlán de Segura y Luna, Cuna de","11,465",17.621980,5.080214,62.174325,27.466201,9.814646,3.950167,3.160134,18.474628,2.248557,53.023397,38.347007,0.529694,Medio,589
20,Oaxaca,20550,San Jerónimo Tlacochahuaya,"5,764",6.642567,3.596288,44.713059,37.057599,11.260397,1.727447,11.196417,35.316699,2.047345,55.278311,18.362124,0.094420,Bajo,928
20,Oaxaca,20551,Tlacolula de Matamoros,"30,254",6.458888,4.308149,36.290650,41.025980,13.184706,0.827041,6.376603,7.035838,1.630109,43.269807,15.917536,-0.379236,Bajo,"1,403"
20,Oaxaca,20552,Tlacotepec Plumas,410,5.937500,1.538462,61.875000,5.121951,6.569343,0.729927,0.729927,5.839416,1.459854,41.605839,31.386861,-0.115118,Bajo,"1,142"
20,Oaxaca,20553,Tlalixtac de Cabrera,"12,067",4.339664,7.037457,36.384717,48.131267,11.043339,1.091493,5.810594,5.361156,0.674157,36.629213,13.065811,-0.576476,Bajo,"1,635"
20,Oaxaca,20554,Totontepec Villa de Morelos,"5,904",21.197695,9.704641,63.768479,22.645664,18.940397,1.523179,1.258278,40.662252,1.854305,78.609272,61.258278,1.362348,Alto,261
20,Oaxaca,20555,Trinidad Zaachila,"3,419",7.484568,3.476483,47.762346,44.077216,11.933702,1.325967,16.795580,27.182320,0.994475,39.116022,23.425414,0.003430,Bajo,"1,013"
20,Oaxaca,20556,La Trinidad Vista Hermosa,306,12.272727,1.754386,51.818182,24.509804,4.395604,1.098901,0.000000,5.494505,5.494505,50.549451,29.670330,0.028157,Bajo,990
20,Oaxaca,20557,Unión Hidalgo,"14,542",8.965887,1.924883,33.247008,40.627149,2.229000,1.501642,0.703895,0.868137,0.915063,32.496481,13.280150,-0.832889,Muy bajo,"1,957"
20,Oaxaca,20558,Valerio Trujano,"1,376",8.496732,3.902439,43.697479,13.444767,11.574074,3.703704,3.240741,9.722222,2.083333,54.166667,27.777778,0.039569,Bajo,983
20,Oaxaca,20559,San Juan Bautista Valle Nacional,"23,067",12.612021,4.202784,48.960449,17.232410,7.061197,1.025555,9.347680,14.240081,1.513114,61.297915,17.299933,0.098950,Bajo,918
20,Oaxaca,20560,Villa Díaz Ordaz,"6,467",11.352015,5.642633,69.625690,71.934436,18.270893,2.305476,1.902017,17.175793,1.210375,72.276657,32.853026,0.464228,Medio,622
20,Oaxaca,20561,Yaxe,"2,954",11.590172,5.894309,51.043115,30.670278,20.169082,10.386473,7.004831,95.289855,4.227053,86.231884,64.975845,1.748345,Alto,160
20,Oaxaca,20562,Magdalena Yodocono de Porfirio Díaz,"1,682",8.238173,3.971119,43.800979,21.938169,6.976744,5.073996,1.057082,25.369979,0.634249,48.625793,46.934461,0.086631,Bajo,936
20,Oaxaca,20563,Yogana,"1,245",29.907503,12.413793,75.642343,27.630522,20.580475,20.052770,4.221636,29.815303,2.110818,64.907652,24.010554,1.573704,Alto,205
20,Oaxaca,20564,Yutanduchi de Guerrero,"1,195",19.003476,0.497512,59.212051,10.878661,15.762274,1.291990,8.268734,63.565891,2.067183,87.855297,62.273902,1.434728,Alto,236
20,Oaxaca,20565,Villa de Zaachila,"46,464",5.694419,4.899559,36.000719,41.449294,25.680735,1.786930,35.764125,13.648741,3.522805,48.127978,24.029952,0.430165,Medio,638
20,Oaxaca,20566,San Mateo Yucutindoo,"3,144",19.685039,3.367003,60.583604,11.577608,21.245829,1.001112,9.232481,51.612903,2.780868,74.082314,61.067853,1.449143,Alto,232
20,Oaxaca,20567,Zapotitlán Lagunas,"3,382",22.250970,11.311475,70.763260,17.622708,15.977011,8.505747,17.816092,8.390805,1.034483,27.586207,25.517241,0.798769,Medio,460
20,Oaxaca,20568,Zapotitlán Palmas,"1,695",16.351684,1.792115,60.394412,25.958702,5.122951,3.073770,3.073770,12.295082,1.844262,33.401639,25.409836,0.017740,Bajo,"1,003"
20,Oaxaca,20569,Santa Inés de Zaragoza,"1,454",10.789981,3.061224,59.730250,15.887208,5.230126,6.903766,37.447699,62.552301,1.882845,70.502092,41.422594,1.188770,Alto,310
20,Oaxaca,20570,Zimatlán de Álvarez,"22,093",6.476190,5.077574,39.846390,54.012583,20.331737,2.274282,13.474692,16.073871,1.573187,43.382353,25.359097,0.004137,Bajo,"1,012"
21,Puebla,21001,Acajete,"72,894",8.600783,7.379944,51.756455,26.504239,3.512003,3.104242,12.818152,4.939165,1.433739,49.003617,35.100296,0.043081,Bajo,979
21,Puebla,21002,Acateno,"9,170",11.243386,9.684211,50.852440,24.852781,14.693405,4.589279,12.919398,11.106826,2.815272,54.955650,21.789433,0.411887,Medio,652
21,Puebla,21003,Acatlán,"37,955",8.710126,4.437401,39.541264,24.637070,5.530864,3.802469,14.834568,4.118519,0.839506,32.286420,14.577778,-0.377880,Bajo,"1,401"
21,Puebla,21004,Acatzingo,"63,743",7.396159,11.617816,51.964678,42.398381,3.765317,2.725585,11.229113,3.624211,0.965466,47.203862,42.539918,0.025824,Bajo,996
21,Puebla,21005,Acteopan,"3,070",16.673649,2.763819,58.022623,7.882736,12.634088,16.209774,36.948749,19.904648,1.311085,83.909416,56.734207,1.468753,Alto,227
21,Puebla,21006,Ahuacatlán,"14,542",29.391992,3.910819,57.676718,5.790125,24.587004,1.101322,3.359031,14.234581,0.936123,84.526432,65.748899,1.407935,Alto,245
21,Puebla,21007,Ahuatlán,"3,162",15.714938,7.512521,59.068068,7.337128,3.802281,8.111534,7.097592,11.913815,1.013942,47.655260,16.856781,0.247092,Medio,789
21,Puebla,21008,Ahuazotepec,"11,439",6.848123,4.407444,35.769326,34.557217,4.112406,2.261823,2.021933,5.551748,0.411241,36.223441,22.069911,-0.613190,Bajo,"1,675"
21,Puebla,21009,Ahuehuetitla,"2,207",11.749842,6.145251,53.569172,18.169461,2.295082,10.491803,9.344262,12.786885,1.803279,30.819672,14.262295,-0.033875,Bajo,"1,052"
21,Puebla,21010,Ajalpan,"74,768",18.160420,10.310725,59.494125,25.627274,23.499485,1.513395,18.721020,30.074704,1.751674,68.418341,52.492272,1.301096,Alto,278
21,Puebla,21011,Albino Zertuche,"1,885",10.083397,5.555556,62.547384,23.554377,5.294118,3.137255,3.725490,3.137255,2.156863,40.588235,18.431373,-0.077474,Bajo,"1,103"
21,Puebla,21012,Aljojuca,"6,591",9.278561,4.306220,47.986920,20.952814,4.806565,0.820633,0.879250,4.337632,0.527550,54.513482,34.818288,-0.165687,Bajo,"1,188"
21,Puebla,21013,Altepexi,"22,629",12.170234,10.418744,62.170234,38.207610,6.077348,0.807480,2.273693,2.974926,0.361241,46.472588,15.554611,-0.108496,Bajo,"1,134"
21,Puebla,21014,Amixtlán,"4,812",28.213879,5.771644,57.423208,11.076475,17.973373,2.366864,6.360947,11.908284,2.366864,79.142012,65.458580,1.322476,Alto,273
21,Puebla,21015,Amozoc,"125,876",4.524907,6.488981,31.893153,34.984429,3.243603,1.179492,11.075177,1.686800,0.434383,34.839405,22.042550,-0.641049,Bajo,"1,709"
21,Puebla,21016,Aquixtla,"9,021",11.138963,4.372990,50.007833,21.250416,9.401366,4.459622,6.870229,12.253917,2.330253,52.952993,41.100844,0.287023,Medio,757
21,Puebla,21017,Atempan,"29,742",12.088956,4.306220,47.416292,28.380741,8.195532,1.232956,1.653612,11.705831,1.058892,73.658254,52.712504,0.306085,Medio,735
21,Puebla,21018,Atexcal,"3,859",9.327388,2.916667,53.140097,23.840373,8.227848,4.972875,6.329114,6.148282,1.717902,66.998192,41.591320,0.256855,Medio,783
21,Puebla,21019,Atlixco,"141,793",4.777684,6.870264,36.059437,34.045404,4.177219,1.663423,3.092261,2.513795,0.535814,39.151761,15.967798,-0.655502,Bajo,"1,722"
21,Puebla,21020,Atoyatempan,"7,704",5.417607,8.867667,51.636569,23.792835,6.889010,2.296337,3.061782,2.569710,0.273373,50.027337,38.655003,-0.087151,Bajo,"1,113"
21,Puebla,21021,Atzala,"1,512",7.267709,5.243446,43.882245,15.806878,6.483791,2.992519,1.745636,3.990025,0.249377,28.179551,11.970075,-0.538135,Bajo,"1,594"
21,Puebla,21022,Atzitzihuacán,"12,857",9.844332,6.212883,60.381495,27.759197,8.593509,4.853168,1.731066,8.129830,0.927357,60.803709,39.134467,0.253842,Medio,784
21,Puebla,21023,Atzitzintla,"9,051",13.972421,8.775852,58.863599,13.733289,8.313311,1.970207,2.931283,14.992792,1.249399,49.591543,60.499760,0.554073,Medio,578
21,Puebla,21024,Axutla,976,15.796345,5.600000,61.749347,30.532787,1.666667,2.666667,7.333333,2.000000,1.333333,11.666667,5.000000,-0.382745,Bajo,"1,407"
21,Puebla,21025,Ayotoxco de Guerrero,"8,208",11.820814,6.823028,45.614035,18.384503,11.922246,3.153348,3.282937,6.263499,2.937365,65.701944,34.125270,0.309108,Medio,732
21,Puebla,21026,Calpan,"15,271",10.754515,3.872529,46.978366,34.359243,9.123783,1.780250,3.393602,3.226704,0.639777,50.264256,39.443672,-0.075161,Bajo,"1,099"
21,Puebla,21027,Caltepec,"4,128",10.243902,2.170543,55.414634,26.380814,12.781350,5.385852,8.440514,10.128617,5.787781,61.655949,50.401929,0.638184,Medio,540
21,Puebla,21028,Camocuautla,"2,758",23.666494,8.082707,58.726049,3.589558,13.259669,1.243094,0.966851,3.038674,1.933702,96.961326,85.359116,1.340639,Alto,265
21,Puebla,21029,Caxhuacan,"3,811",20.299679,1.574803,46.914021,24.639202,9.233998,3.462749,1.783841,3.252886,2.623295,78.593914,61.804827,0.621012,Medio,549
21,Puebla,21030,Coatepec,772,24.558304,1.612903,57.773852,10.751295,7.589286,0.000000,0.000000,7.589286,0.892857,70.535714,57.589286,0.648753,Medio,536
21,Puebla,21031,Coatzingo,"2,820",17.858929,8.946322,66.583292,7.765957,6.345178,5.710660,2.538071,6.979695,1.522843,31.091371,16.624365,0.220089,Medio,820
21,Puebla,21032,Cohetzala,"1,382",15.392157,2.777778,54.803922,5.137482,6.714628,5.995204,6.235012,6.954436,0.719424,22.541966,10.791367,-0.145771,Bajo,"1,171"
21,Puebla,21033,Cohuecan,"5,403",6.167057,5.189189,40.281030,17.157135,10.631970,8.029740,8.401487,11.078067,1.189591,65.873606,48.698885,0.291803,Medio,754
21,Puebla,21034,Coronango,"46,836",3.149815,6.908161,31.344649,40.223332,2.078687,1.382817,10.589705,2.337407,0.339013,35.926488,18.502989,-0.735733,Muy bajo,"1,824"
21,Puebla,21035,Coxcatlán,"20,653",10.680259,5.858931,41.368512,15.373069,16.546059,1.349501,4.322316,6.004303,0.840994,53.725797,31.468805,0.102949,Bajo,915
21,Puebla,21036,Coyomeapan,"14,806",26.208651,11.896243,72.052587,14.426584,17.029817,2.436927,8.830275,22.849771,2.035550,90.682339,81.536697,1.820886,Muy alto,147
21,Puebla,21037,Coyotepec,"2,334",12.493090,1.166181,46.821448,19.665810,6.119792,3.515625,1.953125,7.291667,0.911458,42.578125,22.265625,-0.226576,Bajo,"1,251"
21,Puebla,21038,Cuapiaxtla de Madero,"10,542",4.853818,11.787628,52.299177,45.750332,5.254237,3.093220,15.127119,5.000000,0.593220,44.110169,38.686441,-0.019191,Bajo,"1,037"
21,Puebla,21039,Cuautempan,"9,837",15.232558,6.527702,50.101744,9.942056,12.429972,3.851541,2.345938,14.740896,2.100840,78.676471,64.005602,0.838297,Medio,435
21,Puebla,21040,Cuautinchán,"12,340",7.746145,5.713058,46.915777,47.147488,6.017882,8.734525,16.815681,9.147180,2.200825,58.287483,35.935351,0.180889,Medio,856
21,Puebla,21041,Cuautlancingo,"137,435",1.444228,5.849821,17.926618,24.761524,1.115567,0.435047,0.585733,0.313525,0.072913,24.688297,9.121400,-1.207851,Muy bajo,"2,376"
21,Puebla,21042,Cuayuca de Andrade,"3,315",17.776853,6.679035,55.703580,12.880845,6.137566,4.444444,14.708995,6.666667,1.375661,41.481481,26.137566,0.305054,Medio,738
21,Puebla,21043,Cuetzalan del Progreso,"49,864",14.940626,5.285915,50.602306,20.674234,9.773179,6.573816,6.669320,13.473936,3.724632,80.437724,59.052925,0.848693,Medio,430
21,Puebla,21044,Cuyoaco,"17,139",7.339988,4.627643,42.991360,20.164537,3.483557,1.461632,1.193666,10.840438,0.925700,51.766139,36.906212,-0.200844,Bajo,"1,222"
21,Puebla,21045,Chalchicomula de Sesma,"47,410",9.231579,5.739459,41.147220,29.282852,3.570208,1.289716,1.896139,8.438674,0.461223,46.165015,38.793987,-0.251969,Bajo,"1,270"
21,Puebla,21046,Chapulco,"8,193",7.248735,6.778607,49.295011,29.744904,7.112971,2.719665,2.510460,7.165272,0.941423,48.692469,31.014644,-0.132924,Bajo,"1,159"
21,Puebla,21047,Chiautla,"21,699",10.020333,5.777282,41.796925,23.835200,8.133562,3.065068,8.818493,3.784247,1.113014,26.746575,14.092466,-0.364776,Bajo,"1,385"
21,Puebla,21048,Chiautzingo,"22,039",3.696951,4.112970,40.396102,39.221380,9.189189,1.541542,0.840841,2.522523,0.700701,45.985986,30.070070,-0.460464,Bajo,"1,494"
21,Puebla,21049,Chiconcuautla,"17,382",27.522288,7.738720,61.938388,12.259809,26.054956,2.625123,1.790972,21.270854,0.785083,87.684004,73.699706,1.618709,Alto,194
21,Puebla,21050,Chichiquila,"26,928",19.330729,12.571927,64.588642,19.214201,23.741960,2.137722,14.188422,36.662883,1.229663,87.930382,69.731366,1.716905,Alto,168
21,Puebla,21051,Chietla,"37,030",9.201704,6.979030,44.804593,16.278693,7.254442,2.304237,3.241554,2.489748,0.820152,24.048037,11.364968,-0.457901,Bajo,"1,488"
21,Puebla,21052,Chigmecatitlán,"1,215",17.280164,2.564103,57.873211,20.164609,7.012987,6.753247,1.558442,6.753247,0.779221,74.025974,51.688312,0.539796,Medio,585
21,Puebla,21053,Chignahuapan,"66,464",8.647388,5.449544,42.903281,37.281837,4.227737,2.388321,3.305109,8.934307,1.004380,43.982482,27.270073,-0.320023,Bajo,"1,340"
21,Puebla,21054,Chignautla,"35,223",9.517415,6.530015,51.657574,36.354087,6.567012,1.545931,3.730676,9.032835,1.367063,67.663217,48.486010,0.213228,Medio,830
21,Puebla,21055,Chila,"5,082",10.453057,9.776207,50.955240,17.591499,7.751938,7.188161,13.178295,9.020437,1.620860,39.393939,23.890063,0.173060,Medio,862
21,Puebla,21056,Chila de la Sal,"1,317",13.353414,6.486486,62.449799,16.628702,1.184834,2.369668,5.687204,2.369668,0.236967,23.459716,11.848341,-0.297079,Bajo,"1,313"
21,Puebla,21057,Honey,"6,687",17.284768,5.420267,54.216336,30.521908,4.164188,2.736466,4.699584,13.325402,1.963117,57.465794,35.871505,0.283898,Medio,761
21,Puebla,21058,Chilchotla,"21,002",20.990320,7.254686,66.939687,13.232073,7.678119,1.060641,1.913765,16.762739,1.406502,65.736684,55.130274,0.829811,Medio,438
21,Puebla,21059,Chinantla,"2,846",11.874387,7.258065,50.834151,20.484891,4.156171,9.068010,14.483627,9.571788,2.644836,30.478589,14.735516,0.035364,Bajo,987
21,Puebla,21060,Domingo Arenas,"7,982",5.104450,7.597685,56.693915,46.930594,8.301682,3.743896,4.069452,6.673901,0.976668,66.413456,55.290288,0.226234,Medio,814
21,Puebla,21061,Eloxochitlán,"14,461",24.847977,12.556929,68.022646,16.250605,34.355463,2.173266,27.270021,34.147068,2.709140,94.760345,80.738315,2.422952,Muy alto,61
21,Puebla,21062,Epatlán,"4,943",9.132290,5.227273,49.928876,19.097714,8.320726,2.571861,4.311649,3.025719,0.680787,27.382753,12.708018,-0.375328,Bajo,"1,397"
21,Puebla,21063,Esperanza,"14,766",8.421154,7.096028,44.078120,21.610456,3.139378,1.840325,1.596752,3.707713,0.649526,41.299053,44.519621,-0.205754,Bajo,"1,225"
21,Puebla,21064,Francisco Z. Mena,"17,824",11.110266,3.347428,47.665399,20.848294,14.507568,1.867505,22.331433,20.758797,1.965795,56.320031,20.247690,0.382546,Medio,678
21,Puebla,21065,General Felipe Ángeles,"22,694",11.566779,9.021864,57.246190,32.951441,4.255722,1.380745,1.550974,3.158691,0.586344,56.761869,45.072820,0.116638,Bajo,905
21,Puebla,21066,Guadalupe,"6,451",19.533898,4.682927,55.529661,16.230042,3.787879,5.140693,6.764069,4.924242,1.028139,29.004329,15.205628,-0.037402,Bajo,"1,056"
21,Puebla,21067,Guadalupe Victoria,"18,784",10.788571,6.716633,50.003810,21.225511,3.814831,1.414488,0.450064,7.029576,0.792970,53.707673,40.527218,-0.012301,Bajo,"1,028"
21,Puebla,21068,Hermenegildo Galeana,"7,011",29.735276,3.857351,63.020726,10.811582,15.396189,1.805416,2.206620,9.478435,1.504514,82.296891,67.602808,1.265036,Alto,288
21,Puebla,21069,Huaquechula,"29,233",7.854734,9.020519,59.910064,26.203263,7.689122,3.382109,1.849807,4.210381,0.966317,47.087245,24.254555,-0.030067,Bajo,"1,045"
21,Puebla,21070,Huatlatlauca,"6,111",22.938201,3.807615,64.394106,27.016855,3.276836,9.943503,3.502825,10.112994,1.468927,63.276836,36.271186,0.581877,Medio,564
21,Puebla,21071,Huauchinango,"103,946",8.378762,4.709500,35.141021,29.702923,8.355717,0.980036,5.281307,5.212341,0.435572,49.709619,30.900181,-0.295619,Bajo,"1,312"
21,Puebla,21072,Huehuetla,"17,082",28.101161,8.517733,64.295191,8.570425,11.710560,3.400665,11.633853,15.750447,4.448990,88.084889,73.127077,1.656486,Alto,184
21,Puebla,21073,Huehuetlán el Chico,"9,760",12.047846,7.990012,47.514051,16.034836,5.622804,6.247560,4.685670,7.223741,2.147599,34.322530,18.742679,-0.073047,Bajo,"1,094"
21,Puebla,21074,Huejotzingo,"90,794",2.880123,5.388601,28.978935,39.904619,4.652399,1.014666,0.996943,1.612832,0.279144,36.709646,22.761310,-0.826146,Muy bajo,"1,952"
21,Puebla,21075,Hueyapan,"13,080",9.489299,2.686567,46.031027,26.330275,16.412911,2.070646,0.852619,15.682095,1.004872,86.327649,76.248477,0.684574,Medio,515
21,Puebla,21076,Hueytamalco,"27,600",10.882279,6.387996,51.957011,26.039855,10.608466,2.698413,3.968254,6.084656,2.566138,61.613757,31.507937,0.226918,Medio,811
21,Puebla,21077,Hueytlalpan,"5,951",26.582278,8.874046,63.736521,11.225004,16.550765,1.738526,21.070932,30.945758,6.675939,93.532684,79.137691,2.089962,Muy alto,107
21,Puebla,21078,Huitzilan de Serdán,"15,928",22.015840,14.052090,69.375825,9.762682,14.540816,8.035714,2.117347,9.209184,2.168367,91.989796,79.158163,1.603240,Alto,198
21,Puebla,21079,Huitziltepec,"5,782",3.016298,2.654867,41.425444,37.772397,4.964990,3.182686,13.367282,4.328453,0.827498,52.323361,31.508593,-0.317234,Bajo,"1,333"
21,Puebla,21080,Atlequizayan,"2,633",25.167612,5.032823,63.073749,19.445499,4.296296,2.814815,1.925926,4.888889,1.481481,92.888889,70.074074,1.014116,Alto,368
21,Puebla,21081,Ixcamilpa de Guerrero,"4,065",18.443904,7.552870,58.631469,14.120541,9.281165,9.918107,16.560510,10.464058,2.274795,29.299363,15.104641,0.412932,Medio,650
21,Puebla,21082,Ixcaquixtla,"8,804",6.350966,3.190104,35.571745,26.976374,5.967675,2.320763,1.989225,3.273933,1.036055,38.416908,29.548280,-0.494862,Bajo,"1,541"
21,Puebla,21083,Ixtacamaxtitlán,"25,319",13.065525,3.726977,50.256352,15.719420,9.197194,3.273578,4.427124,20.327358,2.104443,65.830086,49.353079,0.506989,Medio,607
21,Puebla,21084,Ixtepec,"6,950",27.070129,8.784314,65.119607,16.230216,15.251300,2.195263,7.221259,13.864818,4.390526,92.778741,79.376083,1.682939,Alto,178
21,Puebla,21085,Izúcar de Matamoros,"82,809",7.668449,5.143601,38.717790,25.931964,4.720692,1.471745,3.318369,1.369926,0.546119,27.963160,12.366363,-0.668701,Bajo,"1,737"
21,Puebla,21086,Jalpan,"12,050",13.524057,4.953146,49.769476,18.771784,16.561086,2.895928,27.420814,12.518854,2.956259,73.966817,38.431373,0.863026,Medio,426
21,Puebla,21087,Jolalpan,"13,308",15.562667,6.927465,61.706667,13.029757,17.765297,7.626367,4.138339,10.464085,2.423884,60.005912,19.391073,0.621330,Medio,548
21,Puebla,21088,Jonotla,"4,457",15.325077,2.202073,49.628483,20.843617,8.821233,6.713505,3.200625,9.445746,3.122560,73.926620,44.184231,0.512407,Medio,604
21,Puebla,21089,Jopala,"12,131",24.262528,3.210202,57.315484,17.500618,10.922787,1.381042,5.053358,10.514752,1.224105,73.760201,41.807910,0.709436,Medio,503
21,Puebla,21090,Juan C. Bonilla,"23,783",2.768758,6.045340,33.608832,33.528150,2.038719,2.055851,6.287476,2.055851,0.291246,37.382217,17.988693,-0.746408,Muy bajo,"1,838"
21,Puebla,21091,Juan Galindo,"9,828",5.612877,3.910951,30.320539,24.796500,3.500000,0.821429,0.464286,1.142857,0.071429,35.107143,18.642857,-0.805521,Muy bajo,"1,925"
21,Puebla,21092,Juan N. Méndez,"5,293",14.685885,5.193483,59.341855,17.268090,7.661017,4.677966,5.898305,7.118644,1.288136,49.830508,41.694915,0.351982,Medio,698
21,Puebla,21093,Lafragua,"7,650",13.009492,6.734251,60.450400,21.333333,5.352548,1.441071,0.463201,4.786413,0.566135,61.451364,44.467319,0.239635,Medio,798
21,Puebla,21094,Libres,"37,257",5.813456,4.776579,37.425581,28.080629,3.500557,3.132664,2.073579,6.923077,0.836120,46.588629,33.656633,-0.385755,Bajo,"1,413"
21,Puebla,21095,La Magdalena Tlatlauquitepec,650,4.525862,6.140351,28.663793,24.000000,2.366864,1.775148,2.366864,1.775148,0.000000,34.911243,23.076923,-0.755632,Muy bajo,"1,852"
21,Puebla,21096,Mazapiltepec de Juárez,"3,176",5.558026,8.243728,47.176523,13.570529,1.426719,3.372244,0.518807,11.284047,0.907912,50.843061,38.132296,-0.121447,Bajo,"1,149"
21,Puebla,21097,Mixtla,"2,668",3.249476,2.727273,31.236897,26.049475,4.700162,1.620746,1.458671,1.458671,0.972447,50.243112,19.935170,-0.665294,Bajo,"1,733"
21,Puebla,21098,Molcaxac,"6,668",9.075665,5.972851,46.468246,28.284343,4.116356,4.829857,2.250274,7.409440,1.481888,64.105379,43.578485,0.082325,Bajo,944
21,Puebla,21099,Cañada Morelos,"20,659",11.902748,9.350788,57.138830,22.464785,5.223316,9.576079,4.201363,13.304315,1.059803,42.146101,34.897805,0.249678,Medio,787
21,Puebla,21100,Naupan,"9,310",19.448794,4.027927,59.176323,10.644468,15.446466,3.724080,2.877698,6.813373,0.973339,92.297926,74.693187,1.121633,Alto,330
21,Puebla,21101,Nauzontla,"3,317",10.402275,4.315197,55.262089,15.073862,4.361055,3.549696,7.200811,4.665314,2.028398,71.399594,57.200811,0.439627,Medio,635
21,Puebla,21102,Nealtican,"14,075",4.756009,6.496612,50.438461,37.229130,3.319502,0.478774,0.159591,0.829876,0.414938,52.441749,32.875838,-0.371071,Bajo,"1,393"
21,Puebla,21103,Nicolás Bravo,"6,644",8.365843,6.869010,54.334634,29.771222,9.508615,4.339502,6.892151,32.482451,2.042119,52.074027,36.311423,0.378089,Medio,682
21,Puebla,21104,Nopalucan,"32,772",7.983042,7.549903,46.933069,18.650067,2.424830,1.912152,0.914507,2.812803,0.762090,48.302619,42.870999,-0.150866,Bajo,"1,174"
21,Puebla,21105,Ocotepec,"5,077",10.080310,3.389831,45.555248,16.761867,4.730229,2.660754,4.434590,12.121212,1.847746,51.515152,33.924612,-0.017201,Bajo,"1,034"
21,Puebla,21106,Ocoyucan,"42,669",7.343413,9.080702,37.886692,40.230612,2.823069,2.329265,11.245691,2.673996,0.400634,30.587906,16.752073,-0.547773,Bajo,"1,607"
21,Puebla,21107,Olintla,"11,993",32.763498,6.237343,68.490961,9.530559,15.933670,4.902668,42.321557,29.235761,4.794521,93.294881,77.793800,2.412314,Muy alto,64
21,Puebla,21108,Oriental,"19,903",7.603018,4.333954,39.995647,22.283073,1.931649,3.693483,1.485884,9.530885,0.785396,47.951603,35.130546,-0.291075,Bajo,"1,306"
21,Puebla,21109,Pahuatlán,"20,274",18.601115,5.237484,53.327058,18.008286,11.509716,3.157698,1.513453,4.652466,2.279522,72.215994,49.028401,0.618424,Medio,550
21,Puebla,21110,Palmar de Bravo,"50,226",12.881276,11.568689,54.619686,23.109545,4.454214,2.778699,3.633046,10.700066,1.327140,53.782349,48.664565,0.345644,Medio,702
21,Puebla,21111,Pantepec,"18,528",20.884158,4.367666,51.474828,20.784758,15.380195,2.873013,17.027389,17.333844,3.102854,74.621720,38.306838,0.933556,Medio,406
21,Puebla,21112,Petlalcingo,"9,350",16.415707,5.926388,55.757307,17.251337,5.512422,3.183230,6.521739,5.590062,1.203416,42.430124,26.630435,0.116309,Bajo,906
21,Puebla,21113,Piaxtla,"4,627",18.526012,5.451937,58.121387,23.362870,2.763997,5.386251,9.709426,6.236712,1.063076,24.663359,10.559887,-0.086591,Bajo,"1,111"
21,Puebla,21114,Puebla,"1,692,181",2.325257,5.377091,21.493210,28.987443,1.196996,0.508026,2.240305,0.759418,0.213233,25.213862,10.442945,-1.128401,Muy bajo,"2,303"
21,Puebla,21115,Quecholac,"57,992",13.620266,12.032419,61.739692,31.171541,3.984834,1.940376,8.296781,3.018363,0.832652,48.509405,45.654598,0.303411,Medio,743
21,Puebla,21116,Quimixtlán,"22,855",17.352403,10.778930,66.318715,14.421352,11.341719,1.278826,7.651992,23.647799,0.838574,72.662474,50.880503,0.977171,Alto,389
21,Puebla,21117,Rafael Lara Grajales,"15,952",5.931377,8.097731,38.921890,23.457874,1.914779,0.593312,0.080906,0.377562,0.269687,36.596548,32.793959,-0.538656,Bajo,"1,595"
21,Puebla,21118,Los Reyes de Juárez,"30,021",5.748389,11.211211,58.842331,47.463442,4.969231,2.507692,2.984615,3.569231,0.676923,43.876923,45.461538,-0.052057,Bajo,"1,073"
21,Puebla,21119,San Andrés Cholula,"154,448",1.685403,4.209027,18.756312,31.654019,1.047670,1.664209,2.709646,0.449001,0.069249,23.826118,7.543672,-1.224644,Muy bajo,"2,389"
21,Puebla,21120,San Antonio Cañada,"5,938",18.430118,10.480349,60.162402,25.867295,10.000000,7.318841,5.217391,14.057971,2.536232,76.666667,46.811594,0.918935,Medio,413
21,Puebla,21121,San Diego la Mesa Tochimiltzingo,"1,270",15.869565,5.116279,63.369565,9.921260,3.296703,6.593407,3.846154,6.318681,0.274725,55.494505,27.197802,0.243255,Medio,793
21,Puebla,21122,San Felipe Teotlalcingo,"11,063",2.847065,4.729012,41.559587,32.947663,9.160015,2.014443,1.140251,2.926644,0.608134,43.253516,28.620296,-0.454968,Bajo,"1,484"
21,Puebla,21123,San Felipe Tepatlán,"3,793",27.139088,4.736130,67.056163,15.106776,25.327103,4.112150,3.177570,13.831776,2.616822,82.897196,71.401869,1.597886,Alto,200
21,Puebla,21124,San Gabriel Chilac,"15,954",11.505571,8.088235,51.403645,34.605742,13.558014,1.337793,0.591716,3.524569,0.617443,53.974788,26.472858,0.024431,Bajo,998
21,Puebla,21125,San Gregorio Atzompa,"9,671",2.174519,8.122867,33.955952,25.540275,2.500000,1.048387,0.685484,0.887097,0.040323,28.185484,12.500000,-0.892439,Muy bajo,"2,033"
21,Puebla,21126,San Jerónimo Tecuanipan,"6,597",4.396571,6.798623,49.989009,25.420646,4.532967,4.532967,5.631868,5.700549,0.961538,53.846154,32.486264,-0.118572,Bajo,"1,147"
21,Puebla,21127,San Jerónimo Xayacatlán,"3,606",14.079422,0.920810,53.393502,20.077648,4.695652,4.869565,10.434783,7.565217,1.304348,56.086957,20.695652,0.068495,Bajo,958
21,Puebla,21128,San José Chiapa,"10,443",7.855239,4.974359,45.251788,23.010629,1.120897,1.521217,0.720576,8.366693,0.600480,48.078463,32.025620,-0.319252,Bajo,"1,336"
21,Puebla,21129,San José Miahuatlán,"14,018",13.511390,5.823627,57.727808,30.810387,11.929725,1.303485,0.906772,2.210258,0.538396,47.662227,23.094361,-0.000455,Bajo,"1,016"
21,Puebla,21130,San Juan Atenco,"3,604",10.243902,5.683837,50.281426,21.087680,3.423237,1.452282,1.763485,5.705394,0.726141,45.020747,34.336100,-0.156697,Bajo,"1,178"
21,Puebla,21131,San Juan Atzompa,975,3.698435,5.421687,43.669986,32.307692,0.366300,4.761905,1.831502,4.029304,0.000000,43.956044,31.501832,-0.504566,Bajo,"1,555"
21,Puebla,21132,San Martín Texmelucan,"155,738",3.034109,5.502892,29.845722,40.742786,3.250778,0.502131,0.645971,0.776735,0.167377,33.938332,18.652091,-0.917829,Muy bajo,"2,074"
21,Puebla,21133,San Martín Totoltepec,692,11.389961,1.886792,49.420849,11.705202,6.701031,1.030928,1.546392,1.030928,0.515464,25.257732,13.402062,-0.474816,Bajo,"1,508"
21,Puebla,21134,San Matías Tlalancaleca,"20,974",4.374018,5.338932,39.189366,42.590827,3.448948,1.266563,0.623539,2.357755,0.331255,40.744349,23.402182,-0.675187,Bajo,"1,750"
21,Puebla,21135,San Miguel Ixitlán,526,9.352518,2.777778,58.752998,6.083650,3.370787,4.494382,1.123596,4.494382,0.561798,62.359551,35.393258,0.078454,Bajo,951
21,Puebla,21136,San Miguel Xoxtla,"12,461",1.938027,4.061417,22.916895,21.812054,1.161972,0.809859,0.528169,1.056338,0.070423,32.253521,16.549296,-1.034623,Muy bajo,"2,218"
21,Puebla,21137,San Nicolás Buenos Aires,"10,464",12.901424,9.147935,59.983245,18.673547,3.050020,2.277349,0.894673,5.083367,0.894673,54.534364,35.339569,0.148878,Medio,879
21,Puebla,21138,San Nicolás de los Ranchos,"11,780",7.239159,4.862475,48.257014,30.050934,9.232523,0.645897,1.291793,0.987842,0.265957,57.218845,48.138298,-0.057591,Bajo,"1,076"
21,Puebla,21139,San Pablo Anicano,"3,759",11.531399,4.091653,45.317664,14.392126,4.223969,4.813360,9.528487,8.251473,1.669941,34.577603,18.074656,-0.175635,Bajo,"1,196"
21,Puebla,21140,San Pedro Cholula,"138,433",2.287145,5.395316,26.070795,33.151777,1.549793,1.043235,2.250760,0.857041,0.199885,25.713973,11.486542,-1.068962,Muy bajo,"2,258"
21,Puebla,21141,San Pedro Yeloixtlahuaca,"3,488",11.919748,3.539823,45.751377,22.362385,2.509653,5.308880,8.590734,5.212355,2.606178,33.880309,16.795367,-0.235837,Bajo,"1,257"
21,Puebla,21142,San Salvador el Seco,"30,639",9.722349,6.507552,50.493196,43.402200,3.868967,1.240226,1.064977,9.530871,0.606633,64.410892,46.980318,0.026462,Bajo,994
21,Puebla,21143,San Salvador el Verde,"34,880",2.631684,5.151515,31.978947,35.831422,3.659837,1.042284,0.911998,1.551581,0.568518,42.733625,28.366694,-0.704996,Bajo,"1,780"
21,Puebla,21144,San Salvador Huixcolotla,"16,790",5.612819,12.045455,58.501516,66.486004,8.499299,1.430575,24.600281,3.281907,0.673212,37.868163,38.793829,0.078763,Bajo,950
21,Puebla,21145,San Sebastián Tlacotepec,"13,189",20.084015,11.386139,66.553134,11.274547,31.766860,1.464754,11.870613,31.064998,4.943546,94.110467,68.843454,2.036808,Muy alto,116
21,Puebla,21146,Santa Catarina Tlaltempan,749,17.376491,4.950495,59.454855,23.497997,5.078125,3.906250,1.562500,8.593750,1.562500,75.781250,32.031250,0.406899,Medio,658
21,Puebla,21147,Santa Inés Ahuatempan,"6,341",15.511551,5.605787,52.475248,22.378174,15.656009,3.583241,16.648291,5.898567,1.598677,56.945976,44.156560,0.616474,Medio,551
21,Puebla,21148,Santa Isabel Cholula,"11,498",7.155658,9.029779,52.828981,25.595756,5.399152,3.856537,21.943695,4.357887,0.809873,58.927883,34.516005,0.239728,Medio,796
21,Puebla,21149,Santiago Miahuatlán,"30,309",7.842219,9.901711,49.859458,28.961695,15.215337,1.755097,5.994330,9.977049,2.281625,49.520724,29.917645,0.196450,Medio,846
21,Puebla,21150,Huehuetlán el Grande,"6,105",14.610918,5.860806,56.701510,20.917281,3.621495,6.834112,5.432243,7.184579,1.051402,49.240654,35.105140,0.201806,Medio,842
21,Puebla,21151,Santo Tomás Hueyotlipan,"9,315",3.234055,4.208543,37.605295,51.884058,4.840142,2.886323,1.865009,3.641208,1.021314,42.229130,31.571936,-0.590095,Bajo,"1,650"
21,Puebla,21152,Soltepec,"12,631",7.591855,4.405691,50.354139,25.176154,3.554502,2.335816,3.385240,11.272850,1.489506,46.343940,35.646581,-0.121380,Bajo,"1,148"
21,Puebla,21153,Tecali de Herrera,"23,625",3.370989,3.839812,37.645716,39.809524,3.915362,4.331889,3.582139,4.681773,0.649783,48.633789,28.223925,-0.511465,Bajo,"1,565"
21,Puebla,21154,Tecamachalco,"80,771",5.699775,5.945460,37.958981,39.425041,3.525288,1.802704,7.881823,3.299950,0.490736,41.402103,30.295443,-0.468017,Bajo,"1,503"
21,Puebla,21155,Tecomatlán,"6,830",12.752600,6.818182,44.202472,27.569546,5.967742,3.172043,8.333333,3.440860,0.698925,41.290323,22.741935,-0.164292,Bajo,"1,187"
21,Puebla,21156,Tehuacán,"327,312",4.929015,6.050636,34.153380,35.196388,5.568726,0.457704,2.479814,1.029246,0.545723,42.069993,18.179044,-0.661410,Bajo,"1,728"
21,Puebla,21157,Tehuitzingo,"12,672",15.068795,7.742844,53.362686,25.860164,5.200594,4.814264,17.295691,5.824666,2.020802,31.887073,16.225854,0.075558,Bajo,955
21,Puebla,21158,Tenampulco,"6,743",10.704607,2.517623,47.812621,23.787632,10.511090,3.230473,38.090646,18.370299,2.941176,68.177435,27.965284,0.649538,Medio,535
21,Puebla,21159,Teopantlán,"3,836",31.258235,5.744681,72.068511,24.139729,17.915590,6.546081,3.100775,7.321275,1.033592,64.254953,35.917313,1.075963,Alto,344
21,Puebla,21160,Teotlalco,"3,689",8.428680,5.792683,48.321892,13.336948,5.970149,6.467662,6.467662,6.666667,1.094527,29.552239,15.124378,-0.255906,Bajo,"1,273"
21,Puebla,21161,Tepanco de López,"22,218",7.109668,4.952035,44.510216,31.294446,7.915994,1.382158,2.369413,3.374619,1.328307,41.321127,27.589302,-0.324036,Bajo,"1,344"
21,Puebla,21162,Tepango de Rodríguez,"4,155",29.822768,7.066667,59.747785,29.747292,26.993276,2.401537,9.125841,18.539866,2.497598,92.026897,74.543708,1.758268,Alto,159
21,Puebla,21163,Tepatlaxco de Hidalgo,"18,854",6.611570,8.405473,54.484236,32.147025,4.277683,0.879980,6.966512,1.588854,1.051088,51.649963,39.354681,-0.051324,Bajo,"1,072"
21,Puebla,21164,Tepeaca,"84,270",5.148222,8.005954,41.813398,43.025988,3.611141,4.134730,2.477599,4.588146,0.496599,41.088200,31.399115,-0.427168,Bajo,"1,452"
21,Puebla,21165,Tepemaxalco,"1,216",18.125000,6.792453,61.125000,19.736842,6.870229,14.122137,2.290076,19.847328,2.290076,64.122137,41.221374,0.791084,Medio,464
21,Puebla,21166,Tepeojuma,"8,918",11.477963,6.475801,52.047968,20.755775,8.056662,1.549358,1.106684,2.611775,0.619743,30.765826,13.811421,-0.315133,Bajo,"1,330"
21,Puebla,21167,Tepetzintla,"10,373",28.941685,6.537753,61.180706,6.748289,25.078003,2.262090,6.123245,21.918877,2.730109,91.263651,77.691108,1.818625,Muy alto,149
21,Puebla,21168,Tepexco,"7,523",14.195038,10.861423,55.895364,9.770039,9.742441,15.341545,12.430011,20.884658,1.791713,64.165733,38.801792,0.908833,Medio,416
21,Puebla,21169,Tepexi de Rodríguez,"22,331",8.975870,4.490008,45.294957,29.824011,8.483546,5.738383,17.793947,8.235489,1.058376,51.281627,30.411774,0.097335,Bajo,922
21,Puebla,21170,Tepeyahualco,"19,200",9.547133,6.281548,50.810037,23.218750,2.334961,2.504776,0.806623,13.054553,1.040119,53.003609,35.151772,-0.045747,Bajo,"1,061"
21,Puebla,21171,Tepeyahualco de Cuauhtémoc,"3,851",3.930761,7.258065,42.228633,34.822124,1.472031,1.570167,1.570167,2.747792,1.177625,39.057900,27.281649,-0.552050,Bajo,"1,614"
21,Puebla,21172,Tetela de Ocampo,"27,216",13.101645,4.585829,48.618586,20.502646,9.989621,2.957966,5.396990,10.651271,2.296316,55.280228,44.797613,0.327481,Medio,715
21,Puebla,21173,Teteles de Avila Castillo,"6,653",4.452952,2.483286,23.735644,22.726590,2.685714,0.800000,0.400000,7.200000,1.028571,47.771429,33.485714,-0.631994,Bajo,"1,704"
21,Puebla,21174,Teziutlán,"103,583",4.415392,5.043384,31.438735,34.037439,1.480222,0.538263,0.545345,1.855590,0.400156,41.924289,24.338681,-0.762368,Muy bajo,"1,866"
21,Puebla,21175,Tianguismanalco,"14,432",5.908693,6.468674,49.391609,42.364191,8.472687,1.895206,1.616499,3.511706,0.529543,58.500557,31.131550,-0.187450,Bajo,"1,210"
21,Puebla,21176,Tilapa,"9,664",7.852194,5.362584,44.269630,16.080298,5.613226,3.075740,2.383699,3.075740,1.114956,28.911957,13.840830,-0.476135,Bajo,"1,511"
21,Puebla,21177,Tlacotepec de Benito Juárez,"54,757",13.142326,6.994362,54.546991,36.221853,11.223319,3.366231,4.536761,10.098692,1.805524,45.727182,38.704001,0.245591,Medio,790
21,Puebla,21178,Tlacuilotepec,"15,977",15.834381,4.005296,58.074367,20.247856,8.305199,2.340761,28.921900,15.665091,2.363268,77.267612,56.695926,1.008493,Alto,371
21,Puebla,21179,Tlachichuca,"31,639",10.577661,6.610849,45.562531,17.541642,5.351217,1.825221,1.327434,9.126106,0.995575,57.646571,45.644358,0.088434,Bajo,933
21,Puebla,21180,Tlahuapan,"41,547",4.904175,5.139157,42.351129,34.755819,4.489180,2.476095,0.674383,2.345244,0.452944,46.391545,33.980876,-0.431263,Bajo,"1,457"
21,Puebla,21181,Tlaltenango,"7,425",4.179627,3.962536,35.808709,27.757576,3.793103,1.839080,1.494253,3.965517,0.689655,40.689655,26.321839,-0.604486,Bajo,"1,670"
21,Puebla,21182,Tlanepantla,"5,390",3.820103,7.395833,46.328908,28.534323,6.417112,2.049911,7.486631,3.743316,0.980392,66.666667,32.442068,-0.075226,Bajo,"1,100"
21,Puebla,21183,Tlaola,"20,433",23.293703,6.518625,60.802877,14.843635,25.809676,2.339064,6.037585,15.313874,1.079568,85.365854,66.533387,1.412967,Alto,242
21,Puebla,21184,Tlapacoya,"6,422",19.555250,8.090615,60.912425,8.844597,16.549296,2.347418,6.807512,22.769953,0.586854,70.833333,57.042254,1.068517,Alto,349
21,Puebla,21185,Tlapanalá,"10,344",8.134976,8.282379,60.249230,26.972158,8.986993,3.626330,2.167915,4.178163,0.512416,32.321640,18.249901,-0.180108,Bajo,"1,202"
21,Puebla,21186,Tlatlauquitepec,"55,576",8.898498,3.156641,38.651191,23.632503,5.302027,2.118024,1.623354,7.733575,1.497945,54.929283,37.992057,-0.168891,Bajo,"1,190"
21,Puebla,21187,Tlaxco,"4,934",16.614951,7.814270,59.125529,15.768139,12.394958,3.081232,15.056022,14.285714,4.761905,68.697479,60.364146,1.109729,Alto,336
21,Puebla,21188,Tochimilco,"19,315",7.762489,10.066106,60.349985,31.322806,10.127909,5.598658,2.558188,11.050535,1.069407,63.053051,48.836234,0.431647,Medio,637
21,Puebla,21189,Tochtepec,"22,454",5.781420,6.539035,43.536718,33.887058,5.093379,3.376721,5.829089,4.791549,0.716846,44.727410,33.050368,-0.277561,Bajo,"1,290"
21,Puebla,21190,Totoltepec de Guerrero,"1,187",5.610561,1.111111,44.994499,20.808762,3.333333,5.000000,7.142857,5.476190,2.857143,66.190476,28.095238,-0.085727,Bajo,"1,110"
21,Puebla,21191,Tulcingo,"9,871",18.100890,7.317073,58.527625,19.987843,5.089059,4.398401,13.595056,6.979280,0.799709,26.208651,11.995638,0.043072,Bajo,980
21,Puebla,21192,Tuzamapan de Galeana,"5,924",11.817168,2.675585,48.628763,9.959487,4.250152,1.882210,2.550091,2.914390,2.671524,77.959927,45.901639,0.281549,Medio,762
21,Puebla,21193,Tzicatlacoyan,"6,476",8.353222,5.464481,52.679540,19.410130,2.002288,14.359268,7.894737,14.645309,0.972540,63.043478,40.102975,0.323191,Medio,720
21,Puebla,21194,Venustiano Carranza,"28,395",10.251056,3.498483,40.850112,30.716675,6.950644,1.555924,24.780003,3.634740,1.810993,44.407601,20.329040,-0.087794,Bajo,"1,114"
21,Puebla,21195,Vicente Guerrero,"26,559",25.090972,8.529782,67.833420,10.794834,20.332159,1.543365,19.946318,52.927361,1.878879,71.598725,69.904378,1.875933,Muy alto,136
21,Puebla,21196,Xayacatlán de Bravo,"1,570",15.686275,4.214559,45.950554,15.031847,1.871102,3.534304,5.613306,4.158004,1.663202,50.103950,17.463617,-0.109250,Bajo,"1,135"
21,Puebla,21197,Xicotepec,"80,591",8.191407,3.932277,38.789599,29.614969,5.260426,1.330440,8.850727,4.486696,1.269107,56.779581,29.802793,-0.212064,Bajo,"1,232"
21,Puebla,21198,Xicotlán,"1,312",17.902542,7.425743,53.707627,6.631098,4.322767,5.763689,61.959654,4.034582,0.864553,31.988473,16.426513,0.659773,Medio,527
21,Puebla,21199,Xiutetelco,"42,943",14.364432,10.462462,55.715122,31.572084,6.051698,1.115053,1.206285,7.278256,0.679169,62.807907,42.341612,0.274890,Medio,770
21,Puebla,21200,Xochiapulco,"3,443",10.670369,6.930693,56.207854,14.376997,11.735700,3.155819,4.733728,22.879684,5.522682,70.315582,56.311637,0.884733,Medio,420
21,Puebla,21201,Xochiltepec,"3,375",9.332770,3.171953,60.768581,17.540741,8.715596,1.949541,0.688073,1.949541,0.917431,26.376147,13.073394,-0.328528,Bajo,"1,353"
21,Puebla,21202,Xochitlán de Vicente Suárez,"13,025",17.343214,9.878610,61.010950,12.798464,8.737864,4.442483,8.884966,13.533392,3.765813,87.408061,72.138864,1.255675,Alto,292
21,Puebla,21203,Xochitlán Todos Santos,"7,178",11.447608,8.357988,52.432869,18.835330,7.249467,4.797441,5.277186,7.089552,0.692964,43.869936,40.138593,0.157128,Medio,874
21,Puebla,21204,Yaonáhuac,"7,926",5.473942,2.731848,33.490731,25.561443,7.965932,1.653307,1.352705,10.420842,1.252505,72.344689,51.252505,-0.030647,Bajo,"1,046"
21,Puebla,21205,Yehualtepec,"26,392",7.574987,5.438491,52.239733,24.397545,4.689655,2.819923,9.164751,7.295019,0.965517,42.421456,26.973180,-0.139734,Bajo,"1,165"
21,Puebla,21206,Zacapala,"4,647",13.998113,5.681818,59.987417,19.754680,6.307692,8.846154,13.307692,8.307692,1.230769,48.230769,22.307692,0.299632,Medio,746
21,Puebla,21207,Zacapoaxtla,"57,887",10.393782,4.594933,43.232640,24.190233,8.574135,2.341477,3.241524,8.533532,2.016647,60.079854,47.891994,0.166189,Medio,869
21,Puebla,21208,Zacatlán,"87,361",8.419550,4.313201,35.836604,30.040865,7.553689,1.386520,3.350391,7.991077,0.831037,46.078817,34.041902,-0.287951,Bajo,"1,304"
21,Puebla,21209,Zapotitlán,"8,595",9.129747,4.357143,45.759494,33.694008,9.213974,4.585153,7.423581,8.515284,2.227074,49.606987,34.017467,0.037017,Bajo,985
21,Puebla,21210,Zapotitlán de Méndez,"5,675",15.590361,2.848423,48.843373,10.449339,9.931034,0.896552,1.793103,1.310345,0.827586,79.517241,56.275862,0.455306,Medio,630
21,Puebla,21211,Zaragoza,"16,752",4.842296,2.773775,30.083175,29.506925,3.288728,0.567022,0.544341,2.767067,0.703107,39.759583,35.314130,-0.658542,Bajo,"1,726"
21,Puebla,21212,Zautla,"20,717",13.780522,5.668821,56.883244,21.880581,18.837754,2.496100,4.758190,27.476599,2.281591,67.180187,72.191888,1.035638,Alto,364
21,Puebla,21213,Zihuateutla,"11,967",17.484034,5.405405,54.898181,15.851926,13.432364,2.338812,7.332491,13.337547,2.528445,77.749684,43.046776,0.780749,Medio,472
21,Puebla,21214,Zinacatepec,"18,359",13.394250,8.844221,55.842805,33.160848,11.756664,0.865801,0.797448,0.888585,0.387332,45.614035,17.931192,-0.067004,Bajo,"1,088"
21,Puebla,21215,Zongozotla,"4,539",21.324993,5.581395,54.506682,7.226261,11.810345,1.293103,0.948276,1.206897,0.775862,89.568966,76.551724,0.969849,Alto,394
21,Puebla,21216,Zoquiapan,"2,452",23.008357,4.415011,53.036212,15.905383,9.400545,5.994550,2.179837,5.994550,5.449591,79.291553,57.901907,0.992096,Alto,384
21,Puebla,21217,Zoquitlán,"20,335",30.316059,11.704495,71.049257,11.246619,28.317084,2.098347,6.210259,24.162781,1.780415,88.978381,78.910555,2.052345,Muy alto,114
22,Querétaro,22001,Amealco de Bonfil,"66,841",11.142189,6.739079,49.087691,22.843764,3.683349,14.540458,3.391020,18.130262,2.882367,55.928438,28.086997,0.297960,Medio,749
22,Querétaro,22002,Pinal de Amoles,"27,365",11.367596,5.640656,45.960366,13.422255,6.925004,8.251068,14.292029,11.978783,5.584205,48.416090,36.422573,0.465090,Medio,621
22,Querétaro,22003,Arroyo Seco,"13,142",10.896012,6.814159,46.196975,12.060569,3.392059,3.444649,9.308441,5.074941,1.682882,24.033658,10.702077,-0.325045,Bajo,"1,346"
22,Querétaro,22004,Cadereyta de Montes,"69,075",8.287429,5.248469,42.403190,22.623236,3.043125,13.795502,3.616972,16.015534,2.272200,45.577324,20.594714,-0.061460,Bajo,"1,079"
22,Querétaro,22005,Colón,"67,121",6.870017,5.407801,40.516854,26.219812,5.802852,7.718537,2.269064,8.189709,1.035338,40.644761,19.144451,-0.341174,Bajo,"1,365"
22,Querétaro,22006,Corregidora,"212,567",1.673109,4.692779,14.163355,21.000438,1.199601,0.358322,0.993955,0.425313,0.152677,12.452483,2.844768,-1.378351,Muy bajo,"2,456"
22,Querétaro,22007,Ezequiel Montes,"45,141",6.766941,5.346584,42.684978,34.790988,2.666544,2.325152,2.768038,2.740358,0.618195,38.964754,16.146891,-0.585071,Bajo,"1,643"
22,Querétaro,22008,Huimilpan,"36,808",8.290786,8.006417,46.720603,25.910128,1.404324,2.606587,0.868862,3.212770,0.666801,26.015357,7.415640,-0.629631,Bajo,"1,700"
22,Querétaro,22009,Jalpan de Serra,"27,343",8.368050,4.629630,37.746233,10.982701,3.802482,3.327172,9.981516,3.657248,2.759440,29.244785,14.338527,-0.386882,Bajo,"1,415"
22,Querétaro,22010,Landa de Matamoros,"18,794",13.075438,5.501041,50.601426,7.651378,2.215546,4.506196,26.755539,11.096508,1.802478,25.441232,14.701465,0.054617,Bajo,969
22,Querétaro,22011,El Marqués,"231,668",2.876912,5.499668,22.460002,20.794413,2.511786,0.917796,3.218916,1.259576,0.374190,25.269593,7.731291,-1.040843,Muy bajo,"2,231"
22,Querétaro,22012,Pedro Escobedo,"77,404",4.523978,5.664714,31.722153,18.833652,3.453887,2.477560,0.871345,2.829248,0.572148,36.349798,11.054538,-0.752230,Muy bajo,"1,849"
22,Querétaro,22013,Peñamiller,"19,141",8.733005,7.164762,46.317048,11.274228,3.865132,9.868421,9.950658,12.582237,2.117599,51.130757,25.411184,0.142512,Medio,883
22,Querétaro,22014,Querétaro,"1,049,777",1.943870,5.753645,17.057543,19.590637,1.327669,0.795618,0.915600,0.508120,0.137356,18.584082,5.121523,-1.247061,Muy bajo,"2,402"
22,Querétaro,22015,San Joaquín,"8,359",12.740974,5.760095,45.741325,2.930973,3.314185,7.070261,11.268228,10.207689,3.181617,36.588599,21.166593,0.086241,Bajo,937
22,Querétaro,22016,San Juan del Río,"297,804",3.126497,5.029796,23.931253,20.260305,1.172659,1.724921,1.148752,1.930525,0.418380,27.225782,7.834465,-1.039977,Muy bajo,"2,228"
22,Querétaro,22017,Tequisquiapan,"72,201",4.421642,5.309116,30.378731,30.459412,2.853218,1.690796,1.405474,2.314277,0.776709,37.694177,12.105041,-0.813512,Muy bajo,"1,941"
22,Querétaro,22018,Tolimán,"27,916",7.262512,4.741874,38.750580,18.806419,5.477889,13.409415,7.246790,17.460770,2.867332,66.048502,35.649073,0.273243,Medio,772
23,Quintana Roo,23001,Cozumel,"88,626",2.634216,6.048478,21.196392,21.747568,0.839538,0.436864,0.425467,0.349491,0.421668,23.898344,8.486552,-1.133519,Muy bajo,"2,305"
23,Quintana Roo,23002,Felipe Carrillo Puerto,"83,990",9.918588,3.170284,34.547948,16.265032,9.490178,10.949486,2.666043,12.722170,2.918616,32.591207,36.258185,-0.014021,Bajo,"1,029"
23,Quintana Roo,23003,Isla Mujeres,"22,686",3.253106,8.725910,31.408679,25.764789,2.988403,0.773119,5.575379,2.512638,2.795123,24.531668,14.748736,-0.699807,Bajo,"1,777"
23,Quintana Roo,23004,Othón P. Blanco,"233,648",4.071994,4.343834,24.542168,20.767565,2.668829,1.365712,2.017271,1.560611,1.331569,20.626520,11.587214,-0.972730,Muy bajo,"2,147"
23,Quintana Roo,23005,Benito Juárez,"911,503",1.861429,7.115150,20.249952,26.195087,1.297800,1.132131,1.444286,0.531188,0.409464,22.582974,8.410064,-1.138995,Muy bajo,"2,306"
23,Quintana Roo,23006,José María Morelos,"39,165",10.188400,3.193393,37.203546,15.794715,7.252239,13.493210,3.862082,15.342387,3.053068,33.959357,39.940287,0.098653,Bajo,920
23,Quintana Roo,23007,Lázaro Cárdenas,"29,171",7.974443,5.316699,35.780130,29.436769,4.475914,8.180554,3.641421,11.202428,3.489695,29.042863,33.708433,-0.216774,Bajo,"1,238"
23,Quintana Roo,23008,Solidaridad,"333,800",1.722354,8.678235,17.651947,27.534152,1.493117,3.653257,1.035782,0.633581,0.790846,30.968628,13.895391,-0.989263,Muy bajo,"2,166"
23,Quintana Roo,23009,Tulum,"46,721",4.729244,11.339919,29.606445,39.055243,7.263574,4.235886,3.070838,7.910823,2.394822,35.109673,26.558792,-0.393604,Bajo,"1,419"
23,Quintana Roo,23010,Bacalar,"41,754",11.110350,6.080362,41.601288,19.971739,6.347639,3.699048,1.777698,7.362184,3.348896,32.294846,30.867301,-0.123589,Bajo,"1,152"
23,Quintana Roo,23011,Puerto Morelos,"26,921",3.506609,9.605975,23.693036,34.322648,3.203583,1.274544,1.814215,1.825698,1.469744,28.292571,12.802848,-0.879341,Muy bajo,"2,010"
24,San Luis Potosí,24001,Ahualulco,"18,974",8.011070,5.230312,39.718752,20.132813,8.358082,8.103521,16.207043,11.412813,2.694103,32.520153,14.488757,-0.089413,Bajo,"1,117"
24,San Luis Potosí,24002,Alaquines,"7,785",11.183977,5.019011,50.354484,14.964676,7.244383,2.842733,28.564878,33.745988,2.705181,28.702430,22.099954,0.361930,Medio,691
24,San Luis Potosí,24003,Aquismón,"48,359",15.318724,5.621014,48.955748,22.252321,19.979130,4.302456,27.315781,47.238722,7.762081,75.959223,56.662386,1.618465,Alto,195
24,San Luis Potosí,24004,Armadillo de los Infante,"4,013",10.376135,16.753022,57.425422,14.577623,3.522337,5.154639,13.917526,14.948454,3.264605,35.996564,18.127148,0.313847,Medio,729
24,San Luis Potosí,24005,Cárdenas,"18,317",5.697985,5.557404,35.054831,23.442703,6.574660,1.226759,6.862181,7.437224,1.859306,19.244777,12.555108,-0.620718,Bajo,"1,685"
24,San Luis Potosí,24006,Catorce,"9,579",10.104427,6.360424,42.550375,10.429064,7.512457,5.864316,19.394404,13.453430,3.717900,35.607512,22.499042,0.180371,Medio,857
24,San Luis Potosí,24007,Cedral,"19,840",5.954985,3.577562,33.733155,13.926411,2.793626,1.868975,5.311824,3.364155,1.082038,18.709424,9.954751,-0.795062,Muy bajo,"1,908"
24,San Luis Potosí,24008,Cerritos,"22,075",5.393286,4.709937,38.146891,21.005663,3.426595,0.848790,5.108456,16.771456,1.414649,16.127004,9.981138,-0.675084,Bajo,"1,749"
24,San Luis Potosí,24009,Cerro de San Pedro,"5,050",4.418419,3.549572,28.373702,15.603960,3.899926,2.575423,5.150846,7.064018,2.943341,19.646799,10.743194,-0.740937,Muy bajo,"1,828"
24,San Luis Potosí,24010,Ciudad del Maíz,"30,320",7.408800,5.425192,43.094208,13.759894,5.628892,1.805729,17.745953,21.232877,1.843088,20.124533,14.894147,-0.214014,Bajo,"1,233"
24,San Luis Potosí,24011,Ciudad Fernández,"48,106",5.661348,5.067101,35.057471,18.527834,6.071037,0.915350,1.556877,3.856986,0.876232,16.194649,9.231732,-0.805639,Muy bajo,"1,926"
24,San Luis Potosí,24012,Tancanhuitz,"20,300",7.841392,2.361767,36.707300,22.674877,19.210019,2.716763,38.901734,20.558767,5.992293,76.416185,43.892100,0.974080,Alto,391
24,San Luis Potosí,24013,Ciudad Valles,"179,371",4.207789,3.273855,24.890240,19.459110,6.056904,1.432008,3.192889,5.972337,1.719537,24.695557,9.471548,-0.837774,Muy bajo,"1,963"
24,San Luis Potosí,24014,Coxcatlán,"15,660",9.429881,2.924202,40.920495,13.959132,12.747200,1.929950,35.620681,49.392423,4.217298,76.578508,35.763641,1.006099,Alto,373
24,San Luis Potosí,24015,Charcas,"21,814",6.737788,5.598622,34.737039,15.499221,6.254158,2.894212,13.922156,12.524950,3.858949,29.840319,17.431803,-0.225910,Bajo,"1,250"
24,San Luis Potosí,24016,Ebano,"40,899",6.497955,4.767014,36.057996,19.575051,4.314764,1.409774,5.545113,21.727614,1.537936,23.060492,13.038278,-0.517482,Bajo,"1,571"
24,San Luis Potosí,24017,Guadalcázar,"25,119",11.615510,6.221304,53.173223,17.799275,6.888031,4.849421,50.162162,37.220077,2.872587,33.482625,22.718147,0.755603,Medio,483
24,San Luis Potosí,24018,Huehuetlán,"15,334",9.028219,3.380175,38.735142,16.688405,15.301086,1.974334,26.530109,25.542942,5.799605,72.729516,41.831194,0.822725,Medio,443
24,San Luis Potosí,24019,Lagunillas,"5,453",14.306254,6.675063,53.366882,11.626628,4.970414,3.017751,10.828402,33.313609,2.840237,23.964497,14.319527,0.165546,Medio,870
24,San Luis Potosí,24020,Matehuala,"102,199",3.581015,3.921218,26.851630,16.318164,1.548430,0.593016,6.233985,5.827659,0.746760,12.888938,5.117505,-1.034730,Muy bajo,"2,219"
24,San Luis Potosí,24021,Mexquitic de Carmona,"58,469",5.874807,4.593604,34.429267,26.646599,3.055917,11.125560,10.280306,15.041179,2.080624,27.084236,12.223667,-0.408886,Bajo,"1,438"
24,San Luis Potosí,24022,Moctezuma,"19,036",9.065282,5.059172,47.099407,21.553898,4.152984,6.606143,9.020668,15.626811,2.163415,27.486962,13.753139,-0.211910,Bajo,"1,231"
24,San Luis Potosí,24023,Rayón,"15,301",9.664202,4.904306,47.750958,19.874518,8.172862,4.590237,19.055083,11.957009,3.806538,27.989252,18.875952,0.062319,Bajo,963
24,San Luis Potosí,24024,Rioverde,"97,943",6.784184,5.081647,35.751417,20.620157,8.020995,1.400902,7.019295,7.725290,1.700303,18.426111,10.102018,-0.585328,Bajo,"1,644"
24,San Luis Potosí,24025,Salinas,"31,107",5.148264,5.059022,42.034009,19.776899,3.702285,4.493808,9.357845,9.038682,1.493681,18.613558,13.149496,-0.532088,Bajo,"1,589"
24,San Luis Potosí,24026,San Antonio,"9,382",10.116037,2.404692,38.902112,13.099552,12.180829,5.399749,22.143156,43.532859,4.981164,85.726245,44.160737,1.004466,Alto,375
24,San Luis Potosí,24027,San Ciro de Acosta,"10,215",9.300792,7.210031,46.635884,17.102301,6.022502,3.242886,5.526142,7.412310,2.150893,21.906023,13.765718,-0.317675,Bajo,"1,335"
24,San Luis Potosí,24028,San Luis Potosí,"911,908",1.757773,4.871459,18.602576,17.506481,1.250806,0.511360,1.558779,0.732499,0.275941,13.449730,4.327070,-1.275415,Muy bajo,"2,418"
24,San Luis Potosí,24029,San Martín Chalchicuautla,"18,468",16.049738,3.015764,43.326385,8.793589,19.977169,1.788432,36.548706,40.429985,2.359209,70.509893,24.353120,1.057019,Alto,353
24,San Luis Potosí,24030,San Nicolás Tolentino,"4,779",11.837924,7.023411,54.290254,18.413894,3.200000,2.466667,8.400000,4.533333,2.533333,23.066667,10.533333,-0.242221,Bajo,"1,262"
24,San Luis Potosí,24031,Santa Catarina,"12,163",21.696276,8.116883,60.732538,6.371783,11.137521,11.001698,48.488964,59.728353,8.183362,60.882852,44.923599,2.076941,Muy alto,110
24,San Luis Potosí,24032,Santa María del Río,"39,880",7.825874,7.643695,42.382000,17.474925,5.940497,9.072225,13.701311,10.941476,4.012527,39.645723,19.309062,0.071424,Bajo,956
24,San Luis Potosí,24033,Santo Domingo,"10,785",10.444100,9.256104,57.436096,20.157626,4.817619,5.299381,10.667584,7.019959,1.238816,19.098417,12.491397,-0.160755,Bajo,"1,182"
24,San Luis Potosí,24034,San Vicente Tancuayalab,"14,945",8.725314,3.735990,37.046679,16.922048,13.039287,1.566643,10.339841,29.163654,2.844059,43.890094,20.727886,0.085047,Bajo,938
24,San Luis Potosí,24035,Soledad de Graciano Sánchez,"332,072",1.759736,4.154760,19.088545,16.580742,0.956119,0.417552,0.770782,0.378305,0.261652,14.140093,4.599618,-1.290627,Muy bajo,"2,427"
24,San Luis Potosí,24036,Tamasopo,"29,184",10.380069,5.670621,48.914426,17.985883,8.734723,6.002876,17.804936,15.732087,5.068296,32.494608,24.946082,0.295080,Medio,753
24,San Luis Potosí,24037,Tamazunchale,"95,037",10.874336,4.489027,37.086633,18.014037,13.831837,1.656213,16.537531,18.816874,1.836592,63.128766,28.151519,0.305162,Medio,737
24,San Luis Potosí,24038,Tampacán,"14,348",10.112570,3.273040,33.555347,7.812936,20.015617,2.056221,30.114524,27.303488,2.680895,63.170224,25.559604,0.628590,Medio,544
24,San Luis Potosí,24039,Tampamolón Corona,"13,603",11.472039,2.939976,40.141859,13.019187,26.030122,2.216539,11.736289,28.161409,4.347826,71.554419,33.759591,0.815802,Medio,451
24,San Luis Potosí,24040,Tamuín,"36,968",6.587223,3.466233,35.341498,15.608093,9.307442,1.377463,8.427396,14.004209,2.343601,29.424144,14.099866,-0.372804,Bajo,"1,394"
24,San Luis Potosí,24041,Tanlajás,"18,208",8.943338,3.243082,37.128637,14.680360,16.313345,4.966687,6.137694,58.833030,4.098526,84.009691,44.740561,0.925988,Medio,409
24,San Luis Potosí,24042,Tanquián de Escobedo,"13,448",9.649743,3.007867,34.258605,23.624331,8.231459,1.792991,4.183646,11.246944,1.901657,38.576474,13.746265,-0.394895,Bajo,"1,420"
24,San Luis Potosí,24043,Tierra Nueva,"7,966",12.002779,6.554989,49.782873,20.713030,6.929784,8.490133,8.031207,11.702616,3.487838,40.982102,24.185406,0.190630,Medio,849
24,San Luis Potosí,24044,Vanegas,"7,557",7.480686,5.869873,43.998493,14.529575,4.735234,2.800407,19.602851,27.393075,0.967413,28.767821,18.482688,-0.077914,Bajo,"1,104"
24,San Luis Potosí,24045,Venado,"14,188",8.766355,3.644444,43.532710,26.219340,3.267153,4.775069,11.711485,8.293541,4.875597,31.791908,17.441568,-0.187641,Bajo,"1,211"
24,San Luis Potosí,24046,Villa de Arriaga,"18,206",7.093097,6.400470,46.714693,16.412172,3.087886,16.972576,10.494494,25.502051,2.159361,30.274239,19.434247,0.076604,Bajo,954
24,San Luis Potosí,24047,Villa de Guadalupe,"9,277",11.877845,4.764971,53.545735,16.233696,5.642257,3.561425,31.532613,29.411765,2.480992,25.730292,13.925570,0.285333,Medio,758
24,San Luis Potosí,24048,Villa de la Paz,"5,298",5.708355,2.675585,32.719253,8.739147,2.106847,2.633559,2.031603,5.718585,0.752445,15.048909,5.643341,-0.903671,Muy bajo,"2,049"
24,San Luis Potosí,24049,Villa de Ramos,"38,389",8.379589,7.299759,54.289324,14.194170,3.277538,8.319134,10.574321,11.446327,0.952190,19.815576,17.861080,-0.164181,Bajo,"1,186"
24,San Luis Potosí,24050,Villa de Reyes,"52,912",6.588344,4.898829,40.680369,16.599259,6.535894,6.296876,4.186928,7.187011,1.195088,29.613451,12.082750,-0.440778,Bajo,"1,466"
24,San Luis Potosí,24051,Villa Hidalgo,"15,458",7.094122,4.665566,42.293562,19.556217,2.445394,4.036087,11.206078,10.137702,1.780627,21.984805,11.562203,-0.468378,Bajo,"1,504"
24,San Luis Potosí,24052,Villa Juárez,"10,304",10.450331,4.839685,52.662252,11.675078,11.467116,1.618887,6.644182,28.330523,2.428331,22.327150,16.526138,0.043745,Bajo,977
24,San Luis Potosí,24053,Axtla de Terrazas,"32,544",6.554872,2.750665,33.674379,13.111480,13.571092,1.106403,7.144539,22.657721,1.730226,57.450565,22.645951,-0.020047,Bajo,"1,038"
24,San Luis Potosí,24054,Xilitla,"49,741",7.268876,3.827701,37.296152,10.464205,12.711195,2.186957,33.728091,21.095847,4.231802,65.087636,43.407548,0.691530,Medio,512
24,San Luis Potosí,24055,Zaragoza,"27,386",10.178983,5.919705,41.239272,17.841233,6.754658,6.350932,10.108696,10.496894,1.335404,23.913043,16.568323,-0.242242,Bajo,"1,263"
24,San Luis Potosí,24056,Villa de Arista,"17,258",10.312658,6.662573,44.545302,12.782478,3.280596,3.396929,4.885993,7.073057,1.907864,30.898092,16.565845,-0.291586,Bajo,"1,307"
24,San Luis Potosí,24057,Matlapa,"28,996",11.084715,3.964304,42.610190,7.863154,13.277778,1.652778,14.013889,29.500000,1.708333,72.236111,34.986111,0.559011,Medio,576
24,San Luis Potosí,24058,El Naranjo,"20,959",5.304793,6.480447,37.386160,12.672360,2.983802,1.568627,2.182438,5.490196,1.773231,17.885763,10.502984,-0.708563,Bajo,"1,786"
25,Sinaloa,25001,Ahome,"459,310",2.350354,4.005788,23.745181,19.876119,1.348723,1.587349,1.132538,2.369055,0.522135,23.537948,5.152526,-1.114611,Muy bajo,"2,292"
25,Sinaloa,25002,Angostura,"44,093",4.260783,4.171914,36.117434,10.110448,1.182289,2.611854,1.135925,2.882312,0.332277,15.902944,4.250058,-0.953355,Muy bajo,"2,116"
25,Sinaloa,25003,Badiraguato,"26,542",10.299757,5.184118,54.058871,17.771833,15.236911,11.092692,7.128056,17.184694,3.481144,37.063130,14.338997,0.303786,Medio,741
25,Sinaloa,25004,Concordia,"24,899",5.534351,4.810315,39.432933,12.341861,4.160888,5.700416,1.733703,5.991678,1.497920,30.124827,9.986130,-0.553608,Bajo,"1,618"
25,Sinaloa,25005,Cosalá,"17,012",9.168589,4.754554,46.782876,14.724900,6.214012,7.629559,5.974088,10.076775,0.671785,29.990403,5.998081,-0.326509,Bajo,"1,350"
25,Sinaloa,25006,Culiacán,"1,003,530",2.592597,4.232829,23.549518,20.226401,1.608556,1.024370,0.876457,1.083393,0.173158,17.736074,2.491769,-1.204350,Muy bajo,"2,374"
25,Sinaloa,25007,Choix,"29,334",11.580751,6.644775,50.697320,9.224790,7.653624,8.499939,4.378756,13.700478,2.771986,45.161290,13.173065,0.132618,Medio,895
25,Sinaloa,25008,Elota,"55,339",7.919302,9.662289,46.296674,14.349735,3.552588,3.890537,1.450709,4.500495,0.824266,31.247939,8.992746,-0.436228,Bajo,"1,463"
25,Sinaloa,25009,Escuinapa,"59,988",5.780970,8.942766,35.670354,17.155098,3.368915,3.220831,4.115506,3.331894,1.110631,32.738940,13.389276,-0.553226,Bajo,"1,616"
25,Sinaloa,25010,El Fuerte,"96,593",5.014920,5.637943,37.653349,22.545112,5.508539,4.632008,4.242859,17.107451,1.643494,41.083573,11.209763,-0.390713,Bajo,"1,417"
25,Sinaloa,25011,Guasave,"289,370",4.542532,4.547634,33.305969,20.360438,2.246497,2.124265,1.842488,3.880547,0.535248,24.216106,5.111875,-0.906215,Muy bajo,"2,053"
25,Sinaloa,25012,Mazatlán,"501,441",1.862874,4.792659,24.100657,19.877114,1.553725,0.728698,0.711660,0.840099,0.348622,21.212181,4.100235,-1.167179,Muy bajo,"2,341"
25,Sinaloa,25013,Mocorito,"40,358",7.552100,5.493421,47.360685,14.301997,4.265444,5.009517,4.698045,6.376536,0.726769,23.922824,4.360616,-0.516022,Bajo,"1,569"
25,Sinaloa,25014,Rosario,"52,345",5.435264,8.616674,34.750775,17.128666,3.632797,5.134623,2.306860,6.088486,1.400352,29.346503,10.681910,-0.576219,Bajo,"1,634"
25,Sinaloa,25015,Salvador Alvarado,"79,492",2.774071,2.645895,23.915727,13.753585,1.066264,0.764084,0.656162,1.105115,0.189942,16.153680,1.873516,-1.229933,Muy bajo,"2,392"
25,Sinaloa,25016,San Ignacio,"19,505",7.111386,7.505589,43.976318,13.058190,4.480578,5.401987,2.746161,5.817525,2.493225,31.237579,9.376694,-0.368888,Bajo,"1,390"
25,Sinaloa,25017,Sinaloa,"78,670",9.169574,4.228930,47.252268,14.468031,8.149099,6.513574,5.477107,11.101602,2.743308,31.555175,9.266391,-0.178331,Bajo,"1,198"
25,Sinaloa,25018,Navolato,"149,122",5.922143,7.400903,41.670763,16.890197,2.501330,1.995742,2.131453,3.443321,0.473656,31.971794,9.489090,-0.632443,Bajo,"1,705"
26,Sonora,26001,Aconchi,"2,563",2.684904,3.475936,36.980750,20.756925,0.379747,1.012658,1.012658,1.139241,1.139241,19.113924,3.924051,-1.030027,Muy bajo,"2,214"
26,Sonora,26002,Agua Prieta,"91,929",1.485275,4.803135,25.898449,29.063734,0.939905,0.569864,0.765986,0.780787,1.150829,18.909118,4.925252,-1.180179,Muy bajo,"2,356"
26,Sonora,26003,Alamos,"24,976",8.092734,3.390250,41.499410,15.811179,11.692869,9.404829,5.909601,28.368894,5.011230,45.999439,14.963504,0.214963,Medio,828
26,Sonora,26004,Altar,"9,492",3.429335,4.297994,34.991093,32.395702,1.169370,2.451905,1.282535,2.602791,1.282535,19.728404,4.979253,-0.996178,Muy bajo,"2,171"
26,Sonora,26005,Arivechi,"1,177",3.243848,4.371585,45.861298,20.560748,2.046036,0.511509,0.255754,1.023018,2.557545,28.900256,20.204604,-0.625656,Bajo,"1,694"
26,Sonora,26006,Arizpe,"2,788",2.808471,7.334963,41.528545,24.892396,1.759834,1.345756,0.828157,1.759834,1.345756,17.494824,4.865424,-0.891484,Muy bajo,"2,032"
26,Sonora,26007,Atil,626,2.020202,4.651163,33.737374,24.600639,1.047120,1.570681,1.047120,1.047120,0.523560,11.518325,2.617801,-1.147076,Muy bajo,"2,317"
26,Sonora,26008,Bacadéhuachi,979,4.214559,2.985075,50.446999,21.859040,1.734104,0.578035,0.289017,1.156069,0.289017,17.919075,3.757225,-0.900560,Muy bajo,"2,043"
26,Sonora,26009,Bacanora,759,5.154639,2.000000,53.436426,21.870883,0.766284,3.448276,0.766284,2.298851,0.766284,20.689655,3.448276,-0.786635,Muy bajo,"1,893"
26,Sonora,26010,Bacerac,"1,221",3.614458,3.260870,43.483023,29.811630,1.055409,3.166227,0.791557,8.970976,2.110818,20.052770,14.248021,-0.741459,Muy bajo,"1,830"
26,Sonora,26011,Bacoachi,"1,475",3.009458,8.780488,43.078246,14.169492,0.389864,0.584795,0.389864,0.389864,1.559454,11.111111,4.288499,-0.898670,Muy bajo,"2,038"
26,Sonora,26012,Bácum,"23,151",3.889557,6.889708,35.006015,19.048853,6.254887,3.893667,1.829554,13.057076,1.516810,38.827209,10.555121,-0.492890,Bajo,"1,536"
26,Sonora,26013,Banámichi,"1,825",2.332362,9.420290,28.935860,9.917808,0.886525,0.886525,0.354610,0.709220,1.063830,13.652482,4.432624,-1.024593,Muy bajo,"2,207"
26,Sonora,26014,Baviácora,"3,191",2.334944,5.531915,37.560386,13.130680,0.962464,1.058710,0.288739,1.636189,0.288739,17.228104,2.502406,-1.023169,Muy bajo,"2,204"
26,Sonora,26015,Bavispe,"1,169",2.364066,9.042553,54.255319,56.886228,0.000000,1.033592,0.516796,2.067183,0.258398,10.852713,3.100775,-1.009701,Muy bajo,"2,185"
26,Sonora,26016,Benjamín Hill,"4,988",2.624459,5.493134,30.140693,14.915798,1.361868,1.297017,1.556420,2.399481,2.204929,21.141375,5.577173,-0.934732,Muy bajo,"2,093"
26,Sonora,26017,Caborca,"89,122",2.945855,5.522577,30.047415,21.819528,2.497998,0.976317,1.167004,5.259143,1.220396,22.344686,4.782426,-0.961866,Muy bajo,"2,127"
26,Sonora,26018,Cajeme,"436,484",1.659699,4.369040,18.633437,15.423017,1.661539,0.756989,0.956196,1.291160,0.664025,24.716498,4.720482,-1.167137,Muy bajo,"2,340"
26,Sonora,26019,Cananea,"39,451",0.885730,3.482587,17.371517,8.745025,0.656871,0.484010,0.242005,0.328436,0.458081,8.764045,2.247191,-1.369975,Muy bajo,"2,453"
26,Sonora,26020,Carbó,"4,946",3.649025,6.081871,40.584958,24.221593,2.010050,2.871500,1.005025,2.153625,3.302225,35.606604,10.839914,-0.602801,Bajo,"1,667"
26,Sonora,26021,La Colorada,"1,848",3.759398,10.931174,49.077239,17.965368,3.244838,2.654867,0.737463,2.949853,3.834808,35.398230,12.536873,-0.345150,Bajo,"1,370"
26,Sonora,26022,Cucurpe,863,3.273810,14.393939,45.982143,17.960603,1.587302,1.587302,0.952381,2.539683,7.936508,25.079365,13.968254,-0.261716,Bajo,"1,279"
26,Sonora,26023,Cumpas,"5,829",1.857174,3.085714,29.714791,6.073083,1.075269,0.698925,0.430108,0.860215,0.483871,12.365591,1.720430,-1.172046,Muy bajo,"2,346"
26,Sonora,26024,Divisaderos,753,2.094241,0.000000,39.092496,3.851262,0.000000,0.413223,0.000000,0.000000,0.000000,15.289256,2.066116,-1.142361,Muy bajo,"2,308"
26,Sonora,26025,Empalme,"51,431",2.265103,6.494845,26.174811,15.803698,2.998308,1.157360,0.934010,3.972927,0.744501,27.918782,5.035533,-0.958021,Muy bajo,"2,124"
26,Sonora,26026,Etchojoa,"61,309",3.553510,4.579674,27.562061,14.192044,7.369709,2.447980,2.415770,40.617149,3.948979,56.780262,23.043226,-0.042467,Bajo,"1,058"
26,Sonora,26027,Fronteras,"9,041",1.747756,2.961672,23.586837,18.515651,1.966605,1.113173,0.742115,1.447124,1.669759,13.098330,5.194805,-1.173716,Muy bajo,"2,348"
26,Sonora,26028,Granados,"1,009",2.157360,9.868421,37.563452,16.055500,0.000000,0.292398,0.000000,0.292398,0.000000,11.403509,0.877193,-1.077243,Muy bajo,"2,263"
26,Sonora,26029,Guaymas,"156,863",2.285071,5.403923,24.152722,15.849499,5.391438,1.758863,1.561071,9.961930,1.133584,28.709671,8.619920,-0.838280,Muy bajo,"1,965"
26,Sonora,26030,Hermosillo,"936,263",1.435841,3.843019,17.519646,17.828217,1.817339,0.617521,0.605660,1.137274,0.446786,19.943280,3.973991,-1.256742,Muy bajo,"2,406"
26,Sonora,26031,Huachinera,"1,186",3.887689,4.938272,46.004320,15.767285,1.776650,2.030457,1.269036,7.106599,0.761421,19.289340,7.106599,-0.761500,Muy bajo,"1,865"
26,Sonora,26032,Huásabas,888,1.830986,0.854701,35.492958,15.878378,0.000000,1.003344,0.334448,1.003344,0.668896,13.043478,2.341137,-1.183503,Muy bajo,"2,364"
26,Sonora,26033,Huatabampo,"77,682",3.263085,3.905060,27.715167,14.000669,4.673639,3.128210,3.660472,25.669997,2.245775,47.460080,16.173312,-0.397650,Bajo,"1,422"
26,Sonora,26034,Huépac,943,1.082544,0.800000,33.558863,4.772004,0.305810,0.305810,0.000000,0.000000,0.611621,9.785933,2.752294,-1.217650,Muy bajo,"2,385"
26,Sonora,26035,Imuris,"12,536",3.028294,6.546490,35.167993,25.893427,1.698273,1.896405,1.330314,1.585055,1.273705,17.407303,4.500425,-0.967173,Muy bajo,"2,135"
26,Sonora,26036,Magdalena,"33,049",1.523778,3.228749,24.892475,20.741929,1.157243,0.822252,0.517714,1.045579,0.801949,14.272663,2.771292,-1.243591,Muy bajo,"2,398"
26,Sonora,26037,Mazatán,"1,101",2.325581,5.426357,39.867110,40.417802,1.995012,2.493766,2.992519,2.992519,2.493766,24.688279,8.728180,-0.822293,Muy bajo,"1,949"
26,Sonora,26038,Moctezuma,"5,173",1.606023,4.444444,24.240903,6.263290,0.580046,0.986079,0.116009,0.174014,0.290023,18.851508,3.480278,-1.175451,Muy bajo,"2,351"
26,Sonora,26039,Naco,"5,774",1.602169,5.055147,27.877742,41.600277,0.836320,1.373955,1.553166,1.553166,2.150538,14.994026,5.973716,-1.151578,Muy bajo,"2,322"
26,Sonora,26040,Nácori Chico,"1,531",2.742074,4.054054,52.956298,29.719138,3.187251,1.394422,0.199203,5.179283,6.573705,28.486056,32.470120,-0.261620,Bajo,"1,278"
26,Sonora,26041,Nacozari de García,"14,369",1.495562,4.368359,19.953686,7.502262,2.189445,1.014059,0.991012,1.060152,0.944918,15.441346,4.563263,-1.169538,Muy bajo,"2,344"
26,Sonora,26042,Navojoa,"164,387",2.510915,3.428220,23.002863,12.616569,4.358679,2.289213,2.142004,16.308244,1.295016,39.187575,8.614951,-0.739149,Muy bajo,"1,826"
26,Sonora,26043,Nogales,"264,782",0.991856,4.626033,16.341964,17.850156,1.341716,0.426793,4.336937,0.825475,0.549465,16.785504,3.784917,-1.257505,Muy bajo,"2,408"
26,Sonora,26044,Onavas,365,2.491103,4.444444,52.669039,41.643836,0.000000,0.000000,0.000000,0.000000,0.840336,22.689076,1.680672,-0.979371,Muy bajo,"2,153"
26,Sonora,26045,Opodepe,"2,438",2.931770,2.313625,44.349680,29.081214,2.912621,4.004854,2.305825,6.067961,4.733010,37.014563,12.985437,-0.490773,Bajo,"1,533"
26,Sonora,26046,Oquitoa,496,1.256281,11.864407,31.407035,46.169355,0.641026,1.923077,0.641026,1.923077,1.282051,19.871795,4.487179,-1.043585,Muy bajo,"2,236"
26,Sonora,26047,Pitiquito,"9,122",3.129549,3.198294,32.416303,16.323175,3.188406,2.427536,4.637681,5.760870,5.217391,23.369565,9.275362,-0.651808,Bajo,"1,717"
26,Sonora,26048,Puerto Peñasco,"62,689",1.848839,5.703730,25.787021,26.524590,1.238030,0.566108,1.148087,1.185122,1.190413,25.845193,4.417756,-1.087630,Muy bajo,"2,271"
26,Sonora,26049,Quiriego,"3,090",10.257529,7.770961,47.795722,15.307443,8.387097,15.806452,11.612903,24.516129,10.215054,67.741935,30.215054,0.986143,Alto,386
26,Sonora,26050,Rayón,"1,496",3.713080,7.368421,45.147679,10.962567,1.301115,2.973978,0.743494,3.903346,2.044610,27.137546,7.620818,-0.623587,Bajo,"1,690"
26,Sonora,26051,Rosario,"4,830",8.661637,11.354839,47.499301,27.349896,6.312292,6.245847,1.528239,9.235880,2.857143,44.850498,11.295681,-0.098296,Bajo,"1,123"
26,Sonora,26052,Sahuaripa,"5,257",3.586342,3.006536,43.109801,24.405554,5.565118,1.319564,0.516351,3.843947,2.581756,24.727481,12.507172,-0.674899,Bajo,"1,748"
26,Sonora,26053,San Felipe de Jesús,369,1.824818,0.000000,29.197080,8.943089,0.000000,0.793651,0.000000,0.793651,0.793651,17.460317,3.174603,-1.202842,Muy bajo,"2,373"
26,Sonora,26054,San Javier,537,2.732240,2.702703,34.153005,26.629423,5.769231,0.000000,1.923077,1.282051,0.000000,32.051282,5.128205,-0.944233,Muy bajo,"2,103"
26,Sonora,26055,San Luis Río Colorado,"199,021",2.349776,6.466941,28.936296,30.726406,2.364614,0.664255,0.703130,3.039010,1.188223,16.227774,4.321885,-1.084876,Muy bajo,"2,268"
26,Sonora,26056,San Miguel de Horcasitas,"10,729",9.978337,16.148752,58.001625,40.572281,8.756757,2.558559,0.612613,6.054054,2.630631,65.873874,37.441441,0.385097,Medio,673
26,Sonora,26057,San Pedro de la Cueva,"1,458",4.725738,7.333333,52.911392,31.893004,1.418440,3.723404,1.241135,7.269504,1.418440,17.198582,4.432624,-0.680089,Bajo,"1,759"
26,Sonora,26058,Santa Ana,"16,203",1.499089,6.401249,26.859367,19.156946,0.588832,1.157360,0.548223,1.705584,0.832487,13.705584,2.883249,-1.165936,Muy bajo,"2,338"
26,Sonora,26059,Santa Cruz,"1,835",1.293760,11.038961,34.931507,12.752044,0.904159,0.723327,1.627486,1.808318,1.627486,13.381555,4.520796,-0.922962,Muy bajo,"2,081"
26,Sonora,26060,Sáric,"2,058",4.018445,2.941176,47.826087,28.571429,1.111111,3.650794,2.063492,4.285714,2.380952,15.873016,6.984127,-0.777660,Muy bajo,"1,883"
26,Sonora,26061,Soyopa,"1,368",6.011450,9.693878,49.618321,44.444444,2.928870,4.602510,3.347280,5.020921,2.092050,25.104603,5.648536,-0.551061,Bajo,"1,613"
26,Sonora,26062,Suaqui Grande,"1,114",3.665521,2.515723,52.119129,35.188510,0.854701,1.139601,0.284900,0.854701,1.709402,18.233618,6.267806,-0.879704,Muy bajo,"2,012"
26,Sonora,26063,Tepache,"1,178",2.812500,3.870968,43.020833,13.921902,0.000000,0.755668,0.000000,0.755668,1.007557,12.594458,2.015113,-1.023359,Muy bajo,"2,205"
26,Sonora,26064,Trincheras,"1,381",4.042348,10.837438,45.620789,38.812455,1.257862,1.886792,1.467505,3.144654,2.515723,24.947589,7.337526,-0.673388,Bajo,"1,744"
26,Sonora,26065,Tubutama,"1,473",3.758741,1.990050,49.300699,20.230821,0.205339,2.053388,1.848049,2.669405,2.874743,20.328542,6.160164,-0.759758,Muy bajo,"1,862"
26,Sonora,26066,Ures,"8,548",2.749491,3.435469,36.747163,9.908751,1.125896,1.501194,0.682361,1.501194,1.228250,21.528489,3.787103,-0.949141,Muy bajo,"2,109"
26,Sonora,26067,Villa Hidalgo,"1,429",3.016453,11.934156,42.961609,20.293912,1.214575,2.226721,1.619433,2.834008,1.619433,12.550607,6.072874,-0.770281,Muy bajo,"1,875"
26,Sonora,26068,Villa Pesqueira,"1,043",2.436195,2.380952,41.763341,36.912752,1.866667,4.533333,2.933333,5.333333,2.666667,33.333333,7.733333,-0.729508,Muy bajo,"1,814"
26,Sonora,26069,Yécora,"4,793",9.018036,12.189055,51.503006,30.252451,11.900066,2.695595,6.311637,20.775805,4.010519,45.036160,18.408941,0.261198,Medio,780
26,Sonora,26070,General Plutarco Elías Calles,"13,627",3.085702,6.601650,31.205749,25.280693,1.798916,1.182849,1.626417,2.587482,1.478561,17.792016,4.953179,-0.987226,Muy bajo,"2,163"
26,Sonora,26071,Benito Juárez,"21,692",3.940887,6.437390,30.198915,18.960907,1.928559,1.878249,1.526077,11.571357,1.475767,39.728325,12.040919,-0.659633,Bajo,"1,727"
26,Sonora,26072,San Ignacio Río Muerto,"14,279",4.264818,6.339557,36.607143,22.102388,6.579621,2.688172,5.760369,31.003584,3.277010,43.778802,13.492063,-0.179755,Bajo,"1,201"
27,Tabasco,27001,Balancán,"58,524",8.554147,5.379655,39.237711,30.999248,4.441176,3.311765,7.435294,4.429412,2.523529,30.152941,20.629412,-0.395558,Bajo,"1,421"
27,Tabasco,27002,Cárdenas,"243,229",5.915566,6.340006,35.861798,33.273993,4.583550,3.056197,5.357648,3.126163,0.684779,24.331969,16.683290,-0.673675,Bajo,"1,745"
27,Tabasco,27003,Centla,"107,731",5.422262,3.560875,28.575031,36.608776,6.464654,4.868703,17.073857,5.459275,1.212782,34.263718,22.033958,-0.468657,Bajo,"1,505"
27,Tabasco,27004,Centro,"683,607",3.017342,4.236097,21.533534,30.986225,1.854910,0.742572,1.320015,0.635188,0.226925,17.546677,7.369999,-1.215095,Muy bajo,"2,383"
27,Tabasco,27005,Comalcalco,"214,877",5.707689,4.669827,33.053354,32.608422,3.592341,2.440113,2.785267,2.192839,0.384648,26.470336,16.093415,-0.800784,Muy bajo,"1,919"
27,Tabasco,27006,Cunduacán,"137,257",5.551668,5.603237,34.938978,37.568940,3.844720,3.360136,8.224613,3.554502,0.537835,27.623942,14.915597,-0.690995,Bajo,"1,766"
27,Tabasco,27007,Emiliano Zapata,"32,181",5.338904,6.008340,30.378999,21.925981,1.346660,0.852183,0.957391,0.757496,0.578643,25.817991,10.878485,-0.910675,Muy bajo,"2,062"
27,Tabasco,27008,Huimanguillo,"190,885",7.377671,5.773202,37.865772,33.956047,4.959863,2.437275,15.096754,3.098460,1.219607,27.841548,18.441463,-0.459056,Bajo,"1,492"
27,Tabasco,27009,Jalapa,"37,749",5.583254,3.989317,32.654432,26.390103,2.490294,3.456112,3.853802,3.607613,0.842723,26.304327,10.680807,-0.802967,Muy bajo,"1,922"
27,Tabasco,27010,Jalpa de Méndez,"91,185",4.854517,3.210001,26.502916,36.930416,3.237653,2.971718,6.124947,3.001266,0.586745,25.850570,13.300971,-0.903986,Muy bajo,"2,050"
27,Tabasco,27011,Jonuta,"30,798",8.283302,5.976789,37.033359,18.754465,11.008539,5.654281,6.369721,6.496654,1.673206,35.045003,21.693976,-0.199260,Bajo,"1,220"
27,Tabasco,27012,Macuspana,"158,601",5.480784,4.958556,30.021205,27.497935,5.089377,3.385200,21.922756,3.720941,1.067426,33.963138,15.870149,-0.457969,Bajo,"1,489"
27,Tabasco,27013,Nacajuca,"150,300",5.149182,3.821300,21.826630,29.306055,2.436875,1.431634,1.350643,1.267270,0.273940,19.104335,9.416389,-1.108234,Muy bajo,"2,289"
27,Tabasco,27014,Paraíso,"96,741",3.269309,3.831394,26.474360,27.070218,1.463102,1.859044,3.235416,1.798710,0.384630,19.197556,9.947585,-1.067760,Muy bajo,"2,257"
27,Tabasco,27015,Tacotalpa,"47,905",7.039005,4.475145,36.660633,28.656716,5.131827,6.112680,4.582549,6.669805,1.043628,48.705273,28.138732,-0.292976,Bajo,"1,309"
27,Tabasco,27016,Teapa,"58,718",8.186114,11.155038,36.922468,27.494124,2.998575,1.629391,4.795242,1.579828,0.712471,32.141751,16.690416,-0.520337,Bajo,"1,575"
27,Tabasco,27017,Tenosique,"62,310",7.706483,5.063291,34.780195,29.703097,3.937835,4.435595,9.070295,4.728721,2.118246,28.897738,17.073171,-0.490228,Bajo,"1,531"
28,Tamaulipas,28001,Abasolo,"9,822",6.297368,5.371153,42.317762,7.473020,0.844704,1.689409,3.346329,5.977908,1.137102,21.345029,8.414555,-0.673119,Bajo,"1,743"
28,Tamaulipas,28002,Aldama,"28,725",6.023126,5.901843,42.441475,12.275022,1.630554,1.225651,4.202232,19.019479,3.195448,22.718319,11.654629,-0.442692,Bajo,"1,468"
28,Tamaulipas,28003,Altamira,"269,790",2.650533,5.105448,26.544592,22.200600,1.487251,0.674898,1.378277,3.669214,0.687281,21.299518,8.262232,-1.050093,Muy bajo,"2,243"
28,Tamaulipas,28004,Antiguo Morelos,"8,850",7.463363,6.187767,40.474392,12.881356,2.983465,1.833214,9.453630,12.868440,1.186197,19.266715,7.584472,-0.528548,Bajo,"1,583"
28,Tamaulipas,28005,Burgos,"4,256",4.907407,8.885299,51.604938,14.520677,1.209104,1.564723,8.108108,26.315789,2.347084,20.768137,7.610242,-0.314591,Bajo,"1,329"
28,Tamaulipas,28006,Bustamante,"7,542",15.338004,4.297994,52.868775,13.272342,7.104701,3.846154,44.070513,78.472222,2.564103,33.653846,27.724359,1.086721,Alto,343
28,Tamaulipas,28007,Camargo,"16,546",4.236352,7.949791,44.296308,27.396350,0.613015,0.581578,0.534423,2.829299,0.738761,19.270670,5.014146,-0.869984,Muy bajo,"1,999"
28,Tamaulipas,28008,Casas,"4,143",11.846690,26.163522,55.261324,11.585807,3.497086,2.664446,24.562864,45.545379,3.247294,29.641965,13.238968,0.725696,Medio,495
28,Tamaulipas,28009,Ciudad Madero,"205,933",1.353931,5.135952,16.931693,18.391419,0.790333,0.440939,0.887980,0.761344,0.361600,14.561655,4.743523,-1.303297,Muy bajo,"2,431"
28,Tamaulipas,28010,Cruillas,"1,671",7.625786,5.577689,48.663522,7.839617,2.469136,1.410935,5.820106,39.153439,3.703704,29.276896,13.932981,-0.047814,Bajo,"1,064"
28,Tamaulipas,28011,Gómez Farías,"8,288",6.806036,4.359198,34.108771,10.967664,2.809854,2.501925,5.658199,29.176289,1.077752,23.979985,11.893764,-0.481085,Bajo,"1,518"
28,Tamaulipas,28012,González,"41,470",7.836218,10.231579,45.542610,20.798167,3.848344,1.635343,2.920836,23.928077,1.277357,21.495403,10.576845,-0.360833,Bajo,"1,380"
28,Tamaulipas,28013,Güémez,"15,032",4.855774,6.207770,43.114206,14.242948,3.618421,1.776316,4.583333,46.842105,1.008772,25.811404,10.021930,-0.286958,Bajo,"1,302"
28,Tamaulipas,28014,Guerrero,"3,803",2.403846,4.830918,44.006410,11.859059,1.687764,0.791139,8.438819,10.337553,7.753165,26.898734,12.658228,-0.308135,Bajo,"1,321"
28,Tamaulipas,28015,Gustavo Díaz Ordaz,"15,677",4.322420,5.368290,38.850219,38.310901,0.692182,0.692182,1.811889,5.924267,0.325733,13.558632,3.562704,-1.041699,Muy bajo,"2,234"
28,Tamaulipas,28016,Hidalgo,"17,012",5.284647,4.612850,43.147677,16.658829,4.418775,1.521819,3.740374,31.848185,1.320132,21.543821,7.719105,-0.463133,Bajo,"1,497"
28,Tamaulipas,28017,Jaumave,"15,994",6.096822,3.596589,39.412835,5.614605,6.217263,2.778410,5.420178,37.349123,2.117969,28.922797,16.055568,-0.188213,Bajo,"1,212"
28,Tamaulipas,28018,Jiménez,"6,375",4.482902,6.237624,32.881568,7.858824,0.950475,1.050525,0.950475,12.856428,1.350675,19.859930,7.703852,-0.791071,Muy bajo,"1,902"
28,Tamaulipas,28019,Llera,"14,645",6.935541,5.117566,41.194801,9.935131,5.016935,1.629975,5.630821,22.671465,2.667231,27.497883,12.298899,-0.309072,Bajo,"1,323"
28,Tamaulipas,28020,Mainero,"2,048",4.473850,3.412969,48.645243,11.962891,4.978038,2.049780,1.317716,28.257687,1.756955,23.572474,9.224012,-0.414985,Bajo,"1,443"
28,Tamaulipas,28021,El Mante,"106,144",4.224292,4.722943,28.703085,9.311878,1.718343,0.880904,0.828745,6.653144,0.544770,17.936830,6.598088,-0.968299,Muy bajo,"2,139"
28,Tamaulipas,28022,Matamoros,"541,979",2.188275,5.375697,25.474081,24.309429,1.497744,0.466829,2.379324,3.979972,0.847069,30.552227,6.075057,-1.008687,Muy bajo,"2,182"
28,Tamaulipas,28023,Méndez,"4,280",5.818295,7.561728,52.551338,28.714953,2.363897,1.719198,12.464183,30.587393,4.871060,21.704871,13.180516,-0.091191,Bajo,"1,118"
28,Tamaulipas,28024,Mier,"6,385",2.482471,8.333333,30.490809,6.812843,0.805099,0.201275,1.945656,2.583026,0.872191,14.726602,3.488762,-0.998138,Muy bajo,"2,174"
28,Tamaulipas,28025,Miguel Alemán,"26,237",2.811794,10.093271,34.005275,27.876663,0.476232,0.190493,0.242445,1.212226,0.190493,12.182873,1.601870,-1.105724,Muy bajo,"2,287"
28,Tamaulipas,28026,Miquihuana,"3,704",13.533541,5.426357,50.468019,3.239741,5.970149,3.283582,23.383085,58.407960,2.786070,35.024876,24.975124,0.654053,Medio,532
28,Tamaulipas,28027,Nuevo Laredo,"425,058",2.057958,6.915856,25.492441,26.234067,1.249688,0.259762,0.538673,0.528682,0.295562,15.107818,3.371909,-1.206608,Muy bajo,"2,375"
28,Tamaulipas,28028,Nuevo Morelos,"3,810",5.492075,5.504587,39.144858,8.136483,2.915194,2.120141,2.208481,6.625442,1.413428,19.169611,7.773852,-0.697172,Bajo,"1,772"
28,Tamaulipas,28029,Ocampo,"13,190",6.685010,5.402888,38.703760,13.790751,4.400607,1.441578,5.741022,29.489125,2.655539,19.878604,10.192210,-0.385041,Bajo,"1,412"
28,Tamaulipas,28030,Padilla,"13,618",5.000500,6.238938,33.153315,10.934058,3.020706,1.193666,1.437272,16.004872,0.755177,20.974421,8.794153,-0.726893,Muy bajo,"1,811"
28,Tamaulipas,28031,Palmillas,"1,917",6.019830,3.525641,45.254958,7.042254,3.066440,1.192504,6.473595,36.797274,5.281090,28.109029,22.487223,-0.023033,Bajo,"1,039"
28,Tamaulipas,28032,Reynosa,"704,767",1.844667,7.010260,22.899092,20.216185,1.240511,0.484170,0.370765,0.959545,0.169413,20.272172,4.823644,-1.165953,Muy bajo,"2,339"
28,Tamaulipas,28033,Río Bravo,"132,484",3.428548,7.751974,33.092806,26.651520,1.472898,0.471224,1.259173,5.410068,0.723574,19.407751,5.299343,-0.963249,Muy bajo,"2,129"
28,Tamaulipas,28034,San Carlos,"7,411",5.839161,6.930693,50.664336,11.388477,7.030919,2.117747,12.579416,45.955104,4.235493,32.782719,17.026684,0.242632,Medio,794
28,Tamaulipas,28035,San Fernando,"51,405",4.948902,4.621458,38.869666,15.549071,2.923712,0.890667,7.164064,37.879179,2.200852,24.131922,11.255970,-0.377312,Bajo,"1,399"
28,Tamaulipas,28036,San Nicolás,926,6.567164,8.125000,43.880597,9.395248,2.158273,4.676259,79.136691,71.582734,14.388489,49.640288,39.208633,1.871409,Muy alto,139
28,Tamaulipas,28037,Soto la Marina,"23,673",7.133932,11.049869,44.007725,12.275588,3.731733,1.396138,8.350731,23.603862,3.483820,33.363779,15.200939,-0.071535,Bajo,"1,092"
28,Tamaulipas,28038,Tampico,"297,562",1.484595,4.509059,18.917148,20.056660,0.434518,0.484696,0.352312,0.319216,0.106761,15.689624,4.592866,-1.315869,Muy bajo,"2,436"
28,Tamaulipas,28039,Tula,"28,230",8.331650,5.389817,45.137346,10.099185,5.908857,1.210093,17.263131,43.949537,2.046859,28.385685,19.541710,0.114784,Bajo,908
28,Tamaulipas,28040,Valle Hermoso,"60,055",3.297737,3.879041,34.669891,18.006827,0.737782,0.826538,2.013646,5.608254,1.336884,19.664947,5.375270,-0.949287,Muy bajo,"2,111"
28,Tamaulipas,28041,Victoria,"349,688",1.755329,3.370157,18.018793,13.638443,1.784271,0.410087,1.788214,2.164784,0.486978,14.572859,3.658248,-1.257760,Muy bajo,"2,409"
28,Tamaulipas,28042,Villagrán,"5,361",4.937053,7.060334,53.739817,13.038612,4.050030,2.739726,2.144133,35.616438,2.561048,23.585468,9.708160,-0.194795,Bajo,"1,218"
28,Tamaulipas,28043,Xicoténcatl,"22,229",5.092212,5.210238,27.704687,11.300553,2.346750,1.280046,2.488977,17.408619,0.910255,18.290428,7.068696,-0.817117,Muy bajo,"1,943"
29,Tlaxcala,29001,Amaxac de Guerrero,"11,403",1.486816,3.672316,18.910443,25.317899,0.898502,1.630616,0.332779,1.497504,0.232945,39.933444,18.569052,-1.020085,Muy bajo,"2,202"
29,Tlaxcala,29002,Apetatitlán de Antonio Carvajal,"16,003",1.381910,3.452334,19.028476,26.601262,0.756859,1.513718,0.567644,0.875118,0.260170,35.099338,14.971618,-1.099618,Muy bajo,"2,284"
29,Tlaxcala,29003,Atlangatepec,"7,087",5.524862,5.144695,33.425414,15.761253,1.050972,6.410930,0.945875,6.936416,1.786653,42.196532,24.277457,-0.458018,Bajo,"1,490"
29,Tlaxcala,29004,Atltzayanca,"18,111",6.105687,6.214331,39.857431,26.072553,1.808558,3.925893,1.742391,8.381120,0.705779,55.138950,39.633877,-0.228582,Bajo,"1,253"
29,Tlaxcala,29005,Apizaco,"80,725",1.985845,3.345661,19.609617,27.804274,0.519377,0.466107,0.492742,0.577085,0.190882,30.208195,13.153105,-1.162919,Muy bajo,"2,335"
29,Tlaxcala,29006,Calpulalpan,"51,172",3.115096,4.976948,25.481485,24.806535,1.414801,1.018346,1.445896,0.971704,0.816231,34.468284,20.390236,-0.879147,Muy bajo,"2,008"
29,Tlaxcala,29007,El Carmen Tequexquitla,"17,332",9.612685,3.967762,40.507061,21.578583,1.612903,6.692345,7.318247,11.145883,0.674049,69.667790,35.219066,0.026757,Bajo,992
29,Tlaxcala,29008,Cuapiaxtla,"16,222",5.647898,6.202879,38.665042,20.909875,1.191710,2.668394,0.492228,2.072539,0.414508,48.808290,35.207254,-0.419892,Bajo,"1,446"
29,Tlaxcala,29009,Cuaxomulco,"5,928",2.280055,7.874865,26.324275,16.632928,0.528751,3.502974,1.057502,4.097819,0.594845,41.506940,22.670192,-0.708618,Bajo,"1,787"
29,Tlaxcala,29010,Chiautempan,"73,215",2.177352,5.090549,22.655625,26.416718,1.279854,2.848881,0.283817,0.765771,0.235622,45.983721,24.215487,-0.835722,Muy bajo,"1,961"
29,Tlaxcala,29011,Muñoz de Domingo Arenas,"4,755",3.064469,7.169345,28.534258,17.875920,0.484653,1.130856,1.857835,1.696284,0.403877,29.806139,13.974152,-0.893946,Muy bajo,"2,034"
29,Tlaxcala,29012,Españita,"9,416",4.777644,4.665826,34.645433,24.585811,1.719198,3.561195,1.268932,3.683995,1.268932,47.523537,35.652886,-0.445976,Bajo,"1,471"
29,Tlaxcala,29013,Huamantla,"98,764",4.561319,6.267157,33.288406,29.176623,2.108207,1.815981,1.231527,2.266845,0.722218,50.054271,35.150706,-0.496353,Bajo,"1,544"
29,Tlaxcala,29014,Hueyotlipan,"15,190",4.715432,3.510802,34.102517,17.689269,1.297017,2.308690,0.726329,2.075227,0.700389,39.818418,25.239948,-0.657118,Bajo,"1,725"
29,Tlaxcala,29015,Ixtacuixtla de Mariano Matamoros,"38,970",2.918856,3.614058,28.065657,30.307929,2.560063,1.516345,2.215439,2.520677,0.551398,36.963371,20.510043,-0.842920,Muy bajo,"1,970"
29,Tlaxcala,29016,Ixtenco,"7,504",3.665480,3.053435,27.615658,17.937100,3.814852,0.966429,0.610376,1.475076,0.915565,44.862665,32.706002,-0.630277,Bajo,"1,701"
29,Tlaxcala,29017,Mazatecochco de José María Morelos,"11,592",4.473269,5.822785,39.459328,40.924776,10.925705,1.628923,0.357569,1.271355,0.953516,61.025030,43.345252,-0.183706,Bajo,"1,206"
29,Tlaxcala,29018,Contla de Juan Cuamatzi,"38,579",3.430281,3.674280,25.574033,31.856710,2.676346,3.044750,0.498429,2.676346,0.346733,57.221801,32.235345,-0.622992,Bajo,"1,688"
29,Tlaxcala,29019,Tepetitla de Lardizábal,"22,274",1.821283,5.463250,27.319242,32.589566,4.527039,0.563678,0.563678,1.004051,0.387529,39.105161,23.727321,-0.826652,Muy bajo,"1,953"
29,Tlaxcala,29020,Sanctórum de Lázaro Cárdenas,"9,432",4.409379,5.083695,30.216782,15.829092,1.762484,1.510701,0.419639,1.216953,0.335711,34.997902,25.849769,-0.731258,Muy bajo,"1,817"
29,Tlaxcala,29021,Nanacamilpa de Mariano Arista,"18,686",4.446735,4.042691,33.394685,18.666381,1.753653,0.688935,0.584551,0.668058,0.668058,30.814196,23.298539,-0.776124,Muy bajo,"1,882"
29,Tlaxcala,29022,Acuamanala de Miguel Hidalgo,"6,432",2.343916,3.578337,22.288515,18.501244,1.854305,1.125828,0.264901,0.728477,0.264901,43.642384,19.403974,-0.901081,Muy bajo,"2,044"
29,Tlaxcala,29023,Natívitas,"26,309",2.910657,4.698624,31.202656,33.726101,2.854024,1.653150,1.512789,2.261385,0.764192,43.418590,29.491578,-0.677329,Bajo,"1,753"
29,Tlaxcala,29024,Panotla,"28,357",2.719173,2.934045,19.214256,27.488803,2.529995,2.217006,0.782473,3.182055,0.652061,36.697966,21.139802,-0.936495,Muy bajo,"2,095"
29,Tlaxcala,29025,San Pablo del Monte,"82,688",5.989829,7.017305,40.365417,36.972717,3.671281,1.225584,2.511353,1.958746,0.809761,50.664770,32.959457,-0.383277,Bajo,"1,408"
29,Tlaxcala,29026,Santa Cruz Tlaxcala,"24,116",2.497328,4.306102,24.275831,24.809255,1.194121,1.775873,0.352113,1.867728,0.734844,39.926516,19.458053,-0.887356,Muy bajo,"2,024"
29,Tlaxcala,29027,Tenancingo,"12,974",5.276596,5.873857,40.138298,23.909357,2.412130,2.033081,0.310131,0.447967,0.310131,47.518952,19.917298,-0.570281,Bajo,"1,632"
29,Tlaxcala,29028,Teolocholco,"25,257",4.157235,5.019045,26.925413,31.108208,2.567661,1.856350,0.988897,2.029840,0.711312,48.421235,28.053435,-0.667966,Bajo,"1,736"
29,Tlaxcala,29029,Tepeyanco,"13,328",1.957007,6.198724,22.135469,26.155462,1.787365,0.862866,0.523883,0.554700,0.308166,42.742681,19.568567,-0.904091,Muy bajo,"2,051"
29,Tlaxcala,29030,Terrenate,"15,475",7.538533,4.160790,41.046240,17.298869,1.380042,2.972399,0.822718,3.211253,1.406582,54.193206,33.917197,-0.279761,Bajo,"1,291"
29,Tlaxcala,29031,Tetla de la Solidaridad,"35,284",3.113127,4.545455,25.250058,22.160186,0.831754,2.537376,1.094967,2.779533,0.684355,37.818488,20.246368,-0.839734,Muy bajo,"1,966"
29,Tlaxcala,29032,Tetlatlahuca,"13,561",1.749042,4.654581,26.599194,29.651206,1.279381,0.892591,0.952098,1.368640,0.595061,31.776257,23.445403,-0.932933,Muy bajo,"2,092"
29,Tlaxcala,29033,Tlaxcala,"99,896",1.237193,4.639359,13.098105,26.487547,0.628101,0.447652,0.284554,0.534407,0.301905,25.731339,9.563799,-1.280656,Muy bajo,"2,424"
29,Tlaxcala,29034,Tlaxco,"45,438",6.091323,4.518764,38.356933,25.425855,1.733469,3.779807,0.989346,4.101133,0.786403,46.152545,30.500592,-0.452463,Bajo,"1,479"
29,Tlaxcala,29035,Tocatlán,"6,294",2.820004,4.795918,31.835206,23.879886,0.614754,2.459016,0.409836,2.322404,0.546448,41.871585,22.745902,-0.750991,Muy bajo,"1,846"
29,Tlaxcala,29036,Totolac,"22,529",1.685393,3.045995,15.554775,26.960806,0.896482,1.302436,0.642760,0.913396,0.304465,34.725981,13.920839,-1.147048,Muy bajo,"2,316"
29,Tlaxcala,29037,Ziltlaltépec de Trinidad Sánchez Santos,"9,207",9.226237,6.330670,46.658397,23.536440,6.986117,1.791312,4.120018,2.821317,0.985222,53.336319,50.649351,0.065168,Bajo,961
29,Tlaxcala,29038,Tzompantepec,"18,006",2.178796,6.573913,21.877808,25.385982,0.592066,1.953819,3.453720,2.605092,0.888099,42.293270,20.564437,-0.818972,Muy bajo,"1,945"
29,Tlaxcala,29039,Xaloztoc,"25,607",2.820975,3.401512,26.654663,26.672394,1.270903,2.658863,0.735786,3.260870,0.668896,40.602007,23.963211,-0.808225,Muy bajo,"1,931"
29,Tlaxcala,29040,Xaltocan,"10,601",3.647878,5.183846,27.181761,28.223752,1.895093,2.673435,1.218274,2.098139,1.082910,44.974619,18.341794,-0.748285,Muy bajo,"1,840"
29,Tlaxcala,29041,Papalotla de Xicohténcatl,"33,499",2.682228,6.305970,26.007371,28.362041,2.678679,1.141141,0.408408,1.117117,0.432432,47.303303,20.756757,-0.781124,Muy bajo,"1,886"
29,Tlaxcala,29042,Xicohtzinco,"14,197",1.687488,3.649289,22.468767,24.984152,2.978489,1.047987,0.330943,1.075565,0.358522,37.506895,16.740210,-0.976577,Muy bajo,"2,150"
29,Tlaxcala,29043,Yauhquemehcan,"42,242",1.714268,4.578500,17.765476,22.929786,0.648217,0.947395,0.365661,1.063741,0.407213,31.197540,13.471287,-1.118082,Muy bajo,"2,296"
29,Tlaxcala,29044,Zacatelco,"45,717",2.318875,3.925560,22.597257,25.808780,3.464692,0.960945,0.634753,0.863969,0.335008,41.638015,19.024949,-0.902429,Muy bajo,"2,047"
29,Tlaxcala,29045,Benito Juárez,"6,211",4.045714,4.932735,33.234286,12.461761,0.584036,1.687216,0.129786,1.103180,0.454250,40.558079,31.602855,-0.627450,Bajo,"1,699"
29,Tlaxcala,29046,Emiliano Zapata,"4,951",6.794984,5.313496,38.378536,10.078772,1.130856,5.008078,0.484653,3.634895,1.050081,52.100162,42.326333,-0.214266,Bajo,"1,234"
29,Tlaxcala,29047,Lázaro Cárdenas,"3,534",3.518593,3.606557,30.987605,14.883984,0.333333,2.888889,0.777778,2.777778,0.555556,37.000000,25.444444,-0.733188,Muy bajo,"1,820"
29,Tlaxcala,29048,La Magdalena Tlaltelulco,"19,036",1.769912,1.020408,18.342719,1.596974,0.086693,91.807542,0.065020,0.130039,0.043346,95.123537,93.259645,1.348312,Alto,264
29,Tlaxcala,29049,San Damián Texóloc,"5,884",1.679355,4.161712,22.794447,25.815772,0.811908,2.165088,0.879567,2.706360,0.676590,29.972936,21.853857,-0.971469,Muy bajo,"2,143"
29,Tlaxcala,29050,San Francisco Tetlanohcan,"11,761",4.161796,2.156057,28.606500,29.640337,3.176342,2.044542,0.182548,1.277839,0.401606,56.188390,31.690398,-0.620389,Bajo,"1,684"
29,Tlaxcala,29051,San Jerónimo Zacualpan,"4,092",2.364755,15.870307,24.360220,20.796676,1.059730,1.926782,0.963391,2.312139,0.674374,35.838150,18.786127,-0.708141,Bajo,"1,785"
29,Tlaxcala,29052,San José Teacalco,"6,436",5.017227,6.707855,33.225668,32.504661,1.288475,4.724409,0.858984,7.730852,1.145311,51.968504,28.919112,-0.445369,Bajo,"1,470"
29,Tlaxcala,29053,San Juan Huactzinco,"7,688",2.625976,6.229236,24.219304,38.618626,1.751313,1.634559,0.875657,0.758903,0.467017,35.084647,26.444834,-0.890125,Muy bajo,"2,028"
29,Tlaxcala,29054,San Lorenzo Axocomanitla,"5,689",2.280661,5.549133,24.342565,20.091404,0.375657,0.976709,0.300526,1.051841,0.225394,33.508640,16.679189,-0.978092,Muy bajo,"2,151"
29,Tlaxcala,29055,San Lucas Tecopilco,"3,077",5.110437,6.512605,28.540494,18.557036,0.890585,1.399491,0.763359,2.290076,1.272265,30.661578,16.539440,-0.792813,Muy bajo,"1,903"
29,Tlaxcala,29056,Santa Ana Nopalucan,"7,952",2.899780,6.965944,24.130914,29.577465,5.888594,1.114058,0.477454,1.167109,0.477454,36.498674,18.143236,-0.826751,Muy bajo,"1,954"
29,Tlaxcala,29057,Santa Apolonia Teacalco,"4,636",2.977739,6.596702,22.925701,38.157895,3.527337,1.322751,1.146384,2.557319,0.176367,29.717813,23.897707,-0.915106,Muy bajo,"2,070"
29,Tlaxcala,29058,Santa Catarina Ayometla,"9,463",3.990412,4.090268,29.836435,22.075452,1.489842,0.948081,0.451467,1.354402,0.451467,44.198646,18.465011,-0.786732,Muy bajo,"1,894"
29,Tlaxcala,29059,Santa Cruz Quilehtla,"7,750",2.550091,4.005827,31.038251,23.935484,1.164144,0.814901,0.232829,1.222352,0.407451,43.597206,28.521537,-0.749886,Muy bajo,"1,844"
29,Tlaxcala,29060,Santa Isabel Xiloxoxtla,"5,443",1.924519,4.559915,24.568858,20.282932,1.049233,1.452785,0.726392,1.614205,0.322841,51.008878,23.970944,-0.781290,Muy bajo,"1,888"
30,Veracruz de Ignacio de la Llave,30001,Acajete,"9,701",11.457444,8.623853,53.230857,20.719513,5.255141,1.523229,3.313024,10.091394,2.132521,62.414318,38.918507,0.264612,Medio,779
30,Veracruz de Ignacio de la Llave,30002,Acatlán,"3,441",8.679855,3.723404,52.280985,27.986051,0.464576,0.580720,0.348432,0.580720,1.045296,78.048780,31.358885,-0.125629,Bajo,"1,155"
30,Veracruz de Ignacio de la Llave,30003,Acayucan,"80,815",10.384521,5.891385,40.429614,38.857885,6.002947,2.029047,6.882762,3.839192,1.267102,36.245001,16.893286,-0.406473,Bajo,"1,435"
30,Veracruz de Ignacio de la Llave,30004,Actopan,"41,742",10.854247,5.869159,51.590657,21.783815,2.025769,1.839577,1.050123,1.586356,0.558576,31.905861,9.026588,-0.499064,Bajo,"1,548"
30,Veracruz de Ignacio de la Llave,30005,Acula,"5,253",16.093943,9.407216,50.135970,13.687417,2.232667,7.226792,20.740306,9.518214,1.645123,27.673325,14.453584,0.125760,Medio,899
30,Veracruz de Ignacio de la Llave,30006,Acultzingo,"23,100",10.644483,9.460423,52.560614,36.770563,16.332330,6.201939,22.885323,21.397526,1.354062,59.628887,42.661317,0.756299,Medio,482
30,Veracruz de Ignacio de la Llave,30007,Camarón de Tejeda,"6,538",10.412890,10.010320,58.046324,26.063016,2.125454,13.011923,1.814412,20.736133,1.399689,41.886988,17.573872,0.116971,Bajo,904
30,Veracruz de Ignacio de la Llave,30008,Alpatláhuac,"10,338",17.404470,7.978463,58.485941,35.596827,7.370518,1.434263,12.231076,32.390438,2.948207,74.780876,54.103586,0.947502,Medio,402
30,Veracruz de Ignacio de la Llave,30009,Alto Lucero de Gutiérrez Barrios,"28,184",13.531861,4.667998,55.611875,17.708629,1.490160,2.024798,1.330907,1.569787,0.489137,38.653168,9.998862,-0.350893,Bajo,"1,374"
30,Veracruz de Ignacio de la Llave,30010,Altotonga,"64,234",13.036848,8.219285,53.676855,27.667590,8.870484,1.764494,5.401512,10.046813,1.758492,65.826431,43.590205,0.412480,Medio,651
30,Veracruz de Ignacio de la Llave,30011,Alvarado,"57,035",6.756549,8.052788,33.284293,17.064960,2.448426,1.845820,4.869707,2.703583,0.548317,16.161781,8.762215,-0.788004,Muy bajo,"1,897"
30,Veracruz de Ignacio de la Llave,30012,Amatitlán,"7,866",13.509193,11.653386,53.237410,17.048055,2.822581,5.608504,11.070381,6.304985,1.392962,25.769795,11.326979,-0.073473,Bajo,"1,095"
30,Veracruz de Ignacio de la Llave,30013,Naranjos Amatlán,"26,843",4.572059,2.785963,31.534254,32.757143,3.875135,0.729578,6.315034,11.290515,1.279751,30.415022,10.333692,-0.763646,Muy bajo,"1,867"
30,Veracruz de Ignacio de la Llave,30014,Amatlán de los Reyes,"46,955",5.719228,5.546242,40.941301,32.388457,4.793799,2.287778,7.811559,2.641481,1.166466,42.188441,17.286273,-0.461374,Bajo,"1,496"
30,Veracruz de Ignacio de la Llave,30015,Angel R. Cabada,"33,839",15.003203,7.442580,52.522512,25.925707,2.651270,4.323326,4.739030,4.378753,2.595843,34.549654,18.004619,-0.091346,Bajo,"1,120"
30,Veracruz de Ignacio de la Llave,30016,La Antigua,"28,682",4.609612,5.076652,34.612292,27.156405,1.332751,0.994101,0.546209,0.622679,0.502513,22.667686,8.815818,-0.964394,Muy bajo,"2,131"
30,Veracruz de Ignacio de la Llave,30017,Apazapan,"4,709",6.497406,3.076923,42.042042,22.573795,2.569170,2.964427,0.658762,3.030303,0.461133,39.657444,11.067194,-0.646345,Bajo,"1,713"
30,Veracruz de Ignacio de la Llave,30018,Aquila,"1,978",21.803922,11.556604,69.882353,23.003033,7.010309,7.628866,3.505155,15.670103,1.237113,62.680412,58.144330,1.004000,Alto,376
30,Veracruz de Ignacio de la Llave,30019,Astacinga,"6,909",30.253251,6.085193,67.122975,3.343465,22.491145,1.534829,4.722550,91.912633,1.239669,82.585596,75.206612,2.232565,Muy alto,92
30,Veracruz de Ignacio de la Llave,30020,Atlahuilco,"11,577",26.205849,8.612663,67.413597,14.917509,29.627119,2.101695,10.610169,87.932203,0.610169,86.338983,84.813559,2.400073,Muy alto,65
30,Veracruz de Ignacio de la Llave,30021,Atoyac,"23,461",6.453785,6.419961,43.706156,21.623119,3.951454,2.949478,14.112334,8.072255,1.326559,38.964155,18.346034,-0.258284,Bajo,"1,275"
30,Veracruz de Ignacio de la Llave,30022,Atzacan,"22,651",13.373352,9.314202,50.089733,35.150766,13.245505,3.151148,3.471604,10.201175,1.958341,68.114652,47.285028,0.508128,Medio,606
30,Veracruz de Ignacio de la Llave,30023,Atzalan,"49,180",16.329071,7.827586,58.614349,22.200081,8.205238,3.522630,4.953032,7.045260,3.166809,53.330487,28.074295,0.383122,Medio,677
30,Veracruz de Ignacio de la Llave,30024,Tlaltetela,"16,485",14.884625,12.759227,60.434452,23.117986,6.062734,3.628277,1.287453,9.901685,1.849251,54.213483,32.958801,0.379312,Medio,681
30,Veracruz de Ignacio de la Llave,30025,Ayahualulco,"27,217",29.243921,9.565505,74.562468,11.724290,8.477482,1.496026,1.044102,5.703600,1.714197,75.876578,55.617890,1.157355,Alto,315
30,Veracruz de Ignacio de la Llave,30026,Banderilla,"25,993",3.844216,4.792650,28.924829,30.281230,1.486646,0.315748,1.723457,0.460466,0.328904,32.087883,15.603210,-0.938104,Muy bajo,"2,097"
30,Veracruz de Ignacio de la Llave,30027,Benito Juárez,"16,120",19.329006,3.586957,57.987018,8.256824,13.570939,1.256568,28.010053,57.185287,5.186201,89.353438,39.684716,1.588508,Alto,201
30,Veracruz de Ignacio de la Llave,30028,Boca del Río,"144,550",2.356710,7.028954,22.053692,26.178485,0.701453,0.328741,0.387370,0.123540,0.081662,15.006910,4.093555,-1.253000,Muy bajo,"2,405"
30,Veracruz de Ignacio de la Llave,30029,Calcahualco,"13,701",22.430225,11.439240,67.426821,17.487775,14.504563,1.075619,4.269883,39.178618,1.434159,83.344198,59.517601,1.412914,Alto,243
30,Veracruz de Ignacio de la Llave,30030,Camerino Z. Mendoza,"41,835",8.786285,9.224386,35.148253,27.598900,7.479106,0.528740,6.975951,9.440559,0.358178,38.777077,22.394678,-0.326265,Bajo,"1,349"
30,Veracruz de Ignacio de la Llave,30031,Carrillo Puerto,"18,888",15.020169,12.927518,66.563990,33.248623,7.359651,15.850030,3.888117,17.317992,1.825035,52.449911,14.758976,0.541724,Medio,582
30,Veracruz de Ignacio de la Llave,30032,Catemaco,"49,451",14.072834,7.921657,49.433299,31.966998,6.766533,2.331019,5.107782,4.939715,2.046036,43.836317,21.585678,-0.032360,Bajo,"1,051"
30,Veracruz de Ignacio de la Llave,30033,Cazones de Herrera,"24,421",10.701646,4.388560,47.536655,27.103722,7.093106,1.122957,22.260128,27.974414,2.487562,48.912580,22.729211,0.259668,Medio,781
30,Veracruz de Ignacio de la Llave,30034,Cerro Azul,"25,011",4.582928,3.673810,28.465359,24.661149,3.259049,0.953240,2.486152,5.075357,1.378333,26.626304,9.326291,-0.881375,Muy bajo,"2,015"
30,Veracruz de Ignacio de la Llave,30035,Citlaltépetl,"11,165",13.122617,3.133298,51.408191,48.284819,11.291291,5.015015,3.453453,10.600601,3.243243,67.957958,26.156156,0.238090,Medio,801
30,Veracruz de Ignacio de la Llave,30036,Coacoatzintla,"11,018",9.628575,7.185039,50.899444,24.623344,4.944290,1.392758,2.646240,4.317549,1.323120,55.292479,27.019499,-0.085091,Bajo,"1,107"
30,Veracruz de Ignacio de la Llave,30037,Coahuitlán,"8,176",25.529661,5.396825,55.914548,14.542564,10.806697,2.638255,7.762557,11.719939,3.805175,78.386606,46.067986,1.009407,Alto,370
30,Veracruz de Ignacio de la Llave,30038,Coatepec,"93,911",5.095984,4.737120,32.537781,26.200339,3.214679,0.880734,2.036697,1.174312,0.785321,32.128440,14.264220,-0.797276,Muy bajo,"1,913"
30,Veracruz de Ignacio de la Llave,30039,Coatzacoalcos,"310,698",3.573082,4.789193,26.585051,21.632260,1.402112,0.632685,2.637890,0.969437,0.542885,17.926425,7.469769,-1.077944,Muy bajo,"2,264"
30,Veracruz de Ignacio de la Llave,30040,Coatzintla,"55,016",5.010748,4.371718,27.683305,25.443507,8.583132,0.695091,5.635201,8.638987,0.781977,25.215664,10.153292,-0.741693,Muy bajo,"1,831"
30,Veracruz de Ignacio de la Llave,30041,Coetzala,"2,355",15.008528,2.604167,52.131893,10.445860,25.897036,6.864275,34.945398,17.472699,2.028081,67.394696,51.794072,1.294715,Alto,280
30,Veracruz de Ignacio de la Llave,30042,Colipa,"5,743",13.255269,5.010438,58.852459,18.109002,5.016358,11.941112,6.979280,11.559433,3.326063,54.743730,19.193021,0.353930,Medio,696
30,Veracruz de Ignacio de la Llave,30043,Comapa,"19,876",16.458319,12.476838,68.243663,27.807406,5.162738,12.570146,16.386083,14.777404,2.656192,56.322484,28.656940,0.817829,Medio,448
30,Veracruz de Ignacio de la Llave,30044,Córdoba,"204,721",3.685536,5.942252,30.029380,32.733330,3.119189,0.577268,3.851689,0.682373,0.590204,32.320554,12.216419,-0.874182,Muy bajo,"2,004"
30,Veracruz de Ignacio de la Llave,30045,Cosamaloapan de Carpio,"54,737",8.713877,7.519582,40.448967,24.139065,4.423046,3.334965,5.658016,3.242479,0.908547,24.209782,11.952560,-0.531272,Bajo,"1,588"
30,Veracruz de Ignacio de la Llave,30046,Cosautlán de Carvajal,"16,167",14.059886,7.205157,59.158581,14.170842,7.142857,4.380054,1.819407,5.929919,2.021563,56.873315,40.453729,0.384483,Medio,674
30,Veracruz de Ignacio de la Llave,30047,Coscomatepec,"59,471",18.263466,13.501066,61.581496,33.882060,8.261630,1.727877,4.512067,12.983561,1.622945,69.681707,53.899965,0.785139,Medio,468
30,Veracruz de Ignacio de la Llave,30048,Cosoleacaque,"130,903",5.473114,4.487049,32.027261,28.128462,2.067470,0.998004,10.911510,0.825509,0.933935,26.014637,12.606885,-0.777904,Muy bajo,"1,884"
30,Veracruz de Ignacio de la Llave,30049,Cotaxtla,"22,050",10.646884,7.910495,55.620178,33.065760,3.931467,8.872572,1.560349,9.056142,1.239101,29.998470,12.375708,-0.222578,Bajo,"1,246"
30,Veracruz de Ignacio de la Llave,30050,Coxquihui,"16,333",21.295100,4.894630,51.804013,28.347517,16.770496,3.787690,36.680787,21.754299,4.111637,73.685522,39.372041,1.271154,Alto,286
30,Veracruz de Ignacio de la Llave,30051,Coyutla,"23,096",23.525836,5.583250,53.471125,30.018185,12.460750,1.090729,8.510990,11.502231,2.429351,63.708478,25.516444,0.560961,Medio,574
30,Veracruz de Ignacio de la Llave,30052,Cuichapa,"11,869",8.902620,9.310518,45.771827,25.410734,5.455618,2.948983,0.678266,2.742554,1.268063,41.964022,19.817163,-0.283663,Bajo,"1,296"
30,Veracruz de Ignacio de la Llave,30053,Cuitláhuac,"28,075",7.281177,9.895379,46.156081,36.965272,2.404086,2.154958,5.044843,2.478824,0.622820,31.365222,9.317389,-0.562989,Bajo,"1,627"
30,Veracruz de Ignacio de la Llave,30054,Chacaltianguis,"11,461",11.636404,12.585670,50.000000,15.984644,1.953908,3.682365,6.312625,4.233467,1.878758,22.520040,11.472946,-0.246782,Bajo,"1,265"
30,Veracruz de Ignacio de la Llave,30055,Chalma,"13,527",17.010463,3.610108,51.679123,29.326532,8.241470,1.653543,26.010499,41.233596,2.467192,69.763780,17.034121,0.700864,Medio,507
30,Veracruz de Ignacio de la Llave,30056,Chiconamel,"6,610",22.558635,2.012384,57.953092,31.754917,10.404624,3.468208,14.566474,40.231214,2.023121,76.763006,16.300578,0.809519,Medio,452
30,Veracruz de Ignacio de la Llave,30057,Chiconquiaco,"13,881",15.342267,9.097889,62.065025,20.776601,6.019766,4.222821,8.864930,7.157832,2.994909,83.587901,40.281521,0.751513,Medio,485
30,Veracruz de Ignacio de la Llave,30058,Chicontepec,"53,858",13.102431,2.506964,49.432010,17.327045,11.459844,0.969273,17.380984,50.804431,1.971515,78.405644,22.932876,0.731693,Medio,493
30,Veracruz de Ignacio de la Llave,30059,Chinameca,"22,638",9.903722,6.539265,45.737936,32.145066,7.255788,4.418408,14.299831,4.404291,1.369283,36.815359,19.918125,-0.141379,Bajo,"1,168"
30,Veracruz de Ignacio de la Llave,30060,Chinampa de Gorostiza,"16,283",11.522084,4.852244,47.983635,36.547319,10.055986,2.540913,20.198105,24.310939,2.713178,53.380706,20.951766,0.306220,Medio,734
30,Veracruz de Ignacio de la Llave,30061,Las Choapas,"81,080",10.986332,11.664491,50.772407,31.953626,9.546593,3.595063,17.389555,4.784475,2.884099,30.947058,19.464318,0.112537,Bajo,909
30,Veracruz de Ignacio de la Llave,30062,Chocamán,"20,839",12.493316,12.841988,55.594920,38.173617,8.676414,1.558292,4.232397,4.290112,1.981531,66.467872,49.653713,0.457143,Medio,627
30,Veracruz de Ignacio de la Llave,30063,Chontla,"13,359",14.034052,4.129353,56.441295,26.693615,13.615478,1.644498,6.577993,44.135429,2.490931,68.004837,25.223700,0.660015,Medio,526
30,Veracruz de Ignacio de la Llave,30064,Chumatlán,"4,008",23.455933,3.065693,49.375434,10.254491,7.553957,2.877698,52.967626,12.949640,4.586331,83.363309,42.625899,1.383311,Alto,254
30,Veracruz de Ignacio de la Llave,30065,Emiliano Zapata,"85,489",3.505479,4.377641,29.057940,27.871422,1.737693,1.370316,1.576047,1.609111,0.878031,28.023512,9.889787,-0.966438,Muy bajo,"2,134"
30,Veracruz de Ignacio de la Llave,30066,Espinal,"26,830",15.170405,4.592064,45.664504,27.912784,9.170545,2.381604,25.800712,21.160690,1.368738,57.240624,23.391733,0.401929,Medio,660
30,Veracruz de Ignacio de la Llave,30067,Filomeno Mata,"19,179",28.555817,11.916407,63.870208,11.298816,9.263854,3.363661,13.399504,4.687069,2.536532,92.748828,67.273229,1.498553,Alto,221
30,Veracruz de Ignacio de la Llave,30068,Fortín,"66,372",4.019120,5.631897,28.976685,30.649973,3.453288,0.796913,2.851844,1.308140,0.621492,29.776464,12.840818,-0.884115,Muy bajo,"2,018"
30,Veracruz de Ignacio de la Llave,30069,Gutiérrez Zamora,"24,085",6.419530,4.651861,38.267206,30.159851,5.173312,1.224915,18.178264,8.391973,1.342194,36.565025,13.317696,-0.391769,Bajo,"1,418"
30,Veracruz de Ignacio de la Llave,30070,Hidalgotitlán,"18,275",9.926639,6.274256,55.402720,32.164159,5.273141,5.955994,38.125948,7.568285,3.015933,33.023520,17.905918,0.270096,Medio,777
30,Veracruz de Ignacio de la Llave,30071,Huatusco,"59,920",8.929019,8.487959,45.617471,44.040387,6.536070,1.517413,3.874378,4.396766,1.337065,51.554726,28.482587,-0.178982,Bajo,"1,200"
30,Veracruz de Ignacio de la Llave,30072,Huayacocotla,"21,796",13.664112,7.077626,52.039226,27.940907,4.929807,3.721841,8.537382,20.666014,5.027751,59.125041,45.102840,0.569443,Medio,570
30,Veracruz de Ignacio de la Llave,30073,Hueyapan de Ocampo,"41,670",17.731510,6.520157,50.885114,27.163427,9.610657,3.655539,4.987709,17.857426,1.950678,50.923797,26.984379,0.322686,Medio,721
30,Veracruz de Ignacio de la Llave,30074,Huiloapan de Cuauhtémoc,"7,293",4.953896,4.561717,34.387995,28.630193,4.289277,1.596010,1.695761,2.643392,0.598504,38.154613,20.798005,-0.665729,Bajo,"1,735"
30,Veracruz de Ignacio de la Llave,30075,Ignacio de la Llave,"16,525",16.598425,5.555556,54.188976,24.024206,2.693125,5.439405,19.631467,6.130404,1.824947,32.193480,18.781006,0.095251,Bajo,927
30,Veracruz de Ignacio de la Llave,30076,Ilamatlán,"13,377",34.259159,8.078856,69.415325,18.524333,12.291105,1.590296,44.016173,66.927224,1.778976,95.444744,58.598383,2.369040,Muy alto,68
30,Veracruz de Ignacio de la Llave,30077,Isla,"42,807",11.002032,10.363153,51.402220,37.297638,5.640290,2.597403,3.042887,2.929629,1.479915,29.998490,16.082754,-0.286066,Bajo,"1,300"
30,Veracruz de Ignacio de la Llave,30078,Ixcatepec,"12,379",14.329300,3.128430,50.773277,20.922530,17.964554,2.416756,18.286788,53.088077,2.524168,80.236305,26.342642,1.006832,Alto,372
30,Veracruz de Ignacio de la Llave,30079,Ixhuacán de los Reyes,"11,387",15.398818,9.575013,63.293944,13.313428,11.368078,1.498371,0.977199,5.895765,1.302932,70.260586,50.944625,0.679309,Medio,518
30,Veracruz de Ignacio de la Llave,30080,Ixhuatlán del Café,"23,132",10.192821,8.959608,52.546689,33.084039,8.274589,1.426653,9.617321,12.487412,1.678416,63.309836,41.859684,0.343248,Medio,706
30,Veracruz de Ignacio de la Llave,30081,Ixhuatlancillo,"27,295",11.423939,8.144492,40.359670,31.243818,8.180428,0.713558,5.326198,2.688583,0.853721,45.565749,28.427625,-0.178356,Bajo,"1,199"
30,Veracruz de Ignacio de la Llave,30082,Ixhuatlán del Sureste,"15,831",7.494719,6.835128,43.177017,16.998294,4.845815,1.908957,17.159639,2.223621,1.636249,23.662681,13.656388,-0.360206,Bajo,"1,379"
30,Veracruz de Ignacio de la Llave,30083,Ixhuatlán de Madero,"50,836",18.577836,4.343618,56.532982,14.971674,19.210337,1.335248,20.366116,50.100503,2.864322,83.280689,36.424982,1.334680,Alto,268
30,Veracruz de Ignacio de la Llave,30084,Ixmatlahuacan,"5,574",13.985854,10.286458,50.992471,24.686042,3.170478,5.925156,11.642412,6.860707,1.923077,29.937630,15.176715,-0.032303,Bajo,"1,050"
30,Veracruz de Ignacio de la Llave,30085,Ixtaczoquitlán,"74,004",6.099001,4.353824,34.140449,22.746068,5.215931,1.185221,2.595969,1.813820,0.619002,40.355086,21.223608,-0.587976,Bajo,"1,648"
30,Veracruz de Ignacio de la Llave,30086,Jalacingo,"46,794",11.115699,10.582471,60.323308,27.148780,6.833103,1.632688,3.887353,10.642709,1.399447,67.752246,43.477885,0.426694,Medio,641
30,Veracruz de Ignacio de la Llave,30087,Xalapa,"488,531",2.731089,4.037287,21.927879,27.757706,1.707427,0.389947,1.052659,0.519709,0.413781,26.246309,10.040650,-1.127002,Muy bajo,"2,302"
30,Veracruz de Ignacio de la Llave,30088,Jalcomulco,"5,054",11.689273,3.662420,56.325524,15.908192,4.299754,1.781327,1.167076,1.842752,1.167076,62.223587,22.297297,-0.043798,Bajo,"1,059"
30,Veracruz de Ignacio de la Llave,30089,Jáltipan,"38,669",7.075424,3.830496,36.384561,28.237089,2.803433,1.855333,20.817327,1.814467,1.487536,31.826727,15.234982,-0.471079,Bajo,"1,506"
30,Veracruz de Ignacio de la Llave,30090,Jamapa,"11,132",8.103044,7.751938,45.292740,38.986705,4.234708,3.321340,7.057847,3.044561,1.162469,25.352892,11.126488,-0.523320,Bajo,"1,580"
30,Veracruz de Ignacio de la Llave,30091,Jesús Carranza,"28,524",11.857206,8.194649,56.692875,33.540177,6.902047,3.923011,13.522128,7.588574,1.851171,33.737894,16.537943,0.014686,Bajo,"1,004"
30,Veracruz de Ignacio de la Llave,30092,Xico,"39,623",10.426524,7.739747,49.467270,30.694294,5.441047,0.918238,0.478656,4.210218,0.752173,52.525154,34.541370,-0.103661,Bajo,"1,129"
30,Veracruz de Ignacio de la Llave,30093,Jilotepec,"16,585",5.886066,4.081633,39.569197,31.510401,1.987470,2.441132,7.409808,2.030676,1.123353,54.677036,19.896306,-0.443228,Bajo,"1,469"
30,Veracruz de Ignacio de la Llave,30094,Juan Rodríguez Clara,"38,367",12.603480,7.596798,54.682896,44.345401,2.740545,4.559037,4.798088,4.610262,1.511141,34.696491,16.853069,-0.239071,Bajo,"1,258"
30,Veracruz de Ignacio de la Llave,30095,Juchique de Ferrer,"15,059",16.581272,7.603781,54.885159,18.414237,6.368593,4.798255,1.875682,5.321701,2.595420,56.335878,24.776445,0.265295,Medio,778
30,Veracruz de Ignacio de la Llave,30096,Landero y Coss,"1,543",7.070707,4.712042,62.794613,11.989631,1.201923,0.961538,1.442308,1.201923,0.961538,72.115385,22.836538,-0.049915,Bajo,"1,067"
30,Veracruz de Ignacio de la Llave,30097,Lerdo de Tejada,"19,123",8.032882,7.038123,38.229012,23.913612,1.007480,2.076019,1.282247,1.770722,0.793772,21.737139,10.960159,-0.752812,Muy bajo,"1,850"
30,Veracruz de Ignacio de la Llave,30098,Magdalena,"3,299",14.803220,10.188088,52.593918,13.731434,9.941520,2.105263,1.871345,10.877193,0.818713,89.356725,78.011696,0.930001,Medio,408
30,Veracruz de Ignacio de la Llave,30099,Maltrata,"18,327",11.364699,6.956522,47.764449,43.034867,9.359715,1.667408,19.341930,8.225878,1.711872,50.133393,36.127168,0.207790,Medio,835
30,Veracruz de Ignacio de la Llave,30100,Manlio Fabio Altamirano,"23,918",7.918297,7.761628,50.206401,34.425955,3.226653,4.380902,0.944386,3.449633,0.839454,28.134837,12.618048,-0.508786,Bajo,"1,558"
30,Veracruz de Ignacio de la Llave,30101,Mariano Escobedo,"38,670",9.342624,10.051799,43.816577,26.596845,8.221574,1.341108,2.390671,9.582119,1.010690,48.814383,36.588921,-0.010833,Bajo,"1,025"
30,Veracruz de Ignacio de la Llave,30102,Martínez de la Torre,"108,842",5.881705,6.512526,36.212421,34.504144,4.937590,1.067255,8.838593,2.496396,1.870764,31.266293,13.451099,-0.584901,Bajo,"1,642"
30,Veracruz de Ignacio de la Llave,30103,Mecatlán,"12,799",28.036946,8.345534,61.405355,11.789984,11.167837,3.126994,17.485641,12.635609,4.722399,90.299936,68.187620,1.624983,Alto,192
30,Veracruz de Ignacio de la Llave,30104,Mecayapan,"17,134",21.996588,6.460296,57.972545,16.977939,14.946904,13.003406,2.103787,14.566219,1.843318,69.905830,45.201362,0.995563,Alto,382
30,Veracruz de Ignacio de la Llave,30105,Medellín de Bravo,"95,202",3.393359,8.095380,28.195977,30.552930,2.113757,1.150221,3.655415,1.490470,0.548011,20.700973,7.735389,-0.984881,Muy bajo,"2,159"
30,Veracruz de Ignacio de la Llave,30106,Miahuatlán,"4,841",7.596808,7.867731,56.429205,18.549886,2.464789,2.376761,0.704225,4.929577,0.792254,57.570423,40.580986,0.019105,Bajo,"1,001"
30,Veracruz de Ignacio de la Llave,30107,Las Minas,"2,934",16.836735,8.319185,60.306122,28.289025,6.954103,4.033380,1.112656,5.563282,2.364395,74.269819,50.069541,0.622706,Medio,547
30,Veracruz de Ignacio de la Llave,30108,Minatitlán,"144,776",5.655101,5.209054,33.305429,24.865309,4.878429,1.359453,10.425442,1.943349,1.190078,23.070580,11.287914,-0.695176,Bajo,"1,770"
30,Veracruz de Ignacio de la Llave,30109,Misantla,"65,761",7.281641,3.849553,39.681841,27.943614,6.063251,1.950919,5.775747,2.798029,1.740425,42.047438,16.356915,-0.437941,Bajo,"1,465"
30,Veracruz de Ignacio de la Llave,30110,Mixtla de Altamirano,"12,125",41.395698,12.095201,77.851426,11.010309,35.703101,5.512058,43.344817,76.980896,6.514250,98.747260,89.915440,3.771054,Muy alto,10
30,Veracruz de Ignacio de la Llave,30111,Moloacán,"16,493",8.768473,6.088905,44.729064,20.651185,5.004068,3.030919,10.231896,3.213995,2.034174,25.101709,17.229455,-0.336695,Bajo,"1,361"
30,Veracruz de Ignacio de la Llave,30112,Naolinco,"22,835",7.531646,4.107981,42.750288,25.412744,1.774879,2.093447,2.169296,1.441141,1.213592,46.829490,21.617112,-0.460693,Bajo,"1,495"
30,Veracruz de Ignacio de la Llave,30113,Naranjal,"4,614",10.299401,7.003891,48.173653,39.921977,11.721311,8.688525,6.557377,6.803279,0.901639,71.147541,39.672131,0.338050,Medio,708
30,Veracruz de Ignacio de la Llave,30114,Nautla,"10,130",7.448813,6.961566,46.376083,36.268509,5.636310,3.352121,6.763572,5.102344,2.610501,34.025512,14.921388,-0.332336,Bajo,"1,359"
30,Veracruz de Ignacio de la Llave,30115,Nogales,"37,314",5.964675,8.754864,36.599957,30.465777,6.322376,1.242062,5.136347,8.414270,0.868510,39.736645,22.618603,-0.401524,Bajo,"1,428"
30,Veracruz de Ignacio de la Llave,30116,Oluta,"17,027",9.282734,7.219251,42.760413,35.619898,3.671922,1.516663,15.725404,1.995610,1.516663,34.643784,17.920575,-0.327566,Bajo,"1,352"
30,Veracruz de Ignacio de la Llave,30117,Omealca,"23,773",11.362605,10.268817,50.204221,26.984394,8.677501,6.396302,3.846727,6.247204,2.221560,47.785895,21.425376,0.100951,Bajo,916
30,Veracruz de Ignacio de la Llave,30118,Orizaba,"123,182",2.121283,3.913325,20.692379,24.477602,0.717208,0.185943,0.138129,0.138129,0.204537,23.054242,8.298358,-1.224792,Muy bajo,"2,390"
30,Veracruz de Ignacio de la Llave,30119,Otatitlán,"5,651",9.776733,8.863636,46.933020,27.481862,2.803738,2.363936,9.290819,2.858714,1.044530,25.013744,14.898296,-0.398654,Bajo,"1,424"
30,Veracruz de Ignacio de la Llave,30120,Oteapan,"10,343",7.415556,3.692674,44.829818,27.854588,5.449141,5.713342,15.554822,5.614267,0.660502,35.501982,20.640687,-0.263050,Bajo,"1,281"
30,Veracruz de Ignacio de la Llave,30121,Ozuluama de Mascareñas,"22,756",8.608362,7.354759,53.011497,26.199684,9.565826,2.338936,34.467787,26.708683,4.341737,30.882353,16.764706,0.421564,Medio,644
30,Veracruz de Ignacio de la Llave,30122,Pajapan,"18,051",23.161403,8.865979,61.289101,20.093070,6.125023,7.854441,4.701856,10.916952,2.107728,65.735903,37.110431,0.759838,Medio,480
30,Veracruz de Ignacio de la Llave,30123,Pánuco,"96,185",5.593199,4.406001,38.992389,23.299891,4.732430,0.926679,9.270329,16.634245,1.644679,21.062498,10.936229,-0.549620,Bajo,"1,609"
30,Veracruz de Ignacio de la Llave,30124,Papantla,"159,910",9.196140,5.346582,42.234736,29.349009,17.413922,1.417361,28.911520,22.840894,1.476877,46.594366,17.182471,0.304297,Medio,740
30,Veracruz de Ignacio de la Llave,30125,Paso del Macho,"31,894",9.964593,7.967822,52.925308,28.434815,1.438454,7.389920,10.925662,8.125618,1.680026,37.795103,16.503788,-0.106705,Bajo,"1,132"
30,Veracruz de Ignacio de la Llave,30126,Paso de Ovejas,"33,442",6.713767,6.730352,44.739355,25.904551,2.777516,4.453441,1.336974,3.681386,2.692778,29.865361,13.435646,-0.478902,Bajo,"1,515"
30,Veracruz de Ignacio de la Llave,30127,La Perla,"28,258",24.504765,22.525495,75.991915,17.357916,17.063555,4.147611,2.192083,34.884088,1.766283,88.014509,77.164485,1.967010,Muy alto,123
30,Veracruz de Ignacio de la Llave,30128,Perote,"77,432",6.890049,6.446117,41.050993,36.178841,2.318871,0.891873,0.954829,3.446829,0.682021,44.069041,33.314097,-0.449355,Bajo,"1,476"
30,Veracruz de Ignacio de la Llave,30129,Platón Sánchez,"18,053",16.844092,4.293674,52.306531,19.016230,11.622976,2.370856,9.483423,23.804934,3.257517,60.794140,18.639167,0.488609,Medio,613
30,Veracruz de Ignacio de la Llave,30130,Playa Vicente,"39,327",14.266224,6.514963,57.138359,39.616548,5.077550,2.651417,11.376830,7.165757,1.559657,41.902781,17.095572,-0.008651,Bajo,"1,023"
30,Veracruz de Ignacio de la Llave,30131,Poza Rica de Hidalgo,"189,457",2.959909,5.533755,23.576350,26.910064,4.525309,0.589187,6.825776,1.579373,1.593443,19.763270,8.385803,-0.954428,Muy bajo,"2,117"
30,Veracruz de Ignacio de la Llave,30132,Las Vigas de Ramírez,"20,300",9.170275,6.576200,50.450706,31.591133,2.728351,2.688810,9.608541,16.429419,1.126928,51.107157,32.779755,0.022092,Bajo,999
30,Veracruz de Ignacio de la Llave,30133,Pueblo Viejo,"57,909",4.161748,4.773812,35.354026,30.164569,5.243060,1.175900,15.171536,13.510729,3.133713,24.257486,12.965208,-0.479061,Bajo,"1,516"
30,Veracruz de Ignacio de la Llave,30134,Puente Nacional,"23,544",6.873699,7.165932,44.484609,25.913184,3.196165,4.008523,2.223998,4.221601,0.918897,30.323612,12.078839,-0.540984,Bajo,"1,599"
30,Veracruz de Ignacio de la Llave,30135,Rafael Delgado,"24,127",9.622857,6.178596,44.537143,34.674846,9.078794,1.182742,9.861736,5.963685,1.049475,63.568216,39.413627,0.110114,Bajo,910
30,Veracruz de Ignacio de la Llave,30136,Rafael Lucio,"8,343",5.889145,4.359862,41.191026,33.644972,2.182163,1.233397,3.130930,0.948767,1.707780,51.185958,25.474383,-0.454926,Bajo,"1,483"
30,Veracruz de Ignacio de la Llave,30137,Los Reyes,"6,308",21.153846,7.076664,53.174235,8.798351,32.173382,2.075702,13.980464,58.363858,3.540904,94.078144,86.691087,2.190899,Muy alto,94
30,Veracruz de Ignacio de la Llave,30138,Río Blanco,"41,795",2.579606,4.110330,24.617161,28.505802,0.876339,0.275884,0.421941,1.071081,0.275884,25.697825,10.280753,-1.131531,Muy bajo,"2,304"
30,Veracruz de Ignacio de la Llave,30139,Saltabarranca,"6,126",14.348097,9.293680,51.112497,26.705844,1.653696,3.501946,9.970817,6.857977,2.188716,26.021401,14.591440,-0.152565,Bajo,"1,175"
30,Veracruz de Ignacio de la Llave,30140,San Andrés Tenejapan,"3,134",14.928058,7.001795,60.701439,15.092534,9.703504,2.021563,17.385445,11.725067,0.673854,87.331536,51.078167,0.897679,Medio,418
30,Veracruz de Ignacio de la Llave,30141,San Andrés Tuxtla,"162,428",15.740948,9.186506,52.140958,36.562662,10.400770,2.154893,2.696413,11.439057,1.653651,54.794245,21.352011,0.185115,Medio,853
30,Veracruz de Ignacio de la Llave,30142,San Juan Evangelista,"32,631",12.777869,9.504294,56.944673,35.925960,4.063586,3.842510,11.538057,4.905780,2.621329,38.667228,16.454364,0.021495,Bajo,"1,000"
30,Veracruz de Ignacio de la Llave,30143,Santiago Tuxtla,"57,085",18.183489,8.579499,55.726857,35.867566,5.914430,4.817833,4.038830,9.210211,2.426894,55.644775,20.691515,0.259205,Medio,782
30,Veracruz de Ignacio de la Llave,30144,Sayula de Alemán,"32,400",12.830366,7.123632,50.668204,45.783951,4.796840,3.521445,14.492099,4.762980,1.704289,38.239278,19.051919,-0.102978,Bajo,"1,128"
30,Veracruz de Ignacio de la Llave,30145,Soconusco,"16,574",8.348021,5.640829,39.200449,37.498492,2.502002,0.780624,12.269816,1.040833,1.301041,34.187350,16.973579,-0.520716,Bajo,"1,576"
30,Veracruz de Ignacio de la Llave,30146,Sochiapa,"3,925",9.465318,12.270804,57.911850,32.636943,2.656748,2.763018,0.743889,2.763018,1.912859,51.222104,29.755579,0.003067,Bajo,"1,014"
30,Veracruz de Ignacio de la Llave,30147,Soledad Atzompa,"24,578",25.996928,11.311311,73.708141,14.077630,37.578701,0.647598,4.263357,88.091383,0.449721,86.274510,85.123224,2.562014,Muy alto,52
30,Veracruz de Ignacio de la Llave,30148,Soledad de Doblado,"28,130",9.601559,10.668258,54.979359,33.697121,2.496173,4.062169,1.271635,4.886377,0.965501,30.695867,12.975391,-0.345265,Bajo,"1,371"
30,Veracruz de Ignacio de la Llave,30149,Soteapan,"34,385",30.304726,7.718023,61.767238,21.349426,22.125883,7.546564,1.669878,9.708842,1.830443,81.781203,58.724042,1.432842,Alto,237
30,Veracruz de Ignacio de la Llave,30150,Tamalín,"11,631",9.016209,4.591532,49.549752,30.324134,9.343936,2.414087,17.921045,21.187163,2.272082,49.843794,18.517467,0.156546,Medio,875
30,Veracruz de Ignacio de la Llave,30151,Tamiahua,"21,902",10.150547,3.418508,52.292427,26.253310,3.707199,3.397142,41.574548,32.165004,2.372607,42.477757,19.250472,0.429646,Medio,639
30,Veracruz de Ignacio de la Llave,30152,Tampico Alto,"11,561",8.030973,5.943152,52.920354,36.242540,3.857255,3.726056,24.639202,23.852007,4.277093,28.391498,15.980058,0.096809,Bajo,924
30,Veracruz de Ignacio de la Llave,30153,Tancoco,"5,795",11.525500,3.272727,49.719164,23.675582,5.412794,0.929470,9.349371,16.293056,1.694915,56.150902,15.910334,-0.014844,Bajo,"1,031"
30,Veracruz de Ignacio de la Llave,30154,Tantima,"11,991",11.781027,3.781773,58.115463,35.059628,9.253731,2.388060,13.297151,32.727273,3.202171,53.622795,21.004071,0.400557,Medio,661
30,Veracruz de Ignacio de la Llave,30155,Tantoyuca,"99,959",10.922904,4.108429,47.938942,22.655289,17.920411,1.782505,52.286815,53.929947,4.701999,72.862644,31.417568,1.380277,Alto,257
30,Veracruz de Ignacio de la Llave,30156,Tatatila,"6,041",15.134474,9.174312,59.266504,19.433869,10.258152,5.027174,2.853261,18.070652,2.513587,65.896739,39.945652,0.678132,Medio,519
30,Veracruz de Ignacio de la Llave,30157,Castillo de Teayo,"20,145",10.971270,4.422111,45.367686,31.729958,8.361562,1.961134,62.702799,25.673025,1.747192,44.089856,13.389196,0.563370,Medio,573
30,Veracruz de Ignacio de la Llave,30158,Tecolutla,"24,551",8.800255,7.269746,46.656753,27.021303,5.750629,2.080297,26.911356,15.396846,2.000795,36.650325,17.291639,0.047175,Bajo,972
30,Veracruz de Ignacio de la Llave,30159,Tehuipango,"29,686",38.192964,8.313253,66.993603,5.581756,50.158172,3.391916,37.152900,94.885764,1.704745,99.648506,95.922671,3.691854,Muy alto,11
30,Veracruz de Ignacio de la Llave,30160,Álamo Temapache,"107,270",8.033548,5.278540,42.295584,33.943321,5.739979,1.206833,20.907298,25.617624,2.012503,41.637415,13.920369,-0.071373,Bajo,"1,091"
30,Veracruz de Ignacio de la Llave,30161,Tempoal,"34,408",14.315921,4.582210,53.195238,15.339456,10.708583,1.586826,16.946108,37.295409,3.283433,52.744511,20.558882,0.580253,Medio,565
30,Veracruz de Ignacio de la Llave,30162,Tenampa,"6,448",15.689942,15.127701,64.152120,27.620968,7.226792,11.515864,9.400705,12.749706,3.819036,64.042303,33.313749,0.874118,Medio,421
30,Veracruz de Ignacio de la Llave,30163,Tenochtitlán,"5,040",13.684801,10.256410,56.702187,11.904762,9.560524,2.313030,1.079414,8.404009,2.698535,56.592136,28.141866,0.361112,Medio,692
30,Veracruz de Ignacio de la Llave,30164,Teocelo,"16,957",7.025272,6.341276,43.241363,14.861119,7.700163,1.654412,0.510621,1.633987,0.857843,43.974673,24.877451,-0.310969,Bajo,"1,325"
30,Veracruz de Ignacio de la Llave,30165,Tepatlaxco,"8,925",11.140419,12.307692,57.734678,25.053221,10.296610,4.322034,54.237288,22.669492,3.389831,64.830508,47.711864,1.312717,Alto,275
30,Veracruz de Ignacio de la Llave,30166,Tepetlán,"9,405",17.227531,8.593156,64.769423,16.331738,2.789700,3.719599,1.466381,3.290415,0.643777,62.804006,18.597997,0.217156,Medio,827
30,Veracruz de Ignacio de la Llave,30167,Tepetzintla,"14,619",8.629819,5.344828,47.162099,36.356796,13.262159,2.633452,6.002372,27.852906,1.850534,66.429419,23.772242,0.247320,Medio,788
30,Veracruz de Ignacio de la Llave,30168,Tequila,"16,343",22.395413,9.921355,60.404909,16.153705,26.744754,2.659834,28.111274,43.850659,2.196193,92.703758,80.697901,2.154208,Muy alto,100
30,Veracruz de Ignacio de la Llave,30169,José Azueta,"22,709",13.372774,8.513086,54.352156,24.171034,2.817869,4.481100,19.340206,4.439863,1.223368,30.419244,14.446735,-0.029318,Bajo,"1,044"
30,Veracruz de Ignacio de la Llave,30170,Texcatepec,"10,824",33.263393,9.402501,69.995804,16.204730,12.915782,2.653928,24.734607,91.755131,6.758669,94.302902,68.011323,2.669523,Muy alto,45
30,Veracruz de Ignacio de la Llave,30171,Texhuacán,"5,575",21.669219,6.294416,55.742726,28.968610,14.661134,1.175657,13.969571,27.040111,2.835408,84.163209,74.135546,1.349798,Alto,263
30,Veracruz de Ignacio de la Llave,30172,Texistepec,"19,925",12.291794,5.511571,52.716024,38.785445,5.681422,4.775183,36.615545,4.966887,2.283025,45.050540,23.893343,0.312232,Medio,730
30,Veracruz de Ignacio de la Llave,30173,Tezonapa,"54,537",13.736571,9.124708,56.264956,21.821882,12.714286,4.019481,43.525974,14.740260,2.571429,63.396104,37.694805,1.042493,Alto,361
30,Veracruz de Ignacio de la Llave,30174,Tierra Blanca,"95,602",8.246578,6.740665,42.595021,32.590322,6.498583,3.459396,3.677644,3.928467,1.162904,27.170266,11.690935,-0.510805,Bajo,"1,563"
30,Veracruz de Ignacio de la Llave,30175,Tihuatlán,"92,726",7.724981,5.859482,38.463094,33.016630,8.400887,0.890945,25.405323,16.373509,1.843071,35.362496,15.096360,-0.123652,Bajo,"1,153"
30,Veracruz de Ignacio de la Llave,30176,Tlacojalpan,"4,489",11.265935,8.628659,50.044471,21.764313,4.424779,6.126617,13.955071,6.671205,1.089176,31.313819,19.196732,-0.061596,Bajo,"1,080"
30,Veracruz de Ignacio de la Llave,30177,Tlacolulan,"11,685",11.711367,6.273526,51.545338,19.760377,8.055358,2.909865,5.429383,9.226402,1.632363,73.420866,39.779986,0.372074,Medio,687
30,Veracruz de Ignacio de la Llave,30178,Tlacotalpan,"12,898",11.739881,8.608414,45.914061,16.266088,3.775718,4.770518,9.721908,5.697490,1.514809,22.586480,9.586254,-0.286097,Bajo,"1,301"
30,Veracruz de Ignacio de la Llave,30179,Tlacotepec de Mejía,"4,284",6.622307,9.770115,54.499366,40.382820,3.119869,4.597701,3.448276,5.008210,1.806240,44.581281,29.310345,-0.140830,Bajo,"1,167"
30,Veracruz de Ignacio de la Llave,30180,Tlachichilco,"10,900",25.253433,8.431272,64.031823,16.577982,14.295125,3.227931,29.973650,63.438735,4.216074,85.507246,44.861660,1.920038,Muy alto,129
30,Veracruz de Ignacio de la Llave,30181,Tlalixcoyan,"37,795",10.761397,7.093690,51.664274,31.123164,3.063755,4.567635,8.991281,4.935605,1.319894,29.045676,13.950884,-0.285910,Bajo,"1,299"
30,Veracruz de Ignacio de la Llave,30182,Tlalnelhuayocan,"19,664",7.536393,2.986932,41.540712,33.574044,3.667335,1.723447,0.601202,1.222445,0.521042,49.939880,27.214429,-0.475652,Bajo,"1,509"
30,Veracruz de Ignacio de la Llave,30183,Tlapacoyan,"61,377",8.723648,9.068409,46.787069,32.528472,5.992531,1.068658,2.522264,1.321459,1.016949,38.845159,16.409078,-0.377805,Bajo,"1,400"
30,Veracruz de Ignacio de la Llave,30184,Tlaquilpa,"7,933",25.260030,6.506181,66.623328,8.269255,25.052743,0.896624,11.392405,89.451477,1.002110,91.561181,79.219409,2.287084,Muy alto,80
30,Veracruz de Ignacio de la Llave,30185,Tlilapan,"5,548",12.646310,7.817259,45.114504,18.150685,7.069219,2.430044,4.418262,6.627393,2.209131,62.665685,45.139912,0.290414,Medio,755
30,Veracruz de Ignacio de la Llave,30186,Tomatlán,"7,197",7.018508,8.763389,44.346711,34.125330,3.400383,1.436782,1.676245,4.214559,1.484674,44.396552,33.477011,-0.282927,Bajo,"1,295"
30,Veracruz de Ignacio de la Llave,30187,Tonayán,"6,105",12.821134,7.679325,60.591372,9.320229,5.641026,0.805861,2.930403,6.373626,1.465201,81.611722,43.443223,0.512591,Medio,603
30,Veracruz de Ignacio de la Llave,30188,Totutla,"17,217",12.784113,12.002973,55.558141,30.661555,6.785559,4.588952,2.196607,4.654197,1.870378,53.392779,30.752501,0.212938,Medio,831
30,Veracruz de Ignacio de la Llave,30189,Tuxpan,"154,600",3.904379,4.484080,29.371180,27.195343,4.080269,0.756563,14.294952,8.783463,0.963487,21.535112,9.606846,-0.759331,Muy bajo,"1,861"
30,Veracruz de Ignacio de la Llave,30190,Tuxtilla,"2,258",13.899831,7.326007,46.651660,6.333038,2.184466,2.791262,15.291262,2.184466,1.213592,25.485437,12.500000,-0.203666,Bajo,"1,224"
30,Veracruz de Ignacio de la Llave,30191,Ursulo Galván,"30,097",5.059177,6.006006,37.318720,15.224109,1.141876,1.495554,0.303153,1.242926,0.293048,18.078011,6.719887,-0.917159,Muy bajo,"2,072"
30,Veracruz de Ignacio de la Llave,30192,Vega de Alatorre,"20,204",8.704012,8.210237,47.064479,33.364680,2.906087,1.789538,1.437749,1.743652,1.498929,32.716427,13.092689,-0.499500,Bajo,"1,549"
30,Veracruz de Ignacio de la Llave,30193,Veracruz,"607,209",2.386419,6.187507,23.965007,28.071389,1.620537,0.452462,0.609064,0.731967,0.190797,18.783854,6.127809,-1.178155,Muy bajo,"2,354"
30,Veracruz de Ignacio de la Llave,30194,Villa Aldama,"12,492",10.669583,7.795185,53.761089,30.187320,4.236420,2.186539,2.630680,5.842159,1.264093,52.476939,44.038264,0.084474,Bajo,940
30,Veracruz de Ignacio de la Llave,30195,Xoxocotla,"5,900",21.824908,5.545113,58.692972,4.033898,33.400000,2.066667,9.466667,94.666667,2.333333,84.000000,84.933333,2.368422,Muy alto,69
30,Veracruz de Ignacio de la Llave,30196,Yanga,"17,902",7.424375,8.327082,45.978767,29.756452,2.572464,3.152174,8.659420,3.188406,1.286232,34.855072,12.898551,-0.411179,Bajo,"1,439"
30,Veracruz de Ignacio de la Llave,30197,Yecuatla,"11,205",14.171347,6.855524,58.537460,20.080321,4.613965,3.844971,2.183943,5.875115,2.583820,57.182405,21.501077,0.171097,Medio,864
30,Veracruz de Ignacio de la Llave,30198,Zacualpan,"6,788",21.851852,7.252216,62.880658,25.103123,9.884596,3.512293,6.322127,22.930256,9.984947,70.546914,52.784747,1.327433,Alto,269
30,Veracruz de Ignacio de la Llave,30199,Zaragoza,"11,899",10.636311,5.080606,48.651489,30.355492,7.122507,5.286483,8.800253,4.653371,1.139601,50.332384,35.739158,0.055681,Bajo,968
30,Veracruz de Ignacio de la Llave,30200,Zentla,"12,581",8.990504,11.703297,53.055326,40.155790,3.796376,4.601668,2.099511,4.860512,1.610584,43.945930,18.262870,-0.178103,Bajo,"1,197"
30,Veracruz de Ignacio de la Llave,30201,Zongolica,"45,028",20.846091,7.262774,56.664375,19.998667,26.495377,1.440144,22.264954,47.852058,3.624908,82.456427,62.580804,1.800849,Muy alto,152
30,Veracruz de Ignacio de la Llave,30202,Zontecomatlán de López y Fuentes,"14,644",25.725082,6.239897,66.033497,8.966129,14.979757,4.402834,23.127530,63.335020,7.869433,95.116397,60.703441,2.255991,Muy alto,87
30,Veracruz de Ignacio de la Llave,30203,Zozocolco de Hidalgo,"14,524",20.790829,7.364915,59.516176,26.824566,14.714048,5.524708,27.706830,23.542476,7.218212,84.064409,54.303165,1.622083,Alto,193
30,Veracruz de Ignacio de la Llave,30204,Agua Dulce,"44,104",5.327434,4.823455,34.678466,20.059405,2.170577,1.015859,14.324344,1.169334,0.621209,18.424322,10.392458,-0.758548,Muy bajo,"1,857"
30,Veracruz de Ignacio de la Llave,30205,El Higo,"19,402",7.281953,4.026380,36.800603,22.415215,5.984903,1.743350,2.462257,22.501797,1.455787,24.388929,10.064702,-0.526998,Bajo,"1,581"
30,Veracruz de Ignacio de la Llave,30206,Nanchital de Lázaro Cárdenas del Río,"29,209",3.424021,2.752766,27.485070,13.523229,1.442630,0.581525,5.233728,0.693357,0.447327,13.531648,6.609260,-1.089536,Muy bajo,"2,273"
30,Veracruz de Ignacio de la Llave,30207,Tres Valles,"44,978",9.759560,8.392418,46.144974,34.218951,4.934164,4.707631,15.184766,5.026193,1.373354,27.389211,13.464533,-0.262530,Bajo,"1,280"
30,Veracruz de Ignacio de la Llave,30208,Carlos A. Carrillo,"23,376",9.590889,8.026650,45.428541,14.031485,2.483359,3.097798,5.824373,4.582693,1.011265,16.961086,8.064516,-0.518036,Bajo,"1,573"
30,Veracruz de Ignacio de la Llave,30209,Tatahuicapan de Juárez,"15,044",20.172670,7.871835,56.052729,16.651157,19.782004,8.116883,0.881262,10.064935,1.391466,65.746753,43.344156,0.862971,Medio,427
30,Veracruz de Ignacio de la Llave,30210,Uxpanapa,"30,891",11.925770,6.443873,58.607461,21.986987,13.899664,4.163434,7.628653,10.098267,4.835790,39.914663,23.803982,0.374145,Medio,684
30,Veracruz de Ignacio de la Llave,30211,San Rafael,"30,351",6.611780,5.708092,43.842094,30.519587,4.115446,1.710315,4.179583,2.554784,0.865847,28.487440,11.576697,-0.623157,Bajo,"1,689"
30,Veracruz de Ignacio de la Llave,30212,Santiago Sochiapan,"13,062",18.314017,7.633588,67.001968,38.868473,17.352614,1.473860,16.101224,7.230256,2.753059,61.902113,23.192436,0.723200,Medio,498
31,Yucatán,31001,Abalá,"6,550",14.534645,9.921415,55.104551,18.213740,0.494777,19.131391,0.494777,23.199560,1.374382,39.472237,26.443101,0.325301,Medio,717
31,Yucatán,31002,Acanceh,"16,772",7.440150,4.127358,38.765451,19.127117,1.388562,15.203577,0.517769,18.051306,0.635444,29.253942,22.805366,-0.326058,Bajo,"1,347"
31,Yucatán,31003,Akil,"12,285",12.138329,7.659774,51.907781,21.041921,3.055301,10.510235,1.222120,11.854568,1.802628,33.180568,39.382829,0.108751,Bajo,912
31,Yucatán,31004,Baca,"6,195",4.706614,1.265823,36.471076,19.289750,0.748848,9.792627,1.209677,11.808756,0.460829,21.140553,12.845622,-0.741107,Muy bajo,"1,829"
31,Yucatán,31005,Bokobá,"2,167",10.159480,1.677852,40.106320,7.245039,1.105845,5.213270,1.105845,7.266983,0.789889,29.857820,20.537125,-0.483887,Bajo,"1,522"
31,Yucatán,31006,Buctzotz,"9,159",10.839314,4.636234,49.465358,14.739600,1.379053,11.069698,2.348118,14.908684,2.310846,27.469251,28.587402,-0.066774,Bajo,"1,087"
31,Yucatán,31007,Cacalchén,"7,490",6.822578,3.492647,42.605943,23.991989,0.536324,9.458801,0.438810,11.360312,0.536324,25.012189,20.477816,-0.536384,Bajo,"1,592"
31,Yucatán,31008,Calotmul,"3,949",14.028533,3.150912,52.207880,16.409218,2.688638,8.759757,1.561145,11.795317,2.515178,37.640937,37.467476,0.115042,Bajo,907
31,Yucatán,31009,Cansahcab,"4,466",9.590211,2.207131,37.877063,18.248992,1.065449,12.937595,0.532725,17.275495,0.989346,25.875190,21.232877,-0.383724,Bajo,"1,410"
31,Yucatán,31010,Cantamayec,"2,755",18.955304,8.125000,53.473344,9.981851,4.037685,21.803499,2.960969,22.745626,7.133244,47.779273,55.720054,1.092876,Alto,340
31,Yucatán,31011,Celestún,"8,389",6.925116,8.959338,56.146455,29.824771,2.835379,5.755396,2.073635,5.966991,1.269573,32.331782,30.046551,-0.191432,Bajo,"1,217"
31,Yucatán,31012,Cenotillo,"3,736",10.144404,3.161398,48.050542,12.285867,1.265823,5.063291,1.012658,8.945148,2.869198,29.873418,25.232068,-0.251223,Bajo,"1,269"
31,Yucatán,31013,Conkal,"16,671",2.906660,3.873989,21.364731,23.621858,0.301508,2.673367,0.723618,3.135678,0.361809,18.492462,7.537688,-1.170578,Muy bajo,"2,345"
31,Yucatán,31014,Cuncunul,"1,714",14.206349,4.016064,35.476190,14.527421,3.628118,11.111111,0.226757,12.698413,2.267574,33.106576,33.106576,-0.073808,Bajo,"1,096"
31,Yucatán,31015,Cuzamá,"5,560",9.495336,6.447689,49.079168,20.125899,0.860357,24.685639,1.588352,29.053607,1.389808,43.414957,35.340834,0.332337,Medio,712
31,Yucatán,31016,Chacsinkín,"3,104",13.895216,5.975395,53.394077,1.707474,1.936376,7.883817,0.968188,9.128631,1.383126,49.515906,49.100968,0.306288,Medio,733
31,Yucatán,31017,Chankom,"4,686",16.038300,6.959707,52.393776,8.557405,2.840909,18.181818,2.435065,19.724026,3.409091,54.383117,52.840909,0.757073,Medio,481
31,Yucatán,31018,Chapab,"3,385",9.612342,5.523810,41.337025,12.230428,1.661475,16.926272,2.388370,26.791277,2.076843,35.929387,34.475597,0.127134,Medio,898
31,Yucatán,31019,Chemax,"38,934",18.747094,6.119662,54.017511,17.290800,10.731592,28.235433,1.583737,30.646496,3.699326,55.466257,59.520151,1.234606,Alto,299
31,Yucatán,31020,Chicxulub Pueblo,"4,497",5.238784,3.354633,30.159190,33.555704,0.839695,7.251908,0.992366,9.160305,0.610687,21.832061,13.282443,-0.861336,Muy bajo,"1,990"
31,Yucatán,31021,Chichimilá,"9,406",15.550654,3.726027,40.932724,22.719541,5.022157,26.292467,2.708026,29.394387,3.938946,51.994092,48.399803,0.723207,Medio,497
31,Yucatán,31022,Chikindzonot,"4,363",17.802271,2.660218,51.336005,2.406601,3.069307,22.277228,1.683168,24.158416,1.980198,50.891089,53.861386,0.748465,Medio,487
31,Yucatán,31023,Chocholá,"4,863",8.657196,2.773723,33.315465,18.219206,0.344353,8.953168,0.206612,17.493113,0.757576,23.209366,15.151515,-0.598296,Bajo,"1,659"
31,Yucatán,31024,Chumayel,"3,244",17.520661,4.061896,56.735537,8.446363,1.124859,16.647919,0.337458,21.709786,1.574803,32.058493,31.271091,0.305844,Medio,736
31,Yucatán,31025,Dzán,"6,003",7.514178,3.151862,45.770321,11.044478,0.750853,12.081911,0.819113,12.081911,1.023891,20.204778,30.238908,-0.322491,Bajo,"1,343"
31,Yucatán,31026,Dzemul,"3,622",9.626788,2.150538,37.425881,18.111541,0.275482,4.315886,2.020202,5.876951,0.183655,20.752984,14.600551,-0.729177,Muy bajo,"1,813"
31,Yucatán,31027,Dzidzantún,"8,345",6.433908,3.093722,32.733648,18.514080,0.682731,9.558233,1.566265,11.526104,0.763052,24.056225,20.281124,-0.616459,Bajo,"1,679"
31,Yucatán,31028,Dzilam de Bravo,"2,936",5.380757,5.116279,36.981304,22.241144,1.714286,2.171429,2.857143,3.314286,0.914286,23.085714,21.371429,-0.705804,Bajo,"1,781"
31,Yucatán,31029,Dzilam González,"6,240",9.631611,7.473310,42.827742,32.708333,0.468506,8.068714,1.821968,11.348256,2.134305,26.704841,25.507548,-0.321151,Bajo,"1,342"
31,Yucatán,31030,Dzitás,"4,015",13.156077,8.433735,53.487569,10.660025,5.628518,25.046904,5.347092,27.767355,2.908068,41.838649,44.371482,0.788670,Medio,465
31,Yucatán,31031,Dzoncauich,"2,818",14.000927,2.716049,49.003245,6.848829,1.010101,17.803030,1.262626,20.833333,2.020202,38.005051,34.217172,0.233742,Medio,804
31,Yucatán,31032,Espita,"16,779",12.274128,7.815771,54.459156,17.080875,3.926206,12.961211,0.875118,18.992431,2.956481,51.892148,47.824030,0.516249,Medio,601
31,Yucatán,31033,Halachó,"21,255",13.153704,3.200244,46.168546,23.956716,1.986755,21.523179,4.165214,23.945626,0.644824,32.798885,34.663646,0.162803,Medio,872
31,Yucatán,31034,Hocabá,"6,514",13.198180,2.686567,48.220935,17.393307,0.830368,25.029656,1.779359,29.478055,1.126928,37.663108,31.494662,0.278870,Medio,766
31,Yucatán,31035,Hoctún,"6,384",15.055533,5.172414,50.555327,21.663534,2.576754,18.092105,1.370614,24.232456,1.260965,39.638158,31.524123,0.274871,Medio,771
31,Yucatán,31036,Homún,"8,090",11.393240,2.709568,44.402308,27.589617,1.530842,19.945970,5.447996,23.728050,1.755966,38.361099,30.932013,0.121542,Bajo,901
31,Yucatán,31037,Huhí,"5,250",10.125945,5.729167,52.317380,15.809524,0.951173,17.882055,0.317058,22.891566,1.331642,33.608117,34.305644,0.142144,Medio,884
31,Yucatán,31038,Hunucmá,"35,137",9.017570,3.448276,41.562270,22.859094,0.773109,14.789916,2.274510,18.386555,0.683473,26.700280,18.565826,-0.332842,Bajo,"1,360"
31,Yucatán,31039,Ixil,"4,186",6.074766,3.973510,36.884735,29.933110,0.357143,6.071429,1.339286,8.839286,0.714286,18.928571,12.589286,-0.793410,Muy bajo,"1,905"
31,Yucatán,31040,Izamal,"28,555",10.477672,4.602235,39.623709,19.534232,1.171378,8.823529,0.725745,11.420932,0.865801,28.469570,24.929972,-0.368708,Bajo,"1,389"
31,Yucatán,31041,Kanasín,"141,939",3.848200,5.076270,30.521572,26.321871,0.882765,2.450735,1.367910,2.873362,0.630189,22.074122,9.875463,-0.971943,Muy bajo,"2,146"
31,Yucatán,31042,Kantunil,"5,553",12.475000,2.691066,45.125000,29.893751,1.602564,13.141026,0.512821,17.948718,1.666667,33.525641,28.589744,-0.115209,Bajo,"1,143"
31,Yucatán,31043,Kaua,"3,405",10.239194,3.809524,45.992446,17.973568,4.023669,12.662722,2.248521,13.609467,2.840237,39.644970,40.236686,0.125321,Bajo,900
31,Yucatán,31044,Kinchil,"7,530",10.662300,3.436714,44.068413,14.754316,0.897756,21.346633,0.847880,24.189526,0.598504,25.386534,22.394015,-0.091274,Bajo,"1,119"
31,Yucatán,31045,Kopomá,"2,677",6.591797,1.017812,35.107422,25.140082,0.766284,10.344828,0.255428,11.111111,1.532567,30.268199,24.010217,-0.543520,Bajo,"1,603"
31,Yucatán,31046,Mama,"3,296",14.351082,4.633205,57.445923,21.480583,1.040462,11.213873,4.971098,15.838150,1.040462,32.485549,28.901734,0.087091,Bajo,934
31,Yucatán,31047,Maní,"5,968",12.630149,2.608696,51.607062,9.316354,1.099612,15.394567,0.840880,15.976714,1.034929,29.236740,29.430789,-0.002754,Bajo,"1,018"
31,Yucatán,31048,Maxcanú,"23,991",11.006149,4.361702,42.062605,19.232212,2.857596,15.954913,1.143039,19.860295,1.190665,32.132084,30.211145,-0.041726,Bajo,"1,057"
31,Yucatán,31049,Mayapán,"3,965",19.369716,8.944099,57.148347,23.278689,1.272534,43.054083,3.181336,48.462354,2.757158,38.282078,46.129374,1.229810,Alto,300
31,Yucatán,31050,Mérida,"995,129",2.041982,3.571139,19.305956,22.162554,0.485296,1.155091,0.688574,1.209781,0.240507,18.463987,4.399623,-1.277108,Muy bajo,"2,419"
31,Yucatán,31051,Mocochá,"3,430",4.614249,5.800464,41.159099,18.542274,0.199601,6.686627,0.898204,9.181637,0.499002,19.560878,12.275449,-0.709068,Bajo,"1,788"
31,Yucatán,31052,Motul,"37,804",7.875895,3.857092,38.182648,25.838536,1.502719,9.095403,1.660900,11.339595,1.403856,28.452793,19.139891,-0.482890,Bajo,"1,520"
31,Yucatán,31053,Muna,"13,494",7.886528,4.913607,41.528563,30.294946,1.409278,10.892543,0.822079,12.389900,1.262478,29.154433,21.285966,-0.406402,Bajo,"1,434"
31,Yucatán,31054,Muxupip,"2,990",9.847495,1.269036,37.952070,10.535117,0.692841,13.048499,0.461894,16.974596,0.577367,28.983834,19.053118,-0.384885,Bajo,"1,411"
31,Yucatán,31055,Opichén,"7,080",7.747816,3.177570,49.791113,25.762712,2.251309,18.481675,1.151832,20.890052,1.256545,32.146597,31.256545,-0.030779,Bajo,"1,048"
31,Yucatán,31056,Oxkutzcab,"33,854",12.820082,5.627706,53.260732,25.778342,1.884804,10.840553,2.493561,11.402482,2.060407,27.007727,29.934442,-0.030704,Bajo,"1,047"
31,Yucatán,31057,Panabá,"7,766",11.654972,3.288364,46.688345,9.657481,1.761518,6.458898,1.084011,7.723577,1.038844,31.210479,29.810298,-0.231343,Bajo,"1,255"
31,Yucatán,31058,Peto,"25,954",11.378507,3.884954,44.111123,13.570163,4.755945,12.453066,1.439299,12.640801,2.612641,35.528786,39.721527,0.098815,Bajo,919
31,Yucatán,31059,Progreso,"66,008",3.288834,5.059248,33.582608,30.623561,1.425552,1.804976,2.065153,1.886281,1.365928,17.957613,9.073663,-0.971699,Muy bajo,"2,145"
31,Yucatán,31060,Quintana Roo,976,10.124827,3.125000,40.638003,13.729508,3.947368,12.500000,0.986842,10.526316,1.973684,34.868421,35.197368,-0.085659,Bajo,"1,109"
31,Yucatán,31061,Río Lagartos,"3,974",5.898034,3.626943,44.785072,14.871666,1.636364,4.272727,2.181818,4.636364,2.272727,20.454545,20.909091,-0.537697,Bajo,"1,593"
31,Yucatán,31062,Sacalum,"4,962",8.920705,3.321033,48.100220,24.083031,0.949598,10.372535,0.876552,12.125639,1.095690,29.364500,27.830533,-0.285135,Bajo,"1,297"
31,Yucatán,31063,Samahil,"5,631",8.321412,6.436234,35.050072,7.334399,0.762829,13.106796,0.485437,16.158114,0.416089,30.443828,19.625520,-0.346962,Bajo,"1,372"
31,Yucatán,31064,Sanahcat,"1,701",10.209003,3.928571,41.800643,6.172840,0.619835,10.743802,1.446281,13.842975,1.446281,38.429752,31.404959,-0.114831,Bajo,"1,141"
31,Yucatán,31065,San Felipe,"2,118",3.965304,2.912621,44.671623,10.339943,0.316957,0.950872,0.792393,1.267829,0.475436,18.225040,10.301109,-0.874724,Muy bajo,"2,005"
31,Yucatán,31066,Santa Elena,"4,220",13.011032,3.795620,50.064893,10.710900,0.713649,14.719001,1.605709,16.146298,1.605709,35.147190,38.893845,0.141930,Medio,885
31,Yucatán,31067,Seyé,"10,053",7.804751,5.617978,46.476116,28.847110,1.335807,11.502783,2.226345,18.107607,1.261596,29.276438,20.816327,-0.272913,Bajo,"1,288"
31,Yucatán,31068,Sinanché,"3,206",9.180847,4.228856,38.820736,12.071117,0.608519,7.403651,1.115619,9.533469,0.709939,25.862069,17.849899,-0.509177,Bajo,"1,559"
31,Yucatán,31069,Sotuta,"8,967",12.723352,6.483957,55.375847,24.445188,3.006263,18.538622,2.546973,22.505219,2.588727,36.701461,38.538622,0.395219,Medio,664
31,Yucatán,31070,Sucilá,"3,971",7.173841,4.444444,40.740741,14.857718,1.020408,6.632653,2.125850,7.653061,1.105442,35.459184,23.384354,-0.415093,Bajo,"1,444"
31,Yucatán,31071,Sudzal,"1,949",11.038012,6.230530,43.786550,12.673166,2.946274,13.171577,2.079723,15.251300,2.426343,35.528596,46.447140,0.181766,Medio,854
31,Yucatán,31072,Suma,"1,857",3.620219,2.118644,37.636612,22.078621,0.524476,6.643357,1.223776,9.440559,1.223776,26.748252,19.930070,-0.686462,Bajo,"1,762"
31,Yucatán,31073,Tahdziú,"5,854",17.085569,10.144928,54.758543,6.269218,2.270948,20.046985,2.270948,19.890368,2.584182,56.460454,69.851214,1.003035,Alto,378
31,Yucatán,31074,Tahmek,"3,774",8.721905,1.649485,42.234150,11.261261,1.010101,17.263545,0.642792,22.681359,1.101928,33.333333,23.140496,-0.157658,Bajo,"1,179"
31,Yucatán,31075,Teabo,"6,921",17.352342,7.204861,56.272912,15.171218,2.279544,30.233953,1.019796,36.112777,1.259748,39.952010,37.852430,0.763863,Medio,477
31,Yucatán,31076,Tecoh,"17,939",11.137529,3.462247,51.467420,21.233068,1.611877,16.797455,1.293743,19.003181,2.120891,36.627784,29.819724,0.093726,Bajo,929
31,Yucatán,31077,Tekal de Venegas,"2,683",17.647059,3.394256,45.279288,15.430488,0.910273,20.676203,1.430429,26.657997,1.950585,34.980494,36.540962,0.335160,Medio,710
31,Yucatán,31078,Tekantó,"3,747",13.395964,7.265774,40.918580,15.585802,0.925926,16.759259,1.574074,19.722222,1.481481,31.111111,24.074074,-0.003315,Bajo,"1,020"
31,Yucatán,31079,Tekax,"45,062",10.978117,5.153407,42.641868,13.130798,2.992454,9.653916,2.498048,11.059068,2.012317,31.442449,33.741001,-0.082831,Bajo,"1,105"
31,Yucatán,31080,Tekit,"11,020",12.536657,6.529412,61.449169,22.695100,0.752688,6.630824,1.111111,19.354839,0.358423,31.541219,31.039427,0.006359,Bajo,"1,007"
31,Yucatán,31081,Tekom,"3,355",16.864407,2.857143,46.652542,13.889717,3.666245,13.527181,1.264223,14.917826,2.275601,50.316056,46.902655,0.392322,Medio,667
31,Yucatán,31082,Telchac Pueblo,"3,512",5.357143,1.635514,35.714286,36.019362,0.804290,6.881144,2.234138,11.617516,0.714924,20.107239,13.136729,-0.819520,Muy bajo,"1,946"
31,Yucatán,31083,Telchac Puerto,"1,915",5.967078,1.532567,42.798354,32.584856,1.604278,1.069519,0.534759,1.604278,1.604278,19.607843,12.655971,-0.855155,Muy bajo,"1,982"
31,Yucatán,31084,Temax,"7,037",11.944550,4.085422,49.791113,16.157453,1.011715,18.264111,1.970181,23.269436,0.638978,32.587859,32.960596,0.106702,Bajo,913
31,Yucatán,31085,Temozón,"16,680",14.829407,3.740296,49.870065,17.080336,5.869873,15.511551,1.650165,18.552570,1.862329,39.768977,45.049505,0.377488,Medio,683
31,Yucatán,31086,Tepakán,"2,133",14.669164,1.724138,45.193508,7.829348,1.466276,25.513196,3.958944,29.032258,1.612903,40.322581,37.243402,0.428783,Medio,640
31,Yucatán,31087,Tetiz,"5,464",14.767825,2.944384,54.808424,17.953880,1.279461,19.528620,1.885522,27.878788,1.346801,34.006734,23.434343,0.218948,Medio,823
31,Yucatán,31088,Teya,"1,917",12.670007,8.668731,40.014316,4.799165,0.526316,8.596491,5.964912,10.000000,1.228070,38.070175,27.894737,-0.047081,Bajo,"1,063"
31,Yucatán,31089,Ticul,"40,495",6.377822,3.642173,36.049137,21.217434,1.946496,7.885806,1.147934,8.824117,0.708724,24.785386,20.223598,-0.607958,Bajo,"1,673"
31,Yucatán,31090,Timucuy,"7,503",15.362882,6.216216,53.929013,24.790084,1.108033,17.340720,0.720222,21.828255,1.606648,34.349030,30.415512,0.226349,Medio,813
31,Yucatán,31091,Tinum,"12,700",10.970141,4.958295,44.000875,29.307087,3.693271,12.050078,1.032864,13.990610,1.408451,37.777778,35.211268,-0.048517,Bajo,"1,066"
31,Yucatán,31092,Tixcacalcupul,"7,888",12.973679,2.733333,48.459959,14.033976,9.513961,20.165460,2.947260,22.337125,6.411582,58.376422,58.790072,0.944750,Medio,405
31,Yucatán,31093,Tixkokob,"18,420",4.839942,2.159136,32.907437,22.366992,0.331190,7.169297,0.564972,9.390220,0.662381,25.793883,14.065848,-0.793845,Muy bajo,"1,907"
31,Yucatán,31094,Tixmehuac,"5,444",13.484330,6.307223,49.275744,8.229243,4.433498,24.489796,2.533427,25.475018,2.463054,45.038705,51.090781,0.702905,Medio,505
31,Yucatán,31095,Tixpéhual,"5,690",4.738707,2.642559,35.496014,18.365554,0.521173,12.312704,0.521173,14.462541,0.716612,28.143322,15.504886,-0.594701,Bajo,"1,656"
31,Yucatán,31096,Tizimín,"80,672",10.556858,5.202999,45.794888,22.570409,4.214596,11.370922,2.522157,12.596643,2.437300,36.922497,31.307750,0.004640,Bajo,"1,011"
31,Yucatán,31097,Tunkás,"3,684",12.146051,3.583062,48.248882,16.313789,3.435469,19.498607,0.649954,22.655525,2.228412,32.404828,33.890436,0.205700,Medio,838
31,Yucatán,31098,Tzucacab,"15,346",11.195481,5.053883,45.096768,14.192623,3.551776,10.805403,1.825913,12.856428,1.900950,31.890945,39.019510,0.018077,Bajo,"1,002"
31,Yucatán,31099,Uayma,"4,191",16.805324,2.917772,48.652246,22.548318,3.177756,23.634558,0.397219,28.599801,1.986097,51.936445,44.289970,0.594417,Medio,563
31,Yucatán,31100,Ucú,"4,049",7.924651,6.408094,42.124066,27.537664,0.088889,9.422222,5.511111,12.977778,0.533333,20.711111,13.244444,-0.510938,Bajo,"1,564"
31,Yucatán,31101,Umán,"69,147",4.703806,3.830588,30.088839,19.488915,0.449682,6.233525,0.537551,7.649765,0.594407,21.931049,11.784773,-0.863106,Muy bajo,"1,993"
31,Yucatán,31102,Valladolid,"85,460",9.406020,2.801201,34.866202,27.562602,3.258202,11.583205,1.258748,13.160047,1.495047,36.826320,26.170135,-0.306951,Bajo,"1,319"
31,Yucatán,31103,Xocchel,"3,451",10.015898,2.718447,48.251192,31.353231,1.668521,26.251390,0.222469,31.368187,1.334816,37.931034,32.591769,0.205183,Medio,839
31,Yucatán,31104,Yaxcabá,"16,350",15.586955,5.987832,50.679819,14.990826,5.258126,20.339388,2.676864,21.916826,4.827916,49.760994,51.338432,0.801063,Medio,455
31,Yucatán,31105,Yaxkukul,"3,293",3.878116,2.844639,28.096557,20.832068,0.440529,8.590308,1.541850,10.903084,1.321586,20.704846,13.876652,-0.812782,Muy bajo,"1,940"
31,Yucatán,31106,Yobaín,"2,215",7.299703,1.234568,34.836795,11.151242,1.029412,9.117647,4.852941,12.058824,0.588235,26.176471,21.470588,-0.517900,Bajo,"1,572"
32,Zacatecas,32001,Apozol,"6,260",5.408914,5.899705,47.922977,12.651757,2.596685,1.602210,1.049724,1.436464,1.049724,13.259669,3.867403,-0.773557,Muy bajo,"1,879"
32,Zacatecas,32002,Apulco,"4,942",4.479769,5.739514,49.971098,16.228248,1.268657,7.164179,2.686567,7.537313,1.119403,18.507463,8.208955,-0.588395,Bajo,"1,649"
32,Zacatecas,32003,Atolinga,"2,277",4.808243,5.479452,51.803091,18.181818,0.915033,2.483660,0.784314,3.137255,0.392157,16.601307,8.104575,-0.752056,Muy bajo,"1,848"
32,Zacatecas,32004,Benito Juárez,"4,493",5.118483,4.539877,47.203791,33.852660,1.179245,3.144654,1.336478,3.066038,1.100629,18.946541,13.364780,-0.759145,Muy bajo,"1,859"
32,Zacatecas,32005,Calera,"45,759",3.684277,9.314421,33.371479,17.843484,0.876388,0.901427,0.667724,0.893081,0.300476,11.534930,7.937568,-0.994369,Muy bajo,"2,168"
32,Zacatecas,32006,Cañitas de Felipe Pescador,"8,255",3.462391,4.571843,35.851953,24.627498,1.077683,3.951504,0.942973,4.400539,0.628648,17.018410,8.935788,-0.936640,Muy bajo,"2,096"
32,Zacatecas,32007,Concepción del Oro,"12,115",3.893786,4.729730,28.829633,15.030953,1.511879,1.758716,4.350509,3.918544,1.110768,12.372724,7.435977,-0.976339,Muy bajo,"2,149"
32,Zacatecas,32008,Cuauhtémoc,"13,466",4.863288,5.430788,35.934292,19.255904,4.432734,2.448853,1.053937,3.781773,0.836950,20.458772,10.818351,-0.782844,Muy bajo,"1,890"
32,Zacatecas,32009,Chalchihuites,"10,086",5.105393,3.748489,37.941418,43.674400,1.197157,3.591470,1.122334,5.312383,0.935279,18.294052,5.387205,-0.965814,Muy bajo,"2,133"
32,Zacatecas,32010,Fresnillo,"240,532",3.001332,6.362306,30.757493,21.460346,1.256643,3.136918,1.566114,3.743357,0.490778,15.268834,6.894342,-1.001529,Muy bajo,"2,177"
32,Zacatecas,32011,Trinidad García de la Cadena,"3,362",5.819051,8.847737,49.302511,41.879833,0.835655,2.321263,0.185701,2.321263,1.392758,13.556175,6.963788,-0.796572,Muy bajo,"1,911"
32,Zacatecas,32012,Genaro Codina,"8,168",5.625449,4.223602,38.659238,20.078355,1.801363,9.396300,3.846154,23.466407,2.580331,25.511198,14.216164,-0.381018,Bajo,"1,406"
32,Zacatecas,32013,General Enrique Estrada,"6,644",4.178214,9.749784,33.596248,22.366045,1.104972,0.828729,0.552486,0.662983,0.331492,15.027624,9.116022,-0.954832,Muy bajo,"2,118"
32,Zacatecas,32014,General Francisco R. Murguía,"20,191",4.410263,4.757657,41.523174,15.729781,1.980381,3.868221,0.925412,5.719045,0.481214,15.232278,4.645567,-0.846011,Muy bajo,"1,974"
32,Zacatecas,32015,El Plateado de Joaquín Amaro,"1,579",7.422512,5.853659,57.340946,21.722609,3.213611,2.835539,2.079395,3.402647,0.756144,16.257089,7.372401,-0.569122,Bajo,"1,631"
32,Zacatecas,32016,General Pánfilo Natera,"23,526",6.293278,5.772415,44.727005,20.717504,2.020537,4.968533,1.689301,5.117589,0.596224,15.269957,11.361378,-0.690236,Bajo,"1,765"
32,Zacatecas,32017,Guadalupe,"211,740",1.501105,3.756938,17.120010,16.905167,0.633938,0.759733,1.257945,0.547868,0.228416,12.720140,5.960342,-1.319996,Muy bajo,"2,437"
32,Zacatecas,32018,Huanusco,"4,547",5.807783,6.142857,47.847877,17.418078,0.515844,3.021371,0.589536,3.021371,0.736920,13.338246,4.126750,-0.801828,Muy bajo,"1,921"
32,Zacatecas,32019,Jalpa,"25,296",4.673520,4.761905,35.615449,20.726597,1.128350,1.579690,1.241185,1.495063,0.564175,13.074753,4.330042,-1.016379,Muy bajo,"2,198"
32,Zacatecas,32020,Jerez,"59,910",3.443300,4.908587,37.914040,22.563846,1.222316,0.964396,0.504626,1.188674,0.347631,11.550322,4.681805,-1.059732,Muy bajo,"2,254"
32,Zacatecas,32021,Jiménez del Teul,"4,465",8.059211,8.685163,37.532895,14.916013,7.235622,12.615955,5.844156,14.564007,3.803340,46.753247,22.820037,0.137896,Medio,887
32,Zacatecas,32022,Juan Aldama,"19,749",3.373324,5.026050,36.944248,22.765710,1.632047,1.557864,1.094214,1.724777,0.333828,16.580119,5.675074,-0.999190,Muy bajo,"2,175"
32,Zacatecas,32023,Juchipila,"12,251",5.179498,4.381586,37.705450,17.435311,1.723251,0.411523,1.903292,0.180041,0.231481,11.625514,3.626543,-1.015916,Muy bajo,"2,197"
32,Zacatecas,32024,Loreto,"53,709",4.017537,4.207823,31.241383,20.534733,1.379151,1.879960,0.662609,2.064874,0.485399,16.102936,10.524694,-1.010186,Muy bajo,"2,186"
32,Zacatecas,32025,Luis Moya,"13,184",5.070298,3.682488,36.300232,27.237561,1.531394,1.071975,0.245023,0.888208,0.122511,13.476263,8.085758,-1.045250,Muy bajo,"2,237"
32,Zacatecas,32026,Mazapil,"17,774",8.251521,8.064000,42.555781,23.686283,3.276568,8.169864,11.532658,14.873895,1.250269,18.215133,11.920673,-0.329103,Bajo,"1,355"
32,Zacatecas,32027,Melchor Ocampo,"2,736",8.224883,7.855626,38.001041,13.742690,1.808067,7.510431,6.258693,8.762170,2.086231,24.200278,15.994437,-0.374912,Bajo,"1,396"
32,Zacatecas,32028,Mezquital del Oro,"2,451",7.842047,22.794118,53.726363,11.464708,2.040816,2.721088,3.945578,3.401361,0.952381,19.047619,5.986395,-0.260498,Bajo,"1,277"
32,Zacatecas,32029,Miguel Auza,"23,713",2.932533,11.468406,45.538673,22.316873,1.413006,1.395982,0.357508,1.481103,0.289411,12.138236,4.647600,-0.866805,Muy bajo,"1,996"
32,Zacatecas,32030,Momax,"2,446",4.764454,5.810398,45.877944,23.221586,0.126582,0.506329,0.253165,0.506329,0.506329,14.050633,5.189873,-0.938611,Muy bajo,"2,098"
32,Zacatecas,32031,Monte Escobedo,"8,683",4.763359,5.267176,44.717557,23.632385,1.113906,2.946461,1.581028,4.240029,1.581028,14.911966,6.719368,-0.796895,Muy bajo,"1,912"
32,Zacatecas,32032,Morelos,"13,207",2.309278,3.122044,30.360825,15.779511,0.442968,1.107420,1.052049,0.802879,0.193798,7.198228,5.343300,-1.211482,Muy bajo,"2,379"
32,Zacatecas,32033,Moyahua de Estrada,"4,530",7.472271,3.555556,50.262697,18.697572,0.824176,1.579670,1.854396,1.923077,1.167582,10.645604,3.571429,-0.801772,Muy bajo,"1,920"
32,Zacatecas,32034,Nochistlán de Mejía,"27,945",5.135541,3.609626,43.489646,30.195026,0.768594,1.442592,1.123330,1.726381,0.520279,13.101573,4.339600,-0.987657,Muy bajo,"2,165"
32,Zacatecas,32035,Noria de Ángeles,"16,284",5.987593,3.740409,38.227097,21.475068,1.914687,5.816772,2.666020,6.228793,0.654387,19.655841,14.226854,-0.715435,Muy bajo,"1,795"
32,Zacatecas,32036,Ojocaliente,"44,144",5.068278,5.724827,34.599846,21.404947,2.225287,4.110345,1.774713,5.039080,0.634483,16.045977,10.703448,-0.836357,Muy bajo,"1,962"
32,Zacatecas,32037,Pánuco,"17,577",5.359789,9.174896,43.314671,16.527280,1.160093,7.909724,3.691204,7.361316,0.527315,16.663151,13.246151,-0.562567,Bajo,"1,626"
32,Zacatecas,32038,Pinos,"72,241",7.706953,4.171572,35.162342,16.253928,1.817993,10.492416,8.248494,13.847912,1.158321,26.729690,15.951589,-0.404372,Bajo,"1,432"
32,Zacatecas,32039,Río Grande,"64,535",3.656392,3.613556,33.903188,24.242659,1.242657,2.841166,0.660868,3.688432,0.231586,21.509263,5.061003,-1.006735,Muy bajo,"2,180"
32,Zacatecas,32040,Sain Alto,"21,844",3.851783,6.083832,39.236296,15.647317,1.546298,4.256867,1.164271,4.475168,0.509369,24.668001,7.967983,-0.772976,Muy bajo,"1,877"
32,Zacatecas,32041,El Salvador,"2,509",13.697888,4.466501,47.103411,47.508968,3.688525,6.420765,6.830601,9.426230,4.234973,27.049180,17.622951,-0.183938,Bajo,"1,207"
32,Zacatecas,32042,Sombrerete,"63,665",3.550584,6.184525,35.247170,24.379172,1.681993,3.550227,2.298917,5.168199,0.512164,18.781283,5.517402,-0.906904,Muy bajo,"2,054"
32,Zacatecas,32043,Susticacán,"1,365",5.791506,1.546392,43.822394,24.322344,1.485149,5.198020,1.485149,5.940594,3.712871,25.495050,10.643564,-0.593550,Bajo,"1,653"
32,Zacatecas,32044,Tabasco,"16,588",5.105382,5.484784,42.648417,16.403424,1.036384,1.543550,0.948181,1.697905,0.551268,13.517089,4.740904,-0.900503,Muy bajo,"2,042"
32,Zacatecas,32045,Tepechitlán,"8,321",4.267892,4.815651,41.792515,18.903978,1.450412,1.528812,1.215210,1.607213,1.136809,18.972952,6.350451,-0.861009,Muy bajo,"1,989"
32,Zacatecas,32046,Tepetongo,"6,490",5.432002,6.063947,55.422161,19.214176,0.968523,2.276029,0.435835,2.276029,0.435835,13.317191,4.891041,-0.754512,Muy bajo,"1,851"
32,Zacatecas,32047,Teúl de González Ortega,"5,356",3.940389,5.824040,38.393534,20.575056,1.756511,0.847971,0.423985,1.635373,0.545124,15.990309,7.268322,-0.947675,Muy bajo,"2,108"
32,Zacatecas,32048,Tlaltenango de Sánchez Román,"27,302",4.445798,6.028131,37.479700,28.525383,1.630094,1.868339,0.990596,2.583072,0.815047,22.006270,8.664577,-0.880210,Muy bajo,"2,013"
32,Zacatecas,32049,Valparaíso,"32,461",4.930676,3.829161,36.884749,15.128924,3.746144,8.329661,4.869987,10.533275,3.184222,22.807404,11.723226,-0.483801,Bajo,"1,521"
32,Zacatecas,32050,Vetagrande,"10,276",3.862242,5.113025,31.929727,15.949786,0.832702,2.952309,2.081756,2.649508,0.492051,14.307343,9.500379,-0.967902,Muy bajo,"2,138"
32,Zacatecas,32051,Villa de Cos,"34,623",5.316466,7.502034,44.330067,19.027814,2.649945,5.899673,0.916031,6.957470,0.556161,18.069793,12.595420,-0.621235,Bajo,"1,686"
32,Zacatecas,32052,Villa García,"19,525",3.282515,4.835479,27.069808,21.720871,1.440747,2.698864,2.353896,4.058442,0.568182,19.845779,10.734578,-0.984915,Muy bajo,"2,160"
32,Zacatecas,32053,Villa González Ortega,"13,208",5.500168,5.263158,39.968634,20.283162,1.032702,3.557085,2.696500,3.872633,0.889271,16.580608,10.585198,-0.787429,Muy bajo,"1,896"
32,Zacatecas,32054,Villa Hidalgo,"19,446",7.489290,4.534543,36.604957,15.473619,1.414141,4.161616,2.040404,5.919192,0.666667,19.656566,15.878788,-0.692240,Bajo,"1,768"
32,Zacatecas,32055,Villanueva,"31,558",4.196878,5.288837,44.877591,25.163192,1.073959,3.011515,1.262179,3.974756,0.830381,11.625332,5.580159,-0.884952,Muy bajo,"2,020"
32,Zacatecas,32056,Zacatecas,"149,607",1.437077,3.669372,19.253869,16.944394,0.479090,0.535731,1.106863,0.429529,0.181724,10.738223,4.559615,-1.336926,Muy bajo,"2,444"
32,Zacatecas,32057,Trancoso,"20,455",5.116885,5.658915,31.989578,13.840137,1.392459,4.584404,3.191945,4.284490,0.578406,20.651243,17.245073,-0.748505,Muy bajo,"1,841"
32,Zacatecas,32058,Santa María de la Paz,"2,767",5.609756,5.152225,44.048780,14.853632,2.564103,1.981352,0.815851,4.545455,0.932401,17.832168,9.673660,-0.729746,Muy bajo,"1,815"
,,,,,,,,,,,,,,,,,,
