cve,ubicageo_c,orgapoli_e,sexostt,sexos1,sexos2,,,,orgapoli_e,(Varios elementos),,,
1,1001,1,1091,869,222,,,,,,,,
1,1001,2,201,169,32,,,,Etiquetas de fila,Suma de sexostt,,Entidad,Valores
1,1001,3,145,100,45,,,,1,2027,,1,2027
1,1001,4,0,0,0,,,,10,2206,,2,6690
1,1001,5,0,0,0,,,,11,9333,,3,1837
1,1001,6,NA,NA,NA,,,,12,5771,,4,646
1,1001,7,3,3,0,,,,13,4053,,5,3269
1,1001,8,0,0,0,,,,14,13023,,6,1033
1,1001,9,0,0,0,,,,15,24608,,7,7951
1,1002,1,46,32,14,,,,16,6521,,8,5975
1,1002,2,0,0,0,,,,17,2792,,9,0
1,1002,3,0,0,0,,,,18,1813,,10,2206
1,1002,4,0,0,0,,,,19,7986,,11,9333
1,1002,5,0,0,0,,,,2,6690,,12,5771
1,1002,6,NA,NA,NA,,,,20,13595,,13,4053
1,1002,7,5,5,0,,,,21,8927,,14,13023
1,1002,8,6,3,3,,,,22,2769,,15,24608
1,1002,9,2,1,1,,,,23,3125,,16,6521
1,1003,1,73,55,18,,,,24,3020,,17,2792
1,1003,2,0,0,0,,,,25,4208,,18,1813
1,1003,3,0,0,0,,,,26,4474,,19,7986
1,1003,4,0,0,0,,,,27,4496,,20,13595
1,1003,5,0,0,0,,,,28,437,,21,8927
1,1003,6,NA,NA,NA,,,,29,2167,,22,2769
1,1003,7,0,0,0,,,,3,1837,,23,3125
1,1003,8,7,2,5,,,,30,6217,,24,3020
1,1003,9,0,0,0,,,,31,3467,,25,4208
1,1004,1,28,20,8,,,,32,1182,,26,4474
1,1004,2,0,0,0,,,,4,646,,27,4496
1,1004,3,0,0,0,,,,5,3269,,28,437
1,1004,4,0,0,0,,,,6,1033,,29,2167
1,1004,5,0,0,0,,,,7,7951,,30,6217
1,1004,6,NA,NA,NA,,,,8,5975,,31,3467
1,1004,7,0,0,0,,,,9,0,,32,1182
1,1004,8,0,0,0,,,,Total general,165618,,Total general,165618
1,1004,9,0,0,0,,,,,,,,
1,1005,1,145,117,28,,,,,,,,
1,1005,2,0,0,0,,,,,,,,
1,1005,3,0,0,0,,,,,,,,
1,1005,4,0,0,0,,,,,,,,
1,1005,5,0,0,0,,,,,,,,
1,1005,6,NA,NA,NA,,,,,,,,
1,1005,7,5,2,3,,,,,,,,
1,1005,8,38,26,12,,,,,,,,
1,1005,9,0,0,0,,,,,,,,
1,1006,1,58,37,21,,,,,,,,
1,1006,2,0,0,0,,,,,,,,
1,1006,3,0,0,0,,,,,,,,
1,1006,4,0,0,0,,,,,,,,
1,1006,5,0,0,0,,,,,,,,
1,1006,6,NA,NA,NA,,,,,,,,
1,1006,7,0,0,0,,,,,,,,
1,1006,8,0,0,0,,,,,,,,
1,1006,9,9,2,7,,,,,,,,
1,1007,1,70,54,16,,,,,,,,
1,1007,2,0,0,0,,,,,,,,
1,1007,3,0,0,0,,,,,,,,
1,1007,4,0,0,0,,,,,,,,
1,1007,5,0,0,0,,,,,,,,
1,1007,6,NA,NA,NA,,,,,,,,
1,1007,7,0,0,0,,,,,,,,
1,1007,8,0,0,0,,,,,,,,
1,1007,9,0,0,0,,,,,,,,
1,1008,1,23,17,6,,,,,,,,
1,1008,2,0,0,0,,,,,,,,
1,1008,3,0,0,0,,,,,,,,
1,1008,4,0,0,0,,,,,,,,
1,1008,5,0,0,0,,,,,,,,
1,1008,6,NA,NA,NA,,,,,,,,
1,1008,7,2,2,0,,,,,,,,
1,1008,8,2,0,2,,,,,,,,
1,1008,9,2,0,2,,,,,,,,
1,1009,1,26,22,4,,,,,,,,
1,1009,2,0,0,0,,,,,,,,
1,1009,3,0,0,0,,,,,,,,
1,1009,4,0,0,0,,,,,,,,
1,1009,5,0,0,0,,,,,,,,
1,1009,6,NA,NA,NA,,,,,,,,
1,1009,7,2,2,0,,,,,,,,
1,1009,8,2,1,1,,,,,,,,
1,1009,9,7,2,5,,,,,,,,
1,1010,1,39,26,13,,,,,,,,
1,1010,2,0,0,0,,,,,,,,
1,1010,3,0,0,0,,,,,,,,
1,1010,4,0,0,0,,,,,,,,
1,1010,5,0,0,0,,,,,,,,
1,1010,6,NA,NA,NA,,,,,,,,
1,1010,7,5,5,0,,,,,,,,
1,1010,8,11,7,4,,,,,,,,
1,1010,9,0,0,0,,,,,,,,
1,1011,1,82,53,29,,,,,,,,
1,1011,2,0,0,0,,,,,,,,
1,1011,3,0,0,0,,,,,,,,
1,1011,4,0,0,0,,,,,,,,
1,1011,5,0,0,0,,,,,,,,
1,1011,6,NA,NA,NA,,,,,,,,
1,1011,7,3,3,0,,,,,,,,
1,1011,8,12,5,7,,,,,,,,
1,1011,9,0,0,0,,,,,,,,
2,2001,1,841,686,155,,,,,,,,
2,2001,2,0,0,0,,,,,,,,
2,2001,3,0,0,0,,,,,,,,
2,2001,4,0,0,0,,,,,,,,
2,2001,5,0,0,0,,,,,,,,
2,2001,6,NA,NA,NA,,,,,,,,
2,2001,7,11,11,0,,,,,,,,
2,2001,8,61,36,25,,,,,,,,
2,2001,9,0,0,0,,,,,,,,
2,2002,1,1714,1222,492,,,,,,,,
2,2002,2,242,209,33,,,,,,,,
2,2002,3,0,0,0,,,,,,,,
2,2002,4,0,0,0,,,,,,,,
2,2002,5,0,0,0,,,,,,,,
2,2002,6,NA,NA,NA,,,,,,,,
2,2002,7,9,5,4,,,,,,,,
2,2002,8,306,167,139,,,,,,,,
2,2002,9,0,0,0,,,,,,,,
2,2003,1,177,143,34,,,,,,,,
2,2003,2,6,5,1,,,,,,,,
2,2003,3,31,19,12,,,,,,,,
2,2003,4,0,0,0,,,,,,,,
2,2003,5,0,0,0,,,,,,,,
2,2003,6,NA,NA,NA,,,,,,,,
2,2003,7,7,7,0,,,,,,,,
2,2003,8,16,9,7,,,,,,,,
2,2003,9,0,0,0,,,,,,,,
2,2004,1,2265,1895,370,,,,,,,,
2,2004,2,117,110,7,,,,,,,,
2,2004,3,967,778,189,,,,,,,,
2,2004,4,0,0,0,,,,,,,,
2,2004,5,0,0,0,,,,,,,,
2,2004,6,NA,NA,NA,,,,,,,,
2,2004,7,71,61,10,,,,,,,,
2,2004,8,513,226,287,,,,,,,,
2,2004,9,0,0,0,,,,,,,,
2,2005,1,213,191,22,,,,,,,,
2,2005,2,25,25,0,,,,,,,,
2,2005,3,92,81,11,,,,,,,,
2,2005,4,0,0,0,,,,,,,,
2,2005,5,0,0,0,,,,,,,,
2,2005,6,NA,NA,NA,,,,,,,,
2,2005,7,0,0,0,,,,,,,,
2,2005,8,0,0,0,,,,,,,,
2,2005,9,0,0,0,,,,,,,,
2,2006,1,0,0,0,,,,,,,,
2,2006,2,0,0,0,,,,,,,,
2,2006,3,0,0,0,,,,,,,,
2,2006,4,0,0,0,,,,,,,,
2,2006,5,0,0,0,,,,,,,,
2,2006,6,NA,NA,NA,,,,,,,,
2,2006,7,0,0,0,,,,,,,,
2,2006,8,0,0,0,,,,,,,,
2,2006,9,0,0,0,,,,,,,,
3,3001,1,138,111,27,,,,,,,,
3,3001,2,39,30,9,,,,,,,,
3,3001,3,0,0,0,,,,,,,,
3,3001,4,0,0,0,,,,,,,,
3,3001,5,0,0,0,,,,,,,,
3,3001,6,NA,NA,NA,,,,,,,,
3,3001,7,24,16,8,,,,,,,,
3,3001,8,36,20,16,,,,,,,,
3,3001,9,0,0,0,,,,,,,,
3,3002,1,134,103,31,,,,,,,,
3,3002,2,0,0,0,,,,,,,,
3,3002,3,50,37,13,,,,,,,,
3,3002,4,0,0,0,,,,,,,,
3,3002,5,0,0,0,,,,,,,,
3,3002,6,NA,NA,NA,,,,,,,,
3,3002,7,2,2,0,,,,,,,,
3,3002,8,5,1,4,,,,,,,,
3,3002,9,0,0,0,,,,,,,,
3,3003,1,736,555,181,,,,,,,,
3,3003,2,0,0,0,,,,,,,,
3,3003,3,149,120,29,,,,,,,,
3,3003,4,0,0,0,,,,,,,,
3,3003,5,0,0,0,,,,,,,,
3,3003,6,NA,NA,NA,,,,,,,,
3,3003,7,1,1,0,,,,,,,,
3,3003,8,80,28,52,,,,,,,,
3,3003,9,0,0,0,,,,,,,,
3,3008,1,396,317,79,,,,,,,,
3,3008,2,118,79,39,,,,,,,,
3,3008,3,0,0,0,,,,,,,,
3,3008,4,0,0,0,,,,,,,,
3,3008,5,0,0,0,,,,,,,,
3,3008,6,NA,NA,NA,,,,,,,,
3,3008,7,1,1,0,,,,,,,,
3,3008,8,0,0,0,,,,,,,,
3,3008,9,0,0,0,,,,,,,,
3,3009,1,77,59,18,,,,,,,,
3,3009,2,0,0,0,,,,,,,,
3,3009,3,0,0,0,,,,,,,,
3,3009,4,0,0,0,,,,,,,,
3,3009,5,0,0,0,,,,,,,,
3,3009,6,NA,NA,NA,,,,,,,,
3,3009,7,15,14,1,,,,,,,,
3,3009,8,8,2,6,,,,,,,,
3,3009,9,0,0,0,,,,,,,,
4,4001,1,0,0,0,,,,,,,,
4,4001,2,0,0,0,,,,,,,,
4,4001,3,0,0,0,,,,,,,,
4,4001,4,0,0,0,,,,,,,,
4,4001,5,48,48,0,,,,,,,,
4,4001,6,NA,NA,NA,,,,,,,,
4,4001,7,0,0,0,,,,,,,,
4,4001,8,3,0,3,,,,,,,,
4,4001,9,0,0,0,,,,,,,,
4,4002,1,0,0,0,,,,,,,,
4,4002,2,0,0,0,,,,,,,,
4,4002,3,0,0,0,,,,,,,,
4,4002,4,0,0,0,,,,,,,,
4,4002,5,0,0,0,,,,,,,,
4,4002,6,NA,NA,NA,,,,,,,,
4,4002,7,0,0,0,,,,,,,,
4,4002,8,0,0,0,,,,,,,,
4,4002,9,0,0,0,,,,,,,,
4,4003,1,193,170,23,,,,,,,,
4,4003,2,22,21,1,,,,,,,,
4,4003,3,0,0,0,,,,,,,,
4,4003,4,0,0,0,,,,,,,,
4,4003,5,0,0,0,,,,,,,,
4,4003,6,NA,NA,NA,,,,,,,,
4,4003,7,0,0,0,,,,,,,,
4,4003,8,0,0,0,,,,,,,,
4,4003,9,0,0,0,,,,,,,,
4,4004,1,0,0,0,,,,,,,,
4,4004,2,80,80,0,,,,,,,,
4,4004,3,0,0,0,,,,,,,,
4,4004,4,0,0,0,,,,,,,,
4,4004,5,0,0,0,,,,,,,,
4,4004,6,NA,NA,NA,,,,,,,,
4,4004,7,0,0,0,,,,,,,,
4,4004,8,3,0,3,,,,,,,,
4,4004,9,0,0,0,,,,,,,,
4,4005,1,64,61,3,,,,,,,,
4,4005,2,0,0,0,,,,,,,,
4,4005,3,0,0,0,,,,,,,,
4,4005,4,0,0,0,,,,,,,,
4,4005,5,0,0,0,,,,,,,,
4,4005,6,NA,NA,NA,,,,,,,,
4,4005,7,0,0,0,,,,,,,,
4,4005,8,0,0,0,,,,,,,,
4,4005,9,0,0,0,,,,,,,,
4,4006,1,41,41,0,,,,,,,,
4,4006,2,0,0,0,,,,,,,,
4,4006,3,0,0,0,,,,,,,,
4,4006,4,0,0,0,,,,,,,,
4,4006,5,0,0,0,,,,,,,,
4,4006,6,NA,NA,NA,,,,,,,,
4,4006,7,0,0,0,,,,,,,,
4,4006,8,0,0,0,,,,,,,,
4,4006,9,0,0,0,,,,,,,,
4,4007,1,29,29,0,,,,,,,,
4,4007,2,0,0,0,,,,,,,,
4,4007,3,0,0,0,,,,,,,,
4,4007,4,0,0,0,,,,,,,,
4,4007,5,0,0,0,,,,,,,,
4,4007,6,NA,NA,NA,,,,,,,,
4,4007,7,1,1,0,,,,,,,,
4,4007,8,3,1,2,,,,,,,,
4,4007,9,0,0,0,,,,,,,,
4,4008,1,42,41,1,,,,,,,,
4,4008,2,0,0,0,,,,,,,,
4,4008,3,0,0,0,,,,,,,,
4,4008,4,0,0,0,,,,,,,,
4,4008,5,0,0,0,,,,,,,,
4,4008,6,NA,NA,NA,,,,,,,,
4,4008,7,0,0,0,,,,,,,,
4,4008,8,0,0,0,,,,,,,,
4,4008,9,0,0,0,,,,,,,,
4,4009,1,0,0,0,,,,,,,,
4,4009,2,0,0,0,,,,,,,,
4,4009,3,0,0,0,,,,,,,,
4,4009,4,0,0,0,,,,,,,,
4,4009,5,64,63,1,,,,,,,,
4,4009,6,NA,NA,NA,,,,,,,,
4,4009,7,2,2,0,,,,,,,,
4,4009,8,3,0,3,,,,,,,,
4,4009,9,0,0,0,,,,,,,,
4,4010,1,31,31,0,,,,,,,,
4,4010,2,0,0,0,,,,,,,,
4,4010,3,0,0,0,,,,,,,,
4,4010,4,0,0,0,,,,,,,,
4,4010,5,0,0,0,,,,,,,,
4,4010,6,NA,NA,NA,,,,,,,,
4,4010,7,0,0,0,,,,,,,,
4,4010,8,1,0,1,,,,,,,,
4,4010,9,0,0,0,,,,,,,,
4,4011,1,0,0,0,,,,,,,,
4,4011,2,0,0,0,,,,,,,,
4,4011,3,0,0,0,,,,,,,,
4,4011,4,0,0,0,,,,,,,,
4,4011,5,32,32,0,,,,,,,,
4,4011,6,NA,NA,NA,,,,,,,,
4,4011,7,1,1,0,,,,,,,,
4,4011,8,1,0,1,,,,,,,,
4,4011,9,0,0,0,,,,,,,,
5,5001,1,3,3,0,,,,,,,,
5,5001,2,0,0,0,,,,,,,,
5,5001,3,0,0,0,,,,,,,,
5,5001,4,0,0,0,,,,,,,,
5,5001,5,0,0,0,,,,,,,,
5,5001,6,NA,NA,NA,,,,,,,,
5,5001,7,0,0,0,,,,,,,,
5,5001,8,0,0,0,,,,,,,,
5,5001,9,0,0,0,,,,,,,,
5,5002,1,89,60,29,,,,,,,,
5,5002,2,8,4,4,,,,,,,,
5,5002,3,0,0,0,,,,,,,,
5,5002,4,0,0,0,,,,,,,,
5,5002,5,0,0,0,,,,,,,,
5,5002,6,1,1,0,,,,,,,,
5,5002,7,1,1,0,,,,,,,,
5,5002,8,0,0,0,,,,,,,,
5,5002,9,0,0,0,,,,,,,,
5,5003,1,12,11,1,,,,,,,,
5,5003,2,0,0,0,,,,,,,,
5,5003,3,0,0,0,,,,,,,,
5,5003,4,0,0,0,,,,,,,,
5,5003,5,2,1,1,,,,,,,,
5,5003,6,NA,NA,NA,,,,,,,,
5,5003,7,1,1,0,,,,,,,,
5,5003,8,1,0,1,,,,,,,,
5,5003,9,0,0,0,,,,,,,,
5,5004,1,35,23,12,,,,,,,,
5,5004,2,0,0,0,,,,,,,,
5,5004,3,0,0,0,,,,,,,,
5,5004,4,0,0,0,,,,,,,,
5,5004,5,0,0,0,,,,,,,,
5,5004,6,NA,NA,NA,,,,,,,,
5,5004,7,1,1,0,,,,,,,,
5,5004,8,4,1,3,,,,,,,,
5,5004,9,0,0,0,,,,,,,,
5,5005,1,1,0,1,,,,,,,,
5,5005,2,0,0,0,,,,,,,,
5,5005,3,0,0,0,,,,,,,,
5,5005,4,0,0,0,,,,,,,,
5,5005,5,0,0,0,,,,,,,,
5,5005,6,NA,NA,NA,,,,,,,,
5,5005,7,1,1,0,,,,,,,,
5,5005,8,1,0,1,,,,,,,,
5,5005,9,0,0,0,,,,,,,,
5,5006,1,20,18,2,,,,,,,,
5,5006,2,0,0,0,,,,,,,,
5,5006,3,0,0,0,,,,,,,,
5,5006,4,0,0,0,,,,,,,,
5,5006,5,0,0,0,,,,,,,,
5,5006,6,NA,NA,NA,,,,,,,,
5,5006,7,2,2,0,,,,,,,,
5,5006,8,1,0,1,,,,,,,,
5,5006,9,0,0,0,,,,,,,,
5,5007,1,11,8,3,,,,,,,,
5,5007,2,0,0,0,,,,,,,,
5,5007,3,0,0,0,,,,,,,,
5,5007,4,0,0,0,,,,,,,,
5,5007,5,0,0,0,,,,,,,,
5,5007,6,NA,NA,NA,,,,,,,,
5,5007,7,0,0,0,,,,,,,,
5,5007,8,0,0,0,,,,,,,,
5,5007,9,0,0,0,,,,,,,,
5,5008,1,ND,ND,ND,,,,,,,,
5,5008,2,ND,ND,ND,,,,,,,,
5,5008,3,ND,ND,ND,,,,,,,,
5,5008,4,ND,ND,ND,,,,,,,,
5,5008,5,ND,ND,ND,,,,,,,,
5,5008,6,ND,ND,ND,,,,,,,,
5,5008,7,ND,ND,ND,,,,,,,,
5,5008,8,ND,ND,ND,,,,,,,,
5,5008,9,ND,ND,ND,,,,,,,,
5,5009,1,76,62,14,,,,,,,,
5,5009,2,17,11,6,,,,,,,,
5,5009,3,0,0,0,,,,,,,,
5,5009,4,0,0,0,,,,,,,,
5,5009,5,0,0,0,,,,,,,,
5,5009,6,NA,NA,NA,,,,,,,,
5,5009,7,1,1,0,,,,,,,,
5,5009,8,9,4,5,,,,,,,,
5,5009,9,0,0,0,,,,,,,,
5,5010,1,87,75,12,,,,,,,,
5,5010,2,14,13,1,,,,,,,,
5,5010,3,0,0,0,,,,,,,,
5,5010,4,0,0,0,,,,,,,,
5,5010,5,0,0,0,,,,,,,,
5,5010,6,NA,NA,NA,,,,,,,,
5,5010,7,2,2,0,,,,,,,,
5,5010,8,6,0,6,,,,,,,,
5,5010,9,0,0,0,,,,,,,,
5,5011,1,8,7,1,,,,,,,,
5,5011,2,0,0,0,,,,,,,,
5,5011,3,0,0,0,,,,,,,,
5,5011,4,0,0,0,,,,,,,,
5,5011,5,0,0,0,,,,,,,,
5,5011,6,NA,NA,NA,,,,,,,,
5,5011,7,1,0,1,,,,,,,,
5,5011,8,1,0,1,,,,,,,,
5,5011,9,0,0,0,,,,,,,,
5,5012,1,6,6,0,,,,,,,,
5,5012,2,0,0,0,,,,,,,,
5,5012,3,0,0,0,,,,,,,,
5,5012,4,0,0,0,,,,,,,,
5,5012,5,0,0,0,,,,,,,,
5,5012,6,NA,NA,NA,,,,,,,,
5,5012,7,0,0,0,,,,,,,,
5,5012,8,0,0,0,,,,,,,,
5,5012,9,0,0,0,,,,,,,,
5,5013,1,ND,ND,ND,,,,,,,,
5,5013,2,ND,ND,ND,,,,,,,,
5,5013,3,ND,ND,ND,,,,,,,,
5,5013,4,ND,ND,ND,,,,,,,,
5,5013,5,ND,ND,ND,,,,,,,,
5,5013,6,ND,ND,ND,,,,,,,,
5,5013,7,ND,ND,ND,,,,,,,,
5,5013,8,ND,ND,ND,,,,,,,,
5,5013,9,ND,ND,ND,,,,,,,,
5,5014,1,15,12,3,,,,,,,,
5,5014,2,0,0,0,,,,,,,,
5,5014,3,0,0,0,,,,,,,,
5,5014,4,0,0,0,,,,,,,,
5,5014,5,0,0,0,,,,,,,,
5,5014,6,NA,NA,NA,,,,,,,,
5,5014,7,2,2,0,,,,,,,,
5,5014,8,1,0,1,,,,,,,,
5,5014,9,0,0,0,,,,,,,,
5,5015,1,ND,ND,ND,,,,,,,,
5,5015,2,ND,ND,ND,,,,,,,,
5,5015,3,ND,ND,ND,,,,,,,,
5,5015,4,ND,ND,ND,,,,,,,,
5,5015,5,ND,ND,ND,,,,,,,,
5,5015,6,ND,ND,ND,,,,,,,,
5,5015,7,ND,ND,ND,,,,,,,,
5,5015,8,ND,ND,ND,,,,,,,,
5,5015,9,ND,ND,ND,,,,,,,,
5,5016,1,7,6,1,,,,,,,,
5,5016,2,0,0,0,,,,,,,,
5,5016,3,0,0,0,,,,,,,,
5,5016,4,0,0,0,,,,,,,,
5,5016,5,0,0,0,,,,,,,,
5,5016,6,NA,NA,NA,,,,,,,,
5,5016,7,0,0,0,,,,,,,,
5,5016,8,1,1,0,,,,,,,,
5,5016,9,0,0,0,,,,,,,,
5,5017,1,117,93,24,,,,,,,,
5,5017,2,29,18,11,,,,,,,,
5,5017,3,0,0,0,,,,,,,,
5,5017,4,0,0,0,,,,,,,,
5,5017,5,0,0,0,,,,,,,,
5,5017,6,NA,NA,NA,,,,,,,,
5,5017,7,3,3,0,,,,,,,,
5,5017,8,20,11,9,,,,,,,,
5,5017,9,0,0,0,,,,,,,,
5,5018,1,134,87,47,,,,,,,,
5,5018,2,35,34,1,,,,,,,,
5,5018,3,0,0,0,,,,,,,,
5,5018,4,0,0,0,,,,,,,,
5,5018,5,0,0,0,,,,,,,,
5,5018,6,NA,NA,NA,,,,,,,,
5,5018,7,2,1,1,,,,,,,,
5,5018,8,16,7,9,,,,,,,,
5,5018,9,0,0,0,,,,,,,,
5,5019,1,9,8,1,,,,,,,,
5,5019,2,0,0,0,,,,,,,,
5,5019,3,0,0,0,,,,,,,,
5,5019,4,0,0,0,,,,,,,,
5,5019,5,0,0,0,,,,,,,,
5,5019,6,NA,NA,NA,,,,,,,,
5,5019,7,2,2,0,,,,,,,,
5,5019,8,0,0,0,,,,,,,,
5,5019,9,0,0,0,,,,,,,,
5,5020,1,45,33,12,,,,,,,,
5,5020,2,0,0,0,,,,,,,,
5,5020,3,0,0,0,,,,,,,,
5,5020,4,0,0,0,,,,,,,,
5,5020,5,0,0,0,,,,,,,,
5,5020,6,NA,NA,NA,,,,,,,,
5,5020,7,1,1,0,,,,,,,,
5,5020,8,3,1,2,,,,,,,,
5,5020,9,0,0,0,,,,,,,,
5,5021,1,7,4,3,,,,,,,,
5,5021,2,0,0,0,,,,,,,,
5,5021,3,0,0,0,,,,,,,,
5,5021,4,0,0,0,,,,,,,,
5,5021,5,0,0,0,,,,,,,,
5,5021,6,NA,NA,NA,,,,,,,,
5,5021,7,0,0,0,,,,,,,,
5,5021,8,0,0,0,,,,,,,,
5,5021,9,0,0,0,,,,,,,,
5,5022,1,35,24,11,,,,,,,,
5,5022,2,0,0,0,,,,,,,,
5,5022,3,0,0,0,,,,,,,,
5,5022,4,0,0,0,,,,,,,,
5,5022,5,0,0,0,,,,,,,,
5,5022,6,NA,NA,NA,,,,,,,,
5,5022,7,4,4,0,,,,,,,,
5,5022,8,1,1,0,,,,,,,,
5,5022,9,0,0,0,,,,,,,,
5,5023,1,17,12,5,,,,,,,,
5,5023,2,0,0,0,,,,,,,,
5,5023,3,0,0,0,,,,,,,,
5,5023,4,0,0,0,,,,,,,,
5,5023,5,0,0,0,,,,,,,,
5,5023,6,NA,NA,NA,,,,,,,,
5,5023,7,1,1,0,,,,,,,,
5,5023,8,1,0,1,,,,,,,,
5,5023,9,0,0,0,,,,,,,,
5,5024,1,42,32,10,,,,,,,,
5,5024,2,2,2,0,,,,,,,,
5,5024,3,0,0,0,,,,,,,,
5,5024,4,0,0,0,,,,,,,,
5,5024,5,0,0,0,,,,,,,,
5,5024,6,NA,NA,NA,,,,,,,,
5,5024,7,2,1,1,,,,,,,,
5,5024,8,6,5,1,,,,,,,,
5,5024,9,0,0,0,,,,,,,,
5,5025,1,103,63,40,,,,,,,,
5,5025,2,0,0,0,,,,,,,,
5,5025,3,0,0,0,,,,,,,,
5,5025,4,0,0,0,,,,,,,,
5,5025,5,0,0,0,,,,,,,,
5,5025,6,NA,NA,NA,,,,,,,,
5,5025,7,0,0,0,,,,,,,,
5,5025,8,0,0,0,,,,,,,,
5,5025,9,0,0,0,,,,,,,,
5,5026,1,ND,ND,ND,,,,,,,,
5,5026,2,ND,ND,ND,,,,,,,,
5,5026,3,ND,ND,ND,,,,,,,,
5,5026,4,ND,ND,ND,,,,,,,,
5,5026,5,ND,ND,ND,,,,,,,,
5,5026,6,ND,ND,ND,,,,,,,,
5,5026,7,ND,ND,ND,,,,,,,,
5,5026,8,ND,ND,ND,,,,,,,,
5,5026,9,ND,ND,ND,,,,,,,,
5,5027,1,111,77,34,,,,,,,,
5,5027,2,19,14,5,,,,,,,,
5,5027,3,0,0,0,,,,,,,,
5,5027,4,0,0,0,,,,,,,,
5,5027,5,0,0,0,,,,,,,,
5,5027,6,NA,NA,NA,,,,,,,,
5,5027,7,12,12,0,,,,,,,,
5,5027,8,3,1,2,,,,,,,,
5,5027,9,0,0,0,,,,,,,,
5,5028,1,47,32,15,,,,,,,,
5,5028,2,0,0,0,,,,,,,,
5,5028,3,0,0,0,,,,,,,,
5,5028,4,0,0,0,,,,,,,,
5,5028,5,0,0,0,,,,,,,,
5,5028,6,NA,NA,NA,,,,,,,,
5,5028,7,3,3,0,,,,,,,,
5,5028,8,3,0,3,,,,,,,,
5,5028,9,0,0,0,,,,,,,,
5,5029,1,8,7,1,,,,,,,,
5,5029,2,0,0,0,,,,,,,,
5,5029,3,0,0,0,,,,,,,,
5,5029,4,0,0,0,,,,,,,,
5,5029,5,0,0,0,,,,,,,,
5,5029,6,NA,NA,NA,,,,,,,,
5,5029,7,1,1,0,,,,,,,,
5,5029,8,0,0,0,,,,,,,,
5,5029,9,0,0,0,,,,,,,,
5,5030,1,798,578,220,,,,,,,,
5,5030,2,158,122,36,,,,,,,,
5,5030,3,0,0,0,,,,,,,,
5,5030,4,0,0,0,,,,,,,,
5,5030,5,0,0,0,,,,,,,,
5,5030,6,76,72,4,,,,,,,,
5,5030,7,11,11,0,,,,,,,,
5,5030,8,55,19,36,,,,,,,,
5,5030,9,50,36,14,,,,,,,,
5,5031,1,13,10,3,,,,,,,,
5,5031,2,0,0,0,,,,,,,,
5,5031,3,0,0,0,,,,,,,,
5,5031,4,0,0,0,,,,,,,,
5,5031,5,0,0,0,,,,,,,,
5,5031,6,NA,NA,NA,,,,,,,,
5,5031,7,3,3,0,,,,,,,,
5,5031,8,5,2,3,,,,,,,,
5,5031,9,0,0,0,,,,,,,,
5,5032,1,26,23,3,,,,,,,,
5,5032,2,0,0,0,,,,,,,,
5,5032,3,0,0,0,,,,,,,,
5,5032,4,0,0,0,,,,,,,,
5,5032,5,0,0,0,,,,,,,,
5,5032,6,NA,NA,NA,,,,,,,,
5,5032,7,1,1,0,,,,,,,,
5,5032,8,4,1,3,,,,,,,,
5,5032,9,0,0,0,,,,,,,,
5,5033,1,85,68,17,,,,,,,,
5,5033,2,14,11,3,,,,,,,,
5,5033,3,0,0,0,,,,,,,,
5,5033,4,0,0,0,,,,,,,,
5,5033,5,0,0,0,,,,,,,,
5,5033,6,NA,NA,NA,,,,,,,,
5,5033,7,4,4,0,,,,,,,,
5,5033,8,0,0,0,,,,,,,,
5,5033,9,0,0,0,,,,,,,,
5,5034,1,13,11,2,,,,,,,,
5,5034,2,0,0,0,,,,,,,,
5,5034,3,0,0,0,,,,,,,,
5,5034,4,0,0,0,,,,,,,,
5,5034,5,0,0,0,,,,,,,,
5,5034,6,NA,NA,NA,,,,,,,,
5,5034,7,0,0,0,,,,,,,,
5,5034,8,1,0,1,,,,,,,,
5,5034,9,1,1,0,,,,,,,,
5,5035,1,565,395,170,,,,,,,,
5,5035,2,325,249,76,,,,,,,,
5,5035,3,0,0,0,,,,,,,,
5,5035,4,0,0,0,,,,,,,,
5,5035,5,0,0,0,,,,,,,,
5,5035,6,NA,NA,NA,,,,,,,,
5,5035,7,10,9,1,,,,,,,,
5,5035,8,81,28,53,,,,,,,,
5,5035,9,0,0,0,,,,,,,,
5,5036,1,14,14,0,,,,,,,,
5,5036,2,0,0,0,,,,,,,,
5,5036,3,0,0,0,,,,,,,,
5,5036,4,0,0,0,,,,,,,,
5,5036,5,0,0,0,,,,,,,,
5,5036,6,NA,NA,NA,,,,,,,,
5,5036,7,2,2,0,,,,,,,,
5,5036,8,1,0,1,,,,,,,,
5,5036,9,0,0,0,,,,,,,,
5,5037,1,5,3,2,,,,,,,,
5,5037,2,0,0,0,,,,,,,,
5,5037,3,0,0,0,,,,,,,,
5,5037,4,0,0,0,,,,,,,,
5,5037,5,0,0,0,,,,,,,,
5,5037,6,NA,NA,NA,,,,,,,,
5,5037,7,2,2,0,,,,,,,,
5,5037,8,0,0,0,,,,,,,,
5,5037,9,0,0,0,,,,,,,,
5,5038,1,5,5,0,,,,,,,,
5,5038,2,0,0,0,,,,,,,,
5,5038,3,0,0,0,,,,,,,,
5,5038,4,0,0,0,,,,,,,,
5,5038,5,0,0,0,,,,,,,,
5,5038,6,NA,NA,NA,,,,,,,,
5,5038,7,1,1,0,,,,,,,,
5,5038,8,2,0,2,,,,,,,,
5,5038,9,0,0,0,,,,,,,,
6,6001,1,NSS,NSS,NSS,,,,,,,,
6,6001,2,NSS,NSS,NSS,,,,,,,,
6,6001,3,NSS,NSS,NSS,,,,,,,,
6,6001,4,NSS,NSS,NSS,,,,,,,,
6,6001,5,NSS,NSS,NSS,,,,,,,,
6,6001,6,NSS,NSS,NSS,,,,,,,,
6,6001,7,NSS,NSS,NSS,,,,,,,,
6,6001,8,NSS,NSS,NSS,,,,,,,,
6,6001,9,NSS,NSS,NSS,,,,,,,,
6,6002,1,166,116,50,,,,,,,,
6,6002,2,0,0,0,,,,,,,,
6,6002,3,0,0,0,,,,,,,,
6,6002,4,0,0,0,,,,,,,,
6,6002,5,0,0,0,,,,,,,,
6,6002,6,NA,NA,NA,,,,,,,,
6,6002,7,14,8,6,,,,,,,,
6,6002,8,41,23,18,,,,,,,,
6,6002,9,24,19,5,,,,,,,,
6,6003,1,30,26,4,,,,,,,,
6,6003,2,4,4,0,,,,,,,,
6,6003,3,0,0,0,,,,,,,,
6,6003,4,0,0,0,,,,,,,,
6,6003,5,0,0,0,,,,,,,,
6,6003,6,NA,NA,NA,,,,,,,,
6,6003,7,4,4,0,,,,,,,,
6,6003,8,6,1,5,,,,,,,,
6,6003,9,0,0,0,,,,,,,,
6,6004,1,31,21,10,,,,,,,,
6,6004,2,1,1,0,,,,,,,,
6,6004,3,12,11,1,,,,,,,,
6,6004,4,0,0,0,,,,,,,,
6,6004,5,0,0,0,,,,,,,,
6,6004,6,NA,NA,NA,,,,,,,,
6,6004,7,4,3,1,,,,,,,,
6,6004,8,4,0,4,,,,,,,,
6,6004,9,6,4,2,,,,,,,,
6,6005,1,53,47,6,,,,,,,,
6,6005,2,6,2,4,,,,,,,,
6,6005,3,0,0,0,,,,,,,,
6,6005,4,0,0,0,,,,,,,,
6,6005,5,0,0,0,,,,,,,,
6,6005,6,NA,NA,NA,,,,,,,,
6,6005,7,1,1,0,,,,,,,,
6,6005,8,5,1,4,,,,,,,,
6,6005,9,0,0,0,,,,,,,,
6,6006,1,23,17,6,,,,,,,,
6,6006,2,3,3,0,,,,,,,,
6,6006,3,1,1,0,,,,,,,,
6,6006,4,0,0,0,,,,,,,,
6,6006,5,0,0,0,,,,,,,,
6,6006,6,NA,NA,NA,,,,,,,,
6,6006,7,3,3,0,,,,,,,,
6,6006,8,0,0,0,,,,,,,,
6,6006,9,0,0,0,,,,,,,,
6,6007,1,390,295,95,,,,,,,,
6,6007,2,59,39,20,,,,,,,,
6,6007,3,0,0,0,,,,,,,,
6,6007,4,0,0,0,,,,,,,,
6,6007,5,0,0,0,,,,,,,,
6,6007,6,NA,NA,NA,,,,,,,,
6,6007,7,7,6,1,,,,,,,,
6,6007,8,17,5,12,,,,,,,,
6,6007,9,4,1,3,,,,,,,,
6,6008,1,25,21,4,,,,,,,,
6,6008,2,0,0,0,,,,,,,,
6,6008,3,0,0,0,,,,,,,,
6,6008,4,0,0,0,,,,,,,,
6,6008,5,0,0,0,,,,,,,,
6,6008,6,NA,NA,NA,,,,,,,,
6,6008,7,1,1,0,,,,,,,,
6,6008,8,1,0,1,,,,,,,,
6,6008,9,0,0,0,,,,,,,,
6,6009,1,199,157,42,,,,,,,,
6,6009,2,30,28,2,,,,,,,,
6,6009,3,0,0,0,,,,,,,,
6,6009,4,0,0,0,,,,,,,,
6,6009,5,0,0,0,,,,,,,,
6,6009,6,NA,NA,NA,,,,,,,,
6,6009,7,0,0,0,,,,,,,,
6,6009,8,0,0,0,,,,,,,,
6,6009,9,0,0,0,,,,,,,,
6,6010,1,NSS,NSS,NSS,,,,,,,,
6,6010,2,NSS,NSS,NSS,,,,,,,,
6,6010,3,NSS,NSS,NSS,,,,,,,,
6,6010,4,NSS,NSS,NSS,,,,,,,,
6,6010,5,NSS,NSS,NSS,,,,,,,,
6,6010,6,NSS,NSS,NSS,,,,,,,,
6,6010,7,NSS,NSS,NSS,,,,,,,,
6,6010,8,NSS,NSS,NSS,,,,,,,,
6,6010,9,NSS,NSS,NSS,,,,,,,,
7,7001,1,2,2,0,,,,,,,,
7,7001,2,2,2,0,,,,,,,,
7,7001,3,0,0,0,,,,,,,,
7,7001,4,0,0,0,,,,,,,,
7,7001,5,32,24,8,,,,,,,,
7,7001,6,NA,NA,NA,,,,,,,,
7,7001,7,0,0,0,,,,,,,,
7,7001,8,0,0,0,,,,,,,,
7,7001,9,0,0,0,,,,,,,,
7,7002,1,24,21,3,,,,,,,,
7,7002,2,0,0,0,,,,,,,,
7,7002,3,0,0,0,,,,,,,,
7,7002,4,0,0,0,,,,,,,,
7,7002,5,0,0,0,,,,,,,,
7,7002,6,NA,NA,NA,,,,,,,,
7,7002,7,1,1,0,,,,,,,,
7,7002,8,0,0,0,,,,,,,,
7,7002,9,0,0,0,,,,,,,,
7,7003,1,0,0,0,,,,,,,,
7,7003,2,0,0,0,,,,,,,,
7,7003,3,0,0,0,,,,,,,,
7,7003,4,0,0,0,,,,,,,,
7,7003,5,39,31,8,,,,,,,,
7,7003,6,NA,NA,NA,,,,,,,,
7,7003,7,1,1,0,,,,,,,,
7,7003,8,1,1,0,,,,,,,,
7,7003,9,0,0,0,,,,,,,,
7,7004,1,57,44,13,,,,,,,,
7,7004,2,7,3,4,,,,,,,,
7,7004,3,0,0,0,,,,,,,,
7,7004,4,0,0,0,,,,,,,,
7,7004,5,0,0,0,,,,,,,,
7,7004,6,NA,NA,NA,,,,,,,,
7,7004,7,6,6,0,,,,,,,,
7,7004,8,6,5,1,,,,,,,,
7,7004,9,0,0,0,,,,,,,,
7,7005,1,36,32,4,,,,,,,,
7,7005,2,0,0,0,,,,,,,,
7,7005,3,0,0,0,,,,,,,,
7,7005,4,0,0,0,,,,,,,,
7,7005,5,0,0,0,,,,,,,,
7,7005,6,NA,NA,NA,,,,,,,,
7,7005,7,4,4,0,,,,,,,,
7,7005,8,2,1,1,,,,,,,,
7,7005,9,0,0,0,,,,,,,,
7,7006,1,23,21,2,,,,,,,,
7,7006,2,0,0,0,,,,,,,,
7,7006,3,0,0,0,,,,,,,,
7,7006,4,0,0,0,,,,,,,,
7,7006,5,0,0,0,,,,,,,,
7,7006,6,NA,NA,NA,,,,,,,,
7,7006,7,3,3,0,,,,,,,,
7,7006,8,6,3,3,,,,,,,,
7,7006,9,0,0,0,,,,,,,,
7,7007,1,11,11,0,,,,,,,,
7,7007,2,0,0,0,,,,,,,,
7,7007,3,0,0,0,,,,,,,,
7,7007,4,0,0,0,,,,,,,,
7,7007,5,0,0,0,,,,,,,,
7,7007,6,NA,NA,NA,,,,,,,,
7,7007,7,1,1,0,,,,,,,,
7,7007,8,0,0,0,,,,,,,,
7,7007,9,0,0,0,,,,,,,,
7,7008,1,36,29,7,,,,,,,,
7,7008,2,3,2,1,,,,,,,,
7,7008,3,0,0,0,,,,,,,,
7,7008,4,0,0,0,,,,,,,,
7,7008,5,0,0,0,,,,,,,,
7,7008,6,NA,NA,NA,,,,,,,,
7,7008,7,5,4,1,,,,,,,,
7,7008,8,1,1,0,,,,,,,,
7,7008,9,0,0,0,,,,,,,,
7,7009,1,0,0,0,,,,,,,,
7,7009,2,0,0,0,,,,,,,,
7,7009,3,0,0,0,,,,,,,,
7,7009,4,0,0,0,,,,,,,,
7,7009,5,44,34,10,,,,,,,,
7,7009,6,NA,NA,NA,,,,,,,,
7,7009,7,4,3,1,,,,,,,,
7,7009,8,2,1,1,,,,,,,,
7,7009,9,0,0,0,,,,,,,,
7,7010,1,33,31,2,,,,,,,,
7,7010,2,0,0,0,,,,,,,,
7,7010,3,0,0,0,,,,,,,,
7,7010,4,0,0,0,,,,,,,,
7,7010,5,0,0,0,,,,,,,,
7,7010,6,NA,NA,NA,,,,,,,,
7,7010,7,9,9,0,,,,,,,,
7,7010,8,0,0,0,,,,,,,,
7,7010,9,0,0,0,,,,,,,,
7,7011,1,12,9,3,,,,,,,,
7,7011,2,2,2,0,,,,,,,,
7,7011,3,0,0,0,,,,,,,,
7,7011,4,0,0,0,,,,,,,,
7,7011,5,0,0,0,,,,,,,,
7,7011,6,NA,NA,NA,,,,,,,,
7,7011,7,4,3,1,,,,,,,,
7,7011,8,0,0,0,,,,,,,,
7,7011,9,0,0,0,,,,,,,,
7,7012,1,94,75,19,,,,,,,,
7,7012,2,15,4,11,,,,,,,,
7,7012,3,0,0,0,,,,,,,,
7,7012,4,0,0,0,,,,,,,,
7,7012,5,0,0,0,,,,,,,,
7,7012,6,NA,NA,NA,,,,,,,,
7,7012,7,6,5,1,,,,,,,,
7,7012,8,10,8,2,,,,,,,,
7,7012,9,0,0,0,,,,,,,,
7,7013,1,51,41,10,,,,,,,,
7,7013,2,0,0,0,,,,,,,,
7,7013,3,0,0,0,,,,,,,,
7,7013,4,0,0,0,,,,,,,,
7,7013,5,0,0,0,,,,,,,,
7,7013,6,NA,NA,NA,,,,,,,,
7,7013,7,7,7,0,,,,,,,,
7,7013,8,0,0,0,,,,,,,,
7,7013,9,0,0,0,,,,,,,,
7,7014,1,28,22,6,,,,,,,,
7,7014,2,0,0,0,,,,,,,,
7,7014,3,0,0,0,,,,,,,,
7,7014,4,0,0,0,,,,,,,,
7,7014,5,0,0,0,,,,,,,,
7,7014,6,NA,NA,NA,,,,,,,,
7,7014,7,3,2,1,,,,,,,,
7,7014,8,4,3,1,,,,,,,,
7,7014,9,0,0,0,,,,,,,,
7,7015,1,88,74,14,,,,,,,,
7,7015,2,17,10,7,,,,,,,,
7,7015,3,0,0,0,,,,,,,,
7,7015,4,0,0,0,,,,,,,,
7,7015,5,0,0,0,,,,,,,,
7,7015,6,NA,NA,NA,,,,,,,,
7,7015,7,2,1,1,,,,,,,,
7,7015,8,2,1,1,,,,,,,,
7,7015,9,0,0,0,,,,,,,,
7,7016,1,12,9,3,,,,,,,,
7,7016,2,0,0,0,,,,,,,,
7,7016,3,0,0,0,,,,,,,,
7,7016,4,0,0,0,,,,,,,,
7,7016,5,0,0,0,,,,,,,,
7,7016,6,NA,NA,NA,,,,,,,,
7,7016,7,3,2,1,,,,,,,,
7,7016,8,2,1,1,,,,,,,,
7,7016,9,0,0,0,,,,,,,,
7,7017,1,0,0,0,,,,,,,,
7,7017,2,0,0,0,,,,,,,,
7,7017,3,0,0,0,,,,,,,,
7,7017,4,0,0,0,,,,,,,,
7,7017,5,109,88,21,,,,,,,,
7,7017,6,NA,NA,NA,,,,,,,,
7,7017,7,21,15,6,,,,,,,,
7,7017,8,2,1,1,,,,,,,,
7,7017,9,0,0,0,,,,,,,,
7,7018,1,20,11,9,,,,,,,,
7,7018,2,0,0,0,,,,,,,,
7,7018,3,0,0,0,,,,,,,,
7,7018,4,0,0,0,,,,,,,,
7,7018,5,0,0,0,,,,,,,,
7,7018,6,NA,NA,NA,,,,,,,,
7,7018,7,1,1,0,,,,,,,,
7,7018,8,1,0,1,,,,,,,,
7,7018,9,0,0,0,,,,,,,,
7,7019,1,175,137,38,,,,,,,,
7,7019,2,46,35,11,,,,,,,,
7,7019,3,0,0,0,,,,,,,,
7,7019,4,0,0,0,,,,,,,,
7,7019,5,0,0,0,,,,,,,,
7,7019,6,NA,NA,NA,,,,,,,,
7,7019,7,17,15,2,,,,,,,,
7,7019,8,43,15,28,,,,,,,,
7,7019,9,5,3,2,,,,,,,,
7,7020,1,68,58,10,,,,,,,,
7,7020,2,0,0,0,,,,,,,,
7,7020,3,0,0,0,,,,,,,,
7,7020,4,0,0,0,,,,,,,,
7,7020,5,0,0,0,,,,,,,,
7,7020,6,NA,NA,NA,,,,,,,,
7,7020,7,5,5,0,,,,,,,,
7,7020,8,2,2,0,,,,,,,,
7,7020,9,0,0,0,,,,,,,,
7,7021,1,51,40,11,,,,,,,,
7,7021,2,0,0,0,,,,,,,,
7,7021,3,0,0,0,,,,,,,,
7,7021,4,0,0,0,,,,,,,,
7,7021,5,0,0,0,,,,,,,,
7,7021,6,NA,NA,NA,,,,,,,,
7,7021,7,1,1,0,,,,,,,,
7,7021,8,1,0,1,,,,,,,,
7,7021,9,0,0,0,,,,,,,,
7,7022,1,11,8,3,,,,,,,,
7,7022,2,0,0,0,,,,,,,,
7,7022,3,0,0,0,,,,,,,,
7,7022,4,0,0,0,,,,,,,,
7,7022,5,0,0,0,,,,,,,,
7,7022,6,NA,NA,NA,,,,,,,,
7,7022,7,1,1,0,,,,,,,,
7,7022,8,0,0,0,,,,,,,,
7,7022,9,0,0,0,,,,,,,,
7,7023,1,6,2,4,,,,,,,,
7,7023,2,0,0,0,,,,,,,,
7,7023,3,0,0,0,,,,,,,,
7,7023,4,0,0,0,,,,,,,,
7,7023,5,0,0,0,,,,,,,,
7,7023,6,NA,NA,NA,,,,,,,,
7,7023,7,2,1,1,,,,,,,,
7,7023,8,2,1,1,,,,,,,,
7,7023,9,0,0,0,,,,,,,,
7,7024,1,21,19,2,,,,,,,,
7,7024,2,0,0,0,,,,,,,,
7,7024,3,0,0,0,,,,,,,,
7,7024,4,0,0,0,,,,,,,,
7,7024,5,0,0,0,,,,,,,,
7,7024,6,NA,NA,NA,,,,,,,,
7,7024,7,1,1,0,,,,,,,,
7,7024,8,2,2,0,,,,,,,,
7,7024,9,0,0,0,,,,,,,,
7,7025,1,20,13,7,,,,,,,,
7,7025,2,0,0,0,,,,,,,,
7,7025,3,0,0,0,,,,,,,,
7,7025,4,0,0,0,,,,,,,,
7,7025,5,0,0,0,,,,,,,,
7,7025,6,NA,NA,NA,,,,,,,,
7,7025,7,2,2,0,,,,,,,,
7,7025,8,1,0,1,,,,,,,,
7,7025,9,0,0,0,,,,,,,,
7,7026,1,26,26,0,,,,,,,,
7,7026,2,10,10,0,,,,,,,,
7,7026,3,0,0,0,,,,,,,,
7,7026,4,0,0,0,,,,,,,,
7,7026,5,0,0,0,,,,,,,,
7,7026,6,NA,NA,NA,,,,,,,,
7,7026,7,3,3,0,,,,,,,,
7,7026,8,2,2,0,,,,,,,,
7,7026,9,0,0,0,,,,,,,,
7,7027,1,115,93,22,,,,,,,,
7,7027,2,31,26,5,,,,,,,,
7,7027,3,0,0,0,,,,,,,,
7,7027,4,0,0,0,,,,,,,,
7,7027,5,0,0,0,,,,,,,,
7,7027,6,NA,NA,NA,,,,,,,,
7,7027,7,1,1,0,,,,,,,,
7,7027,8,3,2,1,,,,,,,,
7,7027,9,0,0,0,,,,,,,,
7,7028,1,21,13,8,,,,,,,,
7,7028,2,0,0,0,,,,,,,,
7,7028,3,0,0,0,,,,,,,,
7,7028,4,0,0,0,,,,,,,,
7,7028,5,0,0,0,,,,,,,,
7,7028,6,NA,NA,NA,,,,,,,,
7,7028,7,2,2,0,,,,,,,,
7,7028,8,2,0,2,,,,,,,,
7,7028,9,0,0,0,,,,,,,,
7,7029,1,16,10,6,,,,,,,,
7,7029,2,0,0,0,,,,,,,,
7,7029,3,0,0,0,,,,,,,,
7,7029,4,0,0,0,,,,,,,,
7,7029,5,0,0,0,,,,,,,,
7,7029,6,NA,NA,NA,,,,,,,,
7,7029,7,1,1,0,,,,,,,,
7,7029,8,2,1,1,,,,,,,,
7,7029,9,0,0,0,,,,,,,,
7,7030,1,48,44,4,,,,,,,,
7,7030,2,0,0,0,,,,,,,,
7,7030,3,0,0,0,,,,,,,,
7,7030,4,0,0,0,,,,,,,,
7,7030,5,0,0,0,,,,,,,,
7,7030,6,NA,NA,NA,,,,,,,,
7,7030,7,4,4,0,,,,,,,,
7,7030,8,0,0,0,,,,,,,,
7,7030,9,0,0,0,,,,,,,,
7,7031,1,114,104,10,,,,,,,,
7,7031,2,0,0,0,,,,,,,,
7,7031,3,0,0,0,,,,,,,,
7,7031,4,0,0,0,,,,,,,,
7,7031,5,0,0,0,,,,,,,,
7,7031,6,NA,NA,NA,,,,,,,,
7,7031,7,9,9,0,,,,,,,,
7,7031,8,4,4,0,,,,,,,,
7,7031,9,0,0,0,,,,,,,,
7,7032,1,62,44,18,,,,,,,,
7,7032,2,0,0,0,,,,,,,,
7,7032,3,0,0,0,,,,,,,,
7,7032,4,0,0,0,,,,,,,,
7,7032,5,0,0,0,,,,,,,,
7,7032,6,NA,NA,NA,,,,,,,,
7,7032,7,0,0,0,,,,,,,,
7,7032,8,0,0,0,,,,,,,,
7,7032,9,0,0,0,,,,,,,,
7,7033,1,15,11,4,,,,,,,,
7,7033,2,0,0,0,,,,,,,,
7,7033,3,0,0,0,,,,,,,,
7,7033,4,0,0,0,,,,,,,,
7,7033,5,0,0,0,,,,,,,,
7,7033,6,NA,NA,NA,,,,,,,,
7,7033,7,1,1,0,,,,,,,,
7,7033,8,0,0,0,,,,,,,,
7,7033,9,0,0,0,,,,,,,,
7,7034,1,90,86,4,,,,,,,,
7,7034,2,14,12,2,,,,,,,,
7,7034,3,0,0,0,,,,,,,,
7,7034,4,0,0,0,,,,,,,,
7,7034,5,0,0,0,,,,,,,,
7,7034,6,NA,NA,NA,,,,,,,,
7,7034,7,4,4,0,,,,,,,,
7,7034,8,3,0,3,,,,,,,,
7,7034,9,0,0,0,,,,,,,,
7,7035,1,0,0,0,,,,,,,,
7,7035,2,0,0,0,,,,,,,,
7,7035,3,0,0,0,,,,,,,,
7,7035,4,0,0,0,,,,,,,,
7,7035,5,27,19,8,,,,,,,,
7,7035,6,NA,NA,NA,,,,,,,,
7,7035,7,3,3,0,,,,,,,,
7,7035,8,2,2,0,,,,,,,,
7,7035,9,0,0,0,,,,,,,,
7,7036,1,9,9,0,,,,,,,,
7,7036,2,3,3,0,,,,,,,,
7,7036,3,0,0,0,,,,,,,,
7,7036,4,0,0,0,,,,,,,,
7,7036,5,0,0,0,,,,,,,,
7,7036,6,NA,NA,NA,,,,,,,,
7,7036,7,4,4,0,,,,,,,,
7,7036,8,2,1,1,,,,,,,,
7,7036,9,0,0,0,,,,,,,,
7,7037,1,60,52,8,,,,,,,,
7,7037,2,0,0,0,,,,,,,,
7,7037,3,0,0,0,,,,,,,,
7,7037,4,0,0,0,,,,,,,,
7,7037,5,0,0,0,,,,,,,,
7,7037,6,NA,NA,NA,,,,,,,,
7,7037,7,1,0,1,,,,,,,,
7,7037,8,0,0,0,,,,,,,,
7,7037,9,0,0,0,,,,,,,,
7,7038,1,18,11,7,,,,,,,,
7,7038,2,0,0,0,,,,,,,,
7,7038,3,0,0,0,,,,,,,,
7,7038,4,0,0,0,,,,,,,,
7,7038,5,0,0,0,,,,,,,,
7,7038,6,NA,NA,NA,,,,,,,,
7,7038,7,2,2,0,,,,,,,,
7,7038,8,2,2,0,,,,,,,,
7,7038,9,0,0,0,,,,,,,,
7,7039,1,46,37,9,,,,,,,,
7,7039,2,0,0,0,,,,,,,,
7,7039,3,0,0,0,,,,,,,,
7,7039,4,0,0,0,,,,,,,,
7,7039,5,0,0,0,,,,,,,,
7,7039,6,NA,NA,NA,,,,,,,,
7,7039,7,3,3,0,,,,,,,,
7,7039,8,1,0,1,,,,,,,,
7,7039,9,0,0,0,,,,,,,,
7,7040,1,0,0,0,,,,,,,,
7,7040,2,0,0,0,,,,,,,,
7,7040,3,0,0,0,,,,,,,,
7,7040,4,0,0,0,,,,,,,,
7,7040,5,109,98,11,,,,,,,,
7,7040,6,NA,NA,NA,,,,,,,,
7,7040,7,7,7,0,,,,,,,,
7,7040,8,2,0,2,,,,,,,,
7,7040,9,0,0,0,,,,,,,,
7,7041,1,35,35,0,,,,,,,,
7,7041,2,0,0,0,,,,,,,,
7,7041,3,0,0,0,,,,,,,,
7,7041,4,0,0,0,,,,,,,,
7,7041,5,0,0,0,,,,,,,,
7,7041,6,NA,NA,NA,,,,,,,,
7,7041,7,3,3,0,,,,,,,,
7,7041,8,0,0,0,,,,,,,,
7,7041,9,0,0,0,,,,,,,,
7,7042,1,21,12,9,,,,,,,,
7,7042,2,0,0,0,,,,,,,,
7,7042,3,0,0,0,,,,,,,,
7,7042,4,0,0,0,,,,,,,,
7,7042,5,0,0,0,,,,,,,,
7,7042,6,NA,NA,NA,,,,,,,,
7,7042,7,2,2,0,,,,,,,,
7,7042,8,4,0,4,,,,,,,,
7,7042,9,0,0,0,,,,,,,,
7,7043,1,17,14,3,,,,,,,,
7,7043,2,2,2,0,,,,,,,,
7,7043,3,0,0,0,,,,,,,,
7,7043,4,0,0,0,,,,,,,,
7,7043,5,0,0,0,,,,,,,,
7,7043,6,NA,NA,NA,,,,,,,,
7,7043,7,5,4,1,,,,,,,,
7,7043,8,1,0,1,,,,,,,,
7,7043,9,0,0,0,,,,,,,,
7,7044,1,64,57,7,,,,,,,,
7,7044,2,0,0,0,,,,,,,,
7,7044,3,0,0,0,,,,,,,,
7,7044,4,0,0,0,,,,,,,,
7,7044,5,0,0,0,,,,,,,,
7,7044,6,NA,NA,NA,,,,,,,,
7,7044,7,3,3,0,,,,,,,,
7,7044,8,0,0,0,,,,,,,,
7,7044,9,0,0,0,,,,,,,,
7,7045,1,15,15,0,,,,,,,,
7,7045,2,0,0,0,,,,,,,,
7,7045,3,0,0,0,,,,,,,,
7,7045,4,0,0,0,,,,,,,,
7,7045,5,0,0,0,,,,,,,,
7,7045,6,NA,NA,NA,,,,,,,,
7,7045,7,1,1,0,,,,,,,,
7,7045,8,1,1,0,,,,,,,,
7,7045,9,0,0,0,,,,,,,,
7,7046,1,0,0,0,,,,,,,,
7,7046,2,0,0,0,,,,,,,,
7,7046,3,0,0,0,,,,,,,,
7,7046,4,0,0,0,,,,,,,,
7,7046,5,60,46,14,,,,,,,,
7,7046,6,NA,NA,NA,,,,,,,,
7,7046,7,6,6,0,,,,,,,,
7,7046,8,4,2,2,,,,,,,,
7,7046,9,0,0,0,,,,,,,,
7,7047,1,33,30,3,,,,,,,,
7,7047,2,2,2,0,,,,,,,,
7,7047,3,0,0,0,,,,,,,,
7,7047,4,0,0,0,,,,,,,,
7,7047,5,0,0,0,,,,,,,,
7,7047,6,NA,NA,NA,,,,,,,,
7,7047,7,3,3,0,,,,,,,,
7,7047,8,2,2,0,,,,,,,,
7,7047,9,0,0,0,,,,,,,,
7,7048,1,39,34,5,,,,,,,,
7,7048,2,0,0,0,,,,,,,,
7,7048,3,0,0,0,,,,,,,,
7,7048,4,0,0,0,,,,,,,,
7,7048,5,0,0,0,,,,,,,,
7,7048,6,NA,NA,NA,,,,,,,,
7,7048,7,4,4,0,,,,,,,,
7,7048,8,1,0,1,,,,,,,,
7,7048,9,0,0,0,,,,,,,,
7,7049,1,15,14,1,,,,,,,,
7,7049,2,0,0,0,,,,,,,,
7,7049,3,0,0,0,,,,,,,,
7,7049,4,0,0,0,,,,,,,,
7,7049,5,0,0,0,,,,,,,,
7,7049,6,NA,NA,NA,,,,,,,,
7,7049,7,0,0,0,,,,,,,,
7,7049,8,3,2,1,,,,,,,,
7,7049,9,0,0,0,,,,,,,,
7,7050,1,14,9,5,,,,,,,,
7,7050,2,0,0,0,,,,,,,,
7,7050,3,0,0,0,,,,,,,,
7,7050,4,0,0,0,,,,,,,,
7,7050,5,0,0,0,,,,,,,,
7,7050,6,NA,NA,NA,,,,,,,,
7,7050,7,3,2,1,,,,,,,,
7,7050,8,2,0,2,,,,,,,,
7,7050,9,0,0,0,,,,,,,,
7,7051,1,0,0,0,,,,,,,,
7,7051,2,0,0,0,,,,,,,,
7,7051,3,0,0,0,,,,,,,,
7,7051,4,0,0,0,,,,,,,,
7,7051,5,47,37,10,,,,,,,,
7,7051,6,NA,NA,NA,,,,,,,,
7,7051,7,0,0,0,,,,,,,,
7,7051,8,0,0,0,,,,,,,,
7,7051,9,0,0,0,,,,,,,,
7,7052,1,128,92,36,,,,,,,,
7,7052,2,28,25,3,,,,,,,,
7,7052,3,0,0,0,,,,,,,,
7,7052,4,0,0,0,,,,,,,,
7,7052,5,0,0,0,,,,,,,,
7,7052,6,NA,NA,NA,,,,,,,,
7,7052,7,1,1,0,,,,,,,,
7,7052,8,0,0,0,,,,,,,,
7,7052,9,0,0,0,,,,,,,,
7,7053,1,11,7,4,,,,,,,,
7,7053,2,0,0,0,,,,,,,,
7,7053,3,0,0,0,,,,,,,,
7,7053,4,0,0,0,,,,,,,,
7,7053,5,0,0,0,,,,,,,,
7,7053,6,NA,NA,NA,,,,,,,,
7,7053,7,3,3,0,,,,,,,,
7,7053,8,3,3,0,,,,,,,,
7,7053,9,0,0,0,,,,,,,,
7,7054,1,52,28,24,,,,,,,,
7,7054,2,0,0,0,,,,,,,,
7,7054,3,0,0,0,,,,,,,,
7,7054,4,0,0,0,,,,,,,,
7,7054,5,0,0,0,,,,,,,,
7,7054,6,NA,NA,NA,,,,,,,,
7,7054,7,2,2,0,,,,,,,,
7,7054,8,0,0,0,,,,,,,,
7,7054,9,0,0,0,,,,,,,,
7,7055,1,0,0,0,,,,,,,,
7,7055,2,0,0,0,,,,,,,,
7,7055,3,0,0,0,,,,,,,,
7,7055,4,0,0,0,,,,,,,,
7,7055,5,20,16,4,,,,,,,,
7,7055,6,NA,NA,NA,,,,,,,,
7,7055,7,1,1,0,,,,,,,,
7,7055,8,2,1,1,,,,,,,,
7,7055,9,0,0,0,,,,,,,,
7,7056,1,8,8,0,,,,,,,,
7,7056,2,0,0,0,,,,,,,,
7,7056,3,0,0,0,,,,,,,,
7,7056,4,0,0,0,,,,,,,,
7,7056,5,0,0,0,,,,,,,,
7,7056,6,NA,NA,NA,,,,,,,,
7,7056,7,0,0,0,,,,,,,,
7,7056,8,0,0,0,,,,,,,,
7,7056,9,0,0,0,,,,,,,,
7,7057,1,97,83,14,,,,,,,,
7,7057,2,6,6,0,,,,,,,,
7,7057,3,0,0,0,,,,,,,,
7,7057,4,0,0,0,,,,,,,,
7,7057,5,0,0,0,,,,,,,,
7,7057,6,NA,NA,NA,,,,,,,,
7,7057,7,4,4,0,,,,,,,,
7,7057,8,9,1,8,,,,,,,,
7,7057,9,0,0,0,,,,,,,,
7,7058,1,13,13,0,,,,,,,,
7,7058,2,0,0,0,,,,,,,,
7,7058,3,0,0,0,,,,,,,,
7,7058,4,0,0,0,,,,,,,,
7,7058,5,0,0,0,,,,,,,,
7,7058,6,NA,NA,NA,,,,,,,,
7,7058,7,2,2,0,,,,,,,,
7,7058,8,1,1,0,,,,,,,,
7,7058,9,0,0,0,,,,,,,,
7,7059,1,214,174,40,,,,,,,,
7,7059,2,0,0,0,,,,,,,,
7,7059,3,0,0,0,,,,,,,,
7,7059,4,0,0,0,,,,,,,,
7,7059,5,0,0,0,,,,,,,,
7,7059,6,NA,NA,NA,,,,,,,,
7,7059,7,5,5,0,,,,,,,,
7,7059,8,7,5,2,,,,,,,,
7,7059,9,0,0,0,,,,,,,,
7,7060,1,32,26,6,,,,,,,,
7,7060,2,0,0,0,,,,,,,,
7,7060,3,0,0,0,,,,,,,,
7,7060,4,0,0,0,,,,,,,,
7,7060,5,0,0,0,,,,,,,,
7,7060,6,NA,NA,NA,,,,,,,,
7,7060,7,2,1,1,,,,,,,,
7,7060,8,1,1,0,,,,,,,,
7,7060,9,0,0,0,,,,,,,,
7,7061,1,132,118,14,,,,,,,,
7,7061,2,0,0,0,,,,,,,,
7,7061,3,0,0,0,,,,,,,,
7,7061,4,0,0,0,,,,,,,,
7,7061,5,0,0,0,,,,,,,,
7,7061,6,NA,NA,NA,,,,,,,,
7,7061,7,1,1,0,,,,,,,,
7,7061,8,12,6,6,,,,,,,,
7,7061,9,0,0,0,,,,,,,,
7,7062,1,40,31,9,,,,,,,,
7,7062,2,0,0,0,,,,,,,,
7,7062,3,0,0,0,,,,,,,,
7,7062,4,0,0,0,,,,,,,,
7,7062,5,0,0,0,,,,,,,,
7,7062,6,NA,NA,NA,,,,,,,,
7,7062,7,1,1,0,,,,,,,,
7,7062,8,1,1,0,,,,,,,,
7,7062,9,0,0,0,,,,,,,,
7,7063,1,10,7,3,,,,,,,,
7,7063,2,0,0,0,,,,,,,,
7,7063,3,0,0,0,,,,,,,,
7,7063,4,0,0,0,,,,,,,,
7,7063,5,0,0,0,,,,,,,,
7,7063,6,NA,NA,NA,,,,,,,,
7,7063,7,3,3,0,,,,,,,,
7,7063,8,0,0,0,,,,,,,,
7,7063,9,0,0,0,,,,,,,,
7,7064,1,49,32,17,,,,,,,,
7,7064,2,0,0,0,,,,,,,,
7,7064,3,0,0,0,,,,,,,,
7,7064,4,0,0,0,,,,,,,,
7,7064,5,0,0,0,,,,,,,,
7,7064,6,NA,NA,NA,,,,,,,,
7,7064,7,4,4,0,,,,,,,,
7,7064,8,3,3,0,,,,,,,,
7,7064,9,0,0,0,,,,,,,,
7,7065,1,151,123,28,,,,,,,,
7,7065,2,20,18,2,,,,,,,,
7,7065,3,0,0,0,,,,,,,,
7,7065,4,0,0,0,,,,,,,,
7,7065,5,0,0,0,,,,,,,,
7,7065,6,NA,NA,NA,,,,,,,,
7,7065,7,0,0,0,,,,,,,,
7,7065,8,22,8,14,,,,,,,,
7,7065,9,0,0,0,,,,,,,,
7,7066,1,22,17,5,,,,,,,,
7,7066,2,0,0,0,,,,,,,,
7,7066,3,0,0,0,,,,,,,,
7,7066,4,0,0,0,,,,,,,,
7,7066,5,0,0,0,,,,,,,,
7,7066,6,NA,NA,NA,,,,,,,,
7,7066,7,2,2,0,,,,,,,,
7,7066,8,2,2,0,,,,,,,,
7,7066,9,0,0,0,,,,,,,,
7,7067,1,23,16,7,,,,,,,,
7,7067,2,0,0,0,,,,,,,,
7,7067,3,0,0,0,,,,,,,,
7,7067,4,0,0,0,,,,,,,,
7,7067,5,0,0,0,,,,,,,,
7,7067,6,NA,NA,NA,,,,,,,,
7,7067,7,2,1,1,,,,,,,,
7,7067,8,2,1,1,,,,,,,,
7,7067,9,0,0,0,,,,,,,,
7,7068,1,59,43,16,,,,,,,,
7,7068,2,0,0,0,,,,,,,,
7,7068,3,0,0,0,,,,,,,,
7,7068,4,0,0,0,,,,,,,,
7,7068,5,0,0,0,,,,,,,,
7,7068,6,NA,NA,NA,,,,,,,,
7,7068,7,3,2,1,,,,,,,,
7,7068,8,2,2,0,,,,,,,,
7,7068,9,0,0,0,,,,,,,,
7,7069,1,0,0,0,,,,,,,,
7,7069,2,0,0,0,,,,,,,,
7,7069,3,0,0,0,,,,,,,,
7,7069,4,0,0,0,,,,,,,,
7,7069,5,83,59,24,,,,,,,,
7,7069,6,NA,NA,NA,,,,,,,,
7,7069,7,0,0,0,,,,,,,,
7,7069,8,0,0,0,,,,,,,,
7,7069,9,0,0,0,,,,,,,,
7,7070,1,22,21,1,,,,,,,,
7,7070,2,4,3,1,,,,,,,,
7,7070,3,0,0,0,,,,,,,,
7,7070,4,0,0,0,,,,,,,,
7,7070,5,0,0,0,,,,,,,,
7,7070,6,NA,NA,NA,,,,,,,,
7,7070,7,4,4,0,,,,,,,,
7,7070,8,2,1,1,,,,,,,,
7,7070,9,0,0,0,,,,,,,,
7,7071,1,62,56,6,,,,,,,,
7,7071,2,0,0,0,,,,,,,,
7,7071,3,0,0,0,,,,,,,,
7,7071,4,0,0,0,,,,,,,,
7,7071,5,0,0,0,,,,,,,,
7,7071,6,NA,NA,NA,,,,,,,,
7,7071,7,2,1,1,,,,,,,,
7,7071,8,8,4,4,,,,,,,,
7,7071,9,0,0,0,,,,,,,,
7,7072,1,19,14,5,,,,,,,,
7,7072,2,0,0,0,,,,,,,,
7,7072,3,0,0,0,,,,,,,,
7,7072,4,0,0,0,,,,,,,,
7,7072,5,0,0,0,,,,,,,,
7,7072,6,NA,NA,NA,,,,,,,,
7,7072,7,2,2,0,,,,,,,,
7,7072,8,1,1,0,,,,,,,,
7,7072,9,0,0,0,,,,,,,,
7,7073,1,20,16,4,,,,,,,,
7,7073,2,0,0,0,,,,,,,,
7,7073,3,0,0,0,,,,,,,,
7,7073,4,0,0,0,,,,,,,,
7,7073,5,0,0,0,,,,,,,,
7,7073,6,NA,NA,NA,,,,,,,,
7,7073,7,2,2,0,,,,,,,,
7,7073,8,2,2,0,,,,,,,,
7,7073,9,0,0,0,,,,,,,,
7,7074,1,51,47,4,,,,,,,,
7,7074,2,15,12,3,,,,,,,,
7,7074,3,0,0,0,,,,,,,,
7,7074,4,0,0,0,,,,,,,,
7,7074,5,0,0,0,,,,,,,,
7,7074,6,15,8,7,,,,,,,,
7,7074,7,16,14,2,,,,,,,,
7,7074,8,1,1,0,,,,,,,,
7,7074,9,10,10,0,,,,,,,,
7,7075,1,45,37,8,,,,,,,,
7,7075,2,0,0,0,,,,,,,,
7,7075,3,0,0,0,,,,,,,,
7,7075,4,0,0,0,,,,,,,,
7,7075,5,0,0,0,,,,,,,,
7,7075,6,NA,NA,NA,,,,,,,,
7,7075,7,0,0,0,,,,,,,,
7,7075,8,0,0,0,,,,,,,,
7,7075,9,0,0,0,,,,,,,,
7,7076,1,37,35,2,,,,,,,,
7,7076,2,0,0,0,,,,,,,,
7,7076,3,0,0,0,,,,,,,,
7,7076,4,0,0,0,,,,,,,,
7,7076,5,0,0,0,,,,,,,,
7,7076,6,NA,NA,NA,,,,,,,,
7,7076,7,1,1,0,,,,,,,,
7,7076,8,2,1,1,,,,,,,,
7,7076,9,0,0,0,,,,,,,,
7,7077,1,58,43,15,,,,,,,,
7,7077,2,0,0,0,,,,,,,,
7,7077,3,0,0,0,,,,,,,,
7,7077,4,0,0,0,,,,,,,,
7,7077,5,0,0,0,,,,,,,,
7,7077,6,NA,NA,NA,,,,,,,,
7,7077,7,6,6,0,,,,,,,,
7,7077,8,6,2,4,,,,,,,,
7,7077,9,0,0,0,,,,,,,,
7,7078,1,267,194,73,,,,,,,,
7,7078,2,72,66,6,,,,,,,,
7,7078,3,0,0,0,,,,,,,,
7,7078,4,0,0,0,,,,,,,,
7,7078,5,0,0,0,,,,,,,,
7,7078,6,NA,NA,NA,,,,,,,,
7,7078,7,3,3,0,,,,,,,,
7,7078,8,29,23,6,,,,,,,,
7,7078,9,0,0,0,,,,,,,,
7,7079,1,57,45,12,,,,,,,,
7,7079,2,0,0,0,,,,,,,,
7,7079,3,0,0,0,,,,,,,,
7,7079,4,0,0,0,,,,,,,,
7,7079,5,0,0,0,,,,,,,,
7,7079,6,NA,NA,NA,,,,,,,,
7,7079,7,1,1,0,,,,,,,,
7,7079,8,0,0,0,,,,,,,,
7,7079,9,0,0,0,,,,,,,,
7,7080,1,38,34,4,,,,,,,,
7,7080,2,0,0,0,,,,,,,,
7,7080,3,0,0,0,,,,,,,,
7,7080,4,0,0,0,,,,,,,,
7,7080,5,0,0,0,,,,,,,,
7,7080,6,NA,NA,NA,,,,,,,,
7,7080,7,4,3,1,,,,,,,,
7,7080,8,7,4,3,,,,,,,,
7,7080,9,0,0,0,,,,,,,,
7,7081,1,115,91,24,,,,,,,,
7,7081,2,21,19,2,,,,,,,,
7,7081,3,0,0,0,,,,,,,,
7,7081,4,0,0,0,,,,,,,,
7,7081,5,0,0,0,,,,,,,,
7,7081,6,NA,NA,NA,,,,,,,,
7,7081,7,2,2,0,,,,,,,,
7,7081,8,2,2,0,,,,,,,,
7,7081,9,0,0,0,,,,,,,,
7,7082,1,22,17,5,,,,,,,,
7,7082,2,0,0,0,,,,,,,,
7,7082,3,0,0,0,,,,,,,,
7,7082,4,0,0,0,,,,,,,,
7,7082,5,0,0,0,,,,,,,,
7,7082,6,NA,NA,NA,,,,,,,,
7,7082,7,3,3,0,,,,,,,,
7,7082,8,1,1,0,,,,,,,,
7,7082,9,0,0,0,,,,,,,,
7,7083,1,33,27,6,,,,,,,,
7,7083,2,0,0,0,,,,,,,,
7,7083,3,0,0,0,,,,,,,,
7,7083,4,0,0,0,,,,,,,,
7,7083,5,0,0,0,,,,,,,,
7,7083,6,NA,NA,NA,,,,,,,,
7,7083,7,3,3,0,,,,,,,,
7,7083,8,4,2,2,,,,,,,,
7,7083,9,0,0,0,,,,,,,,
7,7084,1,22,16,6,,,,,,,,
7,7084,2,0,0,0,,,,,,,,
7,7084,3,0,0,0,,,,,,,,
7,7084,4,0,0,0,,,,,,,,
7,7084,5,0,0,0,,,,,,,,
7,7084,6,NA,NA,NA,,,,,,,,
7,7084,7,2,2,0,,,,,,,,
7,7084,8,3,2,1,,,,,,,,
7,7084,9,0,0,0,,,,,,,,
7,7085,1,32,24,8,,,,,,,,
7,7085,2,0,0,0,,,,,,,,
7,7085,3,0,0,0,,,,,,,,
7,7085,4,0,0,0,,,,,,,,
7,7085,5,0,0,0,,,,,,,,
7,7085,6,NA,NA,NA,,,,,,,,
7,7085,7,3,2,1,,,,,,,,
7,7085,8,2,1,1,,,,,,,,
7,7085,9,0,0,0,,,,,,,,
7,7086,1,49,43,6,,,,,,,,
7,7086,2,0,0,0,,,,,,,,
7,7086,3,0,0,0,,,,,,,,
7,7086,4,0,0,0,,,,,,,,
7,7086,5,0,0,0,,,,,,,,
7,7086,6,NA,NA,NA,,,,,,,,
7,7086,7,3,3,0,,,,,,,,
7,7086,8,6,5,1,,,,,,,,
7,7086,9,0,0,0,,,,,,,,
7,7087,1,83,53,30,,,,,,,,
7,7087,2,15,11,4,,,,,,,,
7,7087,3,0,0,0,,,,,,,,
7,7087,4,0,0,0,,,,,,,,
7,7087,5,0,0,0,,,,,,,,
7,7087,6,NA,NA,NA,,,,,,,,
7,7087,7,40,36,4,,,,,,,,
7,7087,8,3,0,3,,,,,,,,
7,7087,9,0,0,0,,,,,,,,
7,7088,1,11,11,0,,,,,,,,
7,7088,2,0,0,0,,,,,,,,
7,7088,3,0,0,0,,,,,,,,
7,7088,4,0,0,0,,,,,,,,
7,7088,5,0,0,0,,,,,,,,
7,7088,6,NA,NA,NA,,,,,,,,
7,7088,7,3,2,1,,,,,,,,
7,7088,8,0,0,0,,,,,,,,
7,7088,9,0,0,0,,,,,,,,
7,7089,1,528,433,95,,,,,,,,
7,7089,2,1,1,0,,,,,,,,
7,7089,3,0,0,0,,,,,,,,
7,7089,4,0,0,0,,,,,,,,
7,7089,5,0,0,0,,,,,,,,
7,7089,6,NA,NA,NA,,,,,,,,
7,7089,7,3,3,0,,,,,,,,
7,7089,8,165,104,61,,,,,,,,
7,7089,9,0,0,0,,,,,,,,
7,7090,1,14,11,3,,,,,,,,
7,7090,2,0,0,0,,,,,,,,
7,7090,3,0,0,0,,,,,,,,
7,7090,4,0,0,0,,,,,,,,
7,7090,5,0,0,0,,,,,,,,
7,7090,6,NA,NA,NA,,,,,,,,
7,7090,7,1,0,1,,,,,,,,
7,7090,8,2,2,0,,,,,,,,
7,7090,9,0,0,0,,,,,,,,
7,7091,1,22,15,7,,,,,,,,
7,7091,2,0,0,0,,,,,,,,
7,7091,3,0,0,0,,,,,,,,
7,7091,4,0,0,0,,,,,,,,
7,7091,5,0,0,0,,,,,,,,
7,7091,6,NA,NA,NA,,,,,,,,
7,7091,7,2,2,0,,,,,,,,
7,7091,8,2,0,2,,,,,,,,
7,7091,9,0,0,0,,,,,,,,
7,7092,1,65,46,19,,,,,,,,
7,7092,2,0,0,0,,,,,,,,
7,7092,3,0,0,0,,,,,,,,
7,7092,4,0,0,0,,,,,,,,
7,7092,5,0,0,0,,,,,,,,
7,7092,6,NA,NA,NA,,,,,,,,
7,7092,7,1,1,0,,,,,,,,
7,7092,8,2,2,0,,,,,,,,
7,7092,9,1,1,0,,,,,,,,
7,7093,1,12,6,6,,,,,,,,
7,7093,2,0,0,0,,,,,,,,
7,7093,3,0,0,0,,,,,,,,
7,7093,4,0,0,0,,,,,,,,
7,7093,5,0,0,0,,,,,,,,
7,7093,6,NA,NA,NA,,,,,,,,
7,7093,7,3,3,0,,,,,,,,
7,7093,8,4,1,3,,,,,,,,
7,7093,9,0,0,0,,,,,,,,
7,7094,1,89,81,8,,,,,,,,
7,7094,2,31,22,9,,,,,,,,
7,7094,3,0,0,0,,,,,,,,
7,7094,4,0,0,0,,,,,,,,
7,7094,5,0,0,0,,,,,,,,
7,7094,6,NA,NA,NA,,,,,,,,
7,7094,7,5,5,0,,,,,,,,
7,7094,8,0,0,0,,,,,,,,
7,7094,9,0,0,0,,,,,,,,
7,7096,1,129,110,19,,,,,,,,
7,7096,2,0,0,0,,,,,,,,
7,7096,3,0,0,0,,,,,,,,
7,7096,4,0,0,0,,,,,,,,
7,7096,5,0,0,0,,,,,,,,
7,7096,6,NA,NA,NA,,,,,,,,
7,7096,7,9,9,0,,,,,,,,
7,7096,8,2,1,1,,,,,,,,
7,7096,9,0,0,0,,,,,,,,
7,7097,1,132,101,31,,,,,,,,
7,7097,2,0,0,0,,,,,,,,
7,7097,3,0,0,0,,,,,,,,
7,7097,4,0,0,0,,,,,,,,
7,7097,5,0,0,0,,,,,,,,
7,7097,6,NA,NA,NA,,,,,,,,
7,7097,7,0,0,0,,,,,,,,
7,7097,8,0,0,0,,,,,,,,
7,7097,9,0,0,0,,,,,,,,
7,7098,1,14,12,2,,,,,,,,
7,7098,2,0,0,0,,,,,,,,
7,7098,3,0,0,0,,,,,,,,
7,7098,4,0,0,0,,,,,,,,
7,7098,5,0,0,0,,,,,,,,
7,7098,6,NA,NA,NA,,,,,,,,
7,7098,7,1,1,0,,,,,,,,
7,7098,8,3,1,2,,,,,,,,
7,7098,9,0,0,0,,,,,,,,
7,7099,1,107,94,13,,,,,,,,
7,7099,2,0,0,0,,,,,,,,
7,7099,3,0,0,0,,,,,,,,
7,7099,4,0,0,0,,,,,,,,
7,7099,5,0,0,0,,,,,,,,
7,7099,6,0,0,0,,,,,,,,
7,7099,7,4,2,2,,,,,,,,
7,7099,8,9,5,4,,,,,,,,
7,7099,9,0,0,0,,,,,,,,
7,7100,1,77,67,10,,,,,,,,
7,7100,2,0,0,0,,,,,,,,
7,7100,3,0,0,0,,,,,,,,
7,7100,4,0,0,0,,,,,,,,
7,7100,5,0,0,0,,,,,,,,
7,7100,6,NA,NA,NA,,,,,,,,
7,7100,7,3,3,0,,,,,,,,
7,7100,8,8,4,4,,,,,,,,
7,7100,9,0,0,0,,,,,,,,
7,7101,1,747,644,103,,,,,,,,
7,7101,2,260,205,55,,,,,,,,
7,7101,3,0,0,0,,,,,,,,
7,7101,4,0,0,0,,,,,,,,
7,7101,5,0,0,0,,,,,,,,
7,7101,6,NA,NA,NA,,,,,,,,
7,7101,7,14,12,2,,,,,,,,
7,7101,8,180,84,96,,,,,,,,
7,7101,9,0,0,0,,,,,,,,
7,7102,1,56,47,9,,,,,,,,
7,7102,2,13,11,2,,,,,,,,
7,7102,3,0,0,0,,,,,,,,
7,7102,4,0,0,0,,,,,,,,
7,7102,5,0,0,0,,,,,,,,
7,7102,6,NA,NA,NA,,,,,,,,
7,7102,7,7,6,1,,,,,,,,
7,7102,8,3,1,2,,,,,,,,
7,7102,9,0,0,0,,,,,,,,
7,7103,1,0,0,0,,,,,,,,
7,7103,2,1,0,1,,,,,,,,
7,7103,3,0,0,0,,,,,,,,
7,7103,4,0,0,0,,,,,,,,
7,7103,5,52,48,4,,,,,,,,
7,7103,6,NA,NA,NA,,,,,,,,
7,7103,7,10,6,4,,,,,,,,
7,7103,8,2,1,1,,,,,,,,
7,7103,9,0,0,0,,,,,,,,
7,7104,1,33,28,5,,,,,,,,
7,7104,2,0,0,0,,,,,,,,
7,7104,3,0,0,0,,,,,,,,
7,7104,4,0,0,0,,,,,,,,
7,7104,5,0,0,0,,,,,,,,
7,7104,6,NA,NA,NA,,,,,,,,
7,7104,7,4,4,0,,,,,,,,
7,7104,8,4,3,1,,,,,,,,
7,7104,9,0,0,0,,,,,,,,
7,7105,1,35,28,7,,,,,,,,
7,7105,2,5,5,0,,,,,,,,
7,7105,3,0,0,0,,,,,,,,
7,7105,4,0,0,0,,,,,,,,
7,7105,5,0,0,0,,,,,,,,
7,7105,6,NA,NA,NA,,,,,,,,
7,7105,7,2,2,0,,,,,,,,
7,7105,8,3,0,3,,,,,,,,
7,7105,9,0,0,0,,,,,,,,
7,7106,1,115,88,27,,,,,,,,
7,7106,2,0,0,0,,,,,,,,
7,7106,3,0,0,0,,,,,,,,
7,7106,4,0,0,0,,,,,,,,
7,7106,5,0,0,0,,,,,,,,
7,7106,6,NA,NA,NA,,,,,,,,
7,7106,7,0,0,0,,,,,,,,
7,7106,8,0,0,0,,,,,,,,
7,7106,9,0,0,0,,,,,,,,
7,7107,1,25,23,2,,,,,,,,
7,7107,2,0,0,0,,,,,,,,
7,7107,3,0,0,0,,,,,,,,
7,7107,4,0,0,0,,,,,,,,
7,7107,5,0,0,0,,,,,,,,
7,7107,6,NA,NA,NA,,,,,,,,
7,7107,7,9,8,1,,,,,,,,
7,7107,8,2,1,1,,,,,,,,
7,7107,9,0,0,0,,,,,,,,
7,7108,1,172,142,30,,,,,,,,
7,7108,2,20,0,20,,,,,,,,
7,7108,3,0,0,0,,,,,,,,
7,7108,4,0,0,0,,,,,,,,
7,7108,5,0,0,0,,,,,,,,
7,7108,6,NA,NA,NA,,,,,,,,
7,7108,7,1,1,0,,,,,,,,
7,7108,8,0,0,0,,,,,,,,
7,7108,9,0,0,0,,,,,,,,
7,7109,1,46,41,5,,,,,,,,
7,7109,2,0,0,0,,,,,,,,
7,7109,3,0,0,0,,,,,,,,
7,7109,4,0,0,0,,,,,,,,
7,7109,5,0,0,0,,,,,,,,
7,7109,6,NA,NA,NA,,,,,,,,
7,7109,7,3,3,0,,,,,,,,
7,7109,8,1,0,1,,,,,,,,
7,7109,9,0,0,0,,,,,,,,
7,7110,1,17,14,3,,,,,,,,
7,7110,2,0,0,0,,,,,,,,
7,7110,3,0,0,0,,,,,,,,
7,7110,4,0,0,0,,,,,,,,
7,7110,5,0,0,0,,,,,,,,
7,7110,6,NA,NA,NA,,,,,,,,
7,7110,7,1,1,0,,,,,,,,
7,7110,8,3,2,1,,,,,,,,
7,7110,9,0,0,0,,,,,,,,
7,7111,1,12,12,0,,,,,,,,
7,7111,2,0,0,0,,,,,,,,
7,7111,3,0,0,0,,,,,,,,
7,7111,4,0,0,0,,,,,,,,
7,7111,5,60,60,0,,,,,,,,
7,7111,6,NA,NA,NA,,,,,,,,
7,7111,7,4,3,1,,,,,,,,
7,7111,8,3,2,1,,,,,,,,
7,7111,9,0,0,0,,,,,,,,
7,7112,1,40,38,2,,,,,,,,
7,7112,2,0,0,0,,,,,,,,
7,7112,3,0,0,0,,,,,,,,
7,7112,4,0,0,0,,,,,,,,
7,7112,5,0,0,0,,,,,,,,
7,7112,6,NA,NA,NA,,,,,,,,
7,7112,7,1,1,0,,,,,,,,
7,7112,8,1,1,0,,,,,,,,
7,7112,9,0,0,0,,,,,,,,
7,7113,1,8,8,0,,,,,,,,
7,7113,2,0,0,0,,,,,,,,
7,7113,3,0,0,0,,,,,,,,
7,7113,4,0,0,0,,,,,,,,
7,7113,5,0,0,0,,,,,,,,
7,7113,6,NA,NA,NA,,,,,,,,
7,7113,7,1,1,0,,,,,,,,
7,7113,8,1,1,0,,,,,,,,
7,7113,9,0,0,0,,,,,,,,
7,7114,1,28,23,5,,,,,,,,
7,7114,2,10,7,3,,,,,,,,
7,7114,3,0,0,0,,,,,,,,
7,7114,4,0,0,0,,,,,,,,
7,7114,5,0,0,0,,,,,,,,
7,7114,6,NA,NA,NA,,,,,,,,
7,7114,7,1,1,0,,,,,,,,
7,7114,8,0,0,0,,,,,,,,
7,7114,9,0,0,0,,,,,,,,
7,7115,1,22,15,7,,,,,,,,
7,7115,2,0,0,0,,,,,,,,
7,7115,3,0,0,0,,,,,,,,
7,7115,4,0,0,0,,,,,,,,
7,7115,5,0,0,0,,,,,,,,
7,7115,6,NA,NA,NA,,,,,,,,
7,7115,7,1,1,0,,,,,,,,
7,7115,8,0,0,0,,,,,,,,
7,7115,9,0,0,0,,,,,,,,
7,7116,1,12,8,4,,,,,,,,
7,7116,2,0,0,0,,,,,,,,
7,7116,3,0,0,0,,,,,,,,
7,7116,4,0,0,0,,,,,,,,
7,7116,5,0,0,0,,,,,,,,
7,7116,6,NA,NA,NA,,,,,,,,
7,7116,7,1,0,1,,,,,,,,
7,7116,8,0,0,0,,,,,,,,
7,7116,9,0,0,0,,,,,,,,
7,7117,1,16,16,0,,,,,,,,
7,7117,2,0,0,0,,,,,,,,
7,7117,3,0,0,0,,,,,,,,
7,7117,4,0,0,0,,,,,,,,
7,7117,5,0,0,0,,,,,,,,
7,7117,6,NA,NA,NA,,,,,,,,
7,7117,7,3,3,0,,,,,,,,
7,7117,8,2,1,1,,,,,,,,
7,7117,9,0,0,0,,,,,,,,
7,7118,1,10,5,5,,,,,,,,
7,7118,2,0,0,0,,,,,,,,
7,7118,3,0,0,0,,,,,,,,
7,7118,4,0,0,0,,,,,,,,
7,7118,5,0,0,0,,,,,,,,
7,7118,6,NA,NA,NA,,,,,,,,
7,7118,7,1,1,0,,,,,,,,
7,7118,8,1,0,1,,,,,,,,
7,7118,9,0,0,0,,,,,,,,
7,7119,1,5,5,0,,,,,,,,
7,7119,2,0,0,0,,,,,,,,
7,7119,3,0,0,0,,,,,,,,
7,7119,4,0,0,0,,,,,,,,
7,7119,5,0,0,0,,,,,,,,
7,7119,6,NA,NA,NA,,,,,,,,
7,7119,7,1,1,0,,,,,,,,
7,7119,8,0,0,0,,,,,,,,
7,7119,9,0,0,0,,,,,,,,
7,7120,1,4,3,1,,,,,,,,
7,7120,2,0,0,0,,,,,,,,
7,7120,3,0,0,0,,,,,,,,
7,7120,4,0,0,0,,,,,,,,
7,7120,5,0,0,0,,,,,,,,
7,7120,6,NA,NA,NA,,,,,,,,
7,7120,7,2,2,0,,,,,,,,
7,7120,8,1,1,0,,,,,,,,
7,7120,9,0,0,0,,,,,,,,
7,7121,1,31,31,0,,,,,,,,
7,7121,2,0,0,0,,,,,,,,
7,7121,3,0,0,0,,,,,,,,
7,7121,4,0,0,0,,,,,,,,
7,7121,5,0,0,0,,,,,,,,
7,7121,6,NA,NA,NA,,,,,,,,
7,7121,7,2,2,0,,,,,,,,
7,7121,8,1,1,0,,,,,,,,
7,7121,9,0,0,0,,,,,,,,
7,7122,1,32,27,5,,,,,,,,
7,7122,2,0,0,0,,,,,,,,
7,7122,3,0,0,0,,,,,,,,
7,7122,4,0,0,0,,,,,,,,
7,7122,5,0,0,0,,,,,,,,
7,7122,6,NA,NA,NA,,,,,,,,
7,7122,7,2,2,0,,,,,,,,
7,7122,8,5,3,2,,,,,,,,
7,7122,9,14,13,1,,,,,,,,
7,7123,1,21,17,4,,,,,,,,
7,7123,2,0,0,0,,,,,,,,
7,7123,3,0,0,0,,,,,,,,
7,7123,4,0,0,0,,,,,,,,
7,7123,5,0,0,0,,,,,,,,
7,7123,6,NA,NA,NA,,,,,,,,
7,7123,7,1,1,0,,,,,,,,
7,7123,8,2,0,2,,,,,,,,
7,7123,9,0,0,0,,,,,,,,
7,7124,1,26,18,8,,,,,,,,
7,7124,2,0,0,0,,,,,,,,
7,7124,3,0,0,0,,,,,,,,
7,7124,4,0,0,0,,,,,,,,
7,7124,5,0,0,0,,,,,,,,
7,7124,6,NA,NA,NA,,,,,,,,
7,7124,7,2,0,2,,,,,,,,
7,7124,8,4,1,3,,,,,,,,
7,7124,9,0,0,0,,,,,,,,
7,7125,1,20,13,7,,,,,,,,
7,7125,2,0,0,0,,,,,,,,
7,7125,3,0,0,0,,,,,,,,
7,7125,4,0,0,0,,,,,,,,
7,7125,5,0,0,0,,,,,,,,
7,7125,6,NA,NA,NA,,,,,,,,
7,7125,7,4,4,0,,,,,,,,
7,7125,8,2,2,0,,,,,,,,
7,7125,9,0,0,0,,,,,,,,
8,8001,1,25,23,2,,,,,,,,
8,8001,2,0,0,0,,,,,,,,
8,8001,3,0,0,0,,,,,,,,
8,8001,4,0,0,0,,,,,,,,
8,8001,5,0,0,0,,,,,,,,
8,8001,6,NA,NA,NA,,,,,,,,
8,8001,7,0,0,0,,,,,,,,
8,8001,8,5,2,3,,,,,,,,
8,8001,9,0,0,0,,,,,,,,
8,8002,1,35,26,9,,,,,,,,
8,8002,2,0,0,0,,,,,,,,
8,8002,3,0,0,0,,,,,,,,
8,8002,4,0,0,0,,,,,,,,
8,8002,5,0,0,0,,,,,,,,
8,8002,6,NA,NA,NA,,,,,,,,
8,8002,7,3,3,0,,,,,,,,
8,8002,8,2,1,1,,,,,,,,
8,8002,9,0,0,0,,,,,,,,
8,8003,1,21,18,3,,,,,,,,
8,8003,2,0,0,0,,,,,,,,
8,8003,3,0,0,0,,,,,,,,
8,8003,4,0,0,0,,,,,,,,
8,8003,5,0,0,0,,,,,,,,
8,8003,6,NA,NA,NA,,,,,,,,
8,8003,7,1,1,0,,,,,,,,
8,8003,8,1,0,1,,,,,,,,
8,8003,9,0,0,0,,,,,,,,
8,8004,1,33,25,8,,,,,,,,
8,8004,2,0,0,0,,,,,,,,
8,8004,3,0,0,0,,,,,,,,
8,8004,4,0,0,0,,,,,,,,
8,8004,5,0,0,0,,,,,,,,
8,8004,6,NA,NA,NA,,,,,,,,
8,8004,7,1,1,0,,,,,,,,
8,8004,8,0,0,0,,,,,,,,
8,8004,9,0,0,0,,,,,,,,
8,8005,1,37,35,2,,,,,,,,
8,8005,2,11,11,0,,,,,,,,
8,8005,3,0,0,0,,,,,,,,
8,8005,4,0,0,0,,,,,,,,
8,8005,5,0,0,0,,,,,,,,
8,8005,6,NA,NA,NA,,,,,,,,
8,8005,7,5,5,0,,,,,,,,
8,8005,8,5,1,4,,,,,,,,
8,8005,9,0,0,0,,,,,,,,
8,8006,1,3,3,0,,,,,,,,
8,8006,2,0,0,0,,,,,,,,
8,8006,3,0,0,0,,,,,,,,
8,8006,4,0,0,0,,,,,,,,
8,8006,5,0,0,0,,,,,,,,
8,8006,6,NA,NA,NA,,,,,,,,
8,8006,7,1,1,0,,,,,,,,
8,8006,8,0,0,0,,,,,,,,
8,8006,9,0,0,0,,,,,,,,
8,8007,1,15,13,2,,,,,,,,
8,8007,2,1,1,0,,,,,,,,
8,8007,3,0,0,0,,,,,,,,
8,8007,4,0,0,0,,,,,,,,
8,8007,5,0,0,0,,,,,,,,
8,8007,6,NA,NA,NA,,,,,,,,
8,8007,7,4,4,0,,,,,,,,
8,8007,8,1,1,0,,,,,,,,
8,8007,9,0,0,0,,,,,,,,
8,8008,1,7,7,0,,,,,,,,
8,8008,2,0,0,0,,,,,,,,
8,8008,3,0,0,0,,,,,,,,
8,8008,4,0,0,0,,,,,,,,
8,8008,5,0,0,0,,,,,,,,
8,8008,6,NA,NA,NA,,,,,,,,
8,8008,7,3,3,0,,,,,,,,
8,8008,8,0,0,0,,,,,,,,
8,8008,9,0,0,0,,,,,,,,
8,8009,1,0,0,0,,,,,,,,
8,8009,2,10,10,0,,,,,,,,
8,8009,3,0,0,0,,,,,,,,
8,8009,4,0,0,0,,,,,,,,
8,8009,5,0,0,0,,,,,,,,
8,8009,6,NA,NA,NA,,,,,,,,
8,8009,7,1,1,0,,,,,,,,
8,8009,8,1,0,1,,,,,,,,
8,8009,9,0,0,0,,,,,,,,
8,8010,1,26,17,9,,,,,,,,
8,8010,2,8,8,0,,,,,,,,
8,8010,3,0,0,0,,,,,,,,
8,8010,4,0,0,0,,,,,,,,
8,8010,5,0,0,0,,,,,,,,
8,8010,6,NA,NA,NA,,,,,,,,
8,8010,7,2,2,0,,,,,,,,
8,8010,8,2,0,2,,,,,,,,
8,8010,9,0,0,0,,,,,,,,
8,8011,1,105,96,9,,,,,,,,
8,8011,2,34,29,5,,,,,,,,
8,8011,3,0,0,0,,,,,,,,
8,8011,4,0,0,0,,,,,,,,
8,8011,5,0,0,0,,,,,,,,
8,8011,6,NA,NA,NA,,,,,,,,
8,8011,7,1,1,0,,,,,,,,
8,8011,8,28,16,12,,,,,,,,
8,8011,9,0,0,0,,,,,,,,
8,8012,1,10,9,1,,,,,,,,
8,8012,2,0,0,0,,,,,,,,
8,8012,3,0,0,0,,,,,,,,
8,8012,4,0,0,0,,,,,,,,
8,8012,5,0,0,0,,,,,,,,
8,8012,6,NA,NA,NA,,,,,,,,
8,8012,7,2,2,0,,,,,,,,
8,8012,8,1,1,0,,,,,,,,
8,8012,9,0,0,0,,,,,,,,
8,8013,1,23,20,3,,,,,,,,
8,8013,2,7,7,0,,,,,,,,
8,8013,3,0,0,0,,,,,,,,
8,8013,4,0,0,0,,,,,,,,
8,8013,5,0,0,0,,,,,,,,
8,8013,6,NA,NA,NA,,,,,,,,
8,8013,7,3,3,0,,,,,,,,
8,8013,8,3,2,1,,,,,,,,
8,8013,9,0,0,0,,,,,,,,
8,8014,1,7,7,0,,,,,,,,
8,8014,2,0,0,0,,,,,,,,
8,8014,3,0,0,0,,,,,,,,
8,8014,4,0,0,0,,,,,,,,
8,8014,5,0,0,0,,,,,,,,
8,8014,6,NA,NA,NA,,,,,,,,
8,8014,7,1,1,0,,,,,,,,
8,8014,8,1,0,1,,,,,,,,
8,8014,9,0,0,0,,,,,,,,
8,8015,1,12,10,2,,,,,,,,
8,8015,2,0,0,0,,,,,,,,
8,8015,3,0,0,0,,,,,,,,
8,8015,4,0,0,0,,,,,,,,
8,8015,5,0,0,0,,,,,,,,
8,8015,6,NA,NA,NA,,,,,,,,
8,8015,7,1,1,0,,,,,,,,
8,8015,8,1,0,1,,,,,,,,
8,8015,9,0,0,0,,,,,,,,
8,8016,1,13,12,1,,,,,,,,
8,8016,2,0,0,0,,,,,,,,
8,8016,3,0,0,0,,,,,,,,
8,8016,4,0,0,0,,,,,,,,
8,8016,5,0,0,0,,,,,,,,
8,8016,6,NA,NA,NA,,,,,,,,
8,8016,7,2,2,0,,,,,,,,
8,8016,8,0,0,0,,,,,,,,
8,8016,9,0,0,0,,,,,,,,
8,8017,1,119,87,32,,,,,,,,
8,8017,2,51,44,7,,,,,,,,
8,8017,3,0,0,0,,,,,,,,
8,8017,4,0,0,0,,,,,,,,
8,8017,5,0,0,0,,,,,,,,
8,8017,6,NA,NA,NA,,,,,,,,
8,8017,7,3,3,0,,,,,,,,
8,8017,8,154,98,56,,,,,,,,
8,8017,9,0,0,0,,,,,,,,
8,8018,1,14,14,0,,,,,,,,
8,8018,2,0,0,0,,,,,,,,
8,8018,3,0,0,0,,,,,,,,
8,8018,4,0,0,0,,,,,,,,
8,8018,5,0,0,0,,,,,,,,
8,8018,6,NA,NA,NA,,,,,,,,
8,8018,7,0,0,0,,,,,,,,
8,8018,8,0,0,0,,,,,,,,
8,8018,9,0,0,0,,,,,,,,
8,8019,1,1383,1115,268,,,,,,,,
8,8019,2,0,0,0,,,,,,,,
8,8019,3,0,0,0,,,,,,,,
8,8019,4,0,0,0,,,,,,,,
8,8019,5,0,0,0,,,,,,,,
8,8019,6,NA,NA,NA,,,,,,,,
8,8019,7,0,0,0,,,,,,,,
8,8019,8,731,408,323,,,,,,,,
8,8019,9,0,0,0,,,,,,,,
8,8020,1,20,20,0,,,,,,,,
8,8020,2,0,0,0,,,,,,,,
8,8020,3,0,0,0,,,,,,,,
8,8020,4,0,0,0,,,,,,,,
8,8020,5,0,0,0,,,,,,,,
8,8020,6,NA,NA,NA,,,,,,,,
8,8020,7,1,1,0,,,,,,,,
8,8020,8,1,0,1,,,,,,,,
8,8020,9,0,0,0,,,,,,,,
8,8021,1,198,154,44,,,,,,,,
8,8021,2,68,45,23,,,,,,,,
8,8021,3,0,0,0,,,,,,,,
8,8021,4,0,0,0,,,,,,,,
8,8021,5,0,0,0,,,,,,,,
8,8021,6,NA,NA,NA,,,,,,,,
8,8021,7,5,5,0,,,,,,,,
8,8021,8,38,13,25,,,,,,,,
8,8021,9,0,0,0,,,,,,,,
8,8022,1,8,6,2,,,,,,,,
8,8022,2,0,0,0,,,,,,,,
8,8022,3,0,0,0,,,,,,,,
8,8022,4,0,0,0,,,,,,,,
8,8022,5,0,0,0,,,,,,,,
8,8022,6,NA,NA,NA,,,,,,,,
8,8022,7,0,0,0,,,,,,,,
8,8022,8,0,0,0,,,,,,,,
8,8022,9,0,0,0,,,,,,,,
8,8023,1,ND,ND,ND,,,,,,,,
8,8023,2,ND,ND,ND,,,,,,,,
8,8023,3,ND,ND,ND,,,,,,,,
8,8023,4,ND,ND,ND,,,,,,,,
8,8023,5,ND,ND,ND,,,,,,,,
8,8023,6,ND,ND,ND,,,,,,,,
8,8023,7,ND,ND,ND,,,,,,,,
8,8023,8,ND,ND,ND,,,,,,,,
8,8023,9,ND,ND,ND,,,,,,,,
8,8024,1,0,0,0,,,,,,,,
8,8024,2,0,0,0,,,,,,,,
8,8024,3,0,0,0,,,,,,,,
8,8024,4,0,0,0,,,,,,,,
8,8024,5,9,8,1,,,,,,,,
8,8024,6,NA,NA,NA,,,,,,,,
8,8024,7,1,1,0,,,,,,,,
8,8024,8,0,0,0,,,,,,,,
8,8024,9,0,0,0,,,,,,,,
8,8025,1,ND,ND,ND,,,,,,,,
8,8025,2,ND,ND,ND,,,,,,,,
8,8025,3,ND,ND,ND,,,,,,,,
8,8025,4,ND,ND,ND,,,,,,,,
8,8025,5,ND,ND,ND,,,,,,,,
8,8025,6,ND,ND,ND,,,,,,,,
8,8025,7,ND,ND,ND,,,,,,,,
8,8025,8,ND,ND,ND,,,,,,,,
8,8025,9,ND,ND,ND,,,,,,,,
8,8026,1,11,9,2,,,,,,,,
8,8026,2,0,0,0,,,,,,,,
8,8026,3,0,0,0,,,,,,,,
8,8026,4,0,0,0,,,,,,,,
8,8026,5,0,0,0,,,,,,,,
8,8026,6,NA,NA,NA,,,,,,,,
8,8026,7,2,2,0,,,,,,,,
8,8026,8,0,0,0,,,,,,,,
8,8026,9,0,0,0,,,,,,,,
8,8027,1,36,29,7,,,,,,,,
8,8027,2,5,4,1,,,,,,,,
8,8027,3,0,0,0,,,,,,,,
8,8027,4,0,0,0,,,,,,,,
8,8027,5,0,0,0,,,,,,,,
8,8027,6,43,43,0,,,,,,,,
8,8027,7,6,6,0,,,,,,,,
8,8027,8,10,9,1,,,,,,,,
8,8027,9,0,0,0,,,,,,,,
8,8028,1,ND,ND,ND,,,,,,,,
8,8028,2,ND,ND,ND,,,,,,,,
8,8028,3,ND,ND,ND,,,,,,,,
8,8028,4,ND,ND,ND,,,,,,,,
8,8028,5,ND,ND,ND,,,,,,,,
8,8028,6,ND,ND,ND,,,,,,,,
8,8028,7,ND,ND,ND,,,,,,,,
8,8028,8,ND,ND,ND,,,,,,,,
8,8028,9,ND,ND,ND,,,,,,,,
8,8029,1,42,39,3,,,,,,,,
8,8029,2,10,7,3,,,,,,,,
8,8029,3,0,0,0,,,,,,,,
8,8029,4,0,0,0,,,,,,,,
8,8029,5,0,0,0,,,,,,,,
8,8029,6,NA,NA,NA,,,,,,,,
8,8029,7,1,1,0,,,,,,,,
8,8029,8,1,0,1,,,,,,,,
8,8029,9,0,0,0,,,,,,,,
8,8030,1,22,22,0,,,,,,,,
8,8030,2,1,1,0,,,,,,,,
8,8030,3,0,0,0,,,,,,,,
8,8030,4,0,0,0,,,,,,,,
8,8030,5,0,0,0,,,,,,,,
8,8030,6,NA,NA,NA,,,,,,,,
8,8030,7,2,2,0,,,,,,,,
8,8030,8,0,0,0,,,,,,,,
8,8030,9,0,0,0,,,,,,,,
8,8031,1,47,39,8,,,,,,,,
8,8031,2,0,0,0,,,,,,,,
8,8031,3,0,0,0,,,,,,,,
8,8031,4,0,0,0,,,,,,,,
8,8031,5,0,0,0,,,,,,,,
8,8031,6,NA,NA,NA,,,,,,,,
8,8031,7,1,1,0,,,,,,,,
8,8031,8,0,0,0,,,,,,,,
8,8031,9,0,0,0,,,,,,,,
8,8032,1,113,91,22,,,,,,,,
8,8032,2,55,48,7,,,,,,,,
8,8032,3,0,0,0,,,,,,,,
8,8032,4,0,0,0,,,,,,,,
8,8032,5,0,0,0,,,,,,,,
8,8032,6,NA,NA,NA,,,,,,,,
8,8032,7,13,12,1,,,,,,,,
8,8032,8,5,5,0,,,,,,,,
8,8032,9,0,0,0,,,,,,,,
8,8033,1,11,9,2,,,,,,,,
8,8033,2,0,0,0,,,,,,,,
8,8033,3,0,0,0,,,,,,,,
8,8033,4,0,0,0,,,,,,,,
8,8033,5,0,0,0,,,,,,,,
8,8033,6,NA,NA,NA,,,,,,,,
8,8033,7,2,2,0,,,,,,,,
8,8033,8,0,0,0,,,,,,,,
8,8033,9,0,0,0,,,,,,,,
8,8034,1,ND,ND,ND,,,,,,,,
8,8034,2,ND,ND,ND,,,,,,,,
8,8034,3,ND,ND,ND,,,,,,,,
8,8034,4,ND,ND,ND,,,,,,,,
8,8034,5,ND,ND,ND,,,,,,,,
8,8034,6,ND,ND,ND,,,,,,,,
8,8034,7,ND,ND,ND,,,,,,,,
8,8034,8,ND,ND,ND,,,,,,,,
8,8034,9,ND,ND,ND,,,,,,,,
8,8035,1,15,12,3,,,,,,,,
8,8035,2,2,2,0,,,,,,,,
8,8035,3,0,0,0,,,,,,,,
8,8035,4,0,0,0,,,,,,,,
8,8035,5,0,0,0,,,,,,,,
8,8035,6,NA,NA,NA,,,,,,,,
8,8035,7,1,1,0,,,,,,,,
8,8035,8,0,0,0,,,,,,,,
8,8035,9,0,0,0,,,,,,,,
8,8036,1,50,48,2,,,,,,,,
8,8036,2,19,16,3,,,,,,,,
8,8036,3,0,0,0,,,,,,,,
8,8036,4,0,0,0,,,,,,,,
8,8036,5,0,0,0,,,,,,,,
8,8036,6,NA,NA,NA,,,,,,,,
8,8036,7,5,5,0,,,,,,,,
8,8036,8,3,1,2,,,,,,,,
8,8036,9,0,0,0,,,,,,,,
8,8037,1,1653,1142,511,,,,,,,,
8,8037,2,380,315,65,,,,,,,,
8,8037,3,214,166,48,,,,,,,,
8,8037,4,189,114,75,,,,,,,,
8,8037,5,84,78,6,,,,,,,,
8,8037,6,NA,NA,NA,,,,,,,,
8,8037,7,4,3,1,,,,,,,,
8,8037,8,520,277,243,,,,,,,,
8,8037,9,0,0,0,,,,,,,,
8,8038,1,13,9,4,,,,,,,,
8,8038,2,1,1,0,,,,,,,,
8,8038,3,0,0,0,,,,,,,,
8,8038,4,0,0,0,,,,,,,,
8,8038,5,0,0,0,,,,,,,,
8,8038,6,NA,NA,NA,,,,,,,,
8,8038,7,3,2,1,,,,,,,,
8,8038,8,1,0,1,,,,,,,,
8,8038,9,0,0,0,,,,,,,,
8,8039,1,11,11,0,,,,,,,,
8,8039,2,2,2,0,,,,,,,,
8,8039,3,0,0,0,,,,,,,,
8,8039,4,0,0,0,,,,,,,,
8,8039,5,0,0,0,,,,,,,,
8,8039,6,NA,NA,NA,,,,,,,,
8,8039,7,1,1,0,,,,,,,,
8,8039,8,1,0,1,,,,,,,,
8,8039,9,0,0,0,,,,,,,,
8,8040,1,44,38,6,,,,,,,,
8,8040,2,3,3,0,,,,,,,,
8,8040,3,0,0,0,,,,,,,,
8,8040,4,0,0,0,,,,,,,,
8,8040,5,0,0,0,,,,,,,,
8,8040,6,NA,NA,NA,,,,,,,,
8,8040,7,2,2,0,,,,,,,,
8,8040,8,2,0,2,,,,,,,,
8,8040,9,0,0,0,,,,,,,,
8,8041,1,12,12,0,,,,,,,,
8,8041,2,0,0,0,,,,,,,,
8,8041,3,0,0,0,,,,,,,,
8,8041,4,0,0,0,,,,,,,,
8,8041,5,0,0,0,,,,,,,,
8,8041,6,NA,NA,NA,,,,,,,,
8,8041,7,1,1,0,,,,,,,,
8,8041,8,2,1,1,,,,,,,,
8,8041,9,0,0,0,,,,,,,,
8,8042,1,4,4,0,,,,,,,,
8,8042,2,1,1,0,,,,,,,,
8,8042,3,0,0,0,,,,,,,,
8,8042,4,0,0,0,,,,,,,,
8,8042,5,0,0,0,,,,,,,,
8,8042,6,NA,NA,NA,,,,,,,,
8,8042,7,1,1,0,,,,,,,,
8,8042,8,0,0,0,,,,,,,,
8,8042,9,0,0,0,,,,,,,,
8,8043,1,7,6,1,,,,,,,,
8,8043,2,0,0,0,,,,,,,,
8,8043,3,7,6,1,,,,,,,,
8,8043,4,0,0,0,,,,,,,,
8,8043,5,0,0,0,,,,,,,,
8,8043,6,NA,NA,NA,,,,,,,,
8,8043,7,0,0,0,,,,,,,,
8,8043,8,0,0,0,,,,,,,,
8,8043,9,0,0,0,,,,,,,,
8,8044,1,10,10,0,,,,,,,,
8,8044,2,0,0,0,,,,,,,,
8,8044,3,0,0,0,,,,,,,,
8,8044,4,0,0,0,,,,,,,,
8,8044,5,0,0,0,,,,,,,,
8,8044,6,NA,NA,NA,,,,,,,,
8,8044,7,1,1,0,,,,,,,,
8,8044,8,1,0,1,,,,,,,,
8,8044,9,0,0,0,,,,,,,,
8,8045,1,107,89,18,,,,,,,,
8,8045,2,0,0,0,,,,,,,,
8,8045,3,0,0,0,,,,,,,,
8,8045,4,0,0,0,,,,,,,,
8,8045,5,0,0,0,,,,,,,,
8,8045,6,NA,NA,NA,,,,,,,,
8,8045,7,5,4,1,,,,,,,,
8,8045,8,6,1,5,,,,,,,,
8,8045,9,0,0,0,,,,,,,,
8,8046,1,7,7,0,,,,,,,,
8,8046,2,0,0,0,,,,,,,,
8,8046,3,0,0,0,,,,,,,,
8,8046,4,0,0,0,,,,,,,,
8,8046,5,0,0,0,,,,,,,,
8,8046,6,NA,NA,NA,,,,,,,,
8,8046,7,2,2,0,,,,,,,,
8,8046,8,0,0,0,,,,,,,,
8,8046,9,0,0,0,,,,,,,,
8,8047,1,0,0,0,,,,,,,,
8,8047,2,0,0,0,,,,,,,,
8,8047,3,0,0,0,,,,,,,,
8,8047,4,0,0,0,,,,,,,,
8,8047,5,0,0,0,,,,,,,,
8,8047,6,NA,NA,NA,,,,,,,,
8,8047,7,2,2,0,,,,,,,,
8,8047,8,0,0,0,,,,,,,,
8,8047,9,0,0,0,,,,,,,,
8,8048,1,32,30,2,,,,,,,,
8,8048,2,0,0,0,,,,,,,,
8,8048,3,0,0,0,,,,,,,,
8,8048,4,0,0,0,,,,,,,,
8,8048,5,0,0,0,,,,,,,,
8,8048,6,NA,NA,NA,,,,,,,,
8,8048,7,1,1,0,,,,,,,,
8,8048,8,1,1,0,,,,,,,,
8,8048,9,8,8,0,,,,,,,,
8,8049,1,4,4,0,,,,,,,,
8,8049,2,0,0,0,,,,,,,,
8,8049,3,0,0,0,,,,,,,,
8,8049,4,0,0,0,,,,,,,,
8,8049,5,0,0,0,,,,,,,,
8,8049,6,NA,NA,NA,,,,,,,,
8,8049,7,3,3,0,,,,,,,,
8,8049,8,0,0,0,,,,,,,,
8,8049,9,0,0,0,,,,,,,,
8,8050,1,76,65,11,,,,,,,,
8,8050,2,0,0,0,,,,,,,,
8,8050,3,0,0,0,,,,,,,,
8,8050,4,0,0,0,,,,,,,,
8,8050,5,0,0,0,,,,,,,,
8,8050,6,NA,NA,NA,,,,,,,,
8,8050,7,0,0,0,,,,,,,,
8,8050,8,0,0,0,,,,,,,,
8,8050,9,0,0,0,,,,,,,,
8,8051,1,8,7,1,,,,,,,,
8,8051,2,0,0,0,,,,,,,,
8,8051,3,0,0,0,,,,,,,,
8,8051,4,0,0,0,,,,,,,,
8,8051,5,0,0,0,,,,,,,,
8,8051,6,NA,NA,NA,,,,,,,,
8,8051,7,3,3,0,,,,,,,,
8,8051,8,1,0,1,,,,,,,,
8,8051,9,0,0,0,,,,,,,,
8,8052,1,34,31,3,,,,,,,,
8,8052,2,0,0,0,,,,,,,,
8,8052,3,0,0,0,,,,,,,,
8,8052,4,0,0,0,,,,,,,,
8,8052,5,0,0,0,,,,,,,,
8,8052,6,NA,NA,NA,,,,,,,,
8,8052,7,1,1,0,,,,,,,,
8,8052,8,0,0,0,,,,,,,,
8,8052,9,0,0,0,,,,,,,,
8,8053,1,ND,ND,ND,,,,,,,,
8,8053,2,ND,ND,ND,,,,,,,,
8,8053,3,ND,ND,ND,,,,,,,,
8,8053,4,ND,ND,ND,,,,,,,,
8,8053,5,ND,ND,ND,,,,,,,,
8,8053,6,ND,ND,ND,,,,,,,,
8,8053,7,ND,ND,ND,,,,,,,,
8,8053,8,ND,ND,ND,,,,,,,,
8,8053,9,ND,ND,ND,,,,,,,,
8,8054,1,9,9,0,,,,,,,,
8,8054,2,2,2,0,,,,,,,,
8,8054,3,0,0,0,,,,,,,,
8,8054,4,0,0,0,,,,,,,,
8,8054,5,0,0,0,,,,,,,,
8,8054,6,NA,NA,NA,,,,,,,,
8,8054,7,0,0,0,,,,,,,,
8,8054,8,0,0,0,,,,,,,,
8,8054,9,0,0,0,,,,,,,,
8,8055,1,22,18,4,,,,,,,,
8,8055,2,11,10,1,,,,,,,,
8,8055,3,0,0,0,,,,,,,,
8,8055,4,0,0,0,,,,,,,,
8,8055,5,0,0,0,,,,,,,,
8,8055,6,NA,NA,NA,,,,,,,,
8,8055,7,3,3,0,,,,,,,,
8,8055,8,2,0,2,,,,,,,,
8,8055,9,0,0,0,,,,,,,,
8,8056,1,4,4,0,,,,,,,,
8,8056,2,0,0,0,,,,,,,,
8,8056,3,0,0,0,,,,,,,,
8,8056,4,0,0,0,,,,,,,,
8,8056,5,0,0,0,,,,,,,,
8,8056,6,NA,NA,NA,,,,,,,,
8,8056,7,2,2,0,,,,,,,,
8,8056,8,0,0,0,,,,,,,,
8,8056,9,0,0,0,,,,,,,,
8,8057,1,4,4,0,,,,,,,,
8,8057,2,0,0,0,,,,,,,,
8,8057,3,0,0,0,,,,,,,,
8,8057,4,0,0,0,,,,,,,,
8,8057,5,0,0,0,,,,,,,,
8,8057,6,NA,NA,NA,,,,,,,,
8,8057,7,2,2,0,,,,,,,,
8,8057,8,0,0,0,,,,,,,,
8,8057,9,0,0,0,,,,,,,,
8,8058,1,11,11,0,,,,,,,,
8,8058,2,1,1,0,,,,,,,,
8,8058,3,0,0,0,,,,,,,,
8,8058,4,0,0,0,,,,,,,,
8,8058,5,0,0,0,,,,,,,,
8,8058,6,NA,NA,NA,,,,,,,,
8,8058,7,1,1,0,,,,,,,,
8,8058,8,0,0,0,,,,,,,,
8,8058,9,0,0,0,,,,,,,,
8,8059,1,18,13,5,,,,,,,,
8,8059,2,5,3,2,,,,,,,,
8,8059,3,0,0,0,,,,,,,,
8,8059,4,0,0,0,,,,,,,,
8,8059,5,0,0,0,,,,,,,,
8,8059,6,NA,NA,NA,,,,,,,,
8,8059,7,2,2,0,,,,,,,,
8,8059,8,2,1,1,,,,,,,,
8,8059,9,3,2,1,,,,,,,,
8,8060,1,20,16,4,,,,,,,,
8,8060,2,5,4,1,,,,,,,,
8,8060,3,0,0,0,,,,,,,,
8,8060,4,0,0,0,,,,,,,,
8,8060,5,0,0,0,,,,,,,,
8,8060,6,NA,NA,NA,,,,,,,,
8,8060,7,3,3,0,,,,,,,,
8,8060,8,5,0,5,,,,,,,,
8,8060,9,2,2,0,,,,,,,,
8,8061,1,3,3,0,,,,,,,,
8,8061,2,0,0,0,,,,,,,,
8,8061,3,0,0,0,,,,,,,,
8,8061,4,0,0,0,,,,,,,,
8,8061,5,0,0,0,,,,,,,,
8,8061,6,NA,NA,NA,,,,,,,,
8,8061,7,1,1,0,,,,,,,,
8,8061,8,0,0,0,,,,,,,,
8,8061,9,0,0,0,,,,,,,,
8,8062,1,60,55,5,,,,,,,,
8,8062,2,19,18,1,,,,,,,,
8,8062,3,0,0,0,,,,,,,,
8,8062,4,0,0,0,,,,,,,,
8,8062,5,0,0,0,,,,,,,,
8,8062,6,NA,NA,NA,,,,,,,,
8,8062,7,5,5,0,,,,,,,,
8,8062,8,2,2,0,,,,,,,,
8,8062,9,0,0,0,,,,,,,,
8,8063,1,3,2,1,,,,,,,,
8,8063,2,2,2,0,,,,,,,,
8,8063,3,0,0,0,,,,,,,,
8,8063,4,0,0,0,,,,,,,,
8,8063,5,0,0,0,,,,,,,,
8,8063,6,NA,NA,NA,,,,,,,,
8,8063,7,1,1,0,,,,,,,,
8,8063,8,0,0,0,,,,,,,,
8,8063,9,0,0,0,,,,,,,,
8,8064,1,8,8,0,,,,,,,,
8,8064,2,0,0,0,,,,,,,,
8,8064,3,0,0,0,,,,,,,,
8,8064,4,0,0,0,,,,,,,,
8,8064,5,0,0,0,,,,,,,,
8,8064,6,NA,NA,NA,,,,,,,,
8,8064,7,1,1,0,,,,,,,,
8,8064,8,0,0,0,,,,,,,,
8,8064,9,0,0,0,,,,,,,,
8,8065,1,51,49,2,,,,,,,,
8,8065,2,0,0,0,,,,,,,,
8,8065,3,0,0,0,,,,,,,,
8,8065,4,0,0,0,,,,,,,,
8,8065,5,0,0,0,,,,,,,,
8,8065,6,NA,NA,NA,,,,,,,,
8,8065,7,0,0,0,,,,,,,,
8,8065,8,0,0,0,,,,,,,,
8,8065,9,0,0,0,,,,,,,,
8,8066,1,10,10,0,,,,,,,,
8,8066,2,0,0,0,,,,,,,,
8,8066,3,0,0,0,,,,,,,,
8,8066,4,0,0,0,,,,,,,,
8,8066,5,0,0,0,,,,,,,,
8,8066,6,NA,NA,NA,,,,,,,,
8,8066,7,2,2,0,,,,,,,,
8,8066,8,0,0,0,,,,,,,,
8,8066,9,0,0,0,,,,,,,,
8,8067,1,9,9,0,,,,,,,,
8,8067,2,0,0,0,,,,,,,,
8,8067,3,0,0,0,,,,,,,,
8,8067,4,0,0,0,,,,,,,,
8,8067,5,0,0,0,,,,,,,,
8,8067,6,NA,NA,NA,,,,,,,,
8,8067,7,3,3,0,,,,,,,,
8,8067,8,0,0,0,,,,,,,,
8,8067,9,0,0,0,,,,,,,,
9,9002,1,NA,NA,NA,,,,,,,,
9,9002,2,NA,NA,NA,,,,,,,,
9,9002,3,NA,NA,NA,,,,,,,,
9,9002,4,NA,NA,NA,,,,,,,,
9,9002,5,NA,NA,NA,,,,,,,,
9,9002,6,NA,NA,NA,,,,,,,,
9,9002,7,NA,NA,NA,,,,,,,,
9,9002,8,NA,NA,NA,,,,,,,,
9,9002,9,NA,NA,NA,,,,,,,,
9,9003,1,NA,NA,NA,,,,,,,,
9,9003,2,NA,NA,NA,,,,,,,,
9,9003,3,NA,NA,NA,,,,,,,,
9,9003,4,NA,NA,NA,,,,,,,,
9,9003,5,NA,NA,NA,,,,,,,,
9,9003,6,NA,NA,NA,,,,,,,,
9,9003,7,NA,NA,NA,,,,,,,,
9,9003,8,NA,NA,NA,,,,,,,,
9,9003,9,NA,NA,NA,,,,,,,,
9,9004,1,NA,NA,NA,,,,,,,,
9,9004,2,NA,NA,NA,,,,,,,,
9,9004,3,NA,NA,NA,,,,,,,,
9,9004,4,NA,NA,NA,,,,,,,,
9,9004,5,NA,NA,NA,,,,,,,,
9,9004,6,NA,NA,NA,,,,,,,,
9,9004,7,NA,NA,NA,,,,,,,,
9,9004,8,NA,NA,NA,,,,,,,,
9,9004,9,NA,NA,NA,,,,,,,,
9,9005,1,NA,NA,NA,,,,,,,,
9,9005,2,NA,NA,NA,,,,,,,,
9,9005,3,NA,NA,NA,,,,,,,,
9,9005,4,NA,NA,NA,,,,,,,,
9,9005,5,NA,NA,NA,,,,,,,,
9,9005,6,NA,NA,NA,,,,,,,,
9,9005,7,NA,NA,NA,,,,,,,,
9,9005,8,NA,NA,NA,,,,,,,,
9,9005,9,NA,NA,NA,,,,,,,,
9,9006,1,NA,NA,NA,,,,,,,,
9,9006,2,NA,NA,NA,,,,,,,,
9,9006,3,NA,NA,NA,,,,,,,,
9,9006,4,NA,NA,NA,,,,,,,,
9,9006,5,NA,NA,NA,,,,,,,,
9,9006,6,NA,NA,NA,,,,,,,,
9,9006,7,NA,NA,NA,,,,,,,,
9,9006,8,NA,NA,NA,,,,,,,,
9,9006,9,NA,NA,NA,,,,,,,,
9,9007,1,NA,NA,NA,,,,,,,,
9,9007,2,NA,NA,NA,,,,,,,,
9,9007,3,NA,NA,NA,,,,,,,,
9,9007,4,NA,NA,NA,,,,,,,,
9,9007,5,NA,NA,NA,,,,,,,,
9,9007,6,NA,NA,NA,,,,,,,,
9,9007,7,NA,NA,NA,,,,,,,,
9,9007,8,NA,NA,NA,,,,,,,,
9,9007,9,NA,NA,NA,,,,,,,,
9,9008,1,NA,NA,NA,,,,,,,,
9,9008,2,NA,NA,NA,,,,,,,,
9,9008,3,NA,NA,NA,,,,,,,,
9,9008,4,NA,NA,NA,,,,,,,,
9,9008,5,NA,NA,NA,,,,,,,,
9,9008,6,NA,NA,NA,,,,,,,,
9,9008,7,NA,NA,NA,,,,,,,,
9,9008,8,NA,NA,NA,,,,,,,,
9,9008,9,NA,NA,NA,,,,,,,,
9,9009,1,NA,NA,NA,,,,,,,,
9,9009,2,NA,NA,NA,,,,,,,,
9,9009,3,NA,NA,NA,,,,,,,,
9,9009,4,NA,NA,NA,,,,,,,,
9,9009,5,NA,NA,NA,,,,,,,,
9,9009,6,NA,NA,NA,,,,,,,,
9,9009,7,NA,NA,NA,,,,,,,,
9,9009,8,NA,NA,NA,,,,,,,,
9,9009,9,NA,NA,NA,,,,,,,,
9,9010,1,NA,NA,NA,,,,,,,,
9,9010,2,NA,NA,NA,,,,,,,,
9,9010,3,NA,NA,NA,,,,,,,,
9,9010,4,NA,NA,NA,,,,,,,,
9,9010,5,NA,NA,NA,,,,,,,,
9,9010,6,NA,NA,NA,,,,,,,,
9,9010,7,NA,NA,NA,,,,,,,,
9,9010,8,NA,NA,NA,,,,,,,,
9,9010,9,NA,NA,NA,,,,,,,,
9,9011,1,NA,NA,NA,,,,,,,,
9,9011,2,NA,NA,NA,,,,,,,,
9,9011,3,NA,NA,NA,,,,,,,,
9,9011,4,NA,NA,NA,,,,,,,,
9,9011,5,NA,NA,NA,,,,,,,,
9,9011,6,NA,NA,NA,,,,,,,,
9,9011,7,NA,NA,NA,,,,,,,,
9,9011,8,NA,NA,NA,,,,,,,,
9,9011,9,NA,NA,NA,,,,,,,,
9,9012,1,NA,NA,NA,,,,,,,,
9,9012,2,NA,NA,NA,,,,,,,,
9,9012,3,NA,NA,NA,,,,,,,,
9,9012,4,NA,NA,NA,,,,,,,,
9,9012,5,NA,NA,NA,,,,,,,,
9,9012,6,NA,NA,NA,,,,,,,,
9,9012,7,NA,NA,NA,,,,,,,,
9,9012,8,NA,NA,NA,,,,,,,,
9,9012,9,NA,NA,NA,,,,,,,,
9,9013,1,NA,NA,NA,,,,,,,,
9,9013,2,NA,NA,NA,,,,,,,,
9,9013,3,NA,NA,NA,,,,,,,,
9,9013,4,NA,NA,NA,,,,,,,,
9,9013,5,NA,NA,NA,,,,,,,,
9,9013,6,NA,NA,NA,,,,,,,,
9,9013,7,NA,NA,NA,,,,,,,,
9,9013,8,NA,NA,NA,,,,,,,,
9,9013,9,NA,NA,NA,,,,,,,,
9,9014,1,NA,NA,NA,,,,,,,,
9,9014,2,NA,NA,NA,,,,,,,,
9,9014,3,NA,NA,NA,,,,,,,,
9,9014,4,NA,NA,NA,,,,,,,,
9,9014,5,NA,NA,NA,,,,,,,,
9,9014,6,NA,NA,NA,,,,,,,,
9,9014,7,NA,NA,NA,,,,,,,,
9,9014,8,NA,NA,NA,,,,,,,,
9,9014,9,NA,NA,NA,,,,,,,,
9,9015,1,NA,NA,NA,,,,,,,,
9,9015,2,NA,NA,NA,,,,,,,,
9,9015,3,NA,NA,NA,,,,,,,,
9,9015,4,NA,NA,NA,,,,,,,,
9,9015,5,NA,NA,NA,,,,,,,,
9,9015,6,NA,NA,NA,,,,,,,,
9,9015,7,NA,NA,NA,,,,,,,,
9,9015,8,NA,NA,NA,,,,,,,,
9,9015,9,NA,NA,NA,,,,,,,,
9,9016,1,NA,NA,NA,,,,,,,,
9,9016,2,NA,NA,NA,,,,,,,,
9,9016,3,NA,NA,NA,,,,,,,,
9,9016,4,NA,NA,NA,,,,,,,,
9,9016,5,NA,NA,NA,,,,,,,,
9,9016,6,NA,NA,NA,,,,,,,,
9,9016,7,NA,NA,NA,,,,,,,,
9,9016,8,NA,NA,NA,,,,,,,,
9,9016,9,NA,NA,NA,,,,,,,,
9,9017,1,NA,NA,NA,,,,,,,,
9,9017,2,NA,NA,NA,,,,,,,,
9,9017,3,NA,NA,NA,,,,,,,,
9,9017,4,NA,NA,NA,,,,,,,,
9,9017,5,NA,NA,NA,,,,,,,,
9,9017,6,NA,NA,NA,,,,,,,,
9,9017,7,NA,NA,NA,,,,,,,,
9,9017,8,NA,NA,NA,,,,,,,,
9,9017,9,NA,NA,NA,,,,,,,,
10,10001,1,46,37,9,,,,,,,,
10,10001,2,4,3,1,,,,,,,,
10,10001,3,0,0,0,,,,,,,,
10,10001,4,0,0,0,,,,,,,,
10,10001,5,0,0,0,,,,,,,,
10,10001,6,0,0,0,,,,,,,,
10,10001,7,1,1,0,,,,,,,,
10,10001,8,2,0,2,,,,,,,,
10,10001,9,2,0,2,,,,,,,,
10,10002,1,0,0,0,,,,,,,,
10,10002,2,0,0,0,,,,,,,,
10,10002,3,0,0,0,,,,,,,,
10,10002,4,0,0,0,,,,,,,,
10,10002,5,5,4,1,,,,,,,,
10,10002,6,0,0,0,,,,,,,,
10,10002,7,0,0,0,,,,,,,,
10,10002,8,0,0,0,,,,,,,,
10,10002,9,0,0,0,,,,,,,,
10,10003,1,5,5,0,,,,,,,,
10,10003,2,0,0,0,,,,,,,,
10,10003,3,0,0,0,,,,,,,,
10,10003,4,0,0,0,,,,,,,,
10,10003,5,0,0,0,,,,,,,,
10,10003,6,NA,NA,NA,,,,,,,,
10,10003,7,2,1,1,,,,,,,,
10,10003,8,0,0,0,,,,,,,,
10,10003,9,0,0,0,,,,,,,,
10,10004,1,23,19,4,,,,,,,,
10,10004,2,3,2,1,,,,,,,,
10,10004,3,0,0,0,,,,,,,,
10,10004,4,0,0,0,,,,,,,,
10,10004,5,0,0,0,,,,,,,,
10,10004,6,NA,NA,NA,,,,,,,,
10,10004,7,3,3,0,,,,,,,,
10,10004,8,0,0,0,,,,,,,,
10,10004,9,0,0,0,,,,,,,,
10,10005,1,692,522,170,,,,,,,,
10,10005,2,382,302,80,,,,,,,,
10,10005,3,0,0,0,,,,,,,,
10,10005,4,0,0,0,,,,,,,,
10,10005,5,0,0,0,,,,,,,,
10,10005,6,NA,NA,NA,,,,,,,,
10,10005,7,35,26,9,,,,,,,,
10,10005,8,302,148,154,,,,,,,,
10,10005,9,0,0,0,,,,,,,,
10,10006,1,13,11,2,,,,,,,,
10,10006,2,0,0,0,,,,,,,,
10,10006,3,0,0,0,,,,,,,,
10,10006,4,0,0,0,,,,,,,,
10,10006,5,0,0,0,,,,,,,,
10,10006,6,0,0,0,,,,,,,,
10,10006,7,3,3,0,,,,,,,,
10,10006,8,0,0,0,,,,,,,,
10,10006,9,0,0,0,,,,,,,,
10,10007,1,298,198,100,,,,,,,,
10,10007,2,134,113,21,,,,,,,,
10,10007,3,0,0,0,,,,,,,,
10,10007,4,0,0,0,,,,,,,,
10,10007,5,0,0,0,,,,,,,,
10,10007,6,0,0,0,,,,,,,,
10,10007,7,13,12,1,,,,,,,,
10,10007,8,33,21,12,,,,,,,,
10,10007,9,0,0,0,,,,,,,,
10,10008,1,31,28,3,,,,,,,,
10,10008,2,10,9,1,,,,,,,,
10,10008,3,0,0,0,,,,,,,,
10,10008,4,0,0,0,,,,,,,,
10,10008,5,0,0,0,,,,,,,,
10,10008,6,0,0,0,,,,,,,,
10,10008,7,2,2,0,,,,,,,,
10,10008,8,2,0,2,,,,,,,,
10,10008,9,0,0,0,,,,,,,,
10,10009,1,10,7,3,,,,,,,,
10,10009,2,0,0,0,,,,,,,,
10,10009,3,0,0,0,,,,,,,,
10,10009,4,0,0,0,,,,,,,,
10,10009,5,0,0,0,,,,,,,,
10,10009,6,0,0,0,,,,,,,,
10,10009,7,2,2,0,,,,,,,,
10,10009,8,0,0,0,,,,,,,,
10,10009,9,0,0,0,,,,,,,,
10,10010,1,2,1,1,,,,,,,,
10,10010,2,0,0,0,,,,,,,,
10,10010,3,0,0,0,,,,,,,,
10,10010,4,0,0,0,,,,,,,,
10,10010,5,0,0,0,,,,,,,,
10,10010,6,0,0,0,,,,,,,,
10,10010,7,2,2,0,,,,,,,,
10,10010,8,0,0,0,,,,,,,,
10,10010,9,0,0,0,,,,,,,,
10,10011,1,5,5,0,,,,,,,,
10,10011,2,0,0,0,,,,,,,,
10,10011,3,0,0,0,,,,,,,,
10,10011,4,0,0,0,,,,,,,,
10,10011,5,0,0,0,,,,,,,,
10,10011,6,0,0,0,,,,,,,,
10,10011,7,2,2,0,,,,,,,,
10,10011,8,0,0,0,,,,,,,,
10,10011,9,0,0,0,,,,,,,,
10,10012,1,112,72,40,,,,,,,,
10,10012,2,0,0,0,,,,,,,,
10,10012,3,0,0,0,,,,,,,,
10,10012,4,0,0,0,,,,,,,,
10,10012,5,0,0,0,,,,,,,,
10,10012,6,0,0,0,,,,,,,,
10,10012,7,2,2,0,,,,,,,,
10,10012,8,0,0,0,,,,,,,,
10,10012,9,0,0,0,,,,,,,,
10,10013,1,25,20,5,,,,,,,,
10,10013,2,3,1,2,,,,,,,,
10,10013,3,0,0,0,,,,,,,,
10,10013,4,0,0,0,,,,,,,,
10,10013,5,0,0,0,,,,,,,,
10,10013,6,NA,NA,NA,,,,,,,,
10,10013,7,2,2,0,,,,,,,,
10,10013,8,0,0,0,,,,,,,,
10,10013,9,0,0,0,,,,,,,,
10,10014,1,27,24,3,,,,,,,,
10,10014,2,0,0,0,,,,,,,,
10,10014,3,0,0,0,,,,,,,,
10,10014,4,0,0,0,,,,,,,,
10,10014,5,0,0,0,,,,,,,,
10,10014,6,NA,NA,NA,,,,,,,,
10,10014,7,4,3,1,,,,,,,,
10,10014,8,6,3,3,,,,,,,,
10,10014,9,0,0,0,,,,,,,,
10,10015,1,18,14,4,,,,,,,,
10,10015,2,4,4,0,,,,,,,,
10,10015,3,0,0,0,,,,,,,,
10,10015,4,0,0,0,,,,,,,,
10,10015,5,0,0,0,,,,,,,,
10,10015,6,NA,NA,NA,,,,,,,,
10,10015,7,2,2,0,,,,,,,,
10,10015,8,0,0,0,,,,,,,,
10,10015,9,0,0,0,,,,,,,,
10,10016,1,17,15,2,,,,,,,,
10,10016,2,1,1,0,,,,,,,,
10,10016,3,0,0,0,,,,,,,,
10,10016,4,0,0,0,,,,,,,,
10,10016,5,0,0,0,,,,,,,,
10,10016,6,0,0,0,,,,,,,,
10,10016,7,2,2,0,,,,,,,,
10,10016,8,0,0,0,,,,,,,,
10,10016,9,0,0,0,,,,,,,,
10,10017,1,4,4,0,,,,,,,,
10,10017,2,0,0,0,,,,,,,,
10,10017,3,0,0,0,,,,,,,,
10,10017,4,0,0,0,,,,,,,,
10,10017,5,0,0,0,,,,,,,,
10,10017,6,0,0,0,,,,,,,,
10,10017,7,2,2,0,,,,,,,,
10,10017,8,0,0,0,,,,,,,,
10,10017,9,0,0,0,,,,,,,,
10,10018,1,9,9,0,,,,,,,,
10,10018,2,0,0,0,,,,,,,,
10,10018,3,0,0,0,,,,,,,,
10,10018,4,0,0,0,,,,,,,,
10,10018,5,0,0,0,,,,,,,,
10,10018,6,NA,NA,NA,,,,,,,,
10,10018,7,1,1,0,,,,,,,,
10,10018,8,0,0,0,,,,,,,,
10,10018,9,0,0,0,,,,,,,,
10,10019,1,6,6,0,,,,,,,,
10,10019,2,0,0,0,,,,,,,,
10,10019,3,0,0,0,,,,,,,,
10,10019,4,0,0,0,,,,,,,,
10,10019,5,0,0,0,,,,,,,,
10,10019,6,0,0,0,,,,,,,,
10,10019,7,0,0,0,,,,,,,,
10,10019,8,0,0,0,,,,,,,,
10,10019,9,0,0,0,,,,,,,,
10,10020,1,6,6,0,,,,,,,,
10,10020,2,0,0,0,,,,,,,,
10,10020,3,0,0,0,,,,,,,,
10,10020,4,0,0,0,,,,,,,,
10,10020,5,0,0,0,,,,,,,,
10,10020,6,0,0,0,,,,,,,,
10,10020,7,1,1,0,,,,,,,,
10,10020,8,1,1,0,,,,,,,,
10,10020,9,0,0,0,,,,,,,,
10,10021,1,8,6,2,,,,,,,,
10,10021,2,0,0,0,,,,,,,,
10,10021,3,0,0,0,,,,,,,,
10,10021,4,0,0,0,,,,,,,,
10,10021,5,0,0,0,,,,,,,,
10,10021,6,NA,NA,NA,,,,,,,,
10,10021,7,1,1,0,,,,,,,,
10,10021,8,0,0,0,,,,,,,,
10,10021,9,0,0,0,,,,,,,,
10,10022,1,31,26,5,,,,,,,,
10,10022,2,12,9,3,,,,,,,,
10,10022,3,0,0,0,,,,,,,,
10,10022,4,0,0,0,,,,,,,,
10,10022,5,0,0,0,,,,,,,,
10,10022,6,0,0,0,,,,,,,,
10,10022,7,0,0,0,,,,,,,,
10,10022,8,2,2,0,,,,,,,,
10,10022,9,0,0,0,,,,,,,,
10,10023,1,39,31,8,,,,,,,,
10,10023,2,13,11,2,,,,,,,,
10,10023,3,0,0,0,,,,,,,,
10,10023,4,0,0,0,,,,,,,,
10,10023,5,0,0,0,,,,,,,,
10,10023,6,0,0,0,,,,,,,,
10,10023,7,0,0,0,,,,,,,,
10,10023,8,0,0,0,,,,,,,,
10,10023,9,0,0,0,,,,,,,,
10,10024,1,10,10,0,,,,,,,,
10,10024,2,0,0,0,,,,,,,,
10,10024,3,0,0,0,,,,,,,,
10,10024,4,0,0,0,,,,,,,,
10,10024,5,0,0,0,,,,,,,,
10,10024,6,NA,NA,NA,,,,,,,,
10,10024,7,1,1,0,,,,,,,,
10,10024,8,1,0,1,,,,,,,,
10,10024,9,0,0,0,,,,,,,,
10,10025,1,2,1,1,,,,,,,,
10,10025,2,0,0,0,,,,,,,,
10,10025,3,0,0,0,,,,,,,,
10,10025,4,0,0,0,,,,,,,,
10,10025,5,0,0,0,,,,,,,,
10,10025,6,NA,NA,NA,,,,,,,,
10,10025,7,2,2,0,,,,,,,,
10,10025,8,0,0,0,,,,,,,,
10,10025,9,0,0,0,,,,,,,,
10,10026,1,11,8,3,,,,,,,,
10,10026,2,1,1,0,,,,,,,,
10,10026,3,0,0,0,,,,,,,,
10,10026,4,0,0,0,,,,,,,,
10,10026,5,0,0,0,,,,,,,,
10,10026,6,0,0,0,,,,,,,,
10,10026,7,3,3,0,,,,,,,,
10,10026,8,1,0,1,,,,,,,,
10,10026,9,22,22,0,,,,,,,,
10,10027,1,3,3,0,,,,,,,,
10,10027,2,0,0,0,,,,,,,,
10,10027,3,0,0,0,,,,,,,,
10,10027,4,0,0,0,,,,,,,,
10,10027,5,0,0,0,,,,,,,,
10,10027,6,NA,NA,NA,,,,,,,,
10,10027,7,1,1,0,,,,,,,,
10,10027,8,0,0,0,,,,,,,,
10,10027,9,0,0,0,,,,,,,,
10,10028,1,18,18,0,,,,,,,,
10,10028,2,0,0,0,,,,,,,,
10,10028,3,0,0,0,,,,,,,,
10,10028,4,0,0,0,,,,,,,,
10,10028,5,0,0,0,,,,,,,,
10,10028,6,0,0,0,,,,,,,,
10,10028,7,3,3,0,,,,,,,,
10,10028,8,1,0,1,,,,,,,,
10,10028,9,0,0,0,,,,,,,,
10,10029,1,3,1,2,,,,,,,,
10,10029,2,0,0,0,,,,,,,,
10,10029,3,0,0,0,,,,,,,,
10,10029,4,0,0,0,,,,,,,,
10,10029,5,0,0,0,,,,,,,,
10,10029,6,NA,NA,NA,,,,,,,,
10,10029,7,2,2,0,,,,,,,,
10,10029,8,0,0,0,,,,,,,,
10,10029,9,0,0,0,,,,,,,,
10,10030,1,6,6,0,,,,,,,,
10,10030,2,0,0,0,,,,,,,,
10,10030,3,0,0,0,,,,,,,,
10,10030,4,0,0,0,,,,,,,,
10,10030,5,0,0,0,,,,,,,,
10,10030,6,NA,NA,NA,,,,,,,,
10,10030,7,0,0,0,,,,,,,,
10,10030,8,0,0,0,,,,,,,,
10,10030,9,0,0,0,,,,,,,,
10,10031,1,4,4,0,,,,,,,,
10,10031,2,0,0,0,,,,,,,,
10,10031,3,0,0,0,,,,,,,,
10,10031,4,0,0,0,,,,,,,,
10,10031,5,0,0,0,,,,,,,,
10,10031,6,NA,NA,NA,,,,,,,,
10,10031,7,2,2,0,,,,,,,,
10,10031,8,0,0,0,,,,,,,,
10,10031,9,5,5,0,,,,,,,,
10,10032,1,37,30,7,,,,,,,,
10,10032,2,0,0,0,,,,,,,,
10,10032,3,0,0,0,,,,,,,,
10,10032,4,0,0,0,,,,,,,,
10,10032,5,0,0,0,,,,,,,,
10,10032,6,0,0,0,,,,,,,,
10,10032,7,0,0,0,,,,,,,,
10,10032,8,0,0,0,,,,,,,,
10,10032,9,0,0,0,,,,,,,,
10,10033,1,11,11,0,,,,,,,,
10,10033,2,0,0,0,,,,,,,,
10,10033,3,0,0,0,,,,,,,,
10,10033,4,0,0,0,,,,,,,,
10,10033,5,0,0,0,,,,,,,,
10,10033,6,NA,NA,NA,,,,,,,,
10,10033,7,1,1,0,,,,,,,,
10,10033,8,1,0,1,,,,,,,,
10,10033,9,0,0,0,,,,,,,,
10,10034,1,25,19,6,,,,,,,,
10,10034,2,0,0,0,,,,,,,,
10,10034,3,0,0,0,,,,,,,,
10,10034,4,0,0,0,,,,,,,,
10,10034,5,0,0,0,,,,,,,,
10,10034,6,NA,NA,NA,,,,,,,,
10,10034,7,0,0,0,,,,,,,,
10,10034,8,4,3,1,,,,,,,,
10,10034,9,0,0,0,,,,,,,,
10,10035,1,10,8,2,,,,,,,,
10,10035,2,0,0,0,,,,,,,,
10,10035,3,0,0,0,,,,,,,,
10,10035,4,0,0,0,,,,,,,,
10,10035,5,0,0,0,,,,,,,,
10,10035,6,NA,NA,NA,,,,,,,,
10,10035,7,3,3,0,,,,,,,,
10,10035,8,0,0,0,,,,,,,,
10,10035,9,0,0,0,,,,,,,,
10,10036,1,14,10,4,,,,,,,,
10,10036,2,0,0,0,,,,,,,,
10,10036,3,0,0,0,,,,,,,,
10,10036,4,0,0,0,,,,,,,,
10,10036,5,0,0,0,,,,,,,,
10,10036,6,0,0,0,,,,,,,,
10,10036,7,1,1,0,,,,,,,,
10,10036,8,0,0,0,,,,,,,,
10,10036,9,0,0,0,,,,,,,,
10,10037,1,6,4,2,,,,,,,,
10,10037,2,0,0,0,,,,,,,,
10,10037,3,0,0,0,,,,,,,,
10,10037,4,0,0,0,,,,,,,,
10,10037,5,0,0,0,,,,,,,,
10,10037,6,NA,NA,NA,,,,,,,,
10,10037,7,0,0,0,,,,,,,,
10,10037,8,0,0,0,,,,,,,,
10,10037,9,0,0,0,,,,,,,,
10,10038,1,16,9,7,,,,,,,,
10,10038,2,0,0,0,,,,,,,,
10,10038,3,0,0,0,,,,,,,,
10,10038,4,0,0,0,,,,,,,,
10,10038,5,0,0,0,,,,,,,,
10,10038,6,0,0,0,,,,,,,,
10,10038,7,2,2,0,,,,,,,,
10,10038,8,0,0,0,,,,,,,,
10,10038,9,0,0,0,,,,,,,,
10,10039,1,31,29,2,,,,,,,,
10,10039,2,0,0,0,,,,,,,,
10,10039,3,0,0,0,,,,,,,,
10,10039,4,0,0,0,,,,,,,,
10,10039,5,0,0,0,,,,,,,,
10,10039,6,0,0,0,,,,,,,,
10,10039,7,0,0,0,,,,,,,,
10,10039,8,0,0,0,,,,,,,,
10,10039,9,0,0,0,,,,,,,,
11,11001,1,123,98,25,,,,,,,,
11,11001,2,0,0,0,,,,,,,,
11,11001,3,0,0,0,,,,,,,,
11,11001,4,0,0,0,,,,,,,,
11,11001,5,0,0,0,,,,,,,,
11,11001,6,NA,NA,NA,,,,,,,,
11,11001,7,1,1,0,,,,,,,,
11,11001,8,7,2,5,,,,,,,,
11,11001,9,0,0,0,,,,,,,,
11,11002,1,146,100,46,,,,,,,,
11,11002,2,0,0,0,,,,,,,,
11,11002,3,0,0,0,,,,,,,,
11,11002,4,0,0,0,,,,,,,,
11,11002,5,0,0,0,,,,,,,,
11,11002,6,NA,NA,NA,,,,,,,,
11,11002,7,1,1,0,,,,,,,,
11,11002,8,0,0,0,,,,,,,,
11,11002,9,0,0,0,,,,,,,,
11,11003,1,242,139,103,,,,,,,,
11,11003,2,103,69,34,,,,,,,,
11,11003,3,0,0,0,,,,,,,,
11,11003,4,0,0,0,,,,,,,,
11,11003,5,0,0,0,,,,,,,,
11,11003,6,NA,NA,NA,,,,,,,,
11,11003,7,4,4,0,,,,,,,,
11,11003,8,0,0,0,,,,,,,,
11,11003,9,0,0,0,,,,,,,,
11,11004,1,58,39,19,,,,,,,,
11,11004,2,0,0,0,,,,,,,,
11,11004,3,0,0,0,,,,,,,,
11,11004,4,0,0,0,,,,,,,,
11,11004,5,0,0,0,,,,,,,,
11,11004,6,NA,NA,NA,,,,,,,,
11,11004,7,6,5,1,,,,,,,,
11,11004,8,24,13,11,,,,,,,,
11,11004,9,0,0,0,,,,,,,,
11,11005,1,97,75,22,,,,,,,,
11,11005,2,16,13,3,,,,,,,,
11,11005,3,0,0,0,,,,,,,,
11,11005,4,0,0,0,,,,,,,,
11,11005,5,0,0,0,,,,,,,,
11,11005,6,NA,NA,NA,,,,,,,,
11,11005,7,1,1,0,,,,,,,,
11,11005,8,13,5,8,,,,,,,,
11,11005,9,0,0,0,,,,,,,,
11,11006,1,2,1,1,,,,,,,,
11,11006,2,0,0,0,,,,,,,,
11,11006,3,0,0,0,,,,,,,,
11,11006,4,0,0,0,,,,,,,,
11,11006,5,0,0,0,,,,,,,,
11,11006,6,NA,NA,NA,,,,,,,,
11,11006,7,0,0,0,,,,,,,,
11,11006,8,0,0,0,,,,,,,,
11,11006,9,0,0,0,,,,,,,,
11,11007,1,598,447,151,,,,,,,,
11,11007,2,186,145,41,,,,,,,,
11,11007,3,127,108,19,,,,,,,,
11,11007,4,0,0,0,,,,,,,,
11,11007,5,0,0,0,,,,,,,,
11,11007,6,98,96,2,,,,,,,,
11,11007,7,1,1,0,,,,,,,,
11,11007,8,66,38,28,,,,,,,,
11,11007,9,0,0,0,,,,,,,,
11,11008,1,25,18,7,,,,,,,,
11,11008,2,0,0,0,,,,,,,,
11,11008,3,0,0,0,,,,,,,,
11,11008,4,0,0,0,,,,,,,,
11,11008,5,0,0,0,,,,,,,,
11,11008,6,NA,NA,NA,,,,,,,,
11,11008,7,4,4,0,,,,,,,,
11,11008,8,0,0,0,,,,,,,,
11,11008,9,3,0,3,,,,,,,,
11,11009,1,90,64,26,,,,,,,,
11,11009,2,36,27,9,,,,,,,,
11,11009,3,0,0,0,,,,,,,,
11,11009,4,0,0,0,,,,,,,,
11,11009,5,0,0,0,,,,,,,,
11,11009,6,NA,NA,NA,,,,,,,,
11,11009,7,2,2,0,,,,,,,,
11,11009,8,4,2,2,,,,,,,,
11,11009,9,0,0,0,,,,,,,,
11,11010,1,7,4,3,,,,,,,,
11,11010,2,8,7,1,,,,,,,,
11,11010,3,0,0,0,,,,,,,,
11,11010,4,0,0,0,,,,,,,,
11,11010,5,0,0,0,,,,,,,,
11,11010,6,NA,NA,NA,,,,,,,,
11,11010,7,0,0,0,,,,,,,,
11,11010,8,0,0,0,,,,,,,,
11,11010,9,0,0,0,,,,,,,,
11,11011,1,91,55,36,,,,,,,,
11,11011,2,0,0,0,,,,,,,,
11,11011,3,0,0,0,,,,,,,,
11,11011,4,0,0,0,,,,,,,,
11,11011,5,0,0,0,,,,,,,,
11,11011,6,NA,NA,NA,,,,,,,,
11,11011,7,0,0,0,,,,,,,,
11,11011,8,0,0,0,,,,,,,,
11,11011,9,0,0,0,,,,,,,,
11,11012,1,43,33,10,,,,,,,,
11,11012,2,0,0,0,,,,,,,,
11,11012,3,0,0,0,,,,,,,,
11,11012,4,0,0,0,,,,,,,,
11,11012,5,0,0,0,,,,,,,,
11,11012,6,NA,NA,NA,,,,,,,,
11,11012,7,0,0,0,,,,,,,,
11,11012,8,0,0,0,,,,,,,,
11,11012,9,0,0,0,,,,,,,,
11,11013,1,50,34,16,,,,,,,,
11,11013,2,0,0,0,,,,,,,,
11,11013,3,0,0,0,,,,,,,,
11,11013,4,0,0,0,,,,,,,,
11,11013,5,0,0,0,,,,,,,,
11,11013,6,NA,NA,NA,,,,,,,,
11,11013,7,2,2,0,,,,,,,,
11,11013,8,6,2,4,,,,,,,,
11,11013,9,0,0,0,,,,,,,,
11,11014,1,188,140,48,,,,,,,,
11,11014,2,41,31,10,,,,,,,,
11,11014,3,0,0,0,,,,,,,,
11,11014,4,0,0,0,,,,,,,,
11,11014,5,0,0,0,,,,,,,,
11,11014,6,NA,NA,NA,,,,,,,,
11,11014,7,3,3,0,,,,,,,,
11,11014,8,4,3,1,,,,,,,,
11,11014,9,0,0,0,,,,,,,,
11,11015,1,356,230,126,,,,,,,,
11,11015,2,72,57,15,,,,,,,,
11,11015,3,0,0,0,,,,,,,,
11,11015,4,0,0,0,,,,,,,,
11,11015,5,0,0,0,,,,,,,,
11,11015,6,NA,NA,NA,,,,,,,,
11,11015,7,0,0,0,,,,,,,,
11,11015,8,53,20,33,,,,,,,,
11,11015,9,0,0,0,,,,,,,,
11,11016,1,26,22,4,,,,,,,,
11,11016,2,4,4,0,,,,,,,,
11,11016,3,0,0,0,,,,,,,,
11,11016,4,0,0,0,,,,,,,,
11,11016,5,0,0,0,,,,,,,,
11,11016,6,NA,NA,NA,,,,,,,,
11,11016,7,1,1,0,,,,,,,,
11,11016,8,2,1,1,,,,,,,,
11,11016,9,0,0,0,,,,,,,,
11,11017,1,841,641,200,,,,,,,,
11,11017,2,104,77,27,,,,,,,,
11,11017,3,0,0,0,,,,,,,,
11,11017,4,0,0,0,,,,,,,,
11,11017,5,0,0,0,,,,,,,,
11,11017,6,NA,NA,NA,,,,,,,,
11,11017,7,3,3,0,,,,,,,,
11,11017,8,12,10,2,,,,,,,,
11,11017,9,320,170,150,,,,,,,,
11,11018,1,56,44,12,,,,,,,,
11,11018,2,8,5,3,,,,,,,,
11,11018,3,0,0,0,,,,,,,,
11,11018,4,0,0,0,,,,,,,,
11,11018,5,0,0,0,,,,,,,,
11,11018,6,NA,NA,NA,,,,,,,,
11,11018,7,16,15,1,,,,,,,,
11,11018,8,8,3,5,,,,,,,,
11,11018,9,0,0,0,,,,,,,,
11,11019,1,0,0,0,,,,,,,,
11,11019,2,19,15,4,,,,,,,,
11,11019,3,0,0,0,,,,,,,,
11,11019,4,0,0,0,,,,,,,,
11,11019,5,0,0,0,,,,,,,,
11,11019,6,NA,NA,NA,,,,,,,,
11,11019,7,0,0,0,,,,,,,,
11,11019,8,0,0,0,,,,,,,,
11,11019,9,0,0,0,,,,,,,,
11,11020,1,1963,1485,478,,,,,,,,
11,11020,2,783,628,155,,,,,,,,
11,11020,3,0,0,0,,,,,,,,
11,11020,4,0,0,0,,,,,,,,
11,11020,5,0,0,0,,,,,,,,
11,11020,6,NA,NA,NA,,,,,,,,
11,11020,7,142,86,56,,,,,,,,
11,11020,8,838,448,390,,,,,,,,
11,11020,9,121,69,52,,,,,,,,
11,11021,1,140,118,22,,,,,,,,
11,11021,2,51,46,5,,,,,,,,
11,11021,3,0,0,0,,,,,,,,
11,11021,4,0,0,0,,,,,,,,
11,11021,5,0,0,0,,,,,,,,
11,11021,6,NA,NA,NA,,,,,,,,
11,11021,7,2,1,1,,,,,,,,
11,11021,8,1,1,0,,,,,,,,
11,11021,9,0,0,0,,,,,,,,
11,11022,1,60,49,11,,,,,,,,
11,11022,2,0,0,0,,,,,,,,
11,11022,3,0,0,0,,,,,,,,
11,11022,4,0,0,0,,,,,,,,
11,11022,5,0,0,0,,,,,,,,
11,11022,6,NA,NA,NA,,,,,,,,
11,11022,7,3,3,0,,,,,,,,
11,11022,8,1,0,1,,,,,,,,
11,11022,9,0,0,0,,,,,,,,
11,11023,1,282,229,53,,,,,,,,
11,11023,2,0,0,0,,,,,,,,
11,11023,3,0,0,0,,,,,,,,
11,11023,4,0,0,0,,,,,,,,
11,11023,5,0,0,0,,,,,,,,
11,11023,6,NA,NA,NA,,,,,,,,
11,11023,7,2,2,0,,,,,,,,
11,11023,8,0,0,0,,,,,,,,
11,11023,9,0,0,0,,,,,,,,
11,11024,1,13,11,2,,,,,,,,
11,11024,2,8,7,1,,,,,,,,
11,11024,3,0,0,0,,,,,,,,
11,11024,4,0,0,0,,,,,,,,
11,11024,5,0,0,0,,,,,,,,
11,11024,6,NA,NA,NA,,,,,,,,
11,11024,7,3,3,0,,,,,,,,
11,11024,8,0,0,0,,,,,,,,
11,11024,9,0,0,0,,,,,,,,
11,11025,1,74,59,15,,,,,,,,
11,11025,2,24,20,4,,,,,,,,
11,11025,3,0,0,0,,,,,,,,
11,11025,4,0,0,0,,,,,,,,
11,11025,5,0,0,0,,,,,,,,
11,11025,6,NA,NA,NA,,,,,,,,
11,11025,7,3,3,0,,,,,,,,
11,11025,8,7,4,3,,,,,,,,
11,11025,9,0,0,0,,,,,,,,
11,11026,1,64,52,12,,,,,,,,
11,11026,2,19,18,1,,,,,,,,
11,11026,3,0,0,0,,,,,,,,
11,11026,4,0,0,0,,,,,,,,
11,11026,5,0,0,0,,,,,,,,
11,11026,6,NA,NA,NA,,,,,,,,
11,11026,7,21,21,0,,,,,,,,
11,11026,8,15,11,4,,,,,,,,
11,11026,9,0,0,0,,,,,,,,
11,11027,1,76,57,19,,,,,,,,
11,11027,2,94,81,13,,,,,,,,
11,11027,3,0,0,0,,,,,,,,
11,11027,4,0,0,0,,,,,,,,
11,11027,5,0,0,0,,,,,,,,
11,11027,6,NA,NA,NA,,,,,,,,
11,11027,7,1,1,0,,,,,,,,
11,11027,8,0,0,0,,,,,,,,
11,11027,9,0,0,0,,,,,,,,
11,11028,1,162,119,43,,,,,,,,
11,11028,2,0,0,0,,,,,,,,
11,11028,3,0,0,0,,,,,,,,
11,11028,4,0,0,0,,,,,,,,
11,11028,5,0,0,0,,,,,,,,
11,11028,6,NA,NA,NA,,,,,,,,
11,11028,7,8,8,0,,,,,,,,
11,11028,8,0,0,0,,,,,,,,
11,11028,9,0,0,0,,,,,,,,
11,11029,1,41,34,7,,,,,,,,
11,11029,2,15,13,2,,,,,,,,
11,11029,3,0,0,0,,,,,,,,
11,11029,4,0,0,0,,,,,,,,
11,11029,5,0,0,0,,,,,,,,
11,11029,6,NA,NA,NA,,,,,,,,
11,11029,7,5,5,0,,,,,,,,
11,11029,8,6,3,3,,,,,,,,
11,11029,9,0,0,0,,,,,,,,
11,11030,1,129,105,24,,,,,,,,
11,11030,2,21,19,2,,,,,,,,
11,11030,3,0,0,0,,,,,,,,
11,11030,4,0,0,0,,,,,,,,
11,11030,5,0,0,0,,,,,,,,
11,11030,6,NA,NA,NA,,,,,,,,
11,11030,7,1,1,0,,,,,,,,
11,11030,8,32,21,11,,,,,,,,
11,11030,9,0,0,0,,,,,,,,
11,11031,1,143,117,26,,,,,,,,
11,11031,2,25,20,5,,,,,,,,
11,11031,3,0,0,0,,,,,,,,
11,11031,4,0,0,0,,,,,,,,
11,11031,5,0,0,0,,,,,,,,
11,11031,6,NA,NA,NA,,,,,,,,
11,11031,7,0,0,0,,,,,,,,
11,11031,8,1,1,0,,,,,,,,
11,11031,9,0,0,0,,,,,,,,
11,11032,1,75,64,11,,,,,,,,
11,11032,2,25,15,10,,,,,,,,
11,11032,3,0,0,0,,,,,,,,
11,11032,4,0,0,0,,,,,,,,
11,11032,5,0,0,0,,,,,,,,
11,11032,6,NA,NA,NA,,,,,,,,
11,11032,7,4,3,1,,,,,,,,
11,11032,8,11,2,9,,,,,,,,
11,11032,9,3,1,2,,,,,,,,
11,11033,1,131,80,51,,,,,,,,
11,11033,2,0,0,0,,,,,,,,
11,11033,3,0,0,0,,,,,,,,
11,11033,4,0,0,0,,,,,,,,
11,11033,5,0,0,0,,,,,,,,
11,11033,6,NA,NA,NA,,,,,,,,
11,11033,7,2,2,0,,,,,,,,
11,11033,8,0,0,0,,,,,,,,
11,11033,9,0,0,0,,,,,,,,
11,11034,1,22,16,6,,,,,,,,
11,11034,2,0,0,0,,,,,,,,
11,11034,3,0,0,0,,,,,,,,
11,11034,4,0,0,0,,,,,,,,
11,11034,5,0,0,0,,,,,,,,
11,11034,6,NA,NA,NA,,,,,,,,
11,11034,7,0,0,0,,,,,,,,
11,11034,8,0,0,0,,,,,,,,
11,11034,9,0,0,0,,,,,,,,
11,11035,1,71,58,13,,,,,,,,
11,11035,2,26,26,0,,,,,,,,
11,11035,3,0,0,0,,,,,,,,
11,11035,4,0,0,0,,,,,,,,
11,11035,5,0,0,0,,,,,,,,
11,11035,6,NA,NA,NA,,,,,,,,
11,11035,7,1,1,0,,,,,,,,
11,11035,8,13,5,8,,,,,,,,
11,11035,9,0,0,0,,,,,,,,
11,11036,1,30,25,5,,,,,,,,
11,11036,2,0,0,0,,,,,,,,
11,11036,3,0,0,0,,,,,,,,
11,11036,4,0,0,0,,,,,,,,
11,11036,5,0,0,0,,,,,,,,
11,11036,6,NA,NA,NA,,,,,,,,
11,11036,7,1,1,0,,,,,,,,
11,11036,8,1,1,0,,,,,,,,
11,11036,9,0,0,0,,,,,,,,
11,11037,1,186,133,53,,,,,,,,
11,11037,2,39,33,6,,,,,,,,
11,11037,3,0,0,0,,,,,,,,
11,11037,4,0,0,0,,,,,,,,
11,11037,5,0,0,0,,,,,,,,
11,11037,6,NA,NA,NA,,,,,,,,
11,11037,7,82,73,9,,,,,,,,
11,11037,8,27,13,14,,,,,,,,
11,11037,9,12,4,8,,,,,,,,
11,11038,1,0,0,0,,,,,,,,
11,11038,2,10,9,1,,,,,,,,
11,11038,3,0,0,0,,,,,,,,
11,11038,4,0,0,0,,,,,,,,
11,11038,5,0,0,0,,,,,,,,
11,11038,6,NA,NA,NA,,,,,,,,
11,11038,7,0,0,0,,,,,,,,
11,11038,8,1,0,1,,,,,,,,
11,11038,9,0,0,0,,,,,,,,
11,11039,1,71,56,15,,,,,,,,
11,11039,2,0,0,0,,,,,,,,
11,11039,3,0,0,0,,,,,,,,
11,11039,4,0,0,0,,,,,,,,
11,11039,5,0,0,0,,,,,,,,
11,11039,6,NA,NA,NA,,,,,,,,
11,11039,7,6,6,0,,,,,,,,
11,11039,8,4,2,2,,,,,,,,
11,11039,9,0,0,0,,,,,,,,
11,11040,1,26,22,4,,,,,,,,
11,11040,2,0,0,0,,,,,,,,
11,11040,3,0,0,0,,,,,,,,
11,11040,4,0,0,0,,,,,,,,
11,11040,5,0,0,0,,,,,,,,
11,11040,6,NA,NA,NA,,,,,,,,
11,11040,7,3,3,0,,,,,,,,
11,11040,8,1,0,1,,,,,,,,
11,11040,9,0,0,0,,,,,,,,
11,11041,1,138,107,31,,,,,,,,
11,11041,2,0,0,0,,,,,,,,
11,11041,3,0,0,0,,,,,,,,
11,11041,4,0,0,0,,,,,,,,
11,11041,5,0,0,0,,,,,,,,
11,11041,6,NA,NA,NA,,,,,,,,
11,11041,7,3,2,1,,,,,,,,
11,11041,8,21,11,10,,,,,,,,
11,11041,9,0,0,0,,,,,,,,
11,11042,1,128,105,23,,,,,,,,
11,11042,2,47,45,2,,,,,,,,
11,11042,3,8,6,2,,,,,,,,
11,11042,4,0,0,0,,,,,,,,
11,11042,5,0,0,0,,,,,,,,
11,11042,6,NA,NA,NA,,,,,,,,
11,11042,7,8,4,4,,,,,,,,
11,11042,8,7,1,6,,,,,,,,
11,11042,9,39,33,6,,,,,,,,
11,11043,1,17,14,3,,,,,,,,
11,11043,2,0,0,0,,,,,,,,
11,11043,3,0,0,0,,,,,,,,
11,11043,4,0,0,0,,,,,,,,
11,11043,5,0,0,0,,,,,,,,
11,11043,6,NA,NA,NA,,,,,,,,
11,11043,7,0,0,0,,,,,,,,
11,11043,8,1,0,1,,,,,,,,
11,11043,9,0,0,0,,,,,,,,
11,11044,1,100,77,23,,,,,,,,
11,11044,2,0,0,0,,,,,,,,
11,11044,3,0,0,0,,,,,,,,
11,11044,4,0,0,0,,,,,,,,
11,11044,5,0,0,0,,,,,,,,
11,11044,6,NA,NA,NA,,,,,,,,
11,11044,7,3,3,0,,,,,,,,
11,11044,8,15,6,9,,,,,,,,
11,11044,9,0,0,0,,,,,,,,
11,11045,1,5,3,2,,,,,,,,
11,11045,2,3,1,2,,,,,,,,
11,11045,3,0,0,0,,,,,,,,
11,11045,4,0,0,0,,,,,,,,
11,11045,5,0,0,0,,,,,,,,
11,11045,6,NA,NA,NA,,,,,,,,
11,11045,7,0,0,0,,,,,,,,
11,11045,8,0,0,0,,,,,,,,
11,11045,9,0,0,0,,,,,,,,
11,11046,1,100,74,26,,,,,,,,
11,11046,2,27,24,3,,,,,,,,
11,11046,3,0,0,0,,,,,,,,
11,11046,4,0,0,0,,,,,,,,
11,11046,5,0,0,0,,,,,,,,
11,11046,6,NA,NA,NA,,,,,,,,
11,11046,7,2,2,0,,,,,,,,
11,11046,8,16,7,9,,,,,,,,
11,11046,9,0,0,0,,,,,,,,
12,12001,1,710,547,163,,,,,,,,
12,12001,2,439,392,47,,,,,,,,
12,12001,3,607,575,32,,,,,,,,
12,12001,4,0,0,0,,,,,,,,
12,12001,5,0,0,0,,,,,,,,
12,12001,6,123,87,36,,,,,,,,
12,12001,7,1,1,0,,,,,,,,
12,12001,8,452,199,253,,,,,,,,
12,12001,9,0,0,0,,,,,,,,
12,12002,1,34,33,1,,,,,,,,
12,12002,2,7,7,0,,,,,,,,
12,12002,3,0,0,0,,,,,,,,
12,12002,4,0,0,0,,,,,,,,
12,12002,5,0,0,0,,,,,,,,
12,12002,6,NA,NA,NA,,,,,,,,
12,12002,7,1,1,0,,,,,,,,
12,12002,8,1,0,1,,,,,,,,
12,12002,9,0,0,0,,,,,,,,
12,12003,1,7,6,1,,,,,,,,
12,12003,2,2,2,0,,,,,,,,
12,12003,3,0,0,0,,,,,,,,
12,12003,4,0,0,0,,,,,,,,
12,12003,5,0,0,0,,,,,,,,
12,12003,6,NA,NA,NA,,,,,,,,
12,12003,7,0,0,0,,,,,,,,
12,12003,8,0,0,0,,,,,,,,
12,12003,9,0,0,0,,,,,,,,
12,12004,1,38,38,0,,,,,,,,
12,12004,2,0,0,0,,,,,,,,
12,12004,3,0,0,0,,,,,,,,
12,12004,4,0,0,0,,,,,,,,
12,12004,5,0,0,0,,,,,,,,
12,12004,6,NA,NA,NA,,,,,,,,
12,12004,7,2,2,0,,,,,,,,
12,12004,8,0,0,0,,,,,,,,
12,12004,9,0,0,0,,,,,,,,
12,12005,1,15,15,0,,,,,,,,
12,12005,2,1,1,0,,,,,,,,
12,12005,3,0,0,0,,,,,,,,
12,12005,4,0,0,0,,,,,,,,
12,12005,5,0,0,0,,,,,,,,
12,12005,6,NA,NA,NA,,,,,,,,
12,12005,7,5,5,0,,,,,,,,
12,12005,8,0,0,0,,,,,,,,
12,12005,9,0,0,0,,,,,,,,
12,12006,1,1,1,0,,,,,,,,
12,12006,2,2,2,0,,,,,,,,
12,12006,3,0,0,0,,,,,,,,
12,12006,4,0,0,0,,,,,,,,
12,12006,5,0,0,0,,,,,,,,
12,12006,6,NA,NA,NA,,,,,,,,
12,12006,7,2,2,0,,,,,,,,
12,12006,8,0,0,0,,,,,,,,
12,12006,9,0,0,0,,,,,,,,
12,12007,1,38,37,1,,,,,,,,
12,12007,2,41,37,4,,,,,,,,
12,12007,3,0,0,0,,,,,,,,
12,12007,4,0,0,0,,,,,,,,
12,12007,5,0,0,0,,,,,,,,
12,12007,6,NA,NA,NA,,,,,,,,
12,12007,7,0,0,0,,,,,,,,
12,12007,8,0,0,0,,,,,,,,
12,12007,9,0,0,0,,,,,,,,
12,12008,1,19,18,1,,,,,,,,
12,12008,2,4,4,0,,,,,,,,
12,12008,3,0,0,0,,,,,,,,
12,12008,4,0,0,0,,,,,,,,
12,12008,5,0,0,0,,,,,,,,
12,12008,6,NA,NA,NA,,,,,,,,
12,12008,7,3,3,0,,,,,,,,
12,12008,8,0,0,0,,,,,,,,
12,12008,9,0,0,0,,,,,,,,
12,12009,1,14,14,0,,,,,,,,
12,12009,2,0,0,0,,,,,,,,
12,12009,3,0,0,0,,,,,,,,
12,12009,4,0,0,0,,,,,,,,
12,12009,5,0,0,0,,,,,,,,
12,12009,6,NA,NA,NA,,,,,,,,
12,12009,7,1,1,0,,,,,,,,
12,12009,8,0,0,0,,,,,,,,
12,12009,9,0,0,0,,,,,,,,
12,12010,1,48,43,5,,,,,,,,
12,12010,2,3,2,1,,,,,,,,
12,12010,3,0,0,0,,,,,,,,
12,12010,4,0,0,0,,,,,,,,
12,12010,5,0,0,0,,,,,,,,
12,12010,6,NA,NA,NA,,,,,,,,
12,12010,7,0,0,0,,,,,,,,
12,12010,8,0,0,0,,,,,,,,
12,12010,9,0,0,0,,,,,,,,
12,12011,1,101,92,9,,,,,,,,
12,12011,2,15,11,4,,,,,,,,
12,12011,3,0,0,0,,,,,,,,
12,12011,4,0,0,0,,,,,,,,
12,12011,5,0,0,0,,,,,,,,
12,12011,6,4,2,2,,,,,,,,
12,12011,7,4,4,0,,,,,,,,
12,12011,8,2,2,0,,,,,,,,
12,12011,9,0,0,0,,,,,,,,
12,12012,1,62,62,0,,,,,,,,
12,12012,2,17,17,0,,,,,,,,
12,12012,3,0,0,0,,,,,,,,
12,12012,4,0,0,0,,,,,,,,
12,12012,5,0,0,0,,,,,,,,
12,12012,6,NA,NA,NA,,,,,,,,
12,12012,7,2,2,0,,,,,,,,
12,12012,8,2,0,2,,,,,,,,
12,12012,9,0,0,0,,,,,,,,
12,12013,1,32,32,0,,,,,,,,
12,12013,2,2,1,1,,,,,,,,
12,12013,3,0,0,0,,,,,,,,
12,12013,4,0,0,0,,,,,,,,
12,12013,5,0,0,0,,,,,,,,
12,12013,6,NA,NA,NA,,,,,,,,
12,12013,7,1,1,0,,,,,,,,
12,12013,8,1,0,1,,,,,,,,
12,12013,9,0,0,0,,,,,,,,
12,12014,1,27,27,0,,,,,,,,
12,12014,2,0,0,0,,,,,,,,
12,12014,3,0,0,0,,,,,,,,
12,12014,4,0,0,0,,,,,,,,
12,12014,5,0,0,0,,,,,,,,
12,12014,6,NA,NA,NA,,,,,,,,
12,12014,7,3,3,0,,,,,,,,
12,12014,8,0,0,0,,,,,,,,
12,12014,9,1,1,0,,,,,,,,
12,12015,1,16,14,2,,,,,,,,
12,12015,2,8,8,0,,,,,,,,
12,12015,3,0,0,0,,,,,,,,
12,12015,4,0,0,0,,,,,,,,
12,12015,5,0,0,0,,,,,,,,
12,12015,6,NA,NA,NA,,,,,,,,
12,12015,7,3,2,1,,,,,,,,
12,12015,8,1,0,1,,,,,,,,
12,12015,9,0,0,0,,,,,,,,
12,12016,1,0,0,0,,,,,,,,
12,12016,2,2,2,0,,,,,,,,
12,12016,3,0,0,0,,,,,,,,
12,12016,4,0,0,0,,,,,,,,
12,12016,5,0,0,0,,,,,,,,
12,12016,6,NA,NA,NA,,,,,,,,
12,12016,7,1,1,0,,,,,,,,
12,12016,8,0,0,0,,,,,,,,
12,12016,9,0,0,0,,,,,,,,
12,12017,1,0,0,0,,,,,,,,
12,12017,2,8,5,3,,,,,,,,
12,12017,3,0,0,0,,,,,,,,
12,12017,4,0,0,0,,,,,,,,
12,12017,5,0,0,0,,,,,,,,
12,12017,6,NA,NA,NA,,,,,,,,
12,12017,7,1,1,0,,,,,,,,
12,12017,8,1,0,1,,,,,,,,
12,12017,9,0,0,0,,,,,,,,
12,12018,1,26,26,0,,,,,,,,
12,12018,2,4,0,4,,,,,,,,
12,12018,3,0,0,0,,,,,,,,
12,12018,4,0,0,0,,,,,,,,
12,12018,5,0,0,0,,,,,,,,
12,12018,6,NA,NA,NA,,,,,,,,
12,12018,7,2,2,0,,,,,,,,
12,12018,8,0,0,0,,,,,,,,
12,12018,9,0,0,0,,,,,,,,
12,12019,1,18,17,1,,,,,,,,
12,12019,2,2,2,0,,,,,,,,
12,12019,3,0,0,0,,,,,,,,
12,12019,4,0,0,0,,,,,,,,
12,12019,5,0,0,0,,,,,,,,
12,12019,6,NA,NA,NA,,,,,,,,
12,12019,7,2,2,0,,,,,,,,
12,12019,8,0,0,0,,,,,,,,
12,12019,9,0,0,0,,,,,,,,
12,12020,1,27,27,0,,,,,,,,
12,12020,2,3,2,1,,,,,,,,
12,12020,3,0,0,0,,,,,,,,
12,12020,4,0,0,0,,,,,,,,
12,12020,5,0,0,0,,,,,,,,
12,12020,6,NA,NA,NA,,,,,,,,
12,12020,7,5,5,0,,,,,,,,
12,12020,8,3,2,1,,,,,,,,
12,12020,9,0,0,0,,,,,,,,
12,12021,1,172,156,16,,,,,,,,
12,12021,2,29,23,6,,,,,,,,
12,12021,3,0,0,0,,,,,,,,
12,12021,4,0,0,0,,,,,,,,
12,12021,5,0,0,0,,,,,,,,
12,12021,6,0,0,0,,,,,,,,
12,12021,7,4,4,0,,,,,,,,
12,12021,8,5,3,2,,,,,,,,
12,12021,9,0,0,0,,,,,,,,
12,12022,1,28,22,6,,,,,,,,
12,12022,2,4,4,0,,,,,,,,
12,12022,3,0,0,0,,,,,,,,
12,12022,4,0,0,0,,,,,,,,
12,12022,5,0,0,0,,,,,,,,
12,12022,6,0,0,0,,,,,,,,
12,12022,7,0,0,0,,,,,,,,
12,12022,8,0,0,0,,,,,,,,
12,12022,9,0,0,0,,,,,,,,
12,12023,1,52,47,5,,,,,,,,
12,12023,2,19,14,5,,,,,,,,
12,12023,3,0,0,0,,,,,,,,
12,12023,4,0,0,0,,,,,,,,
12,12023,5,0,0,0,,,,,,,,
12,12023,6,NA,NA,NA,,,,,,,,
12,12023,7,2,2,0,,,,,,,,
12,12023,8,6,2,4,,,,,,,,
12,12023,9,0,0,0,,,,,,,,
12,12024,1,19,17,2,,,,,,,,
12,12024,2,3,3,0,,,,,,,,
12,12024,3,0,0,0,,,,,,,,
12,12024,4,0,0,0,,,,,,,,
12,12024,5,0,0,0,,,,,,,,
12,12024,6,NA,NA,NA,,,,,,,,
12,12024,7,0,0,0,,,,,,,,
12,12024,8,0,0,0,,,,,,,,
12,12024,9,0,0,0,,,,,,,,
12,12025,1,40,40,0,,,,,,,,
12,12025,2,2,2,0,,,,,,,,
12,12025,3,0,0,0,,,,,,,,
12,12025,4,0,0,0,,,,,,,,
12,12025,5,0,0,0,,,,,,,,
12,12025,6,NA,NA,NA,,,,,,,,
12,12025,7,2,2,0,,,,,,,,
12,12025,8,0,0,0,,,,,,,,
12,12025,9,0,0,0,,,,,,,,
12,12026,1,0,0,0,,,,,,,,
12,12026,2,0,0,0,,,,,,,,
12,12026,3,0,0,0,,,,,,,,
12,12026,4,0,0,0,,,,,,,,
12,12026,5,0,0,0,,,,,,,,
12,12026,6,NA,NA,NA,,,,,,,,
12,12026,7,1,0,1,,,,,,,,
12,12026,8,2,2,0,,,,,,,,
12,12026,9,0,0,0,,,,,,,,
12,12027,1,2,2,0,,,,,,,,
12,12027,2,2,2,0,,,,,,,,
12,12027,3,0,0,0,,,,,,,,
12,12027,4,0,0,0,,,,,,,,
12,12027,5,0,0,0,,,,,,,,
12,12027,6,NA,NA,NA,,,,,,,,
12,12027,7,0,0,0,,,,,,,,
12,12027,8,0,0,0,,,,,,,,
12,12027,9,0,0,0,,,,,,,,
12,12028,1,91,66,25,,,,,,,,
12,12028,2,13,9,4,,,,,,,,
12,12028,3,0,0,0,,,,,,,,
12,12028,4,0,0,0,,,,,,,,
12,12028,5,0,0,0,,,,,,,,
12,12028,6,NA,NA,NA,,,,,,,,
12,12028,7,2,2,0,,,,,,,,
12,12028,8,5,2,3,,,,,,,,
12,12028,9,0,0,0,,,,,,,,
12,12029,1,109,69,40,,,,,,,,
12,12029,2,0,0,0,,,,,,,,
12,12029,3,0,0,0,,,,,,,,
12,12029,4,0,0,0,,,,,,,,
12,12029,5,0,0,0,,,,,,,,
12,12029,6,67,64,3,,,,,,,,
12,12029,7,5,5,0,,,,,,,,
12,12029,8,12,10,2,,,,,,,,
12,12029,9,90,45,45,,,,,,,,
12,12030,1,53,52,1,,,,,,,,
12,12030,2,12,12,0,,,,,,,,
12,12030,3,0,0,0,,,,,,,,
12,12030,4,0,0,0,,,,,,,,
12,12030,5,0,0,0,,,,,,,,
12,12030,6,NA,NA,NA,,,,,,,,
12,12030,7,2,2,0,,,,,,,,
12,12030,8,1,0,1,,,,,,,,
12,12030,9,0,0,0,,,,,,,,
12,12031,1,1,1,0,,,,,,,,
12,12031,2,0,0,0,,,,,,,,
12,12031,3,0,0,0,,,,,,,,
12,12031,4,0,0,0,,,,,,,,
12,12031,5,0,0,0,,,,,,,,
12,12031,6,NA,NA,NA,,,,,,,,
12,12031,7,0,0,0,,,,,,,,
12,12031,8,0,0,0,,,,,,,,
12,12031,9,0,0,0,,,,,,,,
12,12032,1,17,15,2,,,,,,,,
12,12032,2,13,13,0,,,,,,,,
12,12032,3,0,0,0,,,,,,,,
12,12032,4,0,0,0,,,,,,,,
12,12032,5,0,0,0,,,,,,,,
12,12032,6,NA,NA,NA,,,,,,,,
12,12032,7,1,1,0,,,,,,,,
12,12032,8,0,0,0,,,,,,,,
12,12032,9,0,0,0,,,,,,,,
12,12033,1,22,22,0,,,,,,,,
12,12033,2,6,5,1,,,,,,,,
12,12033,3,0,0,0,,,,,,,,
12,12033,4,0,0,0,,,,,,,,
12,12033,5,0,0,0,,,,,,,,
12,12033,6,NA,NA,NA,,,,,,,,
12,12033,7,2,2,0,,,,,,,,
12,12033,8,0,0,0,,,,,,,,
12,12033,9,0,0,0,,,,,,,,
12,12034,1,62,59,3,,,,,,,,
12,12034,2,12,12,0,,,,,,,,
12,12034,3,0,0,0,,,,,,,,
12,12034,4,0,0,0,,,,,,,,
12,12034,5,0,0,0,,,,,,,,
12,12034,6,NA,NA,NA,,,,,,,,
12,12034,7,0,0,0,,,,,,,,
12,12034,8,0,0,0,,,,,,,,
12,12034,9,0,0,0,,,,,,,,
12,12035,1,61,42,19,,,,,,,,
12,12035,2,54,49,5,,,,,,,,
12,12035,3,106,104,2,,,,,,,,
12,12035,4,0,0,0,,,,,,,,
12,12035,5,0,0,0,,,,,,,,
12,12035,6,NA,NA,NA,,,,,,,,
12,12035,7,3,3,0,,,,,,,,
12,12035,8,13,8,5,,,,,,,,
12,12035,9,0,0,0,,,,,,,,
12,12036,1,28,23,5,,,,,,,,
12,12036,2,3,3,0,,,,,,,,
12,12036,3,0,0,0,,,,,,,,
12,12036,4,0,0,0,,,,,,,,
12,12036,5,0,0,0,,,,,,,,
12,12036,6,NA,NA,NA,,,,,,,,
12,12036,7,2,2,0,,,,,,,,
12,12036,8,0,0,0,,,,,,,,
12,12036,9,0,0,0,,,,,,,,
12,12037,1,10,8,2,,,,,,,,
12,12037,2,3,3,0,,,,,,,,
12,12037,3,0,0,0,,,,,,,,
12,12037,4,0,0,0,,,,,,,,
12,12037,5,0,0,0,,,,,,,,
12,12037,6,NA,NA,NA,,,,,,,,
12,12037,7,0,0,0,,,,,,,,
12,12037,8,0,0,0,,,,,,,,
12,12037,9,0,0,0,,,,,,,,
12,12038,1,102,93,9,,,,,,,,
12,12038,2,74,62,12,,,,,,,,
12,12038,3,0,0,0,,,,,,,,
12,12038,4,0,0,0,,,,,,,,
12,12038,5,0,0,0,,,,,,,,
12,12038,6,NA,NA,NA,,,,,,,,
12,12038,7,1,1,0,,,,,,,,
12,12038,8,20,10,10,,,,,,,,
12,12038,9,12,2,10,,,,,,,,
12,12039,1,44,42,2,,,,,,,,
12,12039,2,10,9,1,,,,,,,,
12,12039,3,0,0,0,,,,,,,,
12,12039,4,0,0,0,,,,,,,,
12,12039,5,0,0,0,,,,,,,,
12,12039,6,NA,NA,NA,,,,,,,,
12,12039,7,4,3,1,,,,,,,,
12,12039,8,4,2,2,,,,,,,,
12,12039,9,0,0,0,,,,,,,,
12,12040,1,30,30,0,,,,,,,,
12,12040,2,10,10,0,,,,,,,,
12,12040,3,0,0,0,,,,,,,,
12,12040,4,0,0,0,,,,,,,,
12,12040,5,0,0,0,,,,,,,,
12,12040,6,NA,NA,NA,,,,,,,,
12,12040,7,3,3,0,,,,,,,,
12,12040,8,3,0,3,,,,,,,,
12,12040,9,0,0,0,,,,,,,,
12,12041,1,39,38,1,,,,,,,,
12,12041,2,5,5,0,,,,,,,,
12,12041,3,0,0,0,,,,,,,,
12,12041,4,0,0,0,,,,,,,,
12,12041,5,0,0,0,,,,,,,,
12,12041,6,NA,NA,NA,,,,,,,,
12,12041,7,3,3,0,,,,,,,,
12,12041,8,2,0,2,,,,,,,,
12,12041,9,0,0,0,,,,,,,,
12,12042,1,25,24,1,,,,,,,,
12,12042,2,4,4,0,,,,,,,,
12,12042,3,0,0,0,,,,,,,,
12,12042,4,0,0,0,,,,,,,,
12,12042,5,0,0,0,,,,,,,,
12,12042,6,NA,NA,NA,,,,,,,,
12,12042,7,2,2,0,,,,,,,,
12,12042,8,0,0,0,,,,,,,,
12,12042,9,0,0,0,,,,,,,,
12,12043,1,31,31,0,,,,,,,,
12,12043,2,1,1,0,,,,,,,,
12,12043,3,0,0,0,,,,,,,,
12,12043,4,0,0,0,,,,,,,,
12,12043,5,0,0,0,,,,,,,,
12,12043,6,0,0,0,,,,,,,,
12,12043,7,3,3,0,,,,,,,,
12,12043,8,0,0,0,,,,,,,,
12,12043,9,0,0,0,,,,,,,,
12,12044,1,30,27,3,,,,,,,,
12,12044,2,6,6,0,,,,,,,,
12,12044,3,0,0,0,,,,,,,,
12,12044,4,0,0,0,,,,,,,,
12,12044,5,0,0,0,,,,,,,,
12,12044,6,NA,NA,NA,,,,,,,,
12,12044,7,3,3,0,,,,,,,,
12,12044,8,2,1,1,,,,,,,,
12,12044,9,0,0,0,,,,,,,,
12,12045,1,22,21,1,,,,,,,,
12,12045,2,6,4,2,,,,,,,,
12,12045,3,0,0,0,,,,,,,,
12,12045,4,0,0,0,,,,,,,,
12,12045,5,0,0,0,,,,,,,,
12,12045,6,NA,NA,NA,,,,,,,,
12,12045,7,3,3,0,,,,,,,,
12,12045,8,0,0,0,,,,,,,,
12,12045,9,0,0,0,,,,,,,,
12,12046,1,147,140,7,,,,,,,,
12,12046,2,35,31,4,,,,,,,,
12,12046,3,0,0,0,,,,,,,,
12,12046,4,0,0,0,,,,,,,,
12,12046,5,0,0,0,,,,,,,,
12,12046,6,NA,NA,NA,,,,,,,,
12,12046,7,2,2,0,,,,,,,,
12,12046,8,2,0,2,,,,,,,,
12,12046,9,0,0,0,,,,,,,,
12,12047,1,0,0,0,,,,,,,,
12,12047,2,5,5,0,,,,,,,,
12,12047,3,0,0,0,,,,,,,,
12,12047,4,0,0,0,,,,,,,,
12,12047,5,0,0,0,,,,,,,,
12,12047,6,NA,NA,NA,,,,,,,,
12,12047,7,0,0,0,,,,,,,,
12,12047,8,0,0,0,,,,,,,,
12,12047,9,0,0,0,,,,,,,,
12,12048,1,80,70,10,,,,,,,,
12,12048,2,16,10,6,,,,,,,,
12,12048,3,0,0,0,,,,,,,,
12,12048,4,0,0,0,,,,,,,,
12,12048,5,0,0,0,,,,,,,,
12,12048,6,NA,NA,NA,,,,,,,,
12,12048,7,0,0,0,,,,,,,,
12,12048,8,4,2,2,,,,,,,,
12,12048,9,0,0,0,,,,,,,,
12,12049,1,10,8,2,,,,,,,,
12,12049,2,0,0,0,,,,,,,,
12,12049,3,0,0,0,,,,,,,,
12,12049,4,0,0,0,,,,,,,,
12,12049,5,0,0,0,,,,,,,,
12,12049,6,NA,NA,NA,,,,,,,,
12,12049,7,0,0,0,,,,,,,,
12,12049,8,0,0,0,,,,,,,,
12,12049,9,0,0,0,,,,,,,,
12,12050,1,20,20,0,,,,,,,,
12,12050,2,13,13,0,,,,,,,,
12,12050,3,0,0,0,,,,,,,,
12,12050,4,0,0,0,,,,,,,,
12,12050,5,0,0,0,,,,,,,,
12,12050,6,NA,NA,NA,,,,,,,,
12,12050,7,0,0,0,,,,,,,,
12,12050,8,0,0,0,,,,,,,,
12,12050,9,0,0,0,,,,,,,,
12,12051,1,21,21,0,,,,,,,,
12,12051,2,0,0,0,,,,,,,,
12,12051,3,0,0,0,,,,,,,,
12,12051,4,0,0,0,,,,,,,,
12,12051,5,0,0,0,,,,,,,,
12,12051,6,NA,NA,NA,,,,,,,,
12,12051,7,0,0,0,,,,,,,,
12,12051,8,0,0,0,,,,,,,,
12,12051,9,0,0,0,,,,,,,,
12,12052,1,72,67,5,,,,,,,,
12,12052,2,16,14,2,,,,,,,,
12,12052,3,0,0,0,,,,,,,,
12,12052,4,0,0,0,,,,,,,,
12,12052,5,0,0,0,,,,,,,,
12,12052,6,NA,NA,NA,,,,,,,,
12,12052,7,0,0,0,,,,,,,,
12,12052,8,0,0,0,,,,,,,,
12,12052,9,0,0,0,,,,,,,,
12,12053,1,92,88,4,,,,,,,,
12,12053,2,22,19,3,,,,,,,,
12,12053,3,0,0,0,,,,,,,,
12,12053,4,0,0,0,,,,,,,,
12,12053,5,0,0,0,,,,,,,,
12,12053,6,NA,NA,NA,,,,,,,,
12,12053,7,2,2,0,,,,,,,,
12,12053,8,1,1,0,,,,,,,,
12,12053,9,0,0,0,,,,,,,,
12,12054,1,15,13,2,,,,,,,,
12,12054,2,4,4,0,,,,,,,,
12,12054,3,0,0,0,,,,,,,,
12,12054,4,0,0,0,,,,,,,,
12,12054,5,0,0,0,,,,,,,,
12,12054,6,NA,NA,NA,,,,,,,,
12,12054,7,0,0,0,,,,,,,,
12,12054,8,0,0,0,,,,,,,,
12,12054,9,0,0,0,,,,,,,,
12,12055,1,36,27,9,,,,,,,,
12,12055,2,45,33,12,,,,,,,,
12,12055,3,0,0,0,,,,,,,,
12,12055,4,0,0,0,,,,,,,,
12,12055,5,0,0,0,,,,,,,,
12,12055,6,NA,NA,NA,,,,,,,,
12,12055,7,0,0,0,,,,,,,,
12,12055,8,0,0,0,,,,,,,,
12,12055,9,0,0,0,,,,,,,,
12,12056,1,62,62,0,,,,,,,,
12,12056,2,13,13,0,,,,,,,,
12,12056,3,0,0,0,,,,,,,,
12,12056,4,0,0,0,,,,,,,,
12,12056,5,0,0,0,,,,,,,,
12,12056,6,NA,NA,NA,,,,,,,,
12,12056,7,12,12,0,,,,,,,,
12,12056,8,1,0,1,,,,,,,,
12,12056,9,0,0,0,,,,,,,,
12,12057,1,107,103,4,,,,,,,,
12,12057,2,20,19,1,,,,,,,,
12,12057,3,0,0,0,,,,,,,,
12,12057,4,0,0,0,,,,,,,,
12,12057,5,0,0,0,,,,,,,,
12,12057,6,NA,NA,NA,,,,,,,,
12,12057,7,1,0,1,,,,,,,,
12,12057,8,15,12,3,,,,,,,,
12,12057,9,3,2,1,,,,,,,,
12,12058,1,18,16,2,,,,,,,,
12,12058,2,30,27,3,,,,,,,,
12,12058,3,0,0,0,,,,,,,,
12,12058,4,0,0,0,,,,,,,,
12,12058,5,0,0,0,,,,,,,,
12,12058,6,NA,NA,NA,,,,,,,,
12,12058,7,0,0,0,,,,,,,,
12,12058,8,0,0,0,,,,,,,,
12,12058,9,0,0,0,,,,,,,,
12,12059,1,22,22,0,,,,,,,,
12,12059,2,5,4,1,,,,,,,,
12,12059,3,0,0,0,,,,,,,,
12,12059,4,0,0,0,,,,,,,,
12,12059,5,0,0,0,,,,,,,,
12,12059,6,NA,NA,NA,,,,,,,,
12,12059,7,0,0,0,,,,,,,,
12,12059,8,0,0,0,,,,,,,,
12,12059,9,0,0,0,,,,,,,,
12,12060,1,11,9,2,,,,,,,,
12,12060,2,5,5,0,,,,,,,,
12,12060,3,0,0,0,,,,,,,,
12,12060,4,0,0,0,,,,,,,,
12,12060,5,0,0,0,,,,,,,,
12,12060,6,NA,NA,NA,,,,,,,,
12,12060,7,0,0,0,,,,,,,,
12,12060,8,0,0,0,,,,,,,,
12,12060,9,0,0,0,,,,,,,,
12,12061,1,43,39,4,,,,,,,,
12,12061,2,18,15,3,,,,,,,,
12,12061,3,0,0,0,,,,,,,,
12,12061,4,0,0,0,,,,,,,,
12,12061,5,0,0,0,,,,,,,,
12,12061,6,NA,NA,NA,,,,,,,,
12,12061,7,8,7,1,,,,,,,,
12,12061,8,1,1,0,,,,,,,,
12,12061,9,0,0,0,,,,,,,,
12,12062,1,30,29,1,,,,,,,,
12,12062,2,3,3,0,,,,,,,,
12,12062,3,0,0,0,,,,,,,,
12,12062,4,0,0,0,,,,,,,,
12,12062,5,0,0,0,,,,,,,,
12,12062,6,NA,NA,NA,,,,,,,,
12,12062,7,1,1,0,,,,,,,,
12,12062,8,0,0,0,,,,,,,,
12,12062,9,0,0,0,,,,,,,,
12,12063,1,16,14,2,,,,,,,,
12,12063,2,0,0,0,,,,,,,,
12,12063,3,0,0,0,,,,,,,,
12,12063,4,0,0,0,,,,,,,,
12,12063,5,0,0,0,,,,,,,,
12,12063,6,NA,NA,NA,,,,,,,,
12,12063,7,3,3,0,,,,,,,,
12,12063,8,0,0,0,,,,,,,,
12,12063,9,0,0,0,,,,,,,,
12,12064,1,11,11,0,,,,,,,,
12,12064,2,0,0,0,,,,,,,,
12,12064,3,0,0,0,,,,,,,,
12,12064,4,0,0,0,,,,,,,,
12,12064,5,0,0,0,,,,,,,,
12,12064,6,NA,NA,NA,,,,,,,,
12,12064,7,0,0,0,,,,,,,,
12,12064,8,0,0,0,,,,,,,,
12,12064,9,0,0,0,,,,,,,,
12,12065,1,13,10,3,,,,,,,,
12,12065,2,3,3,0,,,,,,,,
12,12065,3,0,0,0,,,,,,,,
12,12065,4,0,0,0,,,,,,,,
12,12065,5,0,0,0,,,,,,,,
12,12065,6,NA,NA,NA,,,,,,,,
12,12065,7,4,4,0,,,,,,,,
12,12065,8,0,0,0,,,,,,,,
12,12065,9,0,0,0,,,,,,,,
12,12066,1,140,119,21,,,,,,,,
12,12066,2,55,40,15,,,,,,,,
12,12066,3,0,0,0,,,,,,,,
12,12066,4,0,0,0,,,,,,,,
12,12066,5,0,0,0,,,,,,,,
12,12066,6,NA,NA,NA,,,,,,,,
12,12066,7,2,2,0,,,,,,,,
12,12066,8,9,9,0,,,,,,,,
12,12066,9,4,3,1,,,,,,,,
12,12067,1,17,17,0,,,,,,,,
12,12067,2,6,3,3,,,,,,,,
12,12067,3,0,0,0,,,,,,,,
12,12067,4,0,0,0,,,,,,,,
12,12067,5,0,0,0,,,,,,,,
12,12067,6,NA,NA,NA,,,,,,,,
12,12067,7,0,0,0,,,,,,,,
12,12067,8,0,0,0,,,,,,,,
12,12067,9,0,0,0,,,,,,,,
12,12068,1,29,25,4,,,,,,,,
12,12068,2,2,2,0,,,,,,,,
12,12068,3,0,0,0,,,,,,,,
12,12068,4,0,0,0,,,,,,,,
12,12068,5,0,0,0,,,,,,,,
12,12068,6,NA,NA,NA,,,,,,,,
12,12068,7,3,3,0,,,,,,,,
12,12068,8,2,2,0,,,,,,,,
12,12068,9,0,0,0,,,,,,,,
12,12069,1,15,14,1,,,,,,,,
12,12069,2,4,4,0,,,,,,,,
12,12069,3,0,0,0,,,,,,,,
12,12069,4,0,0,0,,,,,,,,
12,12069,5,0,0,0,,,,,,,,
12,12069,6,NA,NA,NA,,,,,,,,
12,12069,7,3,3,0,,,,,,,,
12,12069,8,0,0,0,,,,,,,,
12,12069,9,0,0,0,,,,,,,,
12,12070,1,14,12,2,,,,,,,,
12,12070,2,2,1,1,,,,,,,,
12,12070,3,0,0,0,,,,,,,,
12,12070,4,0,0,0,,,,,,,,
12,12070,5,0,0,0,,,,,,,,
12,12070,6,NA,NA,NA,,,,,,,,
12,12070,7,4,4,0,,,,,,,,
12,12070,8,2,0,2,,,,,,,,
12,12070,9,0,0,0,,,,,,,,
12,12071,1,28,26,2,,,,,,,,
12,12071,2,5,5,0,,,,,,,,
12,12071,3,0,0,0,,,,,,,,
12,12071,4,0,0,0,,,,,,,,
12,12071,5,0,0,0,,,,,,,,
12,12071,6,NA,NA,NA,,,,,,,,
12,12071,7,0,0,0,,,,,,,,
12,12071,8,0,0,0,,,,,,,,
12,12071,9,0,0,0,,,,,,,,
12,12072,1,18,18,0,,,,,,,,
12,12072,2,0,0,0,,,,,,,,
12,12072,3,0,0,0,,,,,,,,
12,12072,4,0,0,0,,,,,,,,
12,12072,5,0,0,0,,,,,,,,
12,12072,6,NA,NA,NA,,,,,,,,
12,12072,7,1,1,0,,,,,,,,
12,12072,8,0,0,0,,,,,,,,
12,12072,9,0,0,0,,,,,,,,
12,12073,1,19,19,0,,,,,,,,
12,12073,2,0,0,0,,,,,,,,
12,12073,3,0,0,0,,,,,,,,
12,12073,4,0,0,0,,,,,,,,
12,12073,5,0,0,0,,,,,,,,
12,12073,6,NA,NA,NA,,,,,,,,
12,12073,7,0,0,0,,,,,,,,
12,12073,8,0,0,0,,,,,,,,
12,12073,9,0,0,0,,,,,,,,
12,12074,1,0,0,0,,,,,,,,
12,12074,2,5,3,2,,,,,,,,
12,12074,3,0,0,0,,,,,,,,
12,12074,4,0,0,0,,,,,,,,
12,12074,5,0,0,0,,,,,,,,
12,12074,6,NA,NA,NA,,,,,,,,
12,12074,7,1,1,0,,,,,,,,
12,12074,8,0,0,0,,,,,,,,
12,12074,9,0,0,0,,,,,,,,
12,12075,1,48,46,2,,,,,,,,
12,12075,2,11,9,2,,,,,,,,
12,12075,3,0,0,0,,,,,,,,
12,12075,4,0,0,0,,,,,,,,
12,12075,5,0,0,0,,,,,,,,
12,12075,6,NA,NA,NA,,,,,,,,
12,12075,7,2,2,0,,,,,,,,
12,12075,8,6,2,4,,,,,,,,
12,12075,9,0,0,0,,,,,,,,
12,12076,1,24,23,1,,,,,,,,
12,12076,2,8,8,0,,,,,,,,
12,12076,3,0,0,0,,,,,,,,
12,12076,4,0,0,0,,,,,,,,
12,12076,5,0,0,0,,,,,,,,
12,12076,6,NA,NA,NA,,,,,,,,
12,12076,7,2,2,0,,,,,,,,
12,12076,8,1,1,0,,,,,,,,
12,12076,9,0,0,0,,,,,,,,
12,12077,1,35,29,6,,,,,,,,
12,12077,2,11,9,2,,,,,,,,
12,12077,3,0,0,0,,,,,,,,
12,12077,4,0,0,0,,,,,,,,
12,12077,5,0,0,0,,,,,,,,
12,12077,6,NA,NA,NA,,,,,,,,
12,12077,7,4,2,2,,,,,,,,
12,12077,8,2,2,0,,,,,,,,
12,12077,9,0,0,0,,,,,,,,
12,12078,1,20,20,0,,,,,,,,
12,12078,2,3,3,0,,,,,,,,
12,12078,3,0,0,0,,,,,,,,
12,12078,4,0,0,0,,,,,,,,
12,12078,5,0,0,0,,,,,,,,
12,12078,6,NA,NA,NA,,,,,,,,
12,12078,7,2,2,0,,,,,,,,
12,12078,8,0,0,0,,,,,,,,
12,12078,9,0,0,0,,,,,,,,
12,12079,1,36,32,4,,,,,,,,
12,12079,2,0,0,0,,,,,,,,
12,12079,3,0,0,0,,,,,,,,
12,12079,4,0,0,0,,,,,,,,
12,12079,5,0,0,0,,,,,,,,
12,12079,6,NA,NA,NA,,,,,,,,
12,12079,7,0,0,0,,,,,,,,
12,12079,8,0,0,0,,,,,,,,
12,12079,9,0,0,0,,,,,,,,
12,12080,1,17,16,1,,,,,,,,
12,12080,2,2,2,0,,,,,,,,
12,12080,3,0,0,0,,,,,,,,
12,12080,4,0,0,0,,,,,,,,
12,12080,5,0,0,0,,,,,,,,
12,12080,6,NA,NA,NA,,,,,,,,
12,12080,7,2,2,0,,,,,,,,
12,12080,8,1,0,1,,,,,,,,
12,12080,9,0,0,0,,,,,,,,
12,12081,1,31,28,3,,,,,,,,
12,12081,2,6,5,1,,,,,,,,
12,12081,3,0,0,0,,,,,,,,
12,12081,4,0,0,0,,,,,,,,
12,12081,5,0,0,0,,,,,,,,
12,12081,6,NA,NA,NA,,,,,,,,
12,12081,7,0,0,0,,,,,,,,
12,12081,8,0,0,0,,,,,,,,
12,12081,9,0,0,0,,,,,,,,
13,13001,1,20,19,1,,,,,,,,
13,13001,2,6,6,0,,,,,,,,
13,13001,3,0,0,0,,,,,,,,
13,13001,4,0,0,0,,,,,,,,
13,13001,5,0,0,0,,,,,,,,
13,13001,6,NA,NA,NA,,,,,,,,
13,13001,7,3,3,0,,,,,,,,
13,13001,8,3,0,3,,,,,,,,
13,13001,9,1,0,1,,,,,,,,
13,13002,1,69,59,10,,,,,,,,
13,13002,2,0,0,0,,,,,,,,
13,13002,3,0,0,0,,,,,,,,
13,13002,4,0,0,0,,,,,,,,
13,13002,5,0,0,0,,,,,,,,
13,13002,6,0,0,0,,,,,,,,
13,13002,7,4,4,0,,,,,,,,
13,13002,8,1,0,1,,,,,,,,
13,13002,9,0,0,0,,,,,,,,
13,13003,1,0,0,0,,,,,,,,
13,13003,2,53,40,13,,,,,,,,
13,13003,3,0,0,0,,,,,,,,
13,13003,4,0,0,0,,,,,,,,
13,13003,5,0,0,0,,,,,,,,
13,13003,6,NA,NA,NA,,,,,,,,
13,13003,7,6,6,0,,,,,,,,
13,13003,8,11,7,4,,,,,,,,
13,13003,9,0,0,0,,,,,,,,
13,13004,1,17,13,4,,,,,,,,
13,13004,2,0,0,0,,,,,,,,
13,13004,3,0,0,0,,,,,,,,
13,13004,4,0,0,0,,,,,,,,
13,13004,5,0,0,0,,,,,,,,
13,13004,6,NA,NA,NA,,,,,,,,
13,13004,7,2,2,0,,,,,,,,
13,13004,8,1,0,1,,,,,,,,
13,13004,9,2,1,1,,,,,,,,
13,13005,1,16,15,1,,,,,,,,
13,13005,2,0,0,0,,,,,,,,
13,13005,3,0,0,0,,,,,,,,
13,13005,4,0,0,0,,,,,,,,
13,13005,5,0,0,0,,,,,,,,
13,13005,6,NA,NA,NA,,,,,,,,
13,13005,7,2,2,0,,,,,,,,
13,13005,8,1,0,1,,,,,,,,
13,13005,9,0,0,0,,,,,,,,
13,13006,1,17,16,1,,,,,,,,
13,13006,2,0,0,0,,,,,,,,
13,13006,3,0,0,0,,,,,,,,
13,13006,4,0,0,0,,,,,,,,
13,13006,5,0,0,0,,,,,,,,
13,13006,6,NA,NA,NA,,,,,,,,
13,13006,7,2,2,0,,,,,,,,
13,13006,8,0,0,0,,,,,,,,
13,13006,9,0,0,0,,,,,,,,
13,13007,1,27,20,7,,,,,,,,
13,13007,2,0,0,0,,,,,,,,
13,13007,3,0,0,0,,,,,,,,
13,13007,4,0,0,0,,,,,,,,
13,13007,5,0,0,0,,,,,,,,
13,13007,6,NA,NA,NA,,,,,,,,
13,13007,7,3,3,0,,,,,,,,
13,13007,8,1,0,1,,,,,,,,
13,13007,9,0,0,0,,,,,,,,
13,13008,1,72,66,6,,,,,,,,
13,13008,2,0,0,0,,,,,,,,
13,13008,3,0,0,0,,,,,,,,
13,13008,4,0,0,0,,,,,,,,
13,13008,5,0,0,0,,,,,,,,
13,13008,6,NA,NA,NA,,,,,,,,
13,13008,7,1,1,0,,,,,,,,
13,13008,8,2,2,0,,,,,,,,
13,13008,9,0,0,0,,,,,,,,
13,13009,1,0,0,0,,,,,,,,
13,13009,2,0,0,0,,,,,,,,
13,13009,3,0,0,0,,,,,,,,
13,13009,4,0,0,0,,,,,,,,
13,13009,5,16,13,3,,,,,,,,
13,13009,6,2,0,2,,,,,,,,
13,13009,7,4,4,0,,,,,,,,
13,13009,8,0,0,0,,,,,,,,
13,13009,9,0,0,0,,,,,,,,
13,13010,1,49,45,4,,,,,,,,
13,13010,2,0,0,0,,,,,,,,
13,13010,3,0,0,0,,,,,,,,
13,13010,4,0,0,0,,,,,,,,
13,13010,5,0,0,0,,,,,,,,
13,13010,6,NA,NA,NA,,,,,,,,
13,13010,7,3,2,1,,,,,,,,
13,13010,8,2,0,2,,,,,,,,
13,13010,9,0,0,0,,,,,,,,
13,13011,1,30,28,2,,,,,,,,
13,13011,2,0,0,0,,,,,,,,
13,13011,3,0,0,0,,,,,,,,
13,13011,4,0,0,0,,,,,,,,
13,13011,5,0,0,0,,,,,,,,
13,13011,6,NA,NA,NA,,,,,,,,
13,13011,7,1,1,0,,,,,,,,
13,13011,8,1,1,0,,,,,,,,
13,13011,9,0,0,0,,,,,,,,
13,13012,1,25,23,2,,,,,,,,
13,13012,2,8,7,1,,,,,,,,
13,13012,3,0,0,0,,,,,,,,
13,13012,4,0,0,0,,,,,,,,
13,13012,5,0,0,0,,,,,,,,
13,13012,6,NA,NA,NA,,,,,,,,
13,13012,7,2,2,0,,,,,,,,
13,13012,8,2,1,1,,,,,,,,
13,13012,9,0,0,0,,,,,,,,
13,13013,1,0,0,0,,,,,,,,
13,13013,2,56,46,10,,,,,,,,
13,13013,3,0,0,0,,,,,,,,
13,13013,4,0,0,0,,,,,,,,
13,13013,5,0,0,0,,,,,,,,
13,13013,6,NA,NA,NA,,,,,,,,
13,13013,7,7,4,3,,,,,,,,
13,13013,8,3,0,3,,,,,,,,
13,13013,9,0,0,0,,,,,,,,
13,13014,1,18,18,0,,,,,,,,
13,13014,2,0,0,0,,,,,,,,
13,13014,3,0,0,0,,,,,,,,
13,13014,4,0,0,0,,,,,,,,
13,13014,5,0,0,0,,,,,,,,
13,13014,6,NA,NA,NA,,,,,,,,
13,13014,7,3,3,0,,,,,,,,
13,13014,8,1,1,0,,,,,,,,
13,13014,9,0,0,0,,,,,,,,
13,13015,1,19,15,4,,,,,,,,
13,13015,2,0,0,0,,,,,,,,
13,13015,3,0,0,0,,,,,,,,
13,13015,4,0,0,0,,,,,,,,
13,13015,5,0,0,0,,,,,,,,
13,13015,6,NA,NA,NA,,,,,,,,
13,13015,7,2,2,0,,,,,,,,
13,13015,8,0,0,0,,,,,,,,
13,13015,9,0,0,0,,,,,,,,
13,13016,1,50,44,6,,,,,,,,
13,13016,2,7,4,3,,,,,,,,
13,13016,3,0,0,0,,,,,,,,
13,13016,4,0,0,0,,,,,,,,
13,13016,5,0,0,0,,,,,,,,
13,13016,6,NA,NA,NA,,,,,,,,
13,13016,7,1,1,0,,,,,,,,
13,13016,8,1,0,1,,,,,,,,
13,13016,9,1,1,0,,,,,,,,
13,13017,1,19,14,5,,,,,,,,
13,13017,2,0,0,0,,,,,,,,
13,13017,3,0,0,0,,,,,,,,
13,13017,4,0,0,0,,,,,,,,
13,13017,5,0,0,0,,,,,,,,
13,13017,6,NA,NA,NA,,,,,,,,
13,13017,7,0,0,0,,,,,,,,
13,13017,8,0,0,0,,,,,,,,
13,13017,9,0,0,0,,,,,,,,
13,13018,1,25,23,2,,,,,,,,
13,13018,2,5,5,0,,,,,,,,
13,13018,3,0,0,0,,,,,,,,
13,13018,4,0,0,0,,,,,,,,
13,13018,5,0,0,0,,,,,,,,
13,13018,6,NA,NA,NA,,,,,,,,
13,13018,7,5,5,0,,,,,,,,
13,13018,8,1,0,1,,,,,,,,
13,13018,9,0,0,0,,,,,,,,
13,13019,1,23,18,5,,,,,,,,
13,13019,2,0,0,0,,,,,,,,
13,13019,3,0,0,0,,,,,,,,
13,13019,4,0,0,0,,,,,,,,
13,13019,5,0,0,0,,,,,,,,
13,13019,6,NA,NA,NA,,,,,,,,
13,13019,7,4,4,0,,,,,,,,
13,13019,8,1,0,1,,,,,,,,
13,13019,9,0,0,0,,,,,,,,
13,13020,1,13,10,3,,,,,,,,
13,13020,2,0,0,0,,,,,,,,
13,13020,3,0,0,0,,,,,,,,
13,13020,4,0,0,0,,,,,,,,
13,13020,5,0,0,0,,,,,,,,
13,13020,6,NA,NA,NA,,,,,,,,
13,13020,7,1,1,0,,,,,,,,
13,13020,8,1,1,0,,,,,,,,
13,13020,9,0,0,0,,,,,,,,
13,13021,1,17,7,10,,,,,,,,
13,13021,2,16,13,3,,,,,,,,
13,13021,3,0,0,0,,,,,,,,
13,13021,4,0,0,0,,,,,,,,
13,13021,5,0,0,0,,,,,,,,
13,13021,6,NA,NA,NA,,,,,,,,
13,13021,7,4,4,0,,,,,,,,
13,13021,8,1,0,1,,,,,,,,
13,13021,9,0,0,0,,,,,,,,
13,13022,1,24,19,5,,,,,,,,
13,13022,2,0,0,0,,,,,,,,
13,13022,3,0,0,0,,,,,,,,
13,13022,4,0,0,0,,,,,,,,
13,13022,5,0,0,0,,,,,,,,
13,13022,6,NA,NA,NA,,,,,,,,
13,13022,7,1,1,0,,,,,,,,
13,13022,8,0,0,0,,,,,,,,
13,13022,9,0,0,0,,,,,,,,
13,13023,1,31,26,5,,,,,,,,
13,13023,2,0,0,0,,,,,,,,
13,13023,3,0,0,0,,,,,,,,
13,13023,4,0,0,0,,,,,,,,
13,13023,5,0,0,0,,,,,,,,
13,13023,6,NA,NA,NA,,,,,,,,
13,13023,7,5,5,0,,,,,,,,
13,13023,8,0,0,0,,,,,,,,
13,13023,9,0,0,0,,,,,,,,
13,13024,1,27,24,3,,,,,,,,
13,13024,2,0,0,0,,,,,,,,
13,13024,3,0,0,0,,,,,,,,
13,13024,4,0,0,0,,,,,,,,
13,13024,5,0,0,0,,,,,,,,
13,13024,6,NA,NA,NA,,,,,,,,
13,13024,7,2,2,0,,,,,,,,
13,13024,8,1,0,1,,,,,,,,
13,13024,9,0,0,0,,,,,,,,
13,13025,1,25,23,2,,,,,,,,
13,13025,2,0,0,0,,,,,,,,
13,13025,3,0,0,0,,,,,,,,
13,13025,4,0,0,0,,,,,,,,
13,13025,5,0,0,0,,,,,,,,
13,13025,6,NA,NA,NA,,,,,,,,
13,13025,7,2,2,0,,,,,,,,
13,13025,8,0,0,0,,,,,,,,
13,13025,9,0,0,0,,,,,,,,
13,13026,1,18,16,2,,,,,,,,
13,13026,2,0,0,0,,,,,,,,
13,13026,3,0,0,0,,,,,,,,
13,13026,4,0,0,0,,,,,,,,
13,13026,5,0,0,0,,,,,,,,
13,13026,6,NA,NA,NA,,,,,,,,
13,13026,7,3,3,0,,,,,,,,
13,13026,8,2,2,0,,,,,,,,
13,13026,9,0,0,0,,,,,,,,
13,13027,1,37,34,3,,,,,,,,
13,13027,2,0,0,0,,,,,,,,
13,13027,3,0,0,0,,,,,,,,
13,13027,4,0,0,0,,,,,,,,
13,13027,5,0,0,0,,,,,,,,
13,13027,6,NA,NA,NA,,,,,,,,
13,13027,7,1,1,0,,,,,,,,
13,13027,8,0,0,0,,,,,,,,
13,13027,9,0,0,0,,,,,,,,
13,13028,1,132,121,11,,,,,,,,
13,13028,2,40,34,6,,,,,,,,
13,13028,3,0,0,0,,,,,,,,
13,13028,4,0,0,0,,,,,,,,
13,13028,5,0,0,0,,,,,,,,
13,13028,6,NA,NA,NA,,,,,,,,
13,13028,7,1,1,0,,,,,,,,
13,13028,8,0,0,0,,,,,,,,
13,13028,9,0,0,0,,,,,,,,
13,13029,1,35,29,6,,,,,,,,
13,13029,2,0,0,0,,,,,,,,
13,13029,3,0,0,0,,,,,,,,
13,13029,4,0,0,0,,,,,,,,
13,13029,5,0,0,0,,,,,,,,
13,13029,6,NA,NA,NA,,,,,,,,
13,13029,7,5,5,0,,,,,,,,
13,13029,8,1,0,1,,,,,,,,
13,13029,9,0,0,0,,,,,,,,
13,13030,1,74,57,17,,,,,,,,
13,13030,2,0,0,0,,,,,,,,
13,13030,3,0,0,0,,,,,,,,
13,13030,4,0,0,0,,,,,,,,
13,13030,5,0,0,0,,,,,,,,
13,13030,6,NA,NA,NA,,,,,,,,
13,13030,7,7,7,0,,,,,,,,
13,13030,8,0,0,0,,,,,,,,
13,13030,9,0,0,0,,,,,,,,
13,13031,1,18,15,3,,,,,,,,
13,13031,2,0,0,0,,,,,,,,
13,13031,3,0,0,0,,,,,,,,
13,13031,4,0,0,0,,,,,,,,
13,13031,5,0,0,0,,,,,,,,
13,13031,6,NA,NA,NA,,,,,,,,
13,13031,7,2,1,1,,,,,,,,
13,13031,8,1,0,1,,,,,,,,
13,13031,9,0,0,0,,,,,,,,
13,13032,1,19,15,4,,,,,,,,
13,13032,2,0,0,0,,,,,,,,
13,13032,3,0,0,0,,,,,,,,
13,13032,4,0,0,0,,,,,,,,
13,13032,5,0,0,0,,,,,,,,
13,13032,6,NA,NA,NA,,,,,,,,
13,13032,7,3,3,0,,,,,,,,
13,13032,8,0,0,0,,,,,,,,
13,13032,9,0,0,0,,,,,,,,
13,13033,1,14,11,3,,,,,,,,
13,13033,2,0,0,0,,,,,,,,
13,13033,3,0,0,0,,,,,,,,
13,13033,4,0,0,0,,,,,,,,
13,13033,5,0,0,0,,,,,,,,
13,13033,6,NA,NA,NA,,,,,,,,
13,13033,7,1,1,0,,,,,,,,
13,13033,8,0,0,0,,,,,,,,
13,13033,9,0,0,0,,,,,,,,
13,13034,1,17,13,4,,,,,,,,
13,13034,2,0,0,0,,,,,,,,
13,13034,3,0,0,0,,,,,,,,
13,13034,4,0,0,0,,,,,,,,
13,13034,5,0,0,0,,,,,,,,
13,13034,6,NA,NA,NA,,,,,,,,
13,13034,7,1,1,0,,,,,,,,
13,13034,8,0,0,0,,,,,,,,
13,13034,9,0,0,0,,,,,,,,
13,13035,1,0,0,0,,,,,,,,
13,13035,2,15,11,4,,,,,,,,
13,13035,3,0,0,0,,,,,,,,
13,13035,4,0,0,0,,,,,,,,
13,13035,5,0,0,0,,,,,,,,
13,13035,6,NA,NA,NA,,,,,,,,
13,13035,7,3,2,1,,,,,,,,
13,13035,8,1,0,1,,,,,,,,
13,13035,9,0,0,0,,,,,,,,
13,13036,1,24,20,4,,,,,,,,
13,13036,2,0,0,0,,,,,,,,
13,13036,3,0,0,0,,,,,,,,
13,13036,4,0,0,0,,,,,,,,
13,13036,5,0,0,0,,,,,,,,
13,13036,6,NA,NA,NA,,,,,,,,
13,13036,7,1,1,0,,,,,,,,
13,13036,8,0,0,0,,,,,,,,
13,13036,9,0,0,0,,,,,,,,
13,13037,1,28,24,4,,,,,,,,
13,13037,2,0,0,0,,,,,,,,
13,13037,3,0,0,0,,,,,,,,
13,13037,4,0,0,0,,,,,,,,
13,13037,5,0,0,0,,,,,,,,
13,13037,6,NA,NA,NA,,,,,,,,
13,13037,7,1,1,0,,,,,,,,
13,13037,8,0,0,0,,,,,,,,
13,13037,9,0,0,0,,,,,,,,
13,13038,1,21,18,3,,,,,,,,
13,13038,2,0,0,0,,,,,,,,
13,13038,3,0,0,0,,,,,,,,
13,13038,4,0,0,0,,,,,,,,
13,13038,5,0,0,0,,,,,,,,
13,13038,6,NA,NA,NA,,,,,,,,
13,13038,7,2,2,0,,,,,,,,
13,13038,8,0,0,0,,,,,,,,
13,13038,9,0,0,0,,,,,,,,
13,13039,1,24,18,6,,,,,,,,
13,13039,2,0,0,0,,,,,,,,
13,13039,3,0,0,0,,,,,,,,
13,13039,4,0,0,0,,,,,,,,
13,13039,5,0,0,0,,,,,,,,
13,13039,6,NA,NA,NA,,,,,,,,
13,13039,7,1,1,0,,,,,,,,
13,13039,8,0,0,0,,,,,,,,
13,13039,9,0,0,0,,,,,,,,
13,13040,1,16,15,1,,,,,,,,
13,13040,2,0,0,0,,,,,,,,
13,13040,3,0,0,0,,,,,,,,
13,13040,4,0,0,0,,,,,,,,
13,13040,5,0,0,0,,,,,,,,
13,13040,6,NA,NA,NA,,,,,,,,
13,13040,7,1,1,0,,,,,,,,
13,13040,8,0,0,0,,,,,,,,
13,13040,9,0,0,0,,,,,,,,
13,13041,1,76,65,11,,,,,,,,
13,13041,2,0,0,0,,,,,,,,
13,13041,3,0,0,0,,,,,,,,
13,13041,4,0,0,0,,,,,,,,
13,13041,5,0,0,0,,,,,,,,
13,13041,6,NA,NA,NA,,,,,,,,
13,13041,7,5,4,1,,,,,,,,
13,13041,8,1,0,1,,,,,,,,
13,13041,9,0,0,0,,,,,,,,
13,13042,1,23,20,3,,,,,,,,
13,13042,2,0,0,0,,,,,,,,
13,13042,3,0,0,0,,,,,,,,
13,13042,4,0,0,0,,,,,,,,
13,13042,5,0,0,0,,,,,,,,
13,13042,6,NA,NA,NA,,,,,,,,
13,13042,7,1,1,0,,,,,,,,
13,13042,8,1,0,1,,,,,,,,
13,13042,9,0,0,0,,,,,,,,
13,13043,1,13,13,0,,,,,,,,
13,13043,2,0,0,0,,,,,,,,
13,13043,3,0,0,0,,,,,,,,
13,13043,4,0,0,0,,,,,,,,
13,13043,5,0,0,0,,,,,,,,
13,13043,6,NA,NA,NA,,,,,,,,
13,13043,7,4,4,0,,,,,,,,
13,13043,8,1,0,1,,,,,,,,
13,13043,9,0,0,0,,,,,,,,
13,13044,1,0,0,0,,,,,,,,
13,13044,2,0,0,0,,,,,,,,
13,13044,3,0,0,0,,,,,,,,
13,13044,4,0,0,0,,,,,,,,
13,13044,5,20,17,3,,,,,,,,
13,13044,6,NA,NA,NA,,,,,,,,
13,13044,7,2,2,0,,,,,,,,
13,13044,8,1,0,1,,,,,,,,
13,13044,9,0,0,0,,,,,,,,
13,13045,1,19,17,2,,,,,,,,
13,13045,2,0,0,0,,,,,,,,
13,13045,3,0,0,0,,,,,,,,
13,13045,4,0,0,0,,,,,,,,
13,13045,5,0,0,0,,,,,,,,
13,13045,6,NA,NA,NA,,,,,,,,
13,13045,7,1,1,0,,,,,,,,
13,13045,8,0,0,0,,,,,,,,
13,13045,9,0,0,0,,,,,,,,
13,13046,1,31,29,2,,,,,,,,
13,13046,2,20,20,0,,,,,,,,
13,13046,3,0,0,0,,,,,,,,
13,13046,4,0,0,0,,,,,,,,
13,13046,5,0,0,0,,,,,,,,
13,13046,6,NA,NA,NA,,,,,,,,
13,13046,7,6,5,1,,,,,,,,
13,13046,8,2,1,1,,,,,,,,
13,13046,9,0,0,0,,,,,,,,
13,13047,1,14,13,1,,,,,,,,
13,13047,2,0,0,0,,,,,,,,
13,13047,3,0,0,0,,,,,,,,
13,13047,4,0,0,0,,,,,,,,
13,13047,5,0,0,0,,,,,,,,
13,13047,6,NA,NA,NA,,,,,,,,
13,13047,7,1,1,0,,,,,,,,
13,13047,8,0,0,0,,,,,,,,
13,13047,9,0,0,0,,,,,,,,
13,13048,1,335,283,52,,,,,,,,
13,13048,2,155,120,35,,,,,,,,
13,13048,3,0,0,0,,,,,,,,
13,13048,4,0,0,0,,,,,,,,
13,13048,5,0,0,0,,,,,,,,
13,13048,6,116,68,48,,,,,,,,
13,13048,7,0,0,0,,,,,,,,
13,13048,8,72,31,41,,,,,,,,
13,13048,9,0,0,0,,,,,,,,
13,13049,1,22,20,2,,,,,,,,
13,13049,2,0,0,0,,,,,,,,
13,13049,3,0,0,0,,,,,,,,
13,13049,4,0,0,0,,,,,,,,
13,13049,5,0,0,0,,,,,,,,
13,13049,6,NA,NA,NA,,,,,,,,
13,13049,7,2,2,0,,,,,,,,
13,13049,8,1,1,0,,,,,,,,
13,13049,9,0,0,0,,,,,,,,
13,13050,1,0,0,0,,,,,,,,
13,13050,2,0,0,0,,,,,,,,
13,13050,3,0,0,0,,,,,,,,
13,13050,4,0,0,0,,,,,,,,
13,13050,5,32,29,3,,,,,,,,
13,13050,6,NA,NA,NA,,,,,,,,
13,13050,7,5,5,0,,,,,,,,
13,13050,8,1,0,1,,,,,,,,
13,13050,9,0,0,0,,,,,,,,
13,13051,1,116,87,29,,,,,,,,
13,13051,2,20,20,0,,,,,,,,
13,13051,3,0,0,0,,,,,,,,
13,13051,4,0,0,0,,,,,,,,
13,13051,5,0,0,0,,,,,,,,
13,13051,6,NA,NA,NA,,,,,,,,
13,13051,7,0,0,0,,,,,,,,
13,13051,8,0,0,0,,,,,,,,
13,13051,9,0,0,0,,,,,,,,
13,13052,1,26,22,4,,,,,,,,
13,13052,2,9,9,0,,,,,,,,
13,13052,3,0,0,0,,,,,,,,
13,13052,4,0,0,0,,,,,,,,
13,13052,5,0,0,0,,,,,,,,
13,13052,6,NA,NA,NA,,,,,,,,
13,13052,7,3,3,0,,,,,,,,
13,13052,8,2,0,2,,,,,,,,
13,13052,9,0,0,0,,,,,,,,
13,13053,1,28,28,0,,,,,,,,
13,13053,2,11,1,10,,,,,,,,
13,13053,3,0,0,0,,,,,,,,
13,13053,4,0,0,0,,,,,,,,
13,13053,5,0,0,0,,,,,,,,
13,13053,6,NA,NA,NA,,,,,,,,
13,13053,7,12,10,2,,,,,,,,
13,13053,8,3,2,1,,,,,,,,
13,13053,9,0,0,0,,,,,,,,
13,13054,1,19,16,3,,,,,,,,
13,13054,2,0,0,0,,,,,,,,
13,13054,3,0,0,0,,,,,,,,
13,13054,4,0,0,0,,,,,,,,
13,13054,5,0,0,0,,,,,,,,
13,13054,6,NA,NA,NA,,,,,,,,
13,13054,7,4,4,0,,,,,,,,
13,13054,8,0,0,0,,,,,,,,
13,13054,9,0,0,0,,,,,,,,
13,13055,1,23,17,6,,,,,,,,
13,13055,2,0,0,0,,,,,,,,
13,13055,3,0,0,0,,,,,,,,
13,13055,4,0,0,0,,,,,,,,
13,13055,5,0,0,0,,,,,,,,
13,13055,6,NA,NA,NA,,,,,,,,
13,13055,7,2,2,0,,,,,,,,
13,13055,8,1,1,0,,,,,,,,
13,13055,9,0,0,0,,,,,,,,
13,13056,1,54,34,20,,,,,,,,
13,13056,2,1,1,0,,,,,,,,
13,13056,3,0,0,0,,,,,,,,
13,13056,4,0,0,0,,,,,,,,
13,13056,5,0,0,0,,,,,,,,
13,13056,6,NA,NA,NA,,,,,,,,
13,13056,7,5,5,0,,,,,,,,
13,13056,8,0,0,0,,,,,,,,
13,13056,9,0,0,0,,,,,,,,
13,13057,1,28,22,6,,,,,,,,
13,13057,2,0,0,0,,,,,,,,
13,13057,3,0,0,0,,,,,,,,
13,13057,4,0,0,0,,,,,,,,
13,13057,5,0,0,0,,,,,,,,
13,13057,6,NA,NA,NA,,,,,,,,
13,13057,7,4,4,0,,,,,,,,
13,13057,8,2,0,2,,,,,,,,
13,13057,9,0,0,0,,,,,,,,
13,13058,1,19,15,4,,,,,,,,
13,13058,2,0,0,0,,,,,,,,
13,13058,3,0,0,0,,,,,,,,
13,13058,4,0,0,0,,,,,,,,
13,13058,5,0,0,0,,,,,,,,
13,13058,6,NA,NA,NA,,,,,,,,
13,13058,7,1,1,0,,,,,,,,
13,13058,8,0,0,0,,,,,,,,
13,13058,9,0,0,0,,,,,,,,
13,13059,1,24,21,3,,,,,,,,
13,13059,2,23,19,4,,,,,,,,
13,13059,3,0,0,0,,,,,,,,
13,13059,4,0,0,0,,,,,,,,
13,13059,5,0,0,0,,,,,,,,
13,13059,6,NA,NA,NA,,,,,,,,
13,13059,7,2,2,0,,,,,,,,
13,13059,8,2,0,2,,,,,,,,
13,13059,9,0,0,0,,,,,,,,
13,13060,1,18,17,1,,,,,,,,
13,13060,2,4,2,2,,,,,,,,
13,13060,3,0,0,0,,,,,,,,
13,13060,4,0,0,0,,,,,,,,
13,13060,5,0,0,0,,,,,,,,
13,13060,6,NA,NA,NA,,,,,,,,
13,13060,7,3,3,0,,,,,,,,
13,13060,8,2,2,0,,,,,,,,
13,13060,9,0,0,0,,,,,,,,
13,13061,1,79,60,19,,,,,,,,
13,13061,2,10,8,2,,,,,,,,
13,13061,3,0,0,0,,,,,,,,
13,13061,4,0,0,0,,,,,,,,
13,13061,5,0,0,0,,,,,,,,
13,13061,6,NA,NA,NA,,,,,,,,
13,13061,7,3,2,1,,,,,,,,
13,13061,8,13,6,7,,,,,,,,
13,13061,9,0,0,0,,,,,,,,
13,13062,1,24,20,4,,,,,,,,
13,13062,2,0,0,0,,,,,,,,
13,13062,3,0,0,0,,,,,,,,
13,13062,4,0,0,0,,,,,,,,
13,13062,5,0,0,0,,,,,,,,
13,13062,6,NA,NA,NA,,,,,,,,
13,13062,7,3,2,1,,,,,,,,
13,13062,8,1,0,1,,,,,,,,
13,13062,9,0,0,0,,,,,,,,
13,13063,1,91,73,18,,,,,,,,
13,13063,2,0,0,0,,,,,,,,
13,13063,3,0,0,0,,,,,,,,
13,13063,4,0,0,0,,,,,,,,
13,13063,5,0,0,0,,,,,,,,
13,13063,6,NA,NA,NA,,,,,,,,
13,13063,7,5,4,1,,,,,,,,
13,13063,8,9,5,4,,,,,,,,
13,13063,9,0,0,0,,,,,,,,
13,13064,1,13,11,2,,,,,,,,
13,13064,2,0,0,0,,,,,,,,
13,13064,3,0,0,0,,,,,,,,
13,13064,4,0,0,0,,,,,,,,
13,13064,5,0,0,0,,,,,,,,
13,13064,6,NA,NA,NA,,,,,,,,
13,13064,7,0,0,0,,,,,,,,
13,13064,8,0,0,0,,,,,,,,
13,13064,9,0,0,0,,,,,,,,
13,13065,1,18,18,0,,,,,,,,
13,13065,2,0,0,0,,,,,,,,
13,13065,3,0,0,0,,,,,,,,
13,13065,4,0,0,0,,,,,,,,
13,13065,5,0,0,0,,,,,,,,
13,13065,6,NA,NA,NA,,,,,,,,
13,13065,7,2,2,0,,,,,,,,
13,13065,8,2,0,2,,,,,,,,
13,13065,9,0,0,0,,,,,,,,
13,13066,1,27,24,3,,,,,,,,
13,13066,2,0,0,0,,,,,,,,
13,13066,3,0,0,0,,,,,,,,
13,13066,4,0,0,0,,,,,,,,
13,13066,5,0,0,0,,,,,,,,
13,13066,6,NA,NA,NA,,,,,,,,
13,13066,7,1,1,0,,,,,,,,
13,13066,8,0,0,0,,,,,,,,
13,13066,9,0,0,0,,,,,,,,
13,13067,1,28,24,4,,,,,,,,
13,13067,2,27,20,7,,,,,,,,
13,13067,3,0,0,0,,,,,,,,
13,13067,4,0,0,0,,,,,,,,
13,13067,5,0,0,0,,,,,,,,
13,13067,6,NA,NA,NA,,,,,,,,
13,13067,7,4,4,0,,,,,,,,
13,13067,8,1,0,1,,,,,,,,
13,13067,9,2,2,0,,,,,,,,
13,13068,1,21,19,2,,,,,,,,
13,13068,2,0,0,0,,,,,,,,
13,13068,3,0,0,0,,,,,,,,
13,13068,4,0,0,0,,,,,,,,
13,13068,5,0,0,0,,,,,,,,
13,13068,6,NA,NA,NA,,,,,,,,
13,13068,7,1,1,0,,,,,,,,
13,13068,8,0,0,0,,,,,,,,
13,13068,9,0,0,0,,,,,,,,
13,13069,1,119,96,23,,,,,,,,
13,13069,2,28,25,3,,,,,,,,
13,13069,3,0,0,0,,,,,,,,
13,13069,4,0,0,0,,,,,,,,
13,13069,5,0,0,0,,,,,,,,
13,13069,6,NA,NA,NA,,,,,,,,
13,13069,7,2,2,0,,,,,,,,
13,13069,8,0,0,0,,,,,,,,
13,13069,9,0,0,0,,,,,,,,
13,13070,1,25,21,4,,,,,,,,
13,13070,2,NSS,NSS,NSS,,,,,,,,
13,13070,3,0,0,0,,,,,,,,
13,13070,4,0,0,0,,,,,,,,
13,13070,5,0,0,0,,,,,,,,
13,13070,6,NA,NA,NA,,,,,,,,
13,13070,7,6,6,0,,,,,,,,
13,13070,8,3,0,3,,,,,,,,
13,13070,9,0,0,0,,,,,,,,
13,13071,1,15,14,1,,,,,,,,
13,13071,2,0,0,0,,,,,,,,
13,13071,3,0,0,0,,,,,,,,
13,13071,4,0,0,0,,,,,,,,
13,13071,5,0,0,0,,,,,,,,
13,13071,6,NA,NA,NA,,,,,,,,
13,13071,7,1,1,0,,,,,,,,
13,13071,8,0,0,0,,,,,,,,
13,13071,9,0,0,0,,,,,,,,
13,13072,1,14,9,5,,,,,,,,
13,13072,2,0,0,0,,,,,,,,
13,13072,3,0,0,0,,,,,,,,
13,13072,4,0,0,0,,,,,,,,
13,13072,5,0,0,0,,,,,,,,
13,13072,6,NA,NA,NA,,,,,,,,
13,13072,7,1,1,0,,,,,,,,
13,13072,8,1,1,0,,,,,,,,
13,13072,9,0,0,0,,,,,,,,
13,13073,1,37,28,9,,,,,,,,
13,13073,2,0,0,0,,,,,,,,
13,13073,3,0,0,0,,,,,,,,
13,13073,4,0,0,0,,,,,,,,
13,13073,5,0,0,0,,,,,,,,
13,13073,6,NA,NA,NA,,,,,,,,
13,13073,7,6,4,2,,,,,,,,
13,13073,8,2,2,0,,,,,,,,
13,13073,9,0,0,0,,,,,,,,
13,13074,1,0,0,0,,,,,,,,
13,13074,2,25,21,4,,,,,,,,
13,13074,3,0,0,0,,,,,,,,
13,13074,4,0,0,0,,,,,,,,
13,13074,5,0,0,0,,,,,,,,
13,13074,6,NA,NA,NA,,,,,,,,
13,13074,7,5,5,0,,,,,,,,
13,13074,8,2,0,2,,,,,,,,
13,13074,9,0,0,0,,,,,,,,
13,13075,1,15,11,4,,,,,,,,
13,13075,2,9,4,5,,,,,,,,
13,13075,3,0,0,0,,,,,,,,
13,13075,4,0,0,0,,,,,,,,
13,13075,5,0,0,0,,,,,,,,
13,13075,6,NA,NA,NA,,,,,,,,
13,13075,7,5,4,1,,,,,,,,
13,13075,8,2,2,0,,,,,,,,
13,13075,9,0,0,0,,,,,,,,
13,13076,1,236,186,50,,,,,,,,
13,13076,2,0,0,0,,,,,,,,
13,13076,3,0,0,0,,,,,,,,
13,13076,4,0,0,0,,,,,,,,
13,13076,5,0,0,0,,,,,,,,
13,13076,6,NA,NA,NA,,,,,,,,
13,13076,7,3,3,0,,,,,,,,
13,13076,8,4,3,1,,,,,,,,
13,13076,9,0,0,0,,,,,,,,
13,13077,1,224,189,35,,,,,,,,
13,13077,2,35,24,11,,,,,,,,
13,13077,3,0,0,0,,,,,,,,
13,13077,4,0,0,0,,,,,,,,
13,13077,5,0,0,0,,,,,,,,
13,13077,6,NA,NA,NA,,,,,,,,
13,13077,7,2,2,0,,,,,,,,
13,13077,8,2,1,1,,,,,,,,
13,13077,9,0,0,0,,,,,,,,
13,13078,1,33,33,0,,,,,,,,
13,13078,2,5,5,0,,,,,,,,
13,13078,3,0,0,0,,,,,,,,
13,13078,4,0,0,0,,,,,,,,
13,13078,5,0,0,0,,,,,,,,
13,13078,6,NA,NA,NA,,,,,,,,
13,13078,7,2,2,0,,,,,,,,
13,13078,8,0,0,0,,,,,,,,
13,13078,9,0,0,0,,,,,,,,
13,13079,1,18,16,2,,,,,,,,
13,13079,2,0,0,0,,,,,,,,
13,13079,3,0,0,0,,,,,,,,
13,13079,4,0,0,0,,,,,,,,
13,13079,5,0,0,0,,,,,,,,
13,13079,6,NA,NA,NA,,,,,,,,
13,13079,7,3,2,1,,,,,,,,
13,13079,8,1,0,1,,,,,,,,
13,13079,9,0,0,0,,,,,,,,
13,13080,1,51,44,7,,,,,,,,
13,13080,2,0,0,0,,,,,,,,
13,13080,3,0,0,0,,,,,,,,
13,13080,4,0,0,0,,,,,,,,
13,13080,5,0,0,0,,,,,,,,
13,13080,6,NA,NA,NA,,,,,,,,
13,13080,7,2,2,0,,,,,,,,
13,13080,8,1,1,0,,,,,,,,
13,13080,9,0,0,0,,,,,,,,
13,13081,1,35,28,7,,,,,,,,
13,13081,2,37,34,3,,,,,,,,
13,13081,3,0,0,0,,,,,,,,
13,13081,4,0,0,0,,,,,,,,
13,13081,5,0,0,0,,,,,,,,
13,13081,6,NA,NA,NA,,,,,,,,
13,13081,7,2,2,0,,,,,,,,
13,13081,8,1,0,1,,,,,,,,
13,13081,9,0,0,0,,,,,,,,
13,13082,1,30,26,4,,,,,,,,
13,13082,2,0,0,0,,,,,,,,
13,13082,3,0,0,0,,,,,,,,
13,13082,4,0,0,0,,,,,,,,
13,13082,5,0,0,0,,,,,,,,
13,13082,6,NA,NA,NA,,,,,,,,
13,13082,7,2,2,0,,,,,,,,
13,13082,8,1,1,0,,,,,,,,
13,13082,9,0,0,0,,,,,,,,
13,13083,1,50,34,16,,,,,,,,
13,13083,2,12,8,4,,,,,,,,
13,13083,3,0,0,0,,,,,,,,
13,13083,4,0,0,0,,,,,,,,
13,13083,5,0,0,0,,,,,,,,
13,13083,6,NA,NA,NA,,,,,,,,
13,13083,7,3,3,0,,,,,,,,
13,13083,8,3,3,0,,,,,,,,
13,13083,9,0,0,0,,,,,,,,
13,13084,1,29,25,4,,,,,,,,
13,13084,2,0,0,0,,,,,,,,
13,13084,3,0,0,0,,,,,,,,
13,13084,4,0,0,0,,,,,,,,
13,13084,5,0,0,0,,,,,,,,
13,13084,6,NA,NA,NA,,,,,,,,
13,13084,7,6,6,0,,,,,,,,
13,13084,8,4,0,4,,,,,,,,
13,13084,9,0,0,0,,,,,,,,
14,14001,1,25,18,7,,,,,,,,
14,14001,2,0,0,0,,,,,,,,
14,14001,3,0,0,0,,,,,,,,
14,14001,4,0,0,0,,,,,,,,
14,14001,5,0,0,0,,,,,,,,
14,14001,6,NA,NA,NA,,,,,,,,
14,14001,7,5,5,0,,,,,,,,
14,14001,8,4,2,2,,,,,,,,
14,14001,9,0,0,0,,,,,,,,
14,14002,1,30,23,7,,,,,,,,
14,14002,2,0,0,0,,,,,,,,
14,14002,3,0,0,0,,,,,,,,
14,14002,4,0,0,0,,,,,,,,
14,14002,5,0,0,0,,,,,,,,
14,14002,6,NA,NA,NA,,,,,,,,
14,14002,7,1,1,0,,,,,,,,
14,14002,8,1,0,1,,,,,,,,
14,14002,9,0,0,0,,,,,,,,
14,14003,1,32,24,8,,,,,,,,
14,14003,2,0,0,0,,,,,,,,
14,14003,3,0,0,0,,,,,,,,
14,14003,4,0,0,0,,,,,,,,
14,14003,5,0,0,0,,,,,,,,
14,14003,6,NA,NA,NA,,,,,,,,
14,14003,7,1,1,0,,,,,,,,
14,14003,8,0,0,0,,,,,,,,
14,14003,9,0,0,0,,,,,,,,
14,14004,1,9,8,1,,,,,,,,
14,14004,2,0,0,0,,,,,,,,
14,14004,3,0,0,0,,,,,,,,
14,14004,4,0,0,0,,,,,,,,
14,14004,5,0,0,0,,,,,,,,
14,14004,6,NA,NA,NA,,,,,,,,
14,14004,7,3,3,0,,,,,,,,
14,14004,8,2,0,2,,,,,,,,
14,14004,9,0,0,0,,,,,,,,
14,14005,1,23,16,7,,,,,,,,
14,14005,2,0,0,0,,,,,,,,
14,14005,3,0,0,0,,,,,,,,
14,14005,4,0,0,0,,,,,,,,
14,14005,5,0,0,0,,,,,,,,
14,14005,6,NA,NA,NA,,,,,,,,
14,14005,7,3,3,0,,,,,,,,
14,14005,8,0,0,0,,,,,,,,
14,14005,9,0,0,0,,,,,,,,
14,14006,1,75,70,5,,,,,,,,
14,14006,2,0,0,0,,,,,,,,
14,14006,3,0,0,0,,,,,,,,
14,14006,4,0,0,0,,,,,,,,
14,14006,5,0,0,0,,,,,,,,
14,14006,6,14,7,7,,,,,,,,
14,14006,7,6,5,1,,,,,,,,
14,14006,8,4,1,3,,,,,,,,
14,14006,9,3,1,2,,,,,,,,
14,14007,1,21,13,8,,,,,,,,
14,14007,2,0,0,0,,,,,,,,
14,14007,3,0,0,0,,,,,,,,
14,14007,4,0,0,0,,,,,,,,
14,14007,5,0,0,0,,,,,,,,
14,14007,6,NA,NA,NA,,,,,,,,
14,14007,7,3,3,0,,,,,,,,
14,14007,8,1,0,1,,,,,,,,
14,14007,9,0,0,0,,,,,,,,
14,14008,1,84,61,23,,,,,,,,
14,14008,2,28,13,15,,,,,,,,
14,14008,3,0,0,0,,,,,,,,
14,14008,4,0,0,0,,,,,,,,
14,14008,5,0,0,0,,,,,,,,
14,14008,6,NA,NA,NA,,,,,,,,
14,14008,7,0,0,0,,,,,,,,
14,14008,8,0,0,0,,,,,,,,
14,14008,9,0,0,0,,,,,,,,
14,14009,1,22,18,4,,,,,,,,
14,14009,2,0,0,0,,,,,,,,
14,14009,3,0,0,0,,,,,,,,
14,14009,4,0,0,0,,,,,,,,
14,14009,5,0,0,0,,,,,,,,
14,14009,6,NA,NA,NA,,,,,,,,
14,14009,7,6,6,0,,,,,,,,
14,14009,8,0,0,0,,,,,,,,
14,14009,9,0,0,0,,,,,,,,
14,14010,1,10,6,4,,,,,,,,
14,14010,2,0,0,0,,,,,,,,
14,14010,3,0,0,0,,,,,,,,
14,14010,4,0,0,0,,,,,,,,
14,14010,5,0,0,0,,,,,,,,
14,14010,6,NA,NA,NA,,,,,,,,
14,14010,7,1,1,0,,,,,,,,
14,14010,8,2,0,2,,,,,,,,
14,14010,9,0,0,0,,,,,,,,
14,14011,1,11,8,3,,,,,,,,
14,14011,2,0,0,0,,,,,,,,
14,14011,3,0,0,0,,,,,,,,
14,14011,4,0,0,0,,,,,,,,
14,14011,5,0,0,0,,,,,,,,
14,14011,6,NA,NA,NA,,,,,,,,
14,14011,7,2,2,0,,,,,,,,
14,14011,8,0,0,0,,,,,,,,
14,14011,9,0,0,0,,,,,,,,
14,14012,1,13,10,3,,,,,,,,
14,14012,2,0,0,0,,,,,,,,
14,14012,3,0,0,0,,,,,,,,
14,14012,4,0,0,0,,,,,,,,
14,14012,5,0,0,0,,,,,,,,
14,14012,6,NA,NA,NA,,,,,,,,
14,14012,7,1,0,1,,,,,,,,
14,14012,8,1,0,1,,,,,,,,
14,14012,9,0,0,0,,,,,,,,
14,14013,1,123,93,30,,,,,,,,
14,14013,2,47,32,15,,,,,,,,
14,14013,3,0,0,0,,,,,,,,
14,14013,4,0,0,0,,,,,,,,
14,14013,5,0,0,0,,,,,,,,
14,14013,6,NA,NA,NA,,,,,,,,
14,14013,7,4,4,0,,,,,,,,
14,14013,8,3,2,1,,,,,,,,
14,14013,9,0,0,0,,,,,,,,
14,14014,1,16,10,6,,,,,,,,
14,14014,2,0,0,0,,,,,,,,
14,14014,3,0,0,0,,,,,,,,
14,14014,4,0,0,0,,,,,,,,
14,14014,5,0,0,0,,,,,,,,
14,14014,6,NA,NA,NA,,,,,,,,
14,14014,7,3,3,0,,,,,,,,
14,14014,8,1,0,1,,,,,,,,
14,14014,9,0,0,0,,,,,,,,
14,14015,1,117,99,18,,,,,,,,
14,14015,2,0,0,0,,,,,,,,
14,14015,3,0,0,0,,,,,,,,
14,14015,4,0,0,0,,,,,,,,
14,14015,5,0,0,0,,,,,,,,
14,14015,6,NA,NA,NA,,,,,,,,
14,14015,7,5,5,0,,,,,,,,
14,14015,8,16,8,8,,,,,,,,
14,14015,9,0,0,0,,,,,,,,
14,14016,1,48,46,2,,,,,,,,
14,14016,2,0,0,0,,,,,,,,
14,14016,3,0,0,0,,,,,,,,
14,14016,4,0,0,0,,,,,,,,
14,14016,5,0,0,0,,,,,,,,
14,14016,6,NA,NA,NA,,,,,,,,
14,14016,7,1,0,1,,,,,,,,
14,14016,8,1,0,1,,,,,,,,
14,14016,9,0,0,0,,,,,,,,
14,14017,1,17,10,7,,,,,,,,
14,14017,2,0,0,0,,,,,,,,
14,14017,3,0,0,0,,,,,,,,
14,14017,4,0,0,0,,,,,,,,
14,14017,5,0,0,0,,,,,,,,
14,14017,6,NA,NA,NA,,,,,,,,
14,14017,7,6,6,0,,,,,,,,
14,14017,8,2,0,2,,,,,,,,
14,14017,9,0,0,0,,,,,,,,
14,14018,1,82,69,13,,,,,,,,
14,14018,2,0,0,0,,,,,,,,
14,14018,3,0,0,0,,,,,,,,
14,14018,4,0,0,0,,,,,,,,
14,14018,5,0,0,0,,,,,,,,
14,14018,6,NA,NA,NA,,,,,,,,
14,14018,7,1,1,0,,,,,,,,
14,14018,8,4,3,1,,,,,,,,
14,14018,9,0,0,0,,,,,,,,
14,14019,1,17,14,3,,,,,,,,
14,14019,2,0,0,0,,,,,,,,
14,14019,3,0,0,0,,,,,,,,
14,14019,4,0,0,0,,,,,,,,
14,14019,5,0,0,0,,,,,,,,
14,14019,6,NA,NA,NA,,,,,,,,
14,14019,7,3,3,0,,,,,,,,
14,14019,8,0,0,0,,,,,,,,
14,14019,9,0,0,0,,,,,,,,
14,14020,1,17,13,4,,,,,,,,
14,14020,2,0,0,0,,,,,,,,
14,14020,3,0,0,0,,,,,,,,
14,14020,4,0,0,0,,,,,,,,
14,14020,5,0,0,0,,,,,,,,
14,14020,6,NA,NA,NA,,,,,,,,
14,14020,7,3,3,0,,,,,,,,
14,14020,8,0,0,0,,,,,,,,
14,14020,9,0,0,0,,,,,,,,
14,14021,1,28,20,8,,,,,,,,
14,14021,2,4,3,1,,,,,,,,
14,14021,3,0,0,0,,,,,,,,
14,14021,4,0,0,0,,,,,,,,
14,14021,5,0,0,0,,,,,,,,
14,14021,6,NA,NA,NA,,,,,,,,
14,14021,7,3,3,0,,,,,,,,
14,14021,8,2,0,2,,,,,,,,
14,14021,9,2,0,2,,,,,,,,
14,14022,1,112,91,21,,,,,,,,
14,14022,2,0,0,0,,,,,,,,
14,14022,3,0,0,0,,,,,,,,
14,14022,4,0,0,0,,,,,,,,
14,14022,5,0,0,0,,,,,,,,
14,14022,6,NA,NA,NA,,,,,,,,
14,14022,7,4,4,0,,,,,,,,
14,14022,8,6,1,5,,,,,,,,
14,14022,9,0,0,0,,,,,,,,
14,14023,1,205,149,56,,,,,,,,
14,14023,2,0,0,0,,,,,,,,
14,14023,3,0,0,0,,,,,,,,
14,14023,4,0,0,0,,,,,,,,
14,14023,5,0,0,0,,,,,,,,
14,14023,6,NA,NA,NA,,,,,,,,
14,14023,7,1,1,0,,,,,,,,
14,14023,8,0,0,0,,,,,,,,
14,14023,9,0,0,0,,,,,,,,
14,14024,1,26,16,10,,,,,,,,
14,14024,2,0,0,0,,,,,,,,
14,14024,3,0,0,0,,,,,,,,
14,14024,4,0,0,0,,,,,,,,
14,14024,5,0,0,0,,,,,,,,
14,14024,6,NA,NA,NA,,,,,,,,
14,14024,7,1,1,0,,,,,,,,
14,14024,8,0,0,0,,,,,,,,
14,14024,9,0,0,0,,,,,,,,
14,14025,1,17,14,3,,,,,,,,
14,14025,2,8,6,2,,,,,,,,
14,14025,3,1,1,0,,,,,,,,
14,14025,4,0,0,0,,,,,,,,
14,14025,5,0,0,0,,,,,,,,
14,14025,6,NA,NA,NA,,,,,,,,
14,14025,7,3,3,0,,,,,,,,
14,14025,8,4,1,3,,,,,,,,
14,14025,9,0,0,0,,,,,,,,
14,14026,1,0,0,0,,,,,,,,
14,14026,2,0,0,0,,,,,,,,
14,14026,3,0,0,0,,,,,,,,
14,14026,4,0,0,0,,,,,,,,
14,14026,5,6,4,2,,,,,,,,
14,14026,6,0,0,0,,,,,,,,
14,14026,7,1,1,0,,,,,,,,
14,14026,8,0,0,0,,,,,,,,
14,14026,9,0,0,0,,,,,,,,
14,14027,1,44,42,2,,,,,,,,
14,14027,2,0,0,0,,,,,,,,
14,14027,3,0,0,0,,,,,,,,
14,14027,4,0,0,0,,,,,,,,
14,14027,5,0,0,0,,,,,,,,
14,14027,6,NA,NA,NA,,,,,,,,
14,14027,7,3,3,0,,,,,,,,
14,14027,8,2,2,0,,,,,,,,
14,14027,9,0,0,0,,,,,,,,
14,14028,1,6,6,0,,,,,,,,
14,14028,2,0,0,0,,,,,,,,
14,14028,3,0,0,0,,,,,,,,
14,14028,4,0,0,0,,,,,,,,
14,14028,5,0,0,0,,,,,,,,
14,14028,6,NA,NA,NA,,,,,,,,
14,14028,7,2,2,0,,,,,,,,
14,14028,8,1,0,1,,,,,,,,
14,14028,9,0,0,0,,,,,,,,
14,14029,1,36,33,3,,,,,,,,
14,14029,2,0,0,0,,,,,,,,
14,14029,3,0,0,0,,,,,,,,
14,14029,4,0,0,0,,,,,,,,
14,14029,5,0,0,0,,,,,,,,
14,14029,6,NA,NA,NA,,,,,,,,
14,14029,7,1,1,0,,,,,,,,
14,14029,8,1,1,0,,,,,,,,
14,14029,9,0,0,0,,,,,,,,
14,14030,1,82,68,14,,,,,,,,
14,14030,2,0,0,0,,,,,,,,
14,14030,3,0,0,0,,,,,,,,
14,14030,4,0,0,0,,,,,,,,
14,14030,5,0,0,0,,,,,,,,
14,14030,6,NA,NA,NA,,,,,,,,
14,14030,7,5,5,0,,,,,,,,
14,14030,8,10,1,9,,,,,,,,
14,14030,9,0,0,0,,,,,,,,
14,14031,1,12,11,1,,,,,,,,
14,14031,2,0,0,0,,,,,,,,
14,14031,3,0,0,0,,,,,,,,
14,14031,4,0,0,0,,,,,,,,
14,14031,5,0,0,0,,,,,,,,
14,14031,6,NA,NA,NA,,,,,,,,
14,14031,7,1,1,0,,,,,,,,
14,14031,8,0,0,0,,,,,,,,
14,14031,9,0,0,0,,,,,,,,
14,14032,1,14,11,3,,,,,,,,
14,14032,2,0,0,0,,,,,,,,
14,14032,3,0,0,0,,,,,,,,
14,14032,4,0,0,0,,,,,,,,
14,14032,5,0,0,0,,,,,,,,
14,14032,6,NA,NA,NA,,,,,,,,
14,14032,7,2,2,0,,,,,,,,
14,14032,8,1,0,1,,,,,,,,
14,14032,9,0,0,0,,,,,,,,
14,14033,1,41,35,6,,,,,,,,
14,14033,2,8,3,5,,,,,,,,
14,14033,3,0,0,0,,,,,,,,
14,14033,4,0,0,0,,,,,,,,
14,14033,5,0,0,0,,,,,,,,
14,14033,6,NA,NA,NA,,,,,,,,
14,14033,7,3,3,0,,,,,,,,
14,14033,8,2,0,2,,,,,,,,
14,14033,9,0,0,0,,,,,,,,
14,14034,1,5,5,0,,,,,,,,
14,14034,2,0,0,0,,,,,,,,
14,14034,3,0,0,0,,,,,,,,
14,14034,4,0,0,0,,,,,,,,
14,14034,5,0,0,0,,,,,,,,
14,14034,6,NA,NA,NA,,,,,,,,
14,14034,7,0,0,0,,,,,,,,
14,14034,8,0,0,0,,,,,,,,
14,14034,9,0,0,0,,,,,,,,
14,14035,1,82,75,7,,,,,,,,
14,14035,2,0,0,0,,,,,,,,
14,14035,3,0,0,0,,,,,,,,
14,14035,4,0,0,0,,,,,,,,
14,14035,5,0,0,0,,,,,,,,
14,14035,6,NA,NA,NA,,,,,,,,
14,14035,7,6,6,0,,,,,,,,
14,14035,8,2,1,1,,,,,,,,
14,14035,9,0,0,0,,,,,,,,
14,14036,1,20,17,3,,,,,,,,
14,14036,2,0,0,0,,,,,,,,
14,14036,3,0,0,0,,,,,,,,
14,14036,4,0,0,0,,,,,,,,
14,14036,5,0,0,0,,,,,,,,
14,14036,6,NA,NA,NA,,,,,,,,
14,14036,7,4,4,0,,,,,,,,
14,14036,8,1,1,0,,,,,,,,
14,14036,9,0,0,0,,,,,,,,
14,14037,1,51,36,15,,,,,,,,
14,14037,2,0,0,0,,,,,,,,
14,14037,3,0,0,0,,,,,,,,
14,14037,4,0,0,0,,,,,,,,
14,14037,5,0,0,0,,,,,,,,
14,14037,6,NA,NA,NA,,,,,,,,
14,14037,7,3,3,0,,,,,,,,
14,14037,8,12,3,9,,,,,,,,
14,14037,9,0,0,0,,,,,,,,
14,14038,1,10,7,3,,,,,,,,
14,14038,2,0,0,0,,,,,,,,
14,14038,3,0,0,0,,,,,,,,
14,14038,4,0,0,0,,,,,,,,
14,14038,5,0,0,0,,,,,,,,
14,14038,6,NA,NA,NA,,,,,,,,
14,14038,7,0,0,0,,,,,,,,
14,14038,8,1,0,1,,,,,,,,
14,14038,9,0,0,0,,,,,,,,
14,14039,1,2589,2196,393,,,,,,,,
14,14039,2,0,0,0,,,,,,,,
14,14039,3,0,0,0,,,,,,,,
14,14039,4,0,0,0,,,,,,,,
14,14039,5,0,0,0,,,,,,,,
14,14039,6,NA,NA,NA,,,,,,,,
14,14039,7,71,51,20,,,,,,,,
14,14039,8,126,52,74,,,,,,,,
14,14039,9,477,279,198,,,,,,,,
14,14040,1,17,15,2,,,,,,,,
14,14040,2,4,2,2,,,,,,,,
14,14040,3,0,0,0,,,,,,,,
14,14040,4,0,0,0,,,,,,,,
14,14040,5,0,0,0,,,,,,,,
14,14040,6,NA,NA,NA,,,,,,,,
14,14040,7,3,3,0,,,,,,,,
14,14040,8,1,0,1,,,,,,,,
14,14040,9,1,0,1,,,,,,,,
14,14041,1,12,10,2,,,,,,,,
14,14041,2,0,0,0,,,,,,,,
14,14041,3,0,0,0,,,,,,,,
14,14041,4,0,0,0,,,,,,,,
14,14041,5,0,0,0,,,,,,,,
14,14041,6,NA,NA,NA,,,,,,,,
14,14041,7,3,3,0,,,,,,,,
14,14041,8,0,0,0,,,,,,,,
14,14041,9,0,0,0,,,,,,,,
14,14042,1,20,19,1,,,,,,,,
14,14042,2,1,0,1,,,,,,,,
14,14042,3,0,0,0,,,,,,,,
14,14042,4,0,0,0,,,,,,,,
14,14042,5,0,0,0,,,,,,,,
14,14042,6,NA,NA,NA,,,,,,,,
14,14042,7,1,1,0,,,,,,,,
14,14042,8,0,0,0,,,,,,,,
14,14042,9,0,0,0,,,,,,,,
14,14043,1,58,47,11,,,,,,,,
14,14043,2,0,0,0,,,,,,,,
14,14043,3,0,0,0,,,,,,,,
14,14043,4,0,0,0,,,,,,,,
14,14043,5,0,0,0,,,,,,,,
14,14043,6,NA,NA,NA,,,,,,,,
14,14043,7,15,13,2,,,,,,,,
14,14043,8,1,0,1,,,,,,,,
14,14043,9,0,0,0,,,,,,,,
14,14044,1,13,9,4,,,,,,,,
14,14044,2,0,0,0,,,,,,,,
14,14044,3,0,0,0,,,,,,,,
14,14044,4,0,0,0,,,,,,,,
14,14044,5,0,0,0,,,,,,,,
14,14044,6,NA,NA,NA,,,,,,,,
14,14044,7,0,0,0,,,,,,,,
14,14044,8,0,0,0,,,,,,,,
14,14044,9,0,0,0,,,,,,,,
14,14045,1,23,20,3,,,,,,,,
14,14045,2,0,0,0,,,,,,,,
14,14045,3,0,0,0,,,,,,,,
14,14045,4,0,0,0,,,,,,,,
14,14045,5,0,0,0,,,,,,,,
14,14045,6,NA,NA,NA,,,,,,,,
14,14045,7,0,0,0,,,,,,,,
14,14045,8,0,0,0,,,,,,,,
14,14045,9,0,0,0,,,,,,,,
14,14046,1,41,34,7,,,,,,,,
14,14046,2,12,2,10,,,,,,,,
14,14046,3,0,0,0,,,,,,,,
14,14046,4,0,0,0,,,,,,,,
14,14046,5,0,0,0,,,,,,,,
14,14046,6,0,0,0,,,,,,,,
14,14046,7,2,2,0,,,,,,,,
14,14046,8,3,1,2,,,,,,,,
14,14046,9,0,0,0,,,,,,,,
14,14047,1,21,15,6,,,,,,,,
14,14047,2,0,0,0,,,,,,,,
14,14047,3,0,0,0,,,,,,,,
14,14047,4,0,0,0,,,,,,,,
14,14047,5,0,0,0,,,,,,,,
14,14047,6,NA,NA,NA,,,,,,,,
14,14047,7,5,5,0,,,,,,,,
14,14047,8,1,0,1,,,,,,,,
14,14047,9,0,0,0,,,,,,,,
14,14048,1,32,23,9,,,,,,,,
14,14048,2,1,0,1,,,,,,,,
14,14048,3,0,0,0,,,,,,,,
14,14048,4,0,0,0,,,,,,,,
14,14048,5,0,0,0,,,,,,,,
14,14048,6,NA,NA,NA,,,,,,,,
14,14048,7,5,5,0,,,,,,,,
14,14048,8,1,0,1,,,,,,,,
14,14048,9,0,0,0,,,,,,,,
14,14049,1,13,11,2,,,,,,,,
14,14049,2,0,0,0,,,,,,,,
14,14049,3,0,0,0,,,,,,,,
14,14049,4,0,0,0,,,,,,,,
14,14049,5,0,0,0,,,,,,,,
14,14049,6,NA,NA,NA,,,,,,,,
14,14049,7,0,0,0,,,,,,,,
14,14049,8,0,0,0,,,,,,,,
14,14049,9,0,0,0,,,,,,,,
14,14050,1,49,43,6,,,,,,,,
14,14050,2,0,0,0,,,,,,,,
14,14050,3,0,0,0,,,,,,,,
14,14050,4,0,0,0,,,,,,,,
14,14050,5,0,0,0,,,,,,,,
14,14050,6,NA,NA,NA,,,,,,,,
14,14050,7,1,1,0,,,,,,,,
14,14050,8,2,0,2,,,,,,,,
14,14050,9,7,5,2,,,,,,,,
14,14051,1,44,33,11,,,,,,,,
14,14051,2,0,0,0,,,,,,,,
14,14051,3,0,0,0,,,,,,,,
14,14051,4,0,0,0,,,,,,,,
14,14051,5,0,0,0,,,,,,,,
14,14051,6,NA,NA,NA,,,,,,,,
14,14051,7,1,1,0,,,,,,,,
14,14051,8,1,0,1,,,,,,,,
14,14051,9,0,0,0,,,,,,,,
14,14052,1,13,10,3,,,,,,,,
14,14052,2,0,0,0,,,,,,,,
14,14052,3,0,0,0,,,,,,,,
14,14052,4,0,0,0,,,,,,,,
14,14052,5,0,0,0,,,,,,,,
14,14052,6,NA,NA,NA,,,,,,,,
14,14052,7,3,3,0,,,,,,,,
14,14052,8,0,0,0,,,,,,,,
14,14052,9,0,0,0,,,,,,,,
14,14053,1,158,88,70,,,,,,,,
14,14053,2,0,0,0,,,,,,,,
14,14053,3,0,0,0,,,,,,,,
14,14053,4,0,0,0,,,,,,,,
14,14053,5,0,0,0,,,,,,,,
14,14053,6,NA,NA,NA,,,,,,,,
14,14053,7,1,1,0,,,,,,,,
14,14053,8,9,4,5,,,,,,,,
14,14053,9,0,0,0,,,,,,,,
14,14054,1,9,6,3,,,,,,,,
14,14054,2,0,0,0,,,,,,,,
14,14054,3,0,0,0,,,,,,,,
14,14054,4,0,0,0,,,,,,,,
14,14054,5,0,0,0,,,,,,,,
14,14054,6,NA,NA,NA,,,,,,,,
14,14054,7,3,3,0,,,,,,,,
14,14054,8,2,0,2,,,,,,,,
14,14054,9,0,0,0,,,,,,,,
14,14055,1,21,15,6,,,,,,,,
14,14055,2,0,0,0,,,,,,,,
14,14055,3,0,0,0,,,,,,,,
14,14055,4,0,0,0,,,,,,,,
14,14055,5,0,0,0,,,,,,,,
14,14055,6,NA,NA,NA,,,,,,,,
14,14055,7,2,2,0,,,,,,,,
14,14055,8,1,0,1,,,,,,,,
14,14055,9,0,0,0,,,,,,,,
14,14056,1,12,8,4,,,,,,,,
14,14056,2,0,0,0,,,,,,,,
14,14056,3,0,0,0,,,,,,,,
14,14056,4,0,0,0,,,,,,,,
14,14056,5,0,0,0,,,,,,,,
14,14056,6,0,0,0,,,,,,,,
14,14056,7,1,1,0,,,,,,,,
14,14056,8,0,0,0,,,,,,,,
14,14056,9,0,0,0,,,,,,,,
14,14057,1,9,6,3,,,,,,,,
14,14057,2,0,0,0,,,,,,,,
14,14057,3,0,0,0,,,,,,,,
14,14057,4,0,0,0,,,,,,,,
14,14057,5,0,0,0,,,,,,,,
14,14057,6,0,0,0,,,,,,,,
14,14057,7,0,0,0,,,,,,,,
14,14057,8,0,0,0,,,,,,,,
14,14057,9,0,0,0,,,,,,,,
14,14058,1,16,12,4,,,,,,,,
14,14058,2,4,0,4,,,,,,,,
14,14058,3,0,0,0,,,,,,,,
14,14058,4,0,0,0,,,,,,,,
14,14058,5,0,0,0,,,,,,,,
14,14058,6,NA,NA,NA,,,,,,,,
14,14058,7,3,2,1,,,,,,,,
14,14058,8,1,0,1,,,,,,,,
14,14058,9,0,0,0,,,,,,,,
14,14059,1,0,0,0,,,,,,,,
14,14059,2,0,0,0,,,,,,,,
14,14059,3,0,0,0,,,,,,,,
14,14059,4,0,0,0,,,,,,,,
14,14059,5,23,20,3,,,,,,,,
14,14059,6,0,0,0,,,,,,,,
14,14059,7,3,1,2,,,,,,,,
14,14059,8,0,0,0,,,,,,,,
14,14059,9,0,0,0,,,,,,,,
14,14060,1,11,10,1,,,,,,,,
14,14060,2,0,0,0,,,,,,,,
14,14060,3,0,0,0,,,,,,,,
14,14060,4,0,0,0,,,,,,,,
14,14060,5,0,0,0,,,,,,,,
14,14060,6,NA,NA,NA,,,,,,,,
14,14060,7,2,2,0,,,,,,,,
14,14060,8,1,1,0,,,,,,,,
14,14060,9,0,0,0,,,,,,,,
14,14061,1,26,25,1,,,,,,,,
14,14061,2,0,0,0,,,,,,,,
14,14061,3,0,0,0,,,,,,,,
14,14061,4,0,0,0,,,,,,,,
14,14061,5,0,0,0,,,,,,,,
14,14061,6,NA,NA,NA,,,,,,,,
14,14061,7,2,2,0,,,,,,,,
14,14061,8,1,1,0,,,,,,,,
14,14061,9,0,0,0,,,,,,,,
14,14062,1,8,6,2,,,,,,,,
14,14062,2,0,0,0,,,,,,,,
14,14062,3,0,0,0,,,,,,,,
14,14062,4,0,0,0,,,,,,,,
14,14062,5,0,0,0,,,,,,,,
14,14062,6,NA,NA,NA,,,,,,,,
14,14062,7,1,1,0,,,,,,,,
14,14062,8,0,0,0,,,,,,,,
14,14062,9,0,0,0,,,,,,,,
14,14063,1,125,89,36,,,,,,,,
14,14063,2,52,24,28,,,,,,,,
14,14063,3,0,0,0,,,,,,,,
14,14063,4,0,0,0,,,,,,,,
14,14063,5,0,0,0,,,,,,,,
14,14063,6,NA,NA,NA,,,,,,,,
14,14063,7,2,2,0,,,,,,,,
14,14063,8,3,1,2,,,,,,,,
14,14063,9,0,0,0,,,,,,,,
14,14064,1,48,43,5,,,,,,,,
14,14064,2,6,6,0,,,,,,,,
14,14064,3,0,0,0,,,,,,,,
14,14064,4,0,0,0,,,,,,,,
14,14064,5,0,0,0,,,,,,,,
14,14064,6,NA,NA,NA,,,,,,,,
14,14064,7,0,0,0,,,,,,,,
14,14064,8,4,1,3,,,,,,,,
14,14064,9,0,0,0,,,,,,,,
14,14065,1,16,14,2,,,,,,,,
14,14065,2,0,0,0,,,,,,,,
14,14065,3,0,0,0,,,,,,,,
14,14065,4,0,0,0,,,,,,,,
14,14065,5,0,0,0,,,,,,,,
14,14065,6,NA,NA,NA,,,,,,,,
14,14065,7,2,2,0,,,,,,,,
14,14065,8,0,0,0,,,,,,,,
14,14065,9,1,0,1,,,,,,,,
14,14066,1,66,47,19,,,,,,,,
14,14066,2,3,3,0,,,,,,,,
14,14066,3,0,0,0,,,,,,,,
14,14066,4,0,0,0,,,,,,,,
14,14066,5,0,0,0,,,,,,,,
14,14066,6,NA,NA,NA,,,,,,,,
14,14066,7,10,10,0,,,,,,,,
14,14066,8,4,2,2,,,,,,,,
14,14066,9,9,9,0,,,,,,,,
14,14067,1,585,379,206,,,,,,,,
14,14067,2,100,81,19,,,,,,,,
14,14067,3,0,0,0,,,,,,,,
14,14067,4,0,0,0,,,,,,,,
14,14067,5,0,0,0,,,,,,,,
14,14067,6,NA,NA,NA,,,,,,,,
14,14067,7,5,5,0,,,,,,,,
14,14067,8,33,17,16,,,,,,,,
14,14067,9,38,19,19,,,,,,,,
14,14068,1,21,18,3,,,,,,,,
14,14068,2,0,0,0,,,,,,,,
14,14068,3,0,0,0,,,,,,,,
14,14068,4,0,0,0,,,,,,,,
14,14068,5,0,0,0,,,,,,,,
14,14068,6,NA,NA,NA,,,,,,,,
14,14068,7,7,6,1,,,,,,,,
14,14068,8,1,0,1,,,,,,,,
14,14068,9,0,0,0,,,,,,,,
14,14069,1,20,16,4,,,,,,,,
14,14069,2,0,0,0,,,,,,,,
14,14069,3,0,0,0,,,,,,,,
14,14069,4,0,0,0,,,,,,,,
14,14069,5,0,0,0,,,,,,,,
14,14069,6,0,0,0,,,,,,,,
14,14069,7,0,0,0,,,,,,,,
14,14069,8,0,0,0,,,,,,,,
14,14069,9,0,0,0,,,,,,,,
14,14070,1,221,174,47,,,,,,,,
14,14070,2,0,0,0,,,,,,,,
14,14070,3,0,0,0,,,,,,,,
14,14070,4,0,0,0,,,,,,,,
14,14070,5,0,0,0,,,,,,,,
14,14070,6,20,12,8,,,,,,,,
14,14070,7,10,8,2,,,,,,,,
14,14070,8,7,1,6,,,,,,,,
14,14070,9,0,0,0,,,,,,,,
14,14071,1,10,8,2,,,,,,,,
14,14071,2,0,0,0,,,,,,,,
14,14071,3,0,0,0,,,,,,,,
14,14071,4,0,0,0,,,,,,,,
14,14071,5,0,0,0,,,,,,,,
14,14071,6,NA,NA,NA,,,,,,,,
14,14071,7,3,3,0,,,,,,,,
14,14071,8,0,0,0,,,,,,,,
14,14071,9,0,0,0,,,,,,,,
14,14072,1,13,10,3,,,,,,,,
14,14072,2,0,0,0,,,,,,,,
14,14072,3,0,0,0,,,,,,,,
14,14072,4,0,0,0,,,,,,,,
14,14072,5,0,0,0,,,,,,,,
14,14072,6,NA,NA,NA,,,,,,,,
14,14072,7,1,1,0,,,,,,,,
14,14072,8,1,0,1,,,,,,,,
14,14072,9,0,0,0,,,,,,,,
14,14073,1,115,101,14,,,,,,,,
14,14073,2,0,0,0,,,,,,,,
14,14073,3,0,0,0,,,,,,,,
14,14073,4,0,0,0,,,,,,,,
14,14073,5,0,0,0,,,,,,,,
14,14073,6,NA,NA,NA,,,,,,,,
14,14073,7,10,9,1,,,,,,,,
14,14073,8,5,3,2,,,,,,,,
14,14073,9,5,4,1,,,,,,,,
14,14074,1,17,14,3,,,,,,,,
14,14074,2,0,0,0,,,,,,,,
14,14074,3,0,0,0,,,,,,,,
14,14074,4,0,0,0,,,,,,,,
14,14074,5,0,0,0,,,,,,,,
14,14074,6,NA,NA,NA,,,,,,,,
14,14074,7,2,2,0,,,,,,,,
14,14074,8,0,0,0,,,,,,,,
14,14074,9,0,0,0,,,,,,,,
14,14075,1,10,7,3,,,,,,,,
14,14075,2,0,0,0,,,,,,,,
14,14075,3,0,0,0,,,,,,,,
14,14075,4,0,0,0,,,,,,,,
14,14075,5,0,0,0,,,,,,,,
14,14075,6,NA,NA,NA,,,,,,,,
14,14075,7,3,3,0,,,,,,,,
14,14075,8,0,0,0,,,,,,,,
14,14075,9,0,0,0,,,,,,,,
14,14076,1,7,6,1,,,,,,,,
14,14076,2,0,0,0,,,,,,,,
14,14076,3,0,0,0,,,,,,,,
14,14076,4,0,0,0,,,,,,,,
14,14076,5,0,0,0,,,,,,,,
14,14076,6,NA,NA,NA,,,,,,,,
14,14076,7,1,1,0,,,,,,,,
14,14076,8,2,0,2,,,,,,,,
14,14076,9,0,0,0,,,,,,,,
14,14077,1,40,35,5,,,,,,,,
14,14077,2,0,0,0,,,,,,,,
14,14077,3,0,0,0,,,,,,,,
14,14077,4,0,0,0,,,,,,,,
14,14077,5,0,0,0,,,,,,,,
14,14077,6,4,1,3,,,,,,,,
14,14077,7,10,9,1,,,,,,,,
14,14077,8,6,3,3,,,,,,,,
14,14077,9,0,0,0,,,,,,,,
14,14078,1,55,38,17,,,,,,,,
14,14078,2,0,0,0,,,,,,,,
14,14078,3,0,0,0,,,,,,,,
14,14078,4,0,0,0,,,,,,,,
14,14078,5,0,0,0,,,,,,,,
14,14078,6,NA,NA,NA,,,,,,,,
14,14078,7,1,0,1,,,,,,,,
14,14078,8,1,1,0,,,,,,,,
14,14078,9,0,0,0,,,,,,,,
14,14079,1,32,29,3,,,,,,,,
14,14079,2,0,0,0,,,,,,,,
14,14079,3,0,0,0,,,,,,,,
14,14079,4,0,0,0,,,,,,,,
14,14079,5,0,0,0,,,,,,,,
14,14079,6,NA,NA,NA,,,,,,,,
14,14079,7,0,0,0,,,,,,,,
14,14079,8,0,0,0,,,,,,,,
14,14079,9,2,1,1,,,,,,,,
14,14080,1,8,7,1,,,,,,,,
14,14080,2,0,0,0,,,,,,,,
14,14080,3,0,0,0,,,,,,,,
14,14080,4,0,0,0,,,,,,,,
14,14080,5,0,0,0,,,,,,,,
14,14080,6,NA,NA,NA,,,,,,,,
14,14080,7,2,2,0,,,,,,,,
14,14080,8,0,0,0,,,,,,,,
14,14080,9,0,0,0,,,,,,,,
14,14081,1,12,10,2,,,,,,,,
14,14081,2,0,0,0,,,,,,,,
14,14081,3,0,0,0,,,,,,,,
14,14081,4,0,0,0,,,,,,,,
14,14081,5,0,0,0,,,,,,,,
14,14081,6,NA,NA,NA,,,,,,,,
14,14081,7,4,4,0,,,,,,,,
14,14081,8,0,0,0,,,,,,,,
14,14081,9,0,0,0,,,,,,,,
14,14082,1,31,22,9,,,,,,,,
14,14082,2,22,14,8,,,,,,,,
14,14082,3,0,0,0,,,,,,,,
14,14082,4,0,0,0,,,,,,,,
14,14082,5,0,0,0,,,,,,,,
14,14082,6,NA,NA,NA,,,,,,,,
14,14082,7,1,1,0,,,,,,,,
14,14082,8,1,1,0,,,,,,,,
14,14082,9,0,0,0,,,,,,,,
14,14083,1,71,50,21,,,,,,,,
14,14083,2,0,0,0,,,,,,,,
14,14083,3,0,0,0,,,,,,,,
14,14083,4,0,0,0,,,,,,,,
14,14083,5,0,0,0,,,,,,,,
14,14083,6,3,2,1,,,,,,,,
14,14083,7,3,3,0,,,,,,,,
14,14083,8,3,2,1,,,,,,,,
14,14083,9,0,0,0,,,,,,,,
14,14084,1,20,13,7,,,,,,,,
14,14084,2,4,3,1,,,,,,,,
14,14084,3,0,0,0,,,,,,,,
14,14084,4,0,0,0,,,,,,,,
14,14084,5,0,0,0,,,,,,,,
14,14084,6,NA,NA,NA,,,,,,,,
14,14084,7,3,2,1,,,,,,,,
14,14084,8,1,0,1,,,,,,,,
14,14084,9,1,0,1,,,,,,,,
14,14085,1,46,40,6,,,,,,,,
14,14085,2,0,0,0,,,,,,,,
14,14085,3,0,0,0,,,,,,,,
14,14085,4,0,0,0,,,,,,,,
14,14085,5,0,0,0,,,,,,,,
14,14085,6,0,0,0,,,,,,,,
14,14085,7,1,1,0,,,,,,,,
14,14085,8,3,1,2,,,,,,,,
14,14085,9,0,0,0,,,,,,,,
14,14086,1,24,23,1,,,,,,,,
14,14086,2,2,1,1,,,,,,,,
14,14086,3,0,0,0,,,,,,,,
14,14086,4,0,0,0,,,,,,,,
14,14086,5,0,0,0,,,,,,,,
14,14086,6,NA,NA,NA,,,,,,,,
14,14086,7,0,0,0,,,,,,,,
14,14086,8,1,0,1,,,,,,,,
14,14086,9,0,0,0,,,,,,,,
14,14087,1,24,22,2,,,,,,,,
14,14087,2,0,0,0,,,,,,,,
14,14087,3,0,0,0,,,,,,,,
14,14087,4,0,0,0,,,,,,,,
14,14087,5,0,0,0,,,,,,,,
14,14087,6,NA,NA,NA,,,,,,,,
14,14087,7,0,0,0,,,,,,,,
14,14087,8,1,0,1,,,,,,,,
14,14087,9,0,0,0,,,,,,,,
14,14088,1,43,37,6,,,,,,,,
14,14088,2,0,0,0,,,,,,,,
14,14088,3,0,0,0,,,,,,,,
14,14088,4,0,0,0,,,,,,,,
14,14088,5,0,0,0,,,,,,,,
14,14088,6,NA,NA,NA,,,,,,,,
14,14088,7,4,4,0,,,,,,,,
14,14088,8,3,3,0,,,,,,,,
14,14088,9,0,0,0,,,,,,,,
14,14089,1,16,14,2,,,,,,,,
14,14089,2,0,0,0,,,,,,,,
14,14089,3,0,0,0,,,,,,,,
14,14089,4,0,0,0,,,,,,,,
14,14089,5,0,0,0,,,,,,,,
14,14089,6,NA,NA,NA,,,,,,,,
14,14089,7,0,0,0,,,,,,,,
14,14089,8,0,0,0,,,,,,,,
14,14089,9,0,0,0,,,,,,,,
14,14090,1,12,8,4,,,,,,,,
14,14090,2,0,0,0,,,,,,,,
14,14090,3,0,0,0,,,,,,,,
14,14090,4,0,0,0,,,,,,,,
14,14090,5,0,0,0,,,,,,,,
14,14090,6,NA,NA,NA,,,,,,,,
14,14090,7,2,2,0,,,,,,,,
14,14090,8,0,0,0,,,,,,,,
14,14090,9,0,0,0,,,,,,,,
14,14091,1,56,55,1,,,,,,,,
14,14091,2,0,0,0,,,,,,,,
14,14091,3,0,0,0,,,,,,,,
14,14091,4,0,0,0,,,,,,,,
14,14091,5,0,0,0,,,,,,,,
14,14091,6,NA,NA,NA,,,,,,,,
14,14091,7,4,3,1,,,,,,,,
14,14091,8,0,0,0,,,,,,,,
14,14091,9,0,0,0,,,,,,,,
14,14092,1,12,10,2,,,,,,,,
14,14092,2,0,0,0,,,,,,,,
14,14092,3,0,0,0,,,,,,,,
14,14092,4,0,0,0,,,,,,,,
14,14092,5,0,0,0,,,,,,,,
14,14092,6,NA,NA,NA,,,,,,,,
14,14092,7,1,1,0,,,,,,,,
14,14092,8,0,0,0,,,,,,,,
14,14092,9,0,0,0,,,,,,,,
14,14093,1,212,145,67,,,,,,,,
14,14093,2,61,45,16,,,,,,,,
14,14093,3,0,0,0,,,,,,,,
14,14093,4,0,0,0,,,,,,,,
14,14093,5,0,0,0,,,,,,,,
14,14093,6,NA,NA,NA,,,,,,,,
14,14093,7,3,3,0,,,,,,,,
14,14093,8,15,9,6,,,,,,,,
14,14093,9,0,0,0,,,,,,,,
14,14094,1,36,30,6,,,,,,,,
14,14094,2,0,0,0,,,,,,,,
14,14094,3,0,0,0,,,,,,,,
14,14094,4,0,0,0,,,,,,,,
14,14094,5,0,0,0,,,,,,,,
14,14094,6,NA,NA,NA,,,,,,,,
14,14094,7,5,5,0,,,,,,,,
14,14094,8,0,0,0,,,,,,,,
14,14094,9,0,0,0,,,,,,,,
14,14095,1,21,12,9,,,,,,,,
14,14095,2,0,0,0,,,,,,,,
14,14095,3,0,0,0,,,,,,,,
14,14095,4,0,0,0,,,,,,,,
14,14095,5,0,0,0,,,,,,,,
14,14095,6,NA,NA,NA,,,,,,,,
14,14095,7,3,3,0,,,,,,,,
14,14095,8,0,0,0,,,,,,,,
14,14095,9,0,0,0,,,,,,,,
14,14096,1,26,19,7,,,,,,,,
14,14096,2,1,0,1,,,,,,,,
14,14096,3,0,0,0,,,,,,,,
14,14096,4,0,0,0,,,,,,,,
14,14096,5,0,0,0,,,,,,,,
14,14096,6,NA,NA,NA,,,,,,,,
14,14096,7,4,3,1,,,,,,,,
14,14096,8,4,1,3,,,,,,,,
14,14096,9,0,0,0,,,,,,,,
14,14097,1,787,608,179,,,,,,,,
14,14097,2,0,0,0,,,,,,,,
14,14097,3,0,0,0,,,,,,,,
14,14097,4,0,0,0,,,,,,,,
14,14097,5,0,0,0,,,,,,,,
14,14097,6,NA,NA,NA,,,,,,,,
14,14097,7,14,14,0,,,,,,,,
14,14097,8,33,13,20,,,,,,,,
14,14097,9,0,0,0,,,,,,,,
14,14098,1,886,654,232,,,,,,,,
14,14098,2,0,0,0,,,,,,,,
14,14098,3,0,0,0,,,,,,,,
14,14098,4,0,0,0,,,,,,,,
14,14098,5,0,0,0,,,,,,,,
14,14098,6,NA,NA,NA,,,,,,,,
14,14098,7,9,9,0,,,,,,,,
14,14098,8,0,0,0,,,,,,,,
14,14098,9,11,8,3,,,,,,,,
14,14099,1,12,11,1,,,,,,,,
14,14099,2,0,0,0,,,,,,,,
14,14099,3,0,0,0,,,,,,,,
14,14099,4,0,0,0,,,,,,,,
14,14099,5,0,0,0,,,,,,,,
14,14099,6,NA,NA,NA,,,,,,,,
14,14099,7,0,0,0,,,,,,,,
14,14099,8,1,0,1,,,,,,,,
14,14099,9,0,0,0,,,,,,,,
14,14100,1,30,29,1,,,,,,,,
14,14100,2,0,0,0,,,,,,,,
14,14100,3,0,0,0,,,,,,,,
14,14100,4,0,0,0,,,,,,,,
14,14100,5,0,0,0,,,,,,,,
14,14100,6,NA,NA,NA,,,,,,,,
14,14100,7,4,4,0,,,,,,,,
14,14100,8,14,11,3,,,,,,,,
14,14100,9,0,0,0,,,,,,,,
14,14101,1,679,521,158,,,,,,,,
14,14101,2,0,0,0,,,,,,,,
14,14101,3,0,0,0,,,,,,,,
14,14101,4,0,0,0,,,,,,,,
14,14101,5,0,0,0,,,,,,,,
14,14101,6,NA,NA,NA,,,,,,,,
14,14101,7,1,1,0,,,,,,,,
14,14101,8,82,27,55,,,,,,,,
14,14101,9,0,0,0,,,,,,,,
14,14102,1,5,5,0,,,,,,,,
14,14102,2,0,0,0,,,,,,,,
14,14102,3,0,0,0,,,,,,,,
14,14102,4,0,0,0,,,,,,,,
14,14102,5,0,0,0,,,,,,,,
14,14102,6,NA,NA,NA,,,,,,,,
14,14102,7,0,0,0,,,,,,,,
14,14102,8,2,2,0,,,,,,,,
14,14102,9,0,0,0,,,,,,,,
14,14103,1,26,23,3,,,,,,,,
14,14103,2,0,0,0,,,,,,,,
14,14103,3,0,0,0,,,,,,,,
14,14103,4,0,0,0,,,,,,,,
14,14103,5,0,0,0,,,,,,,,
14,14103,6,NA,NA,NA,,,,,,,,
14,14103,7,3,3,0,,,,,,,,
14,14103,8,1,1,0,,,,,,,,
14,14103,9,0,0,0,,,,,,,,
14,14104,1,12,11,1,,,,,,,,
14,14104,2,0,0,0,,,,,,,,
14,14104,3,0,0,0,,,,,,,,
14,14104,4,0,0,0,,,,,,,,
14,14104,5,0,0,0,,,,,,,,
14,14104,6,NA,NA,NA,,,,,,,,
14,14104,7,3,3,0,,,,,,,,
14,14104,8,0,0,0,,,,,,,,
14,14104,9,0,0,0,,,,,,,,
14,14105,1,50,37,13,,,,,,,,
14,14105,2,0,0,0,,,,,,,,
14,14105,3,0,0,0,,,,,,,,
14,14105,4,0,0,0,,,,,,,,
14,14105,5,0,0,0,,,,,,,,
14,14105,6,NA,NA,NA,,,,,,,,
14,14105,7,0,0,0,,,,,,,,
14,14105,8,0,0,0,,,,,,,,
14,14105,9,0,0,0,,,,,,,,
14,14106,1,2,1,1,,,,,,,,
14,14106,2,0,0,0,,,,,,,,
14,14106,3,0,0,0,,,,,,,,
14,14106,4,0,0,0,,,,,,,,
14,14106,5,0,0,0,,,,,,,,
14,14106,6,NA,NA,NA,,,,,,,,
14,14106,7,0,0,0,,,,,,,,
14,14106,8,0,0,0,,,,,,,,
14,14106,9,0,0,0,,,,,,,,
14,14107,1,10,7,3,,,,,,,,
14,14107,2,0,0,0,,,,,,,,
14,14107,3,0,0,0,,,,,,,,
14,14107,4,0,0,0,,,,,,,,
14,14107,5,0,0,0,,,,,,,,
14,14107,6,NA,NA,NA,,,,,,,,
14,14107,7,3,3,0,,,,,,,,
14,14107,8,0,0,0,,,,,,,,
14,14107,9,0,0,0,,,,,,,,
14,14108,1,46,37,9,,,,,,,,
14,14108,2,0,0,0,,,,,,,,
14,14108,3,0,0,0,,,,,,,,
14,14108,4,0,0,0,,,,,,,,
14,14108,5,0,0,0,,,,,,,,
14,14108,6,NA,NA,NA,,,,,,,,
14,14108,7,1,1,0,,,,,,,,
14,14108,8,0,0,0,,,,,,,,
14,14108,9,0,0,0,,,,,,,,
14,14109,1,33,23,10,,,,,,,,
14,14109,2,0,0,0,,,,,,,,
14,14109,3,0,0,0,,,,,,,,
14,14109,4,0,0,0,,,,,,,,
14,14109,5,0,0,0,,,,,,,,
14,14109,6,NA,NA,NA,,,,,,,,
14,14109,7,2,2,0,,,,,,,,
14,14109,8,1,0,1,,,,,,,,
14,14109,9,0,0,0,,,,,,,,
14,14110,1,27,21,6,,,,,,,,
14,14110,2,0,0,0,,,,,,,,
14,14110,3,0,0,0,,,,,,,,
14,14110,4,0,0,0,,,,,,,,
14,14110,5,0,0,0,,,,,,,,
14,14110,6,NA,NA,NA,,,,,,,,
14,14110,7,8,8,0,,,,,,,,
14,14110,8,1,1,0,,,,,,,,
14,14110,9,1,0,1,,,,,,,,
14,14111,1,13,10,3,,,,,,,,
14,14111,2,0,0,0,,,,,,,,
14,14111,3,0,0,0,,,,,,,,
14,14111,4,0,0,0,,,,,,,,
14,14111,5,0,0,0,,,,,,,,
14,14111,6,NA,NA,NA,,,,,,,,
14,14111,7,3,2,1,,,,,,,,
14,14111,8,0,0,0,,,,,,,,
14,14111,9,0,0,0,,,,,,,,
14,14112,1,10,5,5,,,,,,,,
14,14112,2,0,0,0,,,,,,,,
14,14112,3,0,0,0,,,,,,,,
14,14112,4,0,0,0,,,,,,,,
14,14112,5,0,0,0,,,,,,,,
14,14112,6,0,0,0,,,,,,,,
14,14112,7,1,1,0,,,,,,,,
14,14112,8,0,0,0,,,,,,,,
14,14112,9,0,0,0,,,,,,,,
14,14113,1,17,14,3,,,,,,,,
14,14113,2,0,0,0,,,,,,,,
14,14113,3,0,0,0,,,,,,,,
14,14113,4,0,0,0,,,,,,,,
14,14113,5,0,0,0,,,,,,,,
14,14113,6,NA,NA,NA,,,,,,,,
14,14113,7,3,2,1,,,,,,,,
14,14113,8,1,0,1,,,,,,,,
14,14113,9,0,0,0,,,,,,,,
14,14114,1,35,30,5,,,,,,,,
14,14114,2,0,0,0,,,,,,,,
14,14114,3,0,0,0,,,,,,,,
14,14114,4,0,0,0,,,,,,,,
14,14114,5,0,0,0,,,,,,,,
14,14114,6,NA,NA,NA,,,,,,,,
14,14114,7,3,3,0,,,,,,,,
14,14114,8,1,1,0,,,,,,,,
14,14114,9,0,0,0,,,,,,,,
14,14115,1,14,12,2,,,,,,,,
14,14115,2,0,0,0,,,,,,,,
14,14115,3,0,0,0,,,,,,,,
14,14115,4,0,0,0,,,,,,,,
14,14115,5,0,0,0,,,,,,,,
14,14115,6,NA,NA,NA,,,,,,,,
14,14115,7,3,3,0,,,,,,,,
14,14115,8,0,0,0,,,,,,,,
14,14115,9,0,0,0,,,,,,,,
14,14116,1,45,40,5,,,,,,,,
14,14116,2,0,0,0,,,,,,,,
14,14116,3,0,0,0,,,,,,,,
14,14116,4,0,0,0,,,,,,,,
14,14116,5,0,0,0,,,,,,,,
14,14116,6,NA,NA,NA,,,,,,,,
14,14116,7,2,2,0,,,,,,,,
14,14116,8,1,0,1,,,,,,,,
14,14116,9,0,0,0,,,,,,,,
14,14117,1,12,10,2,,,,,,,,
14,14117,2,0,0,0,,,,,,,,
14,14117,3,0,0,0,,,,,,,,
14,14117,4,0,0,0,,,,,,,,
14,14117,5,0,0,0,,,,,,,,
14,14117,6,NA,NA,NA,,,,,,,,
14,14117,7,3,3,0,,,,,,,,
14,14117,8,1,0,1,,,,,,,,
14,14117,9,0,0,0,,,,,,,,
14,14118,1,44,33,11,,,,,,,,
14,14118,2,0,0,0,,,,,,,,
14,14118,3,0,0,0,,,,,,,,
14,14118,4,0,0,0,,,,,,,,
14,14118,5,0,0,0,,,,,,,,
14,14118,6,NA,NA,NA,,,,,,,,
14,14118,7,1,1,0,,,,,,,,
14,14118,8,2,1,1,,,,,,,,
14,14118,9,0,0,0,,,,,,,,
14,14119,1,58,52,6,,,,,,,,
14,14119,2,0,0,0,,,,,,,,
14,14119,3,0,0,0,,,,,,,,
14,14119,4,0,0,0,,,,,,,,
14,14119,5,0,0,0,,,,,,,,
14,14119,6,NA,NA,NA,,,,,,,,
14,14119,7,1,1,0,,,,,,,,
14,14119,8,2,2,0,,,,,,,,
14,14119,9,0,0,0,,,,,,,,
14,14120,1,2618,2230,388,,,,,,,,
14,14120,2,0,0,0,,,,,,,,
14,14120,3,0,0,0,,,,,,,,
14,14120,4,0,0,0,,,,,,,,
14,14120,5,0,0,0,,,,,,,,
14,14120,6,NA,NA,NA,,,,,,,,
14,14120,7,40,16,24,,,,,,,,
14,14120,8,328,155,173,,,,,,,,
14,14120,9,37,16,21,,,,,,,,
14,14121,1,45,35,10,,,,,,,,
14,14121,2,13,11,2,,,,,,,,
14,14121,3,0,0,0,,,,,,,,
14,14121,4,0,0,0,,,,,,,,
14,14121,5,0,0,0,,,,,,,,
14,14121,6,NA,NA,NA,,,,,,,,
14,14121,7,3,3,0,,,,,,,,
14,14121,8,2,0,2,,,,,,,,
14,14121,9,0,0,0,,,,,,,,
14,14122,1,18,17,1,,,,,,,,
14,14122,2,0,0,0,,,,,,,,
14,14122,3,0,0,0,,,,,,,,
14,14122,4,0,0,0,,,,,,,,
14,14122,5,0,0,0,,,,,,,,
14,14122,6,NA,NA,NA,,,,,,,,
14,14122,7,0,0,0,,,,,,,,
14,14122,8,1,0,1,,,,,,,,
14,14122,9,0,0,0,,,,,,,,
14,14123,1,27,24,3,,,,,,,,
14,14123,2,0,0,0,,,,,,,,
14,14123,3,0,0,0,,,,,,,,
14,14123,4,0,0,0,,,,,,,,
14,14123,5,0,0,0,,,,,,,,
14,14123,6,NA,NA,NA,,,,,,,,
14,14123,7,5,5,0,,,,,,,,
14,14123,8,4,0,4,,,,,,,,
14,14123,9,0,0,0,,,,,,,,
14,14124,1,92,80,12,,,,,,,,
14,14124,2,21,16,5,,,,,,,,
14,14124,3,0,0,0,,,,,,,,
14,14124,4,0,0,0,,,,,,,,
14,14124,5,0,0,0,,,,,,,,
14,14124,6,NA,NA,NA,,,,,,,,
14,14124,7,9,9,0,,,,,,,,
14,14124,8,2,1,1,,,,,,,,
14,14124,9,0,0,0,,,,,,,,
14,14125,1,24,19,5,,,,,,,,
14,14125,2,4,0,4,,,,,,,,
14,14125,3,0,0,0,,,,,,,,
14,14125,4,0,0,0,,,,,,,,
14,14125,5,0,0,0,,,,,,,,
14,14125,6,NA,NA,NA,,,,,,,,
14,14125,7,7,5,2,,,,,,,,
14,14125,8,0,0,0,,,,,,,,
14,14125,9,0,0,0,,,,,,,,
15,15001,1,68,55,13,,,,,,,,
15,15001,2,0,0,0,,,,,,,,
15,15001,3,0,0,0,,,,,,,,
15,15001,4,0,0,0,,,,,,,,
15,15001,5,0,0,0,,,,,,,,
15,15001,6,NA,NA,NA,,,,,,,,
15,15001,7,4,4,0,,,,,,,,
15,15001,8,4,2,2,,,,,,,,
15,15001,9,0,0,0,,,,,,,,
15,15002,1,176,128,48,,,,,,,,
15,15002,2,0,0,0,,,,,,,,
15,15002,3,0,0,0,,,,,,,,
15,15002,4,0,0,0,,,,,,,,
15,15002,5,0,0,0,,,,,,,,
15,15002,6,NA,NA,NA,,,,,,,,
15,15002,7,11,11,0,,,,,,,,
15,15002,8,0,0,0,,,,,,,,
15,15002,9,0,0,0,,,,,,,,
15,15003,1,0,0,0,,,,,,,,
15,15003,2,0,0,0,,,,,,,,
15,15003,3,0,0,0,,,,,,,,
15,15003,4,0,0,0,,,,,,,,
15,15003,5,54,45,9,,,,,,,,
15,15003,6,NA,NA,NA,,,,,,,,
15,15003,7,1,1,0,,,,,,,,
15,15003,8,2,0,2,,,,,,,,
15,15003,9,0,0,0,,,,,,,,
15,15004,1,0,0,0,,,,,,,,
15,15004,2,0,0,0,,,,,,,,
15,15004,3,0,0,0,,,,,,,,
15,15004,4,0,0,0,,,,,,,,
15,15004,5,22,19,3,,,,,,,,
15,15004,6,NA,NA,NA,,,,,,,,
15,15004,7,1,1,0,,,,,,,,
15,15004,8,1,0,1,,,,,,,,
15,15004,9,0,0,0,,,,,,,,
15,15005,1,90,73,17,,,,,,,,
15,15005,2,10,0,10,,,,,,,,
15,15005,3,0,0,0,,,,,,,,
15,15005,4,0,0,0,,,,,,,,
15,15005,5,0,0,0,,,,,,,,
15,15005,6,NA,NA,NA,,,,,,,,
15,15005,7,9,6,3,,,,,,,,
15,15005,8,26,17,9,,,,,,,,
15,15005,9,0,0,0,,,,,,,,
15,15006,1,25,21,4,,,,,,,,
15,15006,2,0,0,0,,,,,,,,
15,15006,3,0,0,0,,,,,,,,
15,15006,4,0,0,0,,,,,,,,
15,15006,5,0,0,0,,,,,,,,
15,15006,6,NA,NA,NA,,,,,,,,
15,15006,7,1,1,0,,,,,,,,
15,15006,8,6,2,4,,,,,,,,
15,15006,9,0,0,0,,,,,,,,
15,15007,1,52,46,6,,,,,,,,
15,15007,2,0,0,0,,,,,,,,
15,15007,3,0,0,0,,,,,,,,
15,15007,4,0,0,0,,,,,,,,
15,15007,5,0,0,0,,,,,,,,
15,15007,6,0,0,0,,,,,,,,
15,15007,7,0,0,0,,,,,,,,
15,15007,8,0,0,0,,,,,,,,
15,15007,9,0,0,0,,,,,,,,
15,15008,1,30,24,6,,,,,,,,
15,15008,2,0,0,0,,,,,,,,
15,15008,3,0,0,0,,,,,,,,
15,15008,4,0,0,0,,,,,,,,
15,15008,5,0,0,0,,,,,,,,
15,15008,6,NA,NA,NA,,,,,,,,
15,15008,7,1,1,0,,,,,,,,
15,15008,8,1,0,1,,,,,,,,
15,15008,9,0,0,0,,,,,,,,
15,15009,1,105,78,27,,,,,,,,
15,15009,2,0,0,0,,,,,,,,
15,15009,3,0,0,0,,,,,,,,
15,15009,4,0,0,0,,,,,,,,
15,15009,5,0,0,0,,,,,,,,
15,15009,6,NA,NA,NA,,,,,,,,
15,15009,7,2,2,0,,,,,,,,
15,15009,8,4,1,3,,,,,,,,
15,15009,9,0,0,0,,,,,,,,
15,15010,1,80,66,14,,,,,,,,
15,15010,2,0,0,0,,,,,,,,
15,15010,3,0,0,0,,,,,,,,
15,15010,4,0,0,0,,,,,,,,
15,15010,5,0,0,0,,,,,,,,
15,15010,6,NA,NA,NA,,,,,,,,
15,15010,7,1,1,0,,,,,,,,
15,15010,8,0,0,0,,,,,,,,
15,15010,9,0,0,0,,,,,,,,
15,15011,1,61,51,10,,,,,,,,
15,15011,2,0,0,0,,,,,,,,
15,15011,3,0,0,0,,,,,,,,
15,15011,4,0,0,0,,,,,,,,
15,15011,5,0,0,0,,,,,,,,
15,15011,6,NA,NA,NA,,,,,,,,
15,15011,7,7,6,1,,,,,,,,
15,15011,8,9,0,9,,,,,,,,
15,15011,9,0,0,0,,,,,,,,
15,15012,1,26,17,9,,,,,,,,
15,15012,2,0,0,0,,,,,,,,
15,15012,3,0,0,0,,,,,,,,
15,15012,4,0,0,0,,,,,,,,
15,15012,5,0,0,0,,,,,,,,
15,15012,6,NA,NA,NA,,,,,,,,
15,15012,7,5,3,2,,,,,,,,
15,15012,8,1,0,1,,,,,,,,
15,15012,9,0,0,0,,,,,,,,
15,15013,1,1099,885,214,,,,,,,,
15,15013,2,179,114,65,,,,,,,,
15,15013,3,0,0,0,,,,,,,,
15,15013,4,0,0,0,,,,,,,,
15,15013,5,0,0,0,,,,,,,,
15,15013,6,NA,NA,NA,,,,,,,,
15,15013,7,34,27,7,,,,,,,,
15,15013,8,67,40,27,,,,,,,,
15,15013,9,0,0,0,,,,,,,,
15,15014,1,90,82,8,,,,,,,,
15,15014,2,11,4,7,,,,,,,,
15,15014,3,0,0,0,,,,,,,,
15,15014,4,0,0,0,,,,,,,,
15,15014,5,0,0,0,,,,,,,,
15,15014,6,NA,NA,NA,,,,,,,,
15,15014,7,2,2,0,,,,,,,,
15,15014,8,5,2,3,,,,,,,,
15,15014,9,0,0,0,,,,,,,,
15,15015,1,56,41,15,,,,,,,,
15,15015,2,0,0,0,,,,,,,,
15,15015,3,0,0,0,,,,,,,,
15,15015,4,0,0,0,,,,,,,,
15,15015,5,0,0,0,,,,,,,,
15,15015,6,NA,NA,NA,,,,,,,,
15,15015,7,3,3,0,,,,,,,,
15,15015,8,3,2,1,,,,,,,,
15,15015,9,0,0,0,,,,,,,,
15,15016,1,45,35,10,,,,,,,,
15,15016,2,0,0,0,,,,,,,,
15,15016,3,0,0,0,,,,,,,,
15,15016,4,0,0,0,,,,,,,,
15,15016,5,0,0,0,,,,,,,,
15,15016,6,NA,NA,NA,,,,,,,,
15,15016,7,2,2,0,,,,,,,,
15,15016,8,0,0,0,,,,,,,,
15,15016,9,0,0,0,,,,,,,,
15,15017,1,31,23,8,,,,,,,,
15,15017,2,0,0,0,,,,,,,,
15,15017,3,0,0,0,,,,,,,,
15,15017,4,0,0,0,,,,,,,,
15,15017,5,0,0,0,,,,,,,,
15,15017,6,NA,NA,NA,,,,,,,,
15,15017,7,1,1,0,,,,,,,,
15,15017,8,1,0,1,,,,,,,,
15,15017,9,0,0,0,,,,,,,,
15,15018,1,72,60,12,,,,,,,,
15,15018,2,0,0,0,,,,,,,,
15,15018,3,0,0,0,,,,,,,,
15,15018,4,0,0,0,,,,,,,,
15,15018,5,0,0,0,,,,,,,,
15,15018,6,0,0,0,,,,,,,,
15,15018,7,1,1,0,,,,,,,,
15,15018,8,0,0,0,,,,,,,,
15,15018,9,0,0,0,,,,,,,,
15,15019,1,28,22,6,,,,,,,,
15,15019,2,0,0,0,,,,,,,,
15,15019,3,0,0,0,,,,,,,,
15,15019,4,0,0,0,,,,,,,,
15,15019,5,0,0,0,,,,,,,,
15,15019,6,NA,NA,NA,,,,,,,,
15,15019,7,5,4,1,,,,,,,,
15,15019,8,0,0,0,,,,,,,,
15,15019,9,0,0,0,,,,,,,,
15,15020,1,361,320,41,,,,,,,,
15,15020,2,76,64,12,,,,,,,,
15,15020,3,0,0,0,,,,,,,,
15,15020,4,0,0,0,,,,,,,,
15,15020,5,0,0,0,,,,,,,,
15,15020,6,NA,NA,NA,,,,,,,,
15,15020,7,6,5,1,,,,,,,,
15,15020,8,37,20,17,,,,,,,,
15,15020,9,0,0,0,,,,,,,,
15,15021,1,41,36,5,,,,,,,,
15,15021,2,0,0,0,,,,,,,,
15,15021,3,0,0,0,,,,,,,,
15,15021,4,0,0,0,,,,,,,,
15,15021,5,0,0,0,,,,,,,,
15,15021,6,NA,NA,NA,,,,,,,,
15,15021,7,3,2,1,,,,,,,,
15,15021,8,1,1,0,,,,,,,,
15,15021,9,0,0,0,,,,,,,,
15,15022,1,37,29,8,,,,,,,,
15,15022,2,0,0,0,,,,,,,,
15,15022,3,0,0,0,,,,,,,,
15,15022,4,0,0,0,,,,,,,,
15,15022,5,0,0,0,,,,,,,,
15,15022,6,NA,NA,NA,,,,,,,,
15,15022,7,2,1,1,,,,,,,,
15,15022,8,1,0,1,,,,,,,,
15,15022,9,0,0,0,,,,,,,,
15,15023,1,69,52,17,,,,,,,,
15,15023,2,0,0,0,,,,,,,,
15,15023,3,0,0,0,,,,,,,,
15,15023,4,0,0,0,,,,,,,,
15,15023,5,0,0,0,,,,,,,,
15,15023,6,NA,NA,NA,,,,,,,,
15,15023,7,3,3,0,,,,,,,,
15,15023,8,1,0,1,,,,,,,,
15,15023,9,0,0,0,,,,,,,,
15,15024,1,205,175,30,,,,,,,,
15,15024,2,119,96,23,,,,,,,,
15,15024,3,0,0,0,,,,,,,,
15,15024,4,0,0,0,,,,,,,,
15,15024,5,0,0,0,,,,,,,,
15,15024,6,NA,NA,NA,,,,,,,,
15,15024,7,1,1,0,,,,,,,,
15,15024,8,14,8,6,,,,,,,,
15,15024,9,15,11,4,,,,,,,,
15,15025,1,328,268,60,,,,,,,,
15,15025,2,34,27,7,,,,,,,,
15,15025,3,0,0,0,,,,,,,,
15,15025,4,0,0,0,,,,,,,,
15,15025,5,0,0,0,,,,,,,,
15,15025,6,NA,NA,NA,,,,,,,,
15,15025,7,4,4,0,,,,,,,,
15,15025,8,4,2,2,,,,,,,,
15,15025,9,0,0,0,,,,,,,,
15,15026,1,37,33,4,,,,,,,,
15,15026,2,0,0,0,,,,,,,,
15,15026,3,0,0,0,,,,,,,,
15,15026,4,0,0,0,,,,,,,,
15,15026,5,0,0,0,,,,,,,,
15,15026,6,NA,NA,NA,,,,,,,,
15,15026,7,3,3,0,,,,,,,,
15,15026,8,7,4,3,,,,,,,,
15,15026,9,0,0,0,,,,,,,,
15,15027,1,33,25,8,,,,,,,,
15,15027,2,0,0,0,,,,,,,,
15,15027,3,0,0,0,,,,,,,,
15,15027,4,0,0,0,,,,,,,,
15,15027,5,0,0,0,,,,,,,,
15,15027,6,NA,NA,NA,,,,,,,,
15,15027,7,2,2,0,,,,,,,,
15,15027,8,0,0,0,,,,,,,,
15,15027,9,0,0,0,,,,,,,,
15,15028,1,33,27,6,,,,,,,,
15,15028,2,0,0,0,,,,,,,,
15,15028,3,0,0,0,,,,,,,,
15,15028,4,0,0,0,,,,,,,,
15,15028,5,0,0,0,,,,,,,,
15,15028,6,NA,NA,NA,,,,,,,,
15,15028,7,3,3,0,,,,,,,,
15,15028,8,1,0,1,,,,,,,,
15,15028,9,0,0,0,,,,,,,,
15,15029,1,288,228,60,,,,,,,,
15,15029,2,0,0,0,,,,,,,,
15,15029,3,0,0,0,,,,,,,,
15,15029,4,0,0,0,,,,,,,,
15,15029,5,0,0,0,,,,,,,,
15,15029,6,NA,NA,NA,,,,,,,,
15,15029,7,2,2,0,,,,,,,,
15,15029,8,4,2,2,,,,,,,,
15,15029,9,0,0,0,,,,,,,,
15,15030,1,53,38,15,,,,,,,,
15,15030,2,0,0,0,,,,,,,,
15,15030,3,0,0,0,,,,,,,,
15,15030,4,0,0,0,,,,,,,,
15,15030,5,0,0,0,,,,,,,,
15,15030,6,0,0,0,,,,,,,,
15,15030,7,1,1,0,,,,,,,,
15,15030,8,1,0,1,,,,,,,,
15,15030,9,0,0,0,,,,,,,,
15,15031,1,967,630,337,,,,,,,,
15,15031,2,107,63,44,,,,,,,,
15,15031,3,0,0,0,,,,,,,,
15,15031,4,0,0,0,,,,,,,,
15,15031,5,0,0,0,,,,,,,,
15,15031,6,NA,NA,NA,,,,,,,,
15,15031,7,2,2,0,,,,,,,,
15,15031,8,0,0,0,,,,,,,,
15,15031,9,0,0,0,,,,,,,,
15,15032,1,0,0,0,,,,,,,,
15,15032,2,0,0,0,,,,,,,,
15,15032,3,0,0,0,,,,,,,,
15,15032,4,0,0,0,,,,,,,,
15,15032,5,17,13,4,,,,,,,,
15,15032,6,0,0,0,,,,,,,,
15,15032,7,2,1,1,,,,,,,,
15,15032,8,0,0,0,,,,,,,,
15,15032,9,0,0,0,,,,,,,,
15,15033,1,2071,1595,476,,,,,,,,
15,15033,2,105,25,80,,,,,,,,
15,15033,3,0,0,0,,,,,,,,
15,15033,4,0,0,0,,,,,,,,
15,15033,5,0,0,0,,,,,,,,
15,15033,6,NA,NA,NA,,,,,,,,
15,15033,7,181,165,16,,,,,,,,
15,15033,8,81,41,40,,,,,,,,
15,15033,9,0,0,0,,,,,,,,
15,15034,1,33,26,7,,,,,,,,
15,15034,2,0,0,0,,,,,,,,
15,15034,3,0,0,0,,,,,,,,
15,15034,4,0,0,0,,,,,,,,
15,15034,5,0,0,0,,,,,,,,
15,15034,6,NA,NA,NA,,,,,,,,
15,15034,7,1,1,0,,,,,,,,
15,15034,8,0,0,0,,,,,,,,
15,15034,9,0,0,0,,,,,,,,
15,15035,1,150,116,34,,,,,,,,
15,15035,2,0,0,0,,,,,,,,
15,15035,3,0,0,0,,,,,,,,
15,15035,4,0,0,0,,,,,,,,
15,15035,5,0,0,0,,,,,,,,
15,15035,6,NA,NA,NA,,,,,,,,
15,15035,7,16,10,6,,,,,,,,
15,15035,8,9,3,6,,,,,,,,
15,15035,9,0,0,0,,,,,,,,
15,15036,1,53,48,5,,,,,,,,
15,15036,2,0,0,0,,,,,,,,
15,15036,3,0,0,0,,,,,,,,
15,15036,4,0,0,0,,,,,,,,
15,15036,5,0,0,0,,,,,,,,
15,15036,6,0,0,0,,,,,,,,
15,15036,7,1,1,0,,,,,,,,
15,15036,8,0,0,0,,,,,,,,
15,15036,9,0,0,0,,,,,,,,
15,15037,1,368,297,71,,,,,,,,
15,15037,2,145,112,33,,,,,,,,
15,15037,3,91,86,5,,,,,,,,
15,15037,4,0,0,0,,,,,,,,
15,15037,5,0,0,0,,,,,,,,
15,15037,6,NA,NA,NA,,,,,,,,
15,15037,7,46,32,14,,,,,,,,
15,15037,8,54,25,29,,,,,,,,
15,15037,9,80,71,9,,,,,,,,
15,15038,1,23,15,8,,,,,,,,
15,15038,2,0,0,0,,,,,,,,
15,15038,3,0,0,0,,,,,,,,
15,15038,4,0,0,0,,,,,,,,
15,15038,5,0,0,0,,,,,,,,
15,15038,6,NA,NA,NA,,,,,,,,
15,15038,7,2,2,0,,,,,,,,
15,15038,8,0,0,0,,,,,,,,
15,15038,9,0,0,0,,,,,,,,
15,15039,1,562,403,159,,,,,,,,
15,15039,2,55,33,22,,,,,,,,
15,15039,3,0,0,0,,,,,,,,
15,15039,4,0,0,0,,,,,,,,
15,15039,5,0,0,0,,,,,,,,
15,15039,6,NA,NA,NA,,,,,,,,
15,15039,7,15,15,0,,,,,,,,
15,15039,8,67,34,33,,,,,,,,
15,15039,9,0,0,0,,,,,,,,
15,15040,1,45,37,8,,,,,,,,
15,15040,2,0,0,0,,,,,,,,
15,15040,3,0,0,0,,,,,,,,
15,15040,4,0,0,0,,,,,,,,
15,15040,5,0,0,0,,,,,,,,
15,15040,6,NA,NA,NA,,,,,,,,
15,15040,7,4,4,0,,,,,,,,
15,15040,8,8,5,3,,,,,,,,
15,15040,9,0,0,0,,,,,,,,
15,15041,1,9,7,2,,,,,,,,
15,15041,2,0,0,0,,,,,,,,
15,15041,3,0,0,0,,,,,,,,
15,15041,4,0,0,0,,,,,,,,
15,15041,5,0,0,0,,,,,,,,
15,15041,6,0,0,0,,,,,,,,
15,15041,7,1,1,0,,,,,,,,
15,15041,8,1,1,0,,,,,,,,
15,15041,9,0,0,0,,,,,,,,
15,15042,1,116,107,9,,,,,,,,
15,15042,2,12,0,12,,,,,,,,
15,15042,3,0,0,0,,,,,,,,
15,15042,4,0,0,0,,,,,,,,
15,15042,5,0,0,0,,,,,,,,
15,15042,6,NA,NA,NA,,,,,,,,
15,15042,7,2,2,0,,,,,,,,
15,15042,8,0,0,0,,,,,,,,
15,15042,9,0,0,0,,,,,,,,
15,15043,1,30,18,12,,,,,,,,
15,15043,2,0,0,0,,,,,,,,
15,15043,3,0,0,0,,,,,,,,
15,15043,4,0,0,0,,,,,,,,
15,15043,5,0,0,0,,,,,,,,
15,15043,6,NA,NA,NA,,,,,,,,
15,15043,7,2,2,0,,,,,,,,
15,15043,8,2,1,1,,,,,,,,
15,15043,9,0,0,0,,,,,,,,
15,15044,1,89,82,7,,,,,,,,
15,15044,2,0,0,0,,,,,,,,
15,15044,3,0,0,0,,,,,,,,
15,15044,4,0,0,0,,,,,,,,
15,15044,5,0,0,0,,,,,,,,
15,15044,6,NA,NA,NA,,,,,,,,
15,15044,7,6,6,0,,,,,,,,
15,15044,8,0,0,0,,,,,,,,
15,15044,9,0,0,0,,,,,,,,
15,15045,1,104,87,17,,,,,,,,
15,15045,2,0,0,0,,,,,,,,
15,15045,3,0,0,0,,,,,,,,
15,15045,4,0,0,0,,,,,,,,
15,15045,5,0,0,0,,,,,,,,
15,15045,6,NA,NA,NA,,,,,,,,
15,15045,7,3,3,0,,,,,,,,
15,15045,8,0,0,0,,,,,,,,
15,15045,9,0,0,0,,,,,,,,
15,15046,1,32,27,5,,,,,,,,
15,15046,2,0,0,0,,,,,,,,
15,15046,3,0,0,0,,,,,,,,
15,15046,4,0,0,0,,,,,,,,
15,15046,5,0,0,0,,,,,,,,
15,15046,6,0,0,0,,,,,,,,
15,15046,7,4,3,1,,,,,,,,
15,15046,8,0,0,0,,,,,,,,
15,15046,9,0,0,0,,,,,,,,
15,15047,1,56,50,6,,,,,,,,
15,15047,2,11,8,3,,,,,,,,
15,15047,3,0,0,0,,,,,,,,
15,15047,4,0,0,0,,,,,,,,
15,15047,5,0,0,0,,,,,,,,
15,15047,6,NA,NA,NA,,,,,,,,
15,15047,7,2,2,0,,,,,,,,
15,15047,8,2,0,2,,,,,,,,
15,15047,9,3,0,3,,,,,,,,
15,15048,1,0,0,0,,,,,,,,
15,15048,2,0,0,0,,,,,,,,
15,15048,3,0,0,0,,,,,,,,
15,15048,4,0,0,0,,,,,,,,
15,15048,5,70,68,2,,,,,,,,
15,15048,6,NA,NA,NA,,,,,,,,
15,15048,7,13,13,0,,,,,,,,
15,15048,8,17,10,7,,,,,,,,
15,15048,9,0,0,0,,,,,,,,
15,15049,1,25,22,3,,,,,,,,
15,15049,2,0,0,0,,,,,,,,
15,15049,3,0,0,0,,,,,,,,
15,15049,4,0,0,0,,,,,,,,
15,15049,5,0,0,0,,,,,,,,
15,15049,6,0,0,0,,,,,,,,
15,15049,7,1,0,1,,,,,,,,
15,15049,8,0,0,0,,,,,,,,
15,15049,9,0,0,0,,,,,,,,
15,15050,1,55,39,16,,,,,,,,
15,15050,2,0,0,0,,,,,,,,
15,15050,3,0,0,0,,,,,,,,
15,15050,4,0,0,0,,,,,,,,
15,15050,5,0,0,0,,,,,,,,
15,15050,6,NA,NA,NA,,,,,,,,
15,15050,7,1,1,0,,,,,,,,
15,15050,8,1,0,1,,,,,,,,
15,15050,9,0,0,0,,,,,,,,
15,15051,1,111,89,22,,,,,,,,
15,15051,2,21,14,7,,,,,,,,
15,15051,3,0,0,0,,,,,,,,
15,15051,4,0,0,0,,,,,,,,
15,15051,5,0,0,0,,,,,,,,
15,15051,6,NA,NA,NA,,,,,,,,
15,15051,7,1,1,0,,,,,,,,
15,15051,8,23,12,11,,,,,,,,
15,15051,9,0,0,0,,,,,,,,
15,15052,1,44,36,8,,,,,,,,
15,15052,2,0,0,0,,,,,,,,
15,15052,3,0,0,0,,,,,,,,
15,15052,4,0,0,0,,,,,,,,
15,15052,5,0,0,0,,,,,,,,
15,15052,6,NA,NA,NA,,,,,,,,
15,15052,7,0,0,0,,,,,,,,
15,15052,8,0,0,0,,,,,,,,
15,15052,9,0,0,0,,,,,,,,
15,15053,1,85,70,15,,,,,,,,
15,15053,2,0,0,0,,,,,,,,
15,15053,3,0,0,0,,,,,,,,
15,15053,4,0,0,0,,,,,,,,
15,15053,5,0,0,0,,,,,,,,
15,15053,6,NA,NA,NA,,,,,,,,
15,15053,7,0,0,0,,,,,,,,
15,15053,8,0,0,0,,,,,,,,
15,15053,9,0,0,0,,,,,,,,
15,15054,1,337,310,27,,,,,,,,
15,15054,2,26,0,26,,,,,,,,
15,15054,3,0,0,0,,,,,,,,
15,15054,4,0,0,0,,,,,,,,
15,15054,5,0,0,0,,,,,,,,
15,15054,6,NA,NA,NA,,,,,,,,
15,15054,7,5,5,0,,,,,,,,
15,15054,8,0,0,0,,,,,,,,
15,15054,9,64,36,28,,,,,,,,
15,15055,1,30,23,7,,,,,,,,
15,15055,2,0,0,0,,,,,,,,
15,15055,3,0,0,0,,,,,,,,
15,15055,4,0,0,0,,,,,,,,
15,15055,5,0,0,0,,,,,,,,
15,15055,6,0,0,0,,,,,,,,
15,15055,7,2,2,0,,,,,,,,
15,15055,8,1,0,1,,,,,,,,
15,15055,9,0,0,0,,,,,,,,
15,15056,1,54,47,7,,,,,,,,
15,15056,2,0,0,0,,,,,,,,
15,15056,3,0,0,0,,,,,,,,
15,15056,4,0,0,0,,,,,,,,
15,15056,5,0,0,0,,,,,,,,
15,15056,6,0,0,0,,,,,,,,
15,15056,7,4,4,0,,,,,,,,
15,15056,8,2,0,2,,,,,,,,
15,15056,9,0,0,0,,,,,,,,
15,15057,1,1511,1171,340,,,,,,,,
15,15057,2,325,239,86,,,,,,,,
15,15057,3,209,182,27,,,,,,,,
15,15057,4,0,0,0,,,,,,,,
15,15057,5,0,0,0,,,,,,,,
15,15057,6,NA,NA,NA,,,,,,,,
15,15057,7,89,56,33,,,,,,,,
15,15057,8,258,133,125,,,,,,,,
15,15057,9,178,107,71,,,,,,,,
15,15058,1,2055,1421,634,,,,,,,,
15,15058,2,91,40,51,,,,,,,,
15,15058,3,0,0,0,,,,,,,,
15,15058,4,0,0,0,,,,,,,,
15,15058,5,0,0,0,,,,,,,,
15,15058,6,116,93,23,,,,,,,,
15,15058,7,3,3,0,,,,,,,,
15,15058,8,124,76,48,,,,,,,,
15,15058,9,34,23,11,,,,,,,,
15,15059,1,77,62,15,,,,,,,,
15,15059,2,0,0,0,,,,,,,,
15,15059,3,0,0,0,,,,,,,,
15,15059,4,0,0,0,,,,,,,,
15,15059,5,0,0,0,,,,,,,,
15,15059,6,NA,NA,NA,,,,,,,,
15,15059,7,5,5,0,,,,,,,,
15,15059,8,0,0,0,,,,,,,,
15,15059,9,0,0,0,,,,,,,,
15,15060,1,278,230,48,,,,,,,,
15,15060,2,36,24,12,,,,,,,,
15,15060,3,0,0,0,,,,,,,,
15,15060,4,0,0,0,,,,,,,,
15,15060,5,0,0,0,,,,,,,,
15,15060,6,NA,NA,NA,,,,,,,,
15,15060,7,1,1,0,,,,,,,,
15,15060,8,71,42,29,,,,,,,,
15,15060,9,0,0,0,,,,,,,,
15,15061,1,18,18,0,,,,,,,,
15,15061,2,0,0,0,,,,,,,,
15,15061,3,0,0,0,,,,,,,,
15,15061,4,0,0,0,,,,,,,,
15,15061,5,0,0,0,,,,,,,,
15,15061,6,NA,NA,NA,,,,,,,,
15,15061,7,2,2,0,,,,,,,,
15,15061,8,1,0,1,,,,,,,,
15,15061,9,2,0,2,,,,,,,,
15,15062,1,59,47,12,,,,,,,,
15,15062,2,0,0,0,,,,,,,,
15,15062,3,0,0,0,,,,,,,,
15,15062,4,0,0,0,,,,,,,,
15,15062,5,0,0,0,,,,,,,,
15,15062,6,NA,NA,NA,,,,,,,,
15,15062,7,0,0,0,,,,,,,,
15,15062,8,0,0,0,,,,,,,,
15,15062,9,0,0,0,,,,,,,,
15,15063,1,38,32,6,,,,,,,,
15,15063,2,0,0,0,,,,,,,,
15,15063,3,0,0,0,,,,,,,,
15,15063,4,0,0,0,,,,,,,,
15,15063,5,0,0,0,,,,,,,,
15,15063,6,NA,NA,NA,,,,,,,,
15,15063,7,4,4,0,,,,,,,,
15,15063,8,1,1,0,,,,,,,,
15,15063,9,0,0,0,,,,,,,,
15,15064,1,34,28,6,,,,,,,,
15,15064,2,0,0,0,,,,,,,,
15,15064,3,0,0,0,,,,,,,,
15,15064,4,0,0,0,,,,,,,,
15,15064,5,0,0,0,,,,,,,,
15,15064,6,NA,NA,NA,,,,,,,,
15,15064,7,0,0,0,,,,,,,,
15,15064,8,4,1,3,,,,,,,,
15,15064,9,0,0,0,,,,,,,,
15,15065,1,30,21,9,,,,,,,,
15,15065,2,0,0,0,,,,,,,,
15,15065,3,0,0,0,,,,,,,,
15,15065,4,0,0,0,,,,,,,,
15,15065,5,0,0,0,,,,,,,,
15,15065,6,NA,NA,NA,,,,,,,,
15,15065,7,2,2,0,,,,,,,,
15,15065,8,1,0,1,,,,,,,,
15,15065,9,3,3,0,,,,,,,,
15,15066,1,14,10,4,,,,,,,,
15,15066,2,0,0,0,,,,,,,,
15,15066,3,0,0,0,,,,,,,,
15,15066,4,0,0,0,,,,,,,,
15,15066,5,0,0,0,,,,,,,,
15,15066,6,NA,NA,NA,,,,,,,,
15,15066,7,3,3,0,,,,,,,,
15,15066,8,0,0,0,,,,,,,,
15,15066,9,0,0,0,,,,,,,,
15,15067,1,52,48,4,,,,,,,,
15,15067,2,8,0,8,,,,,,,,
15,15067,3,0,0,0,,,,,,,,
15,15067,4,0,0,0,,,,,,,,
15,15067,5,0,0,0,,,,,,,,
15,15067,6,NA,NA,NA,,,,,,,,
15,15067,7,3,2,1,,,,,,,,
15,15067,8,2,1,1,,,,,,,,
15,15067,9,0,0,0,,,,,,,,
15,15068,1,53,42,11,,,,,,,,
15,15068,2,0,0,0,,,,,,,,
15,15068,3,0,0,0,,,,,,,,
15,15068,4,0,0,0,,,,,,,,
15,15068,5,0,0,0,,,,,,,,
15,15068,6,NA,NA,NA,,,,,,,,
15,15068,7,1,1,0,,,,,,,,
15,15068,8,0,0,0,,,,,,,,
15,15068,9,0,0,0,,,,,,,,
15,15069,1,11,5,6,,,,,,,,
15,15069,2,0,0,0,,,,,,,,
15,15069,3,0,0,0,,,,,,,,
15,15069,4,0,0,0,,,,,,,,
15,15069,5,0,0,0,,,,,,,,
15,15069,6,NA,NA,NA,,,,,,,,
15,15069,7,4,4,0,,,,,,,,
15,15069,8,0,0,0,,,,,,,,
15,15069,9,0,0,0,,,,,,,,
15,15070,1,391,320,71,,,,,,,,
15,15070,2,0,0,0,,,,,,,,
15,15070,3,0,0,0,,,,,,,,
15,15070,4,0,0,0,,,,,,,,
15,15070,5,0,0,0,,,,,,,,
15,15070,6,NA,NA,NA,,,,,,,,
15,15070,7,4,4,0,,,,,,,,
15,15070,8,9,3,6,,,,,,,,
15,15070,9,0,0,0,,,,,,,,
15,15071,1,21,19,2,,,,,,,,
15,15071,2,0,0,0,,,,,,,,
15,15071,3,0,0,0,,,,,,,,
15,15071,4,0,0,0,,,,,,,,
15,15071,5,0,0,0,,,,,,,,
15,15071,6,NA,NA,NA,,,,,,,,
15,15071,7,1,1,0,,,,,,,,
15,15071,8,2,1,1,,,,,,,,
15,15071,9,0,0,0,,,,,,,,
15,15072,1,38,34,4,,,,,,,,
15,15072,2,0,0,0,,,,,,,,
15,15072,3,0,0,0,,,,,,,,
15,15072,4,0,0,0,,,,,,,,
15,15072,5,0,0,0,,,,,,,,
15,15072,6,0,0,0,,,,,,,,
15,15072,7,0,0,0,,,,,,,,
15,15072,8,0,0,0,,,,,,,,
15,15072,9,0,0,0,,,,,,,,
15,15073,1,36,30,6,,,,,,,,
15,15073,2,0,0,0,,,,,,,,
15,15073,3,0,0,0,,,,,,,,
15,15073,4,0,0,0,,,,,,,,
15,15073,5,0,0,0,,,,,,,,
15,15073,6,NA,NA,NA,,,,,,,,
15,15073,7,2,2,0,,,,,,,,
15,15073,8,1,0,1,,,,,,,,
15,15073,9,0,0,0,,,,,,,,
15,15074,1,65,61,4,,,,,,,,
15,15074,2,17,7,10,,,,,,,,
15,15074,3,0,0,0,,,,,,,,
15,15074,4,0,0,0,,,,,,,,
15,15074,5,0,0,0,,,,,,,,
15,15074,6,0,0,0,,,,,,,,
15,15074,7,1,1,0,,,,,,,,
15,15074,8,3,3,0,,,,,,,,
15,15074,9,14,8,6,,,,,,,,
15,15075,1,51,34,17,,,,,,,,
15,15075,2,0,0,0,,,,,,,,
15,15075,3,0,0,0,,,,,,,,
15,15075,4,0,0,0,,,,,,,,
15,15075,5,0,0,0,,,,,,,,
15,15075,6,NA,NA,NA,,,,,,,,
15,15075,7,1,1,0,,,,,,,,
15,15075,8,2,1,1,,,,,,,,
15,15075,9,0,0,0,,,,,,,,
15,15076,1,58,55,3,,,,,,,,
15,15076,2,10,0,10,,,,,,,,
15,15076,3,0,0,0,,,,,,,,
15,15076,4,0,0,0,,,,,,,,
15,15076,5,0,0,0,,,,,,,,
15,15076,6,10,5,5,,,,,,,,
15,15076,7,4,4,0,,,,,,,,
15,15076,8,5,1,4,,,,,,,,
15,15076,9,0,0,0,,,,,,,,
15,15077,1,9,8,1,,,,,,,,
15,15077,2,0,0,0,,,,,,,,
15,15077,3,0,0,0,,,,,,,,
15,15077,4,0,0,0,,,,,,,,
15,15077,5,0,0,0,,,,,,,,
15,15077,6,0,0,0,,,,,,,,
15,15077,7,0,0,0,,,,,,,,
15,15077,8,0,0,0,,,,,,,,
15,15077,9,0,0,0,,,,,,,,
15,15078,1,18,14,4,,,,,,,,
15,15078,2,0,0,0,,,,,,,,
15,15078,3,0,0,0,,,,,,,,
15,15078,4,0,0,0,,,,,,,,
15,15078,5,0,0,0,,,,,,,,
15,15078,6,NA,NA,NA,,,,,,,,
15,15078,7,1,1,0,,,,,,,,
15,15078,8,1,0,1,,,,,,,,
15,15078,9,0,0,0,,,,,,,,
15,15079,1,16,16,0,,,,,,,,
15,15079,2,0,0,0,,,,,,,,
15,15079,3,0,0,0,,,,,,,,
15,15079,4,0,0,0,,,,,,,,
15,15079,5,0,0,0,,,,,,,,
15,15079,6,NA,NA,NA,,,,,,,,
15,15079,7,0,0,0,,,,,,,,
15,15079,8,0,0,0,,,,,,,,
15,15079,9,0,0,0,,,,,,,,
15,15080,1,0,0,0,,,,,,,,
15,15080,2,0,0,0,,,,,,,,
15,15080,3,0,0,0,,,,,,,,
15,15080,4,0,0,0,,,,,,,,
15,15080,5,26,18,8,,,,,,,,
15,15080,6,NA,NA,NA,,,,,,,,
15,15080,7,1,1,0,,,,,,,,
15,15080,8,1,1,0,,,,,,,,
15,15080,9,0,0,0,,,,,,,,
15,15081,1,558,435,123,,,,,,,,
15,15081,2,97,58,39,,,,,,,,
15,15081,3,0,0,0,,,,,,,,
15,15081,4,62,38,24,,,,,,,,
15,15081,5,0,0,0,,,,,,,,
15,15081,6,NA,NA,NA,,,,,,,,
15,15081,7,30,19,11,,,,,,,,
15,15081,8,32,11,21,,,,,,,,
15,15081,9,78,47,31,,,,,,,,
15,15082,1,0,0,0,,,,,,,,
15,15082,2,0,0,0,,,,,,,,
15,15082,3,0,0,0,,,,,,,,
15,15082,4,0,0,0,,,,,,,,
15,15082,5,48,40,8,,,,,,,,
15,15082,6,NA,NA,NA,,,,,,,,
15,15082,7,1,1,0,,,,,,,,
15,15082,8,5,2,3,,,,,,,,
15,15082,9,0,0,0,,,,,,,,
15,15083,1,45,28,17,,,,,,,,
15,15083,2,0,0,0,,,,,,,,
15,15083,3,0,0,0,,,,,,,,
15,15083,4,0,0,0,,,,,,,,
15,15083,5,0,0,0,,,,,,,,
15,15083,6,NA,NA,NA,,,,,,,,
15,15083,7,4,4,0,,,,,,,,
15,15083,8,1,0,1,,,,,,,,
15,15083,9,0,0,0,,,,,,,,
15,15084,1,70,57,13,,,,,,,,
15,15084,2,0,0,0,,,,,,,,
15,15084,3,0,0,0,,,,,,,,
15,15084,4,0,0,0,,,,,,,,
15,15084,5,0,0,0,,,,,,,,
15,15084,6,NA,NA,NA,,,,,,,,
15,15084,7,4,4,0,,,,,,,,
15,15084,8,6,4,2,,,,,,,,
15,15084,9,0,0,0,,,,,,,,
15,15085,1,54,47,7,,,,,,,,
15,15085,2,0,0,0,,,,,,,,
15,15085,3,0,0,0,,,,,,,,
15,15085,4,0,0,0,,,,,,,,
15,15085,5,0,0,0,,,,,,,,
15,15085,6,NA,NA,NA,,,,,,,,
15,15085,7,1,1,0,,,,,,,,
15,15085,8,1,1,0,,,,,,,,
15,15085,9,0,0,0,,,,,,,,
15,15086,1,33,22,11,,,,,,,,
15,15086,2,0,0,0,,,,,,,,
15,15086,3,0,0,0,,,,,,,,
15,15086,4,0,0,0,,,,,,,,
15,15086,5,0,0,0,,,,,,,,
15,15086,6,NA,NA,NA,,,,,,,,
15,15086,7,1,1,0,,,,,,,,
15,15086,8,0,0,0,,,,,,,,
15,15086,9,0,0,0,,,,,,,,
15,15087,1,79,63,16,,,,,,,,
15,15087,2,4,0,4,,,,,,,,
15,15087,3,0,0,0,,,,,,,,
15,15087,4,0,0,0,,,,,,,,
15,15087,5,0,0,0,,,,,,,,
15,15087,6,NA,NA,NA,,,,,,,,
15,15087,7,2,2,0,,,,,,,,
15,15087,8,1,1,0,,,,,,,,
15,15087,9,0,0,0,,,,,,,,
15,15088,1,115,92,23,,,,,,,,
15,15088,2,23,9,14,,,,,,,,
15,15088,3,0,0,0,,,,,,,,
15,15088,4,0,0,0,,,,,,,,
15,15088,5,0,0,0,,,,,,,,
15,15088,6,0,0,0,,,,,,,,
15,15088,7,6,6,0,,,,,,,,
15,15088,8,5,5,0,,,,,,,,
15,15088,9,6,3,3,,,,,,,,
15,15089,1,40,30,10,,,,,,,,
15,15089,2,0,0,0,,,,,,,,
15,15089,3,0,0,0,,,,,,,,
15,15089,4,0,0,0,,,,,,,,
15,15089,5,0,0,0,,,,,,,,
15,15089,6,NA,NA,NA,,,,,,,,
15,15089,7,1,1,0,,,,,,,,
15,15089,8,2,1,1,,,,,,,,
15,15089,9,0,0,0,,,,,,,,
15,15090,1,74,63,11,,,,,,,,
15,15090,2,0,0,0,,,,,,,,
15,15090,3,0,0,0,,,,,,,,
15,15090,4,0,0,0,,,,,,,,
15,15090,5,0,0,0,,,,,,,,
15,15090,6,0,0,0,,,,,,,,
15,15090,7,1,1,0,,,,,,,,
15,15090,8,1,0,1,,,,,,,,
15,15090,9,0,0,0,,,,,,,,
15,15091,1,75,60,15,,,,,,,,
15,15091,2,0,0,0,,,,,,,,
15,15091,3,0,0,0,,,,,,,,
15,15091,4,0,0,0,,,,,,,,
15,15091,5,0,0,0,,,,,,,,
15,15091,6,NA,NA,NA,,,,,,,,
15,15091,7,5,4,1,,,,,,,,
15,15091,8,3,1,2,,,,,,,,
15,15091,9,0,0,0,,,,,,,,
15,15092,1,108,80,28,,,,,,,,
15,15092,2,0,0,0,,,,,,,,
15,15092,3,0,0,0,,,,,,,,
15,15092,4,0,0,0,,,,,,,,
15,15092,5,0,0,0,,,,,,,,
15,15092,6,NA,NA,NA,,,,,,,,
15,15092,7,1,1,0,,,,,,,,
15,15092,8,0,0,0,,,,,,,,
15,15092,9,0,0,0,,,,,,,,
15,15093,1,38,28,10,,,,,,,,
15,15093,2,0,0,0,,,,,,,,
15,15093,3,0,0,0,,,,,,,,
15,15093,4,0,0,0,,,,,,,,
15,15093,5,0,0,0,,,,,,,,
15,15093,6,NA,NA,NA,,,,,,,,
15,15093,7,3,3,0,,,,,,,,
15,15093,8,0,0,0,,,,,,,,
15,15093,9,0,0,0,,,,,,,,
15,15094,1,34,29,5,,,,,,,,
15,15094,2,0,0,0,,,,,,,,
15,15094,3,0,0,0,,,,,,,,
15,15094,4,0,0,0,,,,,,,,
15,15094,5,0,0,0,,,,,,,,
15,15094,6,NA,NA,NA,,,,,,,,
15,15094,7,2,2,0,,,,,,,,
15,15094,8,1,1,0,,,,,,,,
15,15094,9,0,0,0,,,,,,,,
15,15095,1,143,133,10,,,,,,,,
15,15095,2,11,0,11,,,,,,,,
15,15095,3,0,0,0,,,,,,,,
15,15095,4,0,0,0,,,,,,,,
15,15095,5,0,0,0,,,,,,,,
15,15095,6,NA,NA,NA,,,,,,,,
15,15095,7,7,6,1,,,,,,,,
15,15095,8,3,1,2,,,,,,,,
15,15095,9,0,0,0,,,,,,,,
15,15096,1,50,39,11,,,,,,,,
15,15096,2,0,0,0,,,,,,,,
15,15096,3,0,0,0,,,,,,,,
15,15096,4,0,0,0,,,,,,,,
15,15096,5,0,0,0,,,,,,,,
15,15096,6,NA,NA,NA,,,,,,,,
15,15096,7,2,2,0,,,,,,,,
15,15096,8,7,2,5,,,,,,,,
15,15096,9,0,0,0,,,,,,,,
15,15097,1,30,24,6,,,,,,,,
15,15097,2,0,0,0,,,,,,,,
15,15097,3,0,0,0,,,,,,,,
15,15097,4,0,0,0,,,,,,,,
15,15097,5,0,0,0,,,,,,,,
15,15097,6,NA,NA,NA,,,,,,,,
15,15097,7,1,1,0,,,,,,,,
15,15097,8,3,2,1,,,,,,,,
15,15097,9,0,0,0,,,,,,,,
15,15098,1,20,14,6,,,,,,,,
15,15098,2,0,0,0,,,,,,,,
15,15098,3,0,0,0,,,,,,,,
15,15098,4,0,0,0,,,,,,,,
15,15098,5,0,0,0,,,,,,,,
15,15098,6,NA,NA,NA,,,,,,,,
15,15098,7,2,2,0,,,,,,,,
15,15098,8,1,0,1,,,,,,,,
15,15098,9,0,0,0,,,,,,,,
15,15099,1,361,286,75,,,,,,,,
15,15099,2,53,36,17,,,,,,,,
15,15099,3,0,0,0,,,,,,,,
15,15099,4,0,0,0,,,,,,,,
15,15099,5,0,0,0,,,,,,,,
15,15099,6,NA,NA,NA,,,,,,,,
15,15099,7,11,10,1,,,,,,,,
15,15099,8,0,0,0,,,,,,,,
15,15099,9,0,0,0,,,,,,,,
15,15100,1,78,68,10,,,,,,,,
15,15100,2,0,0,0,,,,,,,,
15,15100,3,0,0,0,,,,,,,,
15,15100,4,0,0,0,,,,,,,,
15,15100,5,0,0,0,,,,,,,,
15,15100,6,3,1,2,,,,,,,,
15,15100,7,1,1,0,,,,,,,,
15,15100,8,3,2,1,,,,,,,,
15,15100,9,1,0,1,,,,,,,,
15,15101,1,87,81,6,,,,,,,,
15,15101,2,9,0,9,,,,,,,,
15,15101,3,0,0,0,,,,,,,,
15,15101,4,0,0,0,,,,,,,,
15,15101,5,0,0,0,,,,,,,,
15,15101,6,NA,NA,NA,,,,,,,,
15,15101,7,2,2,0,,,,,,,,
15,15101,8,0,0,0,,,,,,,,
15,15101,9,0,0,0,,,,,,,,
15,15102,1,24,23,1,,,,,,,,
15,15102,2,0,0,0,,,,,,,,
15,15102,3,0,0,0,,,,,,,,
15,15102,4,0,0,0,,,,,,,,
15,15102,5,0,0,0,,,,,,,,
15,15102,6,NA,NA,NA,,,,,,,,
15,15102,7,4,4,0,,,,,,,,
15,15102,8,2,1,1,,,,,,,,
15,15102,9,0,0,0,,,,,,,,
15,15103,1,111,84,27,,,,,,,,
15,15103,2,0,0,0,,,,,,,,
15,15103,3,0,0,0,,,,,,,,
15,15103,4,0,0,0,,,,,,,,
15,15103,5,0,0,0,,,,,,,,
15,15103,6,NA,NA,NA,,,,,,,,
15,15103,7,1,1,0,,,,,,,,
15,15103,8,0,0,0,,,,,,,,
15,15103,9,0,0,0,,,,,,,,
15,15104,1,1017,827,190,,,,,,,,
15,15104,2,187,162,25,,,,,,,,
15,15104,3,0,0,0,,,,,,,,
15,15104,4,0,0,0,,,,,,,,
15,15104,5,0,0,0,,,,,,,,
15,15104,6,NA,NA,NA,,,,,,,,
15,15104,7,38,27,11,,,,,,,,
15,15104,8,38,16,22,,,,,,,,
15,15104,9,0,0,0,,,,,,,,
15,15105,1,0,0,0,,,,,,,,
15,15105,2,0,0,0,,,,,,,,
15,15105,3,0,0,0,,,,,,,,
15,15105,4,0,0,0,,,,,,,,
15,15105,5,25,20,5,,,,,,,,
15,15105,6,NA,NA,NA,,,,,,,,
15,15105,7,1,1,0,,,,,,,,
15,15105,8,1,1,0,,,,,,,,
15,15105,9,0,0,0,,,,,,,,
15,15106,1,1421,1107,314,,,,,,,,
15,15106,2,211,154,57,,,,,,,,
15,15106,3,0,0,0,,,,,,,,
15,15106,4,0,0,0,,,,,,,,
15,15106,5,0,0,0,,,,,,,,
15,15106,6,0,0,0,,,,,,,,
15,15106,7,27,16,11,,,,,,,,
15,15106,8,149,87,62,,,,,,,,
15,15106,9,0,0,0,,,,,,,,
15,15107,1,29,24,5,,,,,,,,
15,15107,2,0,0,0,,,,,,,,
15,15107,3,0,0,0,,,,,,,,
15,15107,4,0,0,0,,,,,,,,
15,15107,5,0,0,0,,,,,,,,
15,15107,6,NA,NA,NA,,,,,,,,
15,15107,7,2,2,0,,,,,,,,
15,15107,8,3,2,1,,,,,,,,
15,15107,9,0,0,0,,,,,,,,
15,15108,1,210,180,30,,,,,,,,
15,15108,2,15,15,0,,,,,,,,
15,15108,3,0,0,0,,,,,,,,
15,15108,4,0,0,0,,,,,,,,
15,15108,5,0,0,0,,,,,,,,
15,15108,6,NA,NA,NA,,,,,,,,
15,15108,7,10,10,0,,,,,,,,
15,15108,8,4,3,1,,,,,,,,
15,15108,9,0,0,0,,,,,,,,
15,15109,1,402,309,93,,,,,,,,
15,15109,2,116,90,26,,,,,,,,
15,15109,3,0,0,0,,,,,,,,
15,15109,4,0,0,0,,,,,,,,
15,15109,5,0,0,0,,,,,,,,
15,15109,6,NA,NA,NA,,,,,,,,
15,15109,7,11,11,0,,,,,,,,
15,15109,8,36,16,20,,,,,,,,
15,15109,9,0,0,0,,,,,,,,
15,15110,1,85,71,14,,,,,,,,
15,15110,2,0,0,0,,,,,,,,
15,15110,3,0,0,0,,,,,,,,
15,15110,4,0,0,0,,,,,,,,
15,15110,5,0,0,0,,,,,,,,
15,15110,6,NA,NA,NA,,,,,,,,
15,15110,7,0,0,0,,,,,,,,
15,15110,8,6,2,4,,,,,,,,
15,15110,9,0,0,0,,,,,,,,
15,15111,1,50,47,3,,,,,,,,
15,15111,2,0,0,0,,,,,,,,
15,15111,3,0,0,0,,,,,,,,
15,15111,4,0,0,0,,,,,,,,
15,15111,5,0,0,0,,,,,,,,
15,15111,6,0,0,0,,,,,,,,
15,15111,7,2,2,0,,,,,,,,
15,15111,8,3,2,1,,,,,,,,
15,15111,9,0,0,0,,,,,,,,
15,15112,1,72,50,22,,,,,,,,
15,15112,2,0,0,0,,,,,,,,
15,15112,3,0,0,0,,,,,,,,
15,15112,4,0,0,0,,,,,,,,
15,15112,5,0,0,0,,,,,,,,
15,15112,6,NA,NA,NA,,,,,,,,
15,15112,7,2,2,0,,,,,,,,
15,15112,8,3,1,2,,,,,,,,
15,15112,9,0,0,0,,,,,,,,
15,15113,1,60,55,5,,,,,,,,
15,15113,2,0,0,0,,,,,,,,
15,15113,3,0,0,0,,,,,,,,
15,15113,4,0,0,0,,,,,,,,
15,15113,5,0,0,0,,,,,,,,
15,15113,6,NA,NA,NA,,,,,,,,
15,15113,7,0,0,0,,,,,,,,
15,15113,8,0,0,0,,,,,,,,
15,15113,9,0,0,0,,,,,,,,
15,15114,1,122,108,14,,,,,,,,
15,15114,2,0,0,0,,,,,,,,
15,15114,3,0,0,0,,,,,,,,
15,15114,4,0,0,0,,,,,,,,
15,15114,5,0,0,0,,,,,,,,
15,15114,6,0,0,0,,,,,,,,
15,15114,7,0,0,0,,,,,,,,
15,15114,8,0,0,0,,,,,,,,
15,15114,9,0,0,0,,,,,,,,
15,15115,1,49,43,6,,,,,,,,
15,15115,2,0,0,0,,,,,,,,
15,15115,3,0,0,0,,,,,,,,
15,15115,4,0,0,0,,,,,,,,
15,15115,5,0,0,0,,,,,,,,
15,15115,6,NA,NA,NA,,,,,,,,
15,15115,7,2,2,0,,,,,,,,
15,15115,8,3,1,2,,,,,,,,
15,15115,9,0,0,0,,,,,,,,
15,15116,1,1,1,0,,,,,,,,
15,15116,2,0,0,0,,,,,,,,
15,15116,3,0,0,0,,,,,,,,
15,15116,4,0,0,0,,,,,,,,
15,15116,5,0,0,0,,,,,,,,
15,15116,6,NA,NA,NA,,,,,,,,
15,15116,7,1,1,0,,,,,,,,
15,15116,8,1,1,0,,,,,,,,
15,15116,9,0,0,0,,,,,,,,
15,15117,1,15,12,3,,,,,,,,
15,15117,2,0,0,0,,,,,,,,
15,15117,3,0,0,0,,,,,,,,
15,15117,4,0,0,0,,,,,,,,
15,15117,5,0,0,0,,,,,,,,
15,15117,6,NA,NA,NA,,,,,,,,
15,15117,7,0,0,0,,,,,,,,
15,15117,8,0,0,0,,,,,,,,
15,15117,9,0,0,0,,,,,,,,
15,15118,1,144,140,4,,,,,,,,
15,15118,2,11,1,10,,,,,,,,
15,15118,3,0,0,0,,,,,,,,
15,15118,4,0,0,0,,,,,,,,
15,15118,5,0,0,0,,,,,,,,
15,15118,6,NA,NA,NA,,,,,,,,
15,15118,7,1,1,0,,,,,,,,
15,15118,8,0,0,0,,,,,,,,
15,15118,9,0,0,0,,,,,,,,
15,15119,1,30,27,3,,,,,,,,
15,15119,2,0,0,0,,,,,,,,
15,15119,3,0,0,0,,,,,,,,
15,15119,4,0,0,0,,,,,,,,
15,15119,5,0,0,0,,,,,,,,
15,15119,6,NA,NA,NA,,,,,,,,
15,15119,7,1,1,0,,,,,,,,
15,15119,8,0,0,0,,,,,,,,
15,15119,9,0,0,0,,,,,,,,
15,15120,1,225,193,32,,,,,,,,
15,15120,2,0,0,0,,,,,,,,
15,15120,3,0,0,0,,,,,,,,
15,15120,4,0,0,0,,,,,,,,
15,15120,5,0,0,0,,,,,,,,
15,15120,6,0,0,0,,,,,,,,
15,15120,7,1,1,0,,,,,,,,
15,15120,8,0,0,0,,,,,,,,
15,15120,9,0,0,0,,,,,,,,
15,15121,1,641,530,111,,,,,,,,
15,15121,2,265,193,72,,,,,,,,
15,15121,3,0,0,0,,,,,,,,
15,15121,4,0,0,0,,,,,,,,
15,15121,5,0,0,0,,,,,,,,
15,15121,6,NA,NA,NA,,,,,,,,
15,15121,7,2,2,0,,,,,,,,
15,15121,8,3,3,0,,,,,,,,
15,15121,9,0,0,0,,,,,,,,
15,15122,1,451,328,123,,,,,,,,
15,15122,2,39,32,7,,,,,,,,
15,15122,3,0,0,0,,,,,,,,
15,15122,4,0,0,0,,,,,,,,
15,15122,5,0,0,0,,,,,,,,
15,15122,6,7,5,2,,,,,,,,
15,15122,7,11,11,0,,,,,,,,
15,15122,8,27,19,8,,,,,,,,
15,15122,9,0,0,0,,,,,,,,
15,15123,1,20,20,0,,,,,,,,
15,15123,2,2,0,2,,,,,,,,
15,15123,3,0,0,0,,,,,,,,
15,15123,4,0,0,0,,,,,,,,
15,15123,5,0,0,0,,,,,,,,
15,15123,6,0,0,0,,,,,,,,
15,15123,7,1,1,0,,,,,,,,
15,15123,8,0,0,0,,,,,,,,
15,15123,9,0,0,0,,,,,,,,
15,15124,1,103,94,9,,,,,,,,
15,15124,2,0,0,0,,,,,,,,
15,15124,3,0,0,0,,,,,,,,
15,15124,4,0,0,0,,,,,,,,
15,15124,5,0,0,0,,,,,,,,
15,15124,6,0,0,0,,,,,,,,
15,15124,7,1,1,0,,,,,,,,
15,15124,8,6,1,5,,,,,,,,
15,15124,9,3,1,2,,,,,,,,
15,15125,1,32,24,8,,,,,,,,
15,15125,2,0,0,0,,,,,,,,
15,15125,3,0,0,0,,,,,,,,
15,15125,4,0,0,0,,,,,,,,
15,15125,5,0,0,0,,,,,,,,
15,15125,6,NA,NA,NA,,,,,,,,
15,15125,7,1,1,0,,,,,,,,
15,15125,8,0,0,0,,,,,,,,
15,15125,9,0,0,0,,,,,,,,
16,16001,1,14,11,3,,,,,,,,
16,16001,2,0,0,0,,,,,,,,
16,16001,3,0,0,0,,,,,,,,
16,16001,4,0,0,0,,,,,,,,
16,16001,5,0,0,0,,,,,,,,
16,16001,6,0,0,0,,,,,,,,
16,16001,7,1,1,0,,,,,,,,
16,16001,8,0,0,0,,,,,,,,
16,16001,9,0,0,0,,,,,,,,
16,16002,1,0,0,0,,,,,,,,
16,16002,2,0,0,0,,,,,,,,
16,16002,3,0,0,0,,,,,,,,
16,16002,4,0,0,0,,,,,,,,
16,16002,5,4,4,0,,,,,,,,
16,16002,6,NA,NA,NA,,,,,,,,
16,16002,7,0,0,0,,,,,,,,
16,16002,8,1,0,1,,,,,,,,
16,16002,9,0,0,0,,,,,,,,
16,16003,1,30,22,8,,,,,,,,
16,16003,2,0,0,0,,,,,,,,
16,16003,3,0,0,0,,,,,,,,
16,16003,4,0,0,0,,,,,,,,
16,16003,5,0,0,0,,,,,,,,
16,16003,6,NA,NA,NA,,,,,,,,
16,16003,7,5,5,0,,,,,,,,
16,16003,8,3,1,2,,,,,,,,
16,16003,9,0,0,0,,,,,,,,
16,16004,1,32,30,2,,,,,,,,
16,16004,2,0,0,0,,,,,,,,
16,16004,3,0,0,0,,,,,,,,
16,16004,4,0,0,0,,,,,,,,
16,16004,5,0,0,0,,,,,,,,
16,16004,6,NA,NA,NA,,,,,,,,
16,16004,7,4,4,0,,,,,,,,
16,16004,8,3,1,2,,,,,,,,
16,16004,9,0,0,0,,,,,,,,
16,16005,1,17,16,1,,,,,,,,
16,16005,2,2,1,1,,,,,,,,
16,16005,3,0,0,0,,,,,,,,
16,16005,4,0,0,0,,,,,,,,
16,16005,5,0,0,0,,,,,,,,
16,16005,6,NA,NA,NA,,,,,,,,
16,16005,7,4,4,0,,,,,,,,
16,16005,8,3,1,2,,,,,,,,
16,16005,9,0,0,0,,,,,,,,
16,16006,1,155,109,46,,,,,,,,
16,16006,2,0,0,0,,,,,,,,
16,16006,3,0,0,0,,,,,,,,
16,16006,4,0,0,0,,,,,,,,
16,16006,5,0,0,0,,,,,,,,
16,16006,6,NA,NA,NA,,,,,,,,
16,16006,7,0,0,0,,,,,,,,
16,16006,8,3,1,2,,,,,,,,
16,16006,9,0,0,0,,,,,,,,
16,16007,1,14,11,3,,,,,,,,
16,16007,2,0,0,0,,,,,,,,
16,16007,3,0,0,0,,,,,,,,
16,16007,4,0,0,0,,,,,,,,
16,16007,5,0,0,0,,,,,,,,
16,16007,6,NA,NA,NA,,,,,,,,
16,16007,7,2,2,0,,,,,,,,
16,16007,8,1,0,1,,,,,,,,
16,16007,9,0,0,0,,,,,,,,
16,16008,1,ND,ND,ND,,,,,,,,
16,16008,2,ND,ND,ND,,,,,,,,
16,16008,3,ND,ND,ND,,,,,,,,
16,16008,4,ND,ND,ND,,,,,,,,
16,16008,5,ND,ND,ND,,,,,,,,
16,16008,6,ND,ND,ND,,,,,,,,
16,16008,7,ND,ND,ND,,,,,,,,
16,16008,8,ND,ND,ND,,,,,,,,
16,16008,9,ND,ND,ND,,,,,,,,
16,16009,1,29,25,4,,,,,,,,
16,16009,2,1,1,0,,,,,,,,
16,16009,3,0,0,0,,,,,,,,
16,16009,4,0,0,0,,,,,,,,
16,16009,5,0,0,0,,,,,,,,
16,16009,6,NA,NA,NA,,,,,,,,
16,16009,7,1,1,0,,,,,,,,
16,16009,8,1,0,1,,,,,,,,
16,16009,9,0,0,0,,,,,,,,
16,16010,1,ND,ND,ND,,,,,,,,
16,16010,2,ND,ND,ND,,,,,,,,
16,16010,3,ND,ND,ND,,,,,,,,
16,16010,4,ND,ND,ND,,,,,,,,
16,16010,5,ND,ND,ND,,,,,,,,
16,16010,6,ND,ND,ND,,,,,,,,
16,16010,7,ND,ND,ND,,,,,,,,
16,16010,8,ND,ND,ND,,,,,,,,
16,16010,9,ND,ND,ND,,,,,,,,
16,16011,1,22,18,4,,,,,,,,
16,16011,2,0,0,0,,,,,,,,
16,16011,3,0,0,0,,,,,,,,
16,16011,4,0,0,0,,,,,,,,
16,16011,5,0,0,0,,,,,,,,
16,16011,6,NA,NA,NA,,,,,,,,
16,16011,7,2,2,0,,,,,,,,
16,16011,8,1,0,1,,,,,,,,
16,16011,9,0,0,0,,,,,,,,
16,16012,1,57,51,6,,,,,,,,
16,16012,2,4,3,1,,,,,,,,
16,16012,3,0,0,0,,,,,,,,
16,16012,4,0,0,0,,,,,,,,
16,16012,5,0,0,0,,,,,,,,
16,16012,6,NA,NA,NA,,,,,,,,
16,16012,7,0,0,0,,,,,,,,
16,16012,8,0,0,0,,,,,,,,
16,16012,9,0,0,0,,,,,,,,
16,16013,1,13,13,0,,,,,,,,
16,16013,2,0,0,0,,,,,,,,
16,16013,3,0,0,0,,,,,,,,
16,16013,4,0,0,0,,,,,,,,
16,16013,5,0,0,0,,,,,,,,
16,16013,6,NA,NA,NA,,,,,,,,
16,16013,7,1,1,0,,,,,,,,
16,16013,8,1,0,1,,,,,,,,
16,16013,9,0,0,0,,,,,,,,
16,16014,1,18,16,2,,,,,,,,
16,16014,2,0,0,0,,,,,,,,
16,16014,3,0,0,0,,,,,,,,
16,16014,4,0,0,0,,,,,,,,
16,16014,5,0,0,0,,,,,,,,
16,16014,6,NA,NA,NA,,,,,,,,
16,16014,7,1,0,1,,,,,,,,
16,16014,8,1,0,1,,,,,,,,
16,16014,9,0,0,0,,,,,,,,
16,16015,1,20,19,1,,,,,,,,
16,16015,2,0,0,0,,,,,,,,
16,16015,3,0,0,0,,,,,,,,
16,16015,4,0,0,0,,,,,,,,
16,16015,5,0,0,0,,,,,,,,
16,16015,6,NA,NA,NA,,,,,,,,
16,16015,7,3,3,0,,,,,,,,
16,16015,8,1,0,1,,,,,,,,
16,16015,9,0,0,0,,,,,,,,
16,16016,1,19,18,1,,,,,,,,
16,16016,2,0,0,0,,,,,,,,
16,16016,3,0,0,0,,,,,,,,
16,16016,4,0,0,0,,,,,,,,
16,16016,5,0,0,0,,,,,,,,
16,16016,6,NA,NA,NA,,,,,,,,
16,16016,7,1,1,0,,,,,,,,
16,16016,8,0,0,0,,,,,,,,
16,16016,9,0,0,0,,,,,,,,
16,16017,1,37,32,5,,,,,,,,
16,16017,2,0,0,0,,,,,,,,
16,16017,3,0,0,0,,,,,,,,
16,16017,4,0,0,0,,,,,,,,
16,16017,5,0,0,0,,,,,,,,
16,16017,6,NA,NA,NA,,,,,,,,
16,16017,7,2,2,0,,,,,,,,
16,16017,8,1,0,1,,,,,,,,
16,16017,9,0,0,0,,,,,,,,
16,16018,1,17,13,4,,,,,,,,
16,16018,2,0,0,0,,,,,,,,
16,16018,3,0,0,0,,,,,,,,
16,16018,4,0,0,0,,,,,,,,
16,16018,5,0,0,0,,,,,,,,
16,16018,6,NA,NA,NA,,,,,,,,
16,16018,7,3,3,0,,,,,,,,
16,16018,8,1,1,0,,,,,,,,
16,16018,9,0,0,0,,,,,,,,
16,16019,1,34,30,4,,,,,,,,
16,16019,2,0,0,0,,,,,,,,
16,16019,3,0,0,0,,,,,,,,
16,16019,4,0,0,0,,,,,,,,
16,16019,5,0,0,0,,,,,,,,
16,16019,6,NA,NA,NA,,,,,,,,
16,16019,7,4,4,0,,,,,,,,
16,16019,8,1,1,0,,,,,,,,
16,16019,9,0,0,0,,,,,,,,
16,16020,1,0,0,0,,,,,,,,
16,16020,2,0,0,0,,,,,,,,
16,16020,3,0,0,0,,,,,,,,
16,16020,4,0,0,0,,,,,,,,
16,16020,5,35,30,5,,,,,,,,
16,16020,6,NA,NA,NA,,,,,,,,
16,16020,7,4,4,0,,,,,,,,
16,16020,8,2,1,1,,,,,,,,
16,16020,9,0,0,0,,,,,,,,
16,16021,1,24,17,7,,,,,,,,
16,16021,2,0,0,0,,,,,,,,
16,16021,3,0,0,0,,,,,,,,
16,16021,4,0,0,0,,,,,,,,
16,16021,5,0,0,0,,,,,,,,
16,16021,6,NA,NA,NA,,,,,,,,
16,16021,7,4,4,0,,,,,,,,
16,16021,8,0,0,0,,,,,,,,
16,16021,9,0,0,0,,,,,,,,
16,16022,1,30,25,5,,,,,,,,
16,16022,2,0,0,0,,,,,,,,
16,16022,3,0,0,0,,,,,,,,
16,16022,4,0,0,0,,,,,,,,
16,16022,5,0,0,0,,,,,,,,
16,16022,6,NA,NA,NA,,,,,,,,
16,16022,7,5,5,0,,,,,,,,
16,16022,8,2,1,1,,,,,,,,
16,16022,9,0,0,0,,,,,,,,
16,16023,1,23,20,3,,,,,,,,
16,16023,2,0,0,0,,,,,,,,
16,16023,3,0,0,0,,,,,,,,
16,16023,4,0,0,0,,,,,,,,
16,16023,5,0,0,0,,,,,,,,
16,16023,6,NA,NA,NA,,,,,,,,
16,16023,7,0,0,0,,,,,,,,
16,16023,8,0,0,0,,,,,,,,
16,16023,9,0,0,0,,,,,,,,
16,16024,1,0,0,0,,,,,,,,
16,16024,2,0,0,0,,,,,,,,
16,16024,3,0,0,0,,,,,,,,
16,16024,4,0,0,0,,,,,,,,
16,16024,5,0,0,0,,,,,,,,
16,16024,6,76,68,8,,,,,,,,
16,16024,7,0,0,0,,,,,,,,
16,16024,8,0,0,0,,,,,,,,
16,16024,9,0,0,0,,,,,,,,
16,16025,1,59,48,11,,,,,,,,
16,16025,2,0,0,0,,,,,,,,
16,16025,3,0,0,0,,,,,,,,
16,16025,4,0,0,0,,,,,,,,
16,16025,5,0,0,0,,,,,,,,
16,16025,6,NA,NA,NA,,,,,,,,
16,16025,7,2,2,0,,,,,,,,
16,16025,8,2,1,1,,,,,,,,
16,16025,9,0,0,0,,,,,,,,
16,16026,1,6,4,2,,,,,,,,
16,16026,2,0,0,0,,,,,,,,
16,16026,3,0,0,0,,,,,,,,
16,16026,4,0,0,0,,,,,,,,
16,16026,5,0,0,0,,,,,,,,
16,16026,6,NA,NA,NA,,,,,,,,
16,16026,7,1,1,0,,,,,,,,
16,16026,8,0,0,0,,,,,,,,
16,16026,9,0,0,0,,,,,,,,
16,16027,1,13,11,2,,,,,,,,
16,16027,2,0,0,0,,,,,,,,
16,16027,3,0,0,0,,,,,,,,
16,16027,4,0,0,0,,,,,,,,
16,16027,5,0,0,0,,,,,,,,
16,16027,6,NA,NA,NA,,,,,,,,
16,16027,7,2,2,0,,,,,,,,
16,16027,8,0,0,0,,,,,,,,
16,16027,9,0,0,0,,,,,,,,
16,16028,1,10,10,0,,,,,,,,
16,16028,2,0,0,0,,,,,,,,
16,16028,3,0,0,0,,,,,,,,
16,16028,4,0,0,0,,,,,,,,
16,16028,5,0,0,0,,,,,,,,
16,16028,6,NA,NA,NA,,,,,,,,
16,16028,7,2,2,0,,,,,,,,
16,16028,8,0,0,0,,,,,,,,
16,16028,9,0,0,0,,,,,,,,
16,16029,1,25,24,1,,,,,,,,
16,16029,2,0,0,0,,,,,,,,
16,16029,3,0,0,0,,,,,,,,
16,16029,4,0,0,0,,,,,,,,
16,16029,5,0,0,0,,,,,,,,
16,16029,6,NA,NA,NA,,,,,,,,
16,16029,7,4,4,0,,,,,,,,
16,16029,8,0,0,0,,,,,,,,
16,16029,9,0,0,0,,,,,,,,
16,16030,1,16,10,6,,,,,,,,
16,16030,2,0,0,0,,,,,,,,
16,16030,3,0,0,0,,,,,,,,
16,16030,4,0,0,0,,,,,,,,
16,16030,5,0,0,0,,,,,,,,
16,16030,6,NA,NA,NA,,,,,,,,
16,16030,7,2,2,0,,,,,,,,
16,16030,8,1,1,0,,,,,,,,
16,16030,9,0,0,0,,,,,,,,
16,16031,1,30,26,4,,,,,,,,
16,16031,2,0,0,0,,,,,,,,
16,16031,3,0,0,0,,,,,,,,
16,16031,4,0,0,0,,,,,,,,
16,16031,5,0,0,0,,,,,,,,
16,16031,6,NA,NA,NA,,,,,,,,
16,16031,7,5,5,0,,,,,,,,
16,16031,8,3,2,1,,,,,,,,
16,16031,9,0,0,0,,,,,,,,
16,16032,1,19,14,5,,,,,,,,
16,16032,2,0,0,0,,,,,,,,
16,16032,3,0,0,0,,,,,,,,
16,16032,4,0,0,0,,,,,,,,
16,16032,5,0,0,0,,,,,,,,
16,16032,6,NA,NA,NA,,,,,,,,
16,16032,7,2,2,0,,,,,,,,
16,16032,8,0,0,0,,,,,,,,
16,16032,9,0,0,0,,,,,,,,
16,16033,1,28,24,4,,,,,,,,
16,16033,2,0,0,0,,,,,,,,
16,16033,3,0,0,0,,,,,,,,
16,16033,4,0,0,0,,,,,,,,
16,16033,5,0,0,0,,,,,,,,
16,16033,6,NA,NA,NA,,,,,,,,
16,16033,7,2,2,0,,,,,,,,
16,16033,8,3,2,1,,,,,,,,
16,16033,9,0,0,0,,,,,,,,
16,16034,1,142,106,36,,,,,,,,
16,16034,2,26,20,6,,,,,,,,
16,16034,3,0,0,0,,,,,,,,
16,16034,4,0,0,0,,,,,,,,
16,16034,5,0,0,0,,,,,,,,
16,16034,6,NA,NA,NA,,,,,,,,
16,16034,7,2,2,0,,,,,,,,
16,16034,8,9,6,3,,,,,,,,
16,16034,9,13,7,6,,,,,,,,
16,16035,1,80,75,5,,,,,,,,
16,16035,2,0,0,0,,,,,,,,
16,16035,3,0,0,0,,,,,,,,
16,16035,4,0,0,0,,,,,,,,
16,16035,5,0,0,0,,,,,,,,
16,16035,6,NA,NA,NA,,,,,,,,
16,16035,7,22,22,0,,,,,,,,
16,16035,8,1,0,1,,,,,,,,
16,16035,9,0,0,0,,,,,,,,
16,16036,1,39,32,7,,,,,,,,
16,16036,2,6,6,0,,,,,,,,
16,16036,3,0,0,0,,,,,,,,
16,16036,4,0,0,0,,,,,,,,
16,16036,5,0,0,0,,,,,,,,
16,16036,6,NA,NA,NA,,,,,,,,
16,16036,7,10,9,1,,,,,,,,
16,16036,8,3,2,1,,,,,,,,
16,16036,9,0,0,0,,,,,,,,
16,16037,1,10,10,0,,,,,,,,
16,16037,2,0,0,0,,,,,,,,
16,16037,3,0,0,0,,,,,,,,
16,16037,4,0,0,0,,,,,,,,
16,16037,5,0,0,0,,,,,,,,
16,16037,6,NA,NA,NA,,,,,,,,
16,16037,7,3,3,0,,,,,,,,
16,16037,8,0,0,0,,,,,,,,
16,16037,9,0,0,0,,,,,,,,
16,16038,1,0,0,0,,,,,,,,
16,16038,2,0,0,0,,,,,,,,
16,16038,3,0,0,0,,,,,,,,
16,16038,4,0,0,0,,,,,,,,
16,16038,5,57,49,8,,,,,,,,
16,16038,6,NA,NA,NA,,,,,,,,
16,16038,7,2,2,0,,,,,,,,
16,16038,8,2,1,1,,,,,,,,
16,16038,9,0,0,0,,,,,,,,
16,16039,1,19,15,4,,,,,,,,
16,16039,2,0,0,0,,,,,,,,
16,16039,3,0,0,0,,,,,,,,
16,16039,4,0,0,0,,,,,,,,
16,16039,5,0,0,0,,,,,,,,
16,16039,6,NA,NA,NA,,,,,,,,
16,16039,7,1,1,0,,,,,,,,
16,16039,8,1,0,1,,,,,,,,
16,16039,9,0,0,0,,,,,,,,
16,16040,1,23,18,5,,,,,,,,
16,16040,2,2,2,0,,,,,,,,
16,16040,3,0,0,0,,,,,,,,
16,16040,4,0,0,0,,,,,,,,
16,16040,5,0,0,0,,,,,,,,
16,16040,6,NA,NA,NA,,,,,,,,
16,16040,7,4,4,0,,,,,,,,
16,16040,8,1,0,1,,,,,,,,
16,16040,9,0,0,0,,,,,,,,
16,16041,1,31,27,4,,,,,,,,
16,16041,2,0,0,0,,,,,,,,
16,16041,3,0,0,0,,,,,,,,
16,16041,4,0,0,0,,,,,,,,
16,16041,5,0,0,0,,,,,,,,
16,16041,6,NA,NA,NA,,,,,,,,
16,16041,7,4,4,0,,,,,,,,
16,16041,8,1,0,1,,,,,,,,
16,16041,9,0,0,0,,,,,,,,
16,16042,1,22,19,3,,,,,,,,
16,16042,2,0,0,0,,,,,,,,
16,16042,3,0,0,0,,,,,,,,
16,16042,4,0,0,0,,,,,,,,
16,16042,5,0,0,0,,,,,,,,
16,16042,6,NA,NA,NA,,,,,,,,
16,16042,7,2,2,0,,,,,,,,
16,16042,8,1,1,0,,,,,,,,
16,16042,9,0,0,0,,,,,,,,
16,16043,1,93,78,15,,,,,,,,
16,16043,2,16,16,0,,,,,,,,
16,16043,3,0,0,0,,,,,,,,
16,16043,4,0,0,0,,,,,,,,
16,16043,5,0,0,0,,,,,,,,
16,16043,6,NA,NA,NA,,,,,,,,
16,16043,7,2,2,0,,,,,,,,
16,16043,8,2,0,2,,,,,,,,
16,16043,9,0,0,0,,,,,,,,
16,16044,1,30,28,2,,,,,,,,
16,16044,2,8,5,3,,,,,,,,
16,16044,3,0,0,0,,,,,,,,
16,16044,4,0,0,0,,,,,,,,
16,16044,5,0,0,0,,,,,,,,
16,16044,6,NA,NA,NA,,,,,,,,
16,16044,7,2,2,0,,,,,,,,
16,16044,8,1,0,1,,,,,,,,
16,16044,9,0,0,0,,,,,,,,
16,16045,1,35,31,4,,,,,,,,
16,16045,2,14,9,5,,,,,,,,
16,16045,3,0,0,0,,,,,,,,
16,16045,4,0,0,0,,,,,,,,
16,16045,5,0,0,0,,,,,,,,
16,16045,6,NA,NA,NA,,,,,,,,
16,16045,7,2,2,0,,,,,,,,
16,16045,8,2,0,2,,,,,,,,
16,16045,9,0,0,0,,,,,,,,
16,16046,1,21,18,3,,,,,,,,
16,16046,2,0,0,0,,,,,,,,
16,16046,3,0,0,0,,,,,,,,
16,16046,4,0,0,0,,,,,,,,
16,16046,5,0,0,0,,,,,,,,
16,16046,6,NA,NA,NA,,,,,,,,
16,16046,7,1,1,0,,,,,,,,
16,16046,8,2,2,0,,,,,,,,
16,16046,9,0,0,0,,,,,,,,
16,16047,1,35,29,6,,,,,,,,
16,16047,2,0,0,0,,,,,,,,
16,16047,3,0,0,0,,,,,,,,
16,16047,4,0,0,0,,,,,,,,
16,16047,5,0,0,0,,,,,,,,
16,16047,6,NA,NA,NA,,,,,,,,
16,16047,7,3,3,0,,,,,,,,
16,16047,8,1,0,1,,,,,,,,
16,16047,9,0,0,0,,,,,,,,
16,16048,1,10,8,2,,,,,,,,
16,16048,2,0,0,0,,,,,,,,
16,16048,3,0,0,0,,,,,,,,
16,16048,4,0,0,0,,,,,,,,
16,16048,5,0,0,0,,,,,,,,
16,16048,6,0,0,0,,,,,,,,
16,16048,7,4,4,0,,,,,,,,
16,16048,8,1,0,1,,,,,,,,
16,16048,9,0,0,0,,,,,,,,
16,16049,1,35,31,4,,,,,,,,
16,16049,2,0,0,0,,,,,,,,
16,16049,3,0,0,0,,,,,,,,
16,16049,4,0,0,0,,,,,,,,
16,16049,5,0,0,0,,,,,,,,
16,16049,6,NA,NA,NA,,,,,,,,
16,16049,7,1,1,0,,,,,,,,
16,16049,8,1,0,1,,,,,,,,
16,16049,9,0,0,0,,,,,,,,
16,16050,1,109,93,16,,,,,,,,
16,16050,2,13,13,0,,,,,,,,
16,16050,3,0,0,0,,,,,,,,
16,16050,4,0,0,0,,,,,,,,
16,16050,5,0,0,0,,,,,,,,
16,16050,6,NA,NA,NA,,,,,,,,
16,16050,7,2,2,0,,,,,,,,
16,16050,8,6,0,6,,,,,,,,
16,16050,9,0,0,0,,,,,,,,
16,16051,1,30,26,4,,,,,,,,
16,16051,2,0,0,0,,,,,,,,
16,16051,3,0,0,0,,,,,,,,
16,16051,4,0,0,0,,,,,,,,
16,16051,5,0,0,0,,,,,,,,
16,16051,6,NA,NA,NA,,,,,,,,
16,16051,7,2,2,0,,,,,,,,
16,16051,8,0,0,0,,,,,,,,
16,16051,9,0,0,0,,,,,,,,
16,16052,1,121,72,49,,,,,,,,
16,16052,2,0,0,0,,,,,,,,
16,16052,3,15,11,4,,,,,,,,
16,16052,4,0,0,0,,,,,,,,
16,16052,5,0,0,0,,,,,,,,
16,16052,6,NA,NA,NA,,,,,,,,
16,16052,7,4,4,0,,,,,,,,
16,16052,8,10,3,7,,,,,,,,
16,16052,9,34,21,13,,,,,,,,
16,16053,1,720,447,273,,,,,,,,
16,16053,2,0,0,0,,,,,,,,
16,16053,3,0,0,0,,,,,,,,
16,16053,4,0,0,0,,,,,,,,
16,16053,5,0,0,0,,,,,,,,
16,16053,6,0,0,0,,,,,,,,
16,16053,7,0,0,0,,,,,,,,
16,16053,8,0,0,0,,,,,,,,
16,16053,9,0,0,0,,,,,,,,
16,16054,1,10,9,1,,,,,,,,
16,16054,2,0,0,0,,,,,,,,
16,16054,3,0,0,0,,,,,,,,
16,16054,4,0,0,0,,,,,,,,
16,16054,5,0,0,0,,,,,,,,
16,16054,6,NA,NA,NA,,,,,,,,
16,16054,7,2,2,0,,,,,,,,
16,16054,8,1,1,0,,,,,,,,
16,16054,9,0,0,0,,,,,,,,
16,16055,1,59,55,4,,,,,,,,
16,16055,2,0,0,0,,,,,,,,
16,16055,3,0,0,0,,,,,,,,
16,16055,4,0,0,0,,,,,,,,
16,16055,5,0,0,0,,,,,,,,
16,16055,6,NA,NA,NA,,,,,,,,
16,16055,7,1,1,0,,,,,,,,
16,16055,8,1,1,0,,,,,,,,
16,16055,9,0,0,0,,,,,,,,
16,16056,1,12,12,0,,,,,,,,
16,16056,2,0,0,0,,,,,,,,
16,16056,3,0,0,0,,,,,,,,
16,16056,4,0,0,0,,,,,,,,
16,16056,5,0,0,0,,,,,,,,
16,16056,6,NA,NA,NA,,,,,,,,
16,16056,7,2,2,0,,,,,,,,
16,16056,8,1,0,1,,,,,,,,
16,16056,9,0,0,0,,,,,,,,
16,16057,1,17,14,3,,,,,,,,
16,16057,2,0,0,0,,,,,,,,
16,16057,3,0,0,0,,,,,,,,
16,16057,4,0,0,0,,,,,,,,
16,16057,5,0,0,0,,,,,,,,
16,16057,6,NA,NA,NA,,,,,,,,
16,16057,7,6,6,0,,,,,,,,
16,16057,8,2,0,2,,,,,,,,
16,16057,9,0,0,0,,,,,,,,
16,16058,1,25,22,3,,,,,,,,
16,16058,2,7,7,0,,,,,,,,
16,16058,3,0,0,0,,,,,,,,
16,16058,4,0,0,0,,,,,,,,
16,16058,5,0,0,0,,,,,,,,
16,16058,6,NA,NA,NA,,,,,,,,
16,16058,7,5,5,0,,,,,,,,
16,16058,8,1,0,1,,,,,,,,
16,16058,9,0,0,0,,,,,,,,
16,16059,1,14,12,2,,,,,,,,
16,16059,2,0,0,0,,,,,,,,
16,16059,3,0,0,0,,,,,,,,
16,16059,4,0,0,0,,,,,,,,
16,16059,5,0,0,0,,,,,,,,
16,16059,6,NA,NA,NA,,,,,,,,
16,16059,7,4,4,0,,,,,,,,
16,16059,8,1,1,0,,,,,,,,
16,16059,9,0,0,0,,,,,,,,
16,16060,1,16,13,3,,,,,,,,
16,16060,2,0,0,0,,,,,,,,
16,16060,3,0,0,0,,,,,,,,
16,16060,4,0,0,0,,,,,,,,
16,16060,5,0,0,0,,,,,,,,
16,16060,6,NA,NA,NA,,,,,,,,
16,16060,7,2,2,0,,,,,,,,
16,16060,8,1,0,1,,,,,,,,
16,16060,9,0,0,0,,,,,,,,
16,16061,1,37,32,5,,,,,,,,
16,16061,2,0,0,0,,,,,,,,
16,16061,3,0,0,0,,,,,,,,
16,16061,4,0,0,0,,,,,,,,
16,16061,5,0,0,0,,,,,,,,
16,16061,6,NA,NA,NA,,,,,,,,
16,16061,7,2,1,1,,,,,,,,
16,16061,8,1,0,1,,,,,,,,
16,16061,9,0,0,0,,,,,,,,
16,16062,1,35,33,2,,,,,,,,
16,16062,2,0,0,0,,,,,,,,
16,16062,3,0,0,0,,,,,,,,
16,16062,4,0,0,0,,,,,,,,
16,16062,5,0,0,0,,,,,,,,
16,16062,6,NA,NA,NA,,,,,,,,
16,16062,7,4,4,0,,,,,,,,
16,16062,8,3,2,1,,,,,,,,
16,16062,9,0,0,0,,,,,,,,
16,16063,1,18,16,2,,,,,,,,
16,16063,2,4,4,0,,,,,,,,
16,16063,3,0,0,0,,,,,,,,
16,16063,4,0,0,0,,,,,,,,
16,16063,5,0,0,0,,,,,,,,
16,16063,6,NA,NA,NA,,,,,,,,
16,16063,7,6,6,0,,,,,,,,
16,16063,8,1,1,0,,,,,,,,
16,16063,9,0,0,0,,,,,,,,
16,16064,1,26,24,2,,,,,,,,
16,16064,2,0,0,0,,,,,,,,
16,16064,3,0,0,0,,,,,,,,
16,16064,4,0,0,0,,,,,,,,
16,16064,5,0,0,0,,,,,,,,
16,16064,6,NA,NA,NA,,,,,,,,
16,16064,7,5,5,0,,,,,,,,
16,16064,8,2,0,2,,,,,,,,
16,16064,9,0,0,0,,,,,,,,
16,16065,1,37,33,4,,,,,,,,
16,16065,2,0,0,0,,,,,,,,
16,16065,3,0,0,0,,,,,,,,
16,16065,4,0,0,0,,,,,,,,
16,16065,5,0,0,0,,,,,,,,
16,16065,6,NA,NA,NA,,,,,,,,
16,16065,7,4,4,0,,,,,,,,
16,16065,8,3,1,2,,,,,,,,
16,16065,9,0,0,0,,,,,,,,
16,16066,1,97,74,23,,,,,,,,
16,16066,2,0,0,0,,,,,,,,
16,16066,3,0,0,0,,,,,,,,
16,16066,4,0,0,0,,,,,,,,
16,16066,5,0,0,0,,,,,,,,
16,16066,6,NA,NA,NA,,,,,,,,
16,16066,7,4,3,1,,,,,,,,
16,16066,8,6,3,3,,,,,,,,
16,16066,9,0,0,0,,,,,,,,
16,16067,1,22,19,3,,,,,,,,
16,16067,2,2,2,0,,,,,,,,
16,16067,3,0,0,0,,,,,,,,
16,16067,4,0,0,0,,,,,,,,
16,16067,5,0,0,0,,,,,,,,
16,16067,6,NA,NA,NA,,,,,,,,
16,16067,7,1,1,0,,,,,,,,
16,16067,8,0,0,0,,,,,,,,
16,16067,9,0,0,0,,,,,,,,
16,16068,1,41,34,7,,,,,,,,
16,16068,2,2,2,0,,,,,,,,
16,16068,3,0,0,0,,,,,,,,
16,16068,4,0,0,0,,,,,,,,
16,16068,5,0,0,0,,,,,,,,
16,16068,6,NA,NA,NA,,,,,,,,
16,16068,7,1,1,0,,,,,,,,
16,16068,8,3,1,2,,,,,,,,
16,16068,9,0,0,0,,,,,,,,
16,16069,1,173,142,31,,,,,,,,
16,16069,2,0,0,0,,,,,,,,
16,16069,3,0,0,0,,,,,,,,
16,16069,4,0,0,0,,,,,,,,
16,16069,5,0,0,0,,,,,,,,
16,16069,6,NA,NA,NA,,,,,,,,
16,16069,7,2,2,0,,,,,,,,
16,16069,8,7,6,1,,,,,,,,
16,16069,9,0,0,0,,,,,,,,
16,16070,1,35,27,8,,,,,,,,
16,16070,2,0,0,0,,,,,,,,
16,16070,3,0,0,0,,,,,,,,
16,16070,4,0,0,0,,,,,,,,
16,16070,5,0,0,0,,,,,,,,
16,16070,6,NA,NA,NA,,,,,,,,
16,16070,7,4,4,0,,,,,,,,
16,16070,8,1,1,0,,,,,,,,
16,16070,9,0,0,0,,,,,,,,
16,16071,1,102,90,12,,,,,,,,
16,16071,2,17,16,1,,,,,,,,
16,16071,3,0,0,0,,,,,,,,
16,16071,4,0,0,0,,,,,,,,
16,16071,5,0,0,0,,,,,,,,
16,16071,6,NA,NA,NA,,,,,,,,
16,16071,7,2,2,0,,,,,,,,
16,16071,8,9,7,2,,,,,,,,
16,16071,9,0,0,0,,,,,,,,
16,16072,1,35,33,2,,,,,,,,
16,16072,2,0,0,0,,,,,,,,
16,16072,3,0,0,0,,,,,,,,
16,16072,4,0,0,0,,,,,,,,
16,16072,5,0,0,0,,,,,,,,
16,16072,6,NA,NA,NA,,,,,,,,
16,16072,7,2,2,0,,,,,,,,
16,16072,8,2,0,2,,,,,,,,
16,16072,9,0,0,0,,,,,,,,
16,16073,1,27,24,3,,,,,,,,
16,16073,2,7,7,0,,,,,,,,
16,16073,3,0,0,0,,,,,,,,
16,16073,4,0,0,0,,,,,,,,
16,16073,5,0,0,0,,,,,,,,
16,16073,6,0,0,0,,,,,,,,
16,16073,7,3,3,0,,,,,,,,
16,16073,8,4,1,3,,,,,,,,
16,16073,9,0,0,0,,,,,,,,
16,16074,1,15,14,1,,,,,,,,
16,16074,2,0,0,0,,,,,,,,
16,16074,3,0,0,0,,,,,,,,
16,16074,4,0,0,0,,,,,,,,
16,16074,5,0,0,0,,,,,,,,
16,16074,6,NA,NA,NA,,,,,,,,
16,16074,7,3,2,1,,,,,,,,
16,16074,8,1,0,1,,,,,,,,
16,16074,9,0,0,0,,,,,,,,
16,16075,1,116,102,14,,,,,,,,
16,16075,2,0,0,0,,,,,,,,
16,16075,3,0,0,0,,,,,,,,
16,16075,4,0,0,0,,,,,,,,
16,16075,5,0,0,0,,,,,,,,
16,16075,6,NA,NA,NA,,,,,,,,
16,16075,7,2,2,0,,,,,,,,
16,16075,8,8,5,3,,,,,,,,
16,16075,9,0,0,0,,,,,,,,
16,16076,1,84,72,12,,,,,,,,
16,16076,2,0,0,0,,,,,,,,
16,16076,3,0,0,0,,,,,,,,
16,16076,4,0,0,0,,,,,,,,
16,16076,5,0,0,0,,,,,,,,
16,16076,6,NA,NA,NA,,,,,,,,
16,16076,7,3,3,0,,,,,,,,
16,16076,8,7,5,2,,,,,,,,
16,16076,9,0,0,0,,,,,,,,
16,16077,1,20,19,1,,,,,,,,
16,16077,2,0,0,0,,,,,,,,
16,16077,3,0,0,0,,,,,,,,
16,16077,4,0,0,0,,,,,,,,
16,16077,5,0,0,0,,,,,,,,
16,16077,6,NA,NA,NA,,,,,,,,
16,16077,7,1,1,0,,,,,,,,
16,16077,8,1,1,0,,,,,,,,
16,16077,9,0,0,0,,,,,,,,
16,16078,1,25,18,7,,,,,,,,
16,16078,2,0,0,0,,,,,,,,
16,16078,3,0,0,0,,,,,,,,
16,16078,4,0,0,0,,,,,,,,
16,16078,5,0,0,0,,,,,,,,
16,16078,6,NA,NA,NA,,,,,,,,
16,16078,7,1,1,0,,,,,,,,
16,16078,8,2,0,2,,,,,,,,
16,16078,9,0,0,0,,,,,,,,
16,16079,1,52,45,7,,,,,,,,
16,16079,2,0,0,0,,,,,,,,
16,16079,3,0,0,0,,,,,,,,
16,16079,4,0,0,0,,,,,,,,
16,16079,5,0,0,0,,,,,,,,
16,16079,6,NA,NA,NA,,,,,,,,
16,16079,7,2,2,0,,,,,,,,
16,16079,8,1,0,1,,,,,,,,
16,16079,9,0,0,0,,,,,,,,
16,16080,1,30,24,6,,,,,,,,
16,16080,2,0,0,0,,,,,,,,
16,16080,3,0,0,0,,,,,,,,
16,16080,4,0,0,0,,,,,,,,
16,16080,5,0,0,0,,,,,,,,
16,16080,6,NA,NA,NA,,,,,,,,
16,16080,7,1,1,0,,,,,,,,
16,16080,8,0,0,0,,,,,,,,
16,16080,9,0,0,0,,,,,,,,
16,16081,1,13,12,1,,,,,,,,
16,16081,2,0,0,0,,,,,,,,
16,16081,3,0,0,0,,,,,,,,
16,16081,4,0,0,0,,,,,,,,
16,16081,5,0,0,0,,,,,,,,
16,16081,6,NA,NA,NA,,,,,,,,
16,16081,7,0,0,0,,,,,,,,
16,16081,8,0,0,0,,,,,,,,
16,16081,9,0,0,0,,,,,,,,
16,16082,1,93,77,16,,,,,,,,
16,16082,2,34,23,11,,,,,,,,
16,16082,3,0,0,0,,,,,,,,
16,16082,4,0,0,0,,,,,,,,
16,16082,5,0,0,0,,,,,,,,
16,16082,6,NA,NA,NA,,,,,,,,
16,16082,7,0,0,0,,,,,,,,
16,16082,8,0,0,0,,,,,,,,
16,16082,9,0,0,0,,,,,,,,
16,16083,1,40,35,5,,,,,,,,
16,16083,2,13,7,6,,,,,,,,
16,16083,3,0,0,0,,,,,,,,
16,16083,4,0,0,0,,,,,,,,
16,16083,5,0,0,0,,,,,,,,
16,16083,6,NA,NA,NA,,,,,,,,
16,16083,7,4,4,0,,,,,,,,
16,16083,8,5,4,1,,,,,,,,
16,16083,9,0,0,0,,,,,,,,
16,16084,1,29,25,4,,,,,,,,
16,16084,2,0,0,0,,,,,,,,
16,16084,3,0,0,0,,,,,,,,
16,16084,4,0,0,0,,,,,,,,
16,16084,5,0,0,0,,,,,,,,
16,16084,6,NA,NA,NA,,,,,,,,
16,16084,7,3,3,0,,,,,,,,
16,16084,8,2,1,1,,,,,,,,
16,16084,9,0,0,0,,,,,,,,
16,16085,1,51,47,4,,,,,,,,
16,16085,2,0,0,0,,,,,,,,
16,16085,3,0,0,0,,,,,,,,
16,16085,4,0,0,0,,,,,,,,
16,16085,5,0,0,0,,,,,,,,
16,16085,6,NA,NA,NA,,,,,,,,
16,16085,7,2,2,0,,,,,,,,
16,16085,8,4,1,3,,,,,,,,
16,16085,9,0,0,0,,,,,,,,
16,16086,1,42,35,7,,,,,,,,
16,16086,2,4,3,1,,,,,,,,
16,16086,3,0,0,0,,,,,,,,
16,16086,4,0,0,0,,,,,,,,
16,16086,5,0,0,0,,,,,,,,
16,16086,6,NA,NA,NA,,,,,,,,
16,16086,7,0,0,0,,,,,,,,
16,16086,8,0,0,0,,,,,,,,
16,16086,9,0,0,0,,,,,,,,
16,16087,1,26,21,5,,,,,,,,
16,16087,2,0,0,0,,,,,,,,
16,16087,3,0,0,0,,,,,,,,
16,16087,4,0,0,0,,,,,,,,
16,16087,5,0,0,0,,,,,,,,
16,16087,6,NA,NA,NA,,,,,,,,
16,16087,7,2,1,1,,,,,,,,
16,16087,8,1,0,1,,,,,,,,
16,16087,9,0,0,0,,,,,,,,
16,16088,1,105,78,27,,,,,,,,
16,16088,2,0,0,0,,,,,,,,
16,16088,3,0,0,0,,,,,,,,
16,16088,4,0,0,0,,,,,,,,
16,16088,5,0,0,0,,,,,,,,
16,16088,6,NA,NA,NA,,,,,,,,
16,16088,7,5,4,1,,,,,,,,
16,16088,8,1,1,0,,,,,,,,
16,16088,9,0,0,0,,,,,,,,
16,16089,1,38,34,4,,,,,,,,
16,16089,2,0,0,0,,,,,,,,
16,16089,3,0,0,0,,,,,,,,
16,16089,4,0,0,0,,,,,,,,
16,16089,5,0,0,0,,,,,,,,
16,16089,6,NA,NA,NA,,,,,,,,
16,16089,7,1,1,0,,,,,,,,
16,16089,8,3,0,3,,,,,,,,
16,16089,9,0,0,0,,,,,,,,
16,16090,1,28,26,2,,,,,,,,
16,16090,2,0,0,0,,,,,,,,
16,16090,3,0,0,0,,,,,,,,
16,16090,4,0,0,0,,,,,,,,
16,16090,5,0,0,0,,,,,,,,
16,16090,6,NA,NA,NA,,,,,,,,
16,16090,7,1,1,0,,,,,,,,
16,16090,8,1,0,1,,,,,,,,
16,16090,9,0,0,0,,,,,,,,
16,16091,1,35,32,3,,,,,,,,
16,16091,2,0,0,0,,,,,,,,
16,16091,3,0,0,0,,,,,,,,
16,16091,4,0,0,0,,,,,,,,
16,16091,5,0,0,0,,,,,,,,
16,16091,6,NA,NA,NA,,,,,,,,
16,16091,7,3,3,0,,,,,,,,
16,16091,8,3,2,1,,,,,,,,
16,16091,9,0,0,0,,,,,,,,
16,16092,1,14,14,0,,,,,,,,
16,16092,2,0,0,0,,,,,,,,
16,16092,3,0,0,0,,,,,,,,
16,16092,4,0,0,0,,,,,,,,
16,16092,5,0,0,0,,,,,,,,
16,16092,6,NA,NA,NA,,,,,,,,
16,16092,7,4,4,0,,,,,,,,
16,16092,8,1,1,0,,,,,,,,
16,16092,9,0,0,0,,,,,,,,
16,16093,1,54,42,12,,,,,,,,
16,16093,2,2,2,0,,,,,,,,
16,16093,3,0,0,0,,,,,,,,
16,16093,4,0,0,0,,,,,,,,
16,16093,5,0,0,0,,,,,,,,
16,16093,6,NA,NA,NA,,,,,,,,
16,16093,7,2,2,0,,,,,,,,
16,16093,8,1,0,1,,,,,,,,
16,16093,9,0,0,0,,,,,,,,
16,16094,1,13,11,2,,,,,,,,
16,16094,2,0,0,0,,,,,,,,
16,16094,3,0,0,0,,,,,,,,
16,16094,4,0,0,0,,,,,,,,
16,16094,5,0,0,0,,,,,,,,
16,16094,6,NA,NA,NA,,,,,,,,
16,16094,7,1,1,0,,,,,,,,
16,16094,8,2,0,2,,,,,,,,
16,16094,9,1,0,1,,,,,,,,
16,16095,1,24,23,1,,,,,,,,
16,16095,2,0,0,0,,,,,,,,
16,16095,3,0,0,0,,,,,,,,
16,16095,4,0,0,0,,,,,,,,
16,16095,5,0,0,0,,,,,,,,
16,16095,6,NA,NA,NA,,,,,,,,
16,16095,7,2,1,1,,,,,,,,
16,16095,8,2,1,1,,,,,,,,
16,16095,9,0,0,0,,,,,,,,
16,16096,1,9,7,2,,,,,,,,
16,16096,2,0,0,0,,,,,,,,
16,16096,3,0,0,0,,,,,,,,
16,16096,4,0,0,0,,,,,,,,
16,16096,5,0,0,0,,,,,,,,
16,16096,6,NA,NA,NA,,,,,,,,
16,16096,7,2,2,0,,,,,,,,
16,16096,8,1,0,1,,,,,,,,
16,16096,9,0,0,0,,,,,,,,
16,16097,1,30,24,6,,,,,,,,
16,16097,2,0,0,0,,,,,,,,
16,16097,3,0,0,0,,,,,,,,
16,16097,4,0,0,0,,,,,,,,
16,16097,5,0,0,0,,,,,,,,
16,16097,6,NA,NA,NA,,,,,,,,
16,16097,7,3,3,0,,,,,,,,
16,16097,8,2,0,2,,,,,,,,
16,16097,9,0,0,0,,,,,,,,
16,16098,1,41,28,13,,,,,,,,
16,16098,2,0,0,0,,,,,,,,
16,16098,3,0,0,0,,,,,,,,
16,16098,4,0,0,0,,,,,,,,
16,16098,5,0,0,0,,,,,,,,
16,16098,6,NA,NA,NA,,,,,,,,
16,16098,7,2,2,0,,,,,,,,
16,16098,8,8,2,6,,,,,,,,
16,16098,9,0,0,0,,,,,,,,
16,16099,1,39,37,2,,,,,,,,
16,16099,2,0,0,0,,,,,,,,
16,16099,3,0,0,0,,,,,,,,
16,16099,4,0,0,0,,,,,,,,
16,16099,5,0,0,0,,,,,,,,
16,16099,6,NA,NA,NA,,,,,,,,
16,16099,7,1,1,0,,,,,,,,
16,16099,8,1,0,1,,,,,,,,
16,16099,9,0,0,0,,,,,,,,
16,16100,1,21,19,2,,,,,,,,
16,16100,2,0,0,0,,,,,,,,
16,16100,3,0,0,0,,,,,,,,
16,16100,4,0,0,0,,,,,,,,
16,16100,5,0,0,0,,,,,,,,
16,16100,6,NA,NA,NA,,,,,,,,
16,16100,7,2,2,0,,,,,,,,
16,16100,8,1,0,1,,,,,,,,
16,16100,9,0,0,0,,,,,,,,
16,16101,1,0,0,0,,,,,,,,
16,16101,2,0,0,0,,,,,,,,
16,16101,3,0,0,0,,,,,,,,
16,16101,4,0,0,0,,,,,,,,
16,16101,5,29,27,2,,,,,,,,
16,16101,6,NA,NA,NA,,,,,,,,
16,16101,7,1,1,0,,,,,,,,
16,16101,8,1,1,0,,,,,,,,
16,16101,9,0,0,0,,,,,,,,
16,16102,1,417,280,137,,,,,,,,
16,16102,2,121,88,33,,,,,,,,
16,16102,3,0,0,0,,,,,,,,
16,16102,4,0,0,0,,,,,,,,
16,16102,5,0,0,0,,,,,,,,
16,16102,6,NA,NA,NA,,,,,,,,
16,16102,7,0,0,0,,,,,,,,
16,16102,8,37,22,15,,,,,,,,
16,16102,9,15,8,7,,,,,,,,
16,16103,1,18,15,3,,,,,,,,
16,16103,2,3,2,1,,,,,,,,
16,16103,3,0,0,0,,,,,,,,
16,16103,4,0,0,0,,,,,,,,
16,16103,5,0,0,0,,,,,,,,
16,16103,6,NA,NA,NA,,,,,,,,
16,16103,7,2,2,0,,,,,,,,
16,16103,8,1,0,1,,,,,,,,
16,16103,9,0,0,0,,,,,,,,
16,16104,1,19,16,3,,,,,,,,
16,16104,2,0,0,0,,,,,,,,
16,16104,3,0,0,0,,,,,,,,
16,16104,4,0,0,0,,,,,,,,
16,16104,5,0,0,0,,,,,,,,
16,16104,6,NA,NA,NA,,,,,,,,
16,16104,7,4,4,0,,,,,,,,
16,16104,8,0,0,0,,,,,,,,
16,16104,9,0,0,0,,,,,,,,
16,16105,1,35,33,2,,,,,,,,
16,16105,2,0,0,0,,,,,,,,
16,16105,3,0,0,0,,,,,,,,
16,16105,4,0,0,0,,,,,,,,
16,16105,5,0,0,0,,,,,,,,
16,16105,6,NA,NA,NA,,,,,,,,
16,16105,7,6,6,0,,,,,,,,
16,16105,8,5,3,2,,,,,,,,
16,16105,9,0,0,0,,,,,,,,
16,16106,1,47,43,4,,,,,,,,
16,16106,2,20,18,2,,,,,,,,
16,16106,3,0,0,0,,,,,,,,
16,16106,4,0,0,0,,,,,,,,
16,16106,5,0,0,0,,,,,,,,
16,16106,6,NA,NA,NA,,,,,,,,
16,16106,7,0,0,0,,,,,,,,
16,16106,8,2,1,1,,,,,,,,
16,16106,9,0,0,0,,,,,,,,
16,16107,1,106,82,24,,,,,,,,
16,16107,2,30,22,8,,,,,,,,
16,16107,3,0,0,0,,,,,,,,
16,16107,4,0,0,0,,,,,,,,
16,16107,5,0,0,0,,,,,,,,
16,16107,6,NA,NA,NA,,,,,,,,
16,16107,7,0,0,0,,,,,,,,
16,16107,8,6,3,3,,,,,,,,
16,16107,9,0,0,0,,,,,,,,
16,16108,1,271,226,45,,,,,,,,
16,16108,2,50,46,4,,,,,,,,
16,16108,3,30,18,12,,,,,,,,
16,16108,4,0,0,0,,,,,,,,
16,16108,5,0,0,0,,,,,,,,
16,16108,6,NA,NA,NA,,,,,,,,
16,16108,7,1,1,0,,,,,,,,
16,16108,8,52,25,27,,,,,,,,
16,16108,9,0,0,0,,,,,,,,
16,16109,1,9,8,1,,,,,,,,
16,16109,2,0,0,0,,,,,,,,
16,16109,3,0,0,0,,,,,,,,
16,16109,4,0,0,0,,,,,,,,
16,16109,5,0,0,0,,,,,,,,
16,16109,6,NA,NA,NA,,,,,,,,
16,16109,7,1,1,0,,,,,,,,
16,16109,8,1,0,1,,,,,,,,
16,16109,9,0,0,0,,,,,,,,
16,16110,1,70,59,11,,,,,,,,
16,16110,2,0,0,0,,,,,,,,
16,16110,3,0,0,0,,,,,,,,
16,16110,4,0,0,0,,,,,,,,
16,16110,5,0,0,0,,,,,,,,
16,16110,6,NA,NA,NA,,,,,,,,
16,16110,7,2,2,0,,,,,,,,
16,16110,8,1,0,1,,,,,,,,
16,16110,9,0,0,0,,,,,,,,
16,16111,1,0,0,0,,,,,,,,
16,16111,2,10,5,5,,,,,,,,
16,16111,3,0,0,0,,,,,,,,
16,16111,4,0,0,0,,,,,,,,
16,16111,5,22,18,4,,,,,,,,
16,16111,6,NA,NA,NA,,,,,,,,
16,16111,7,0,0,0,,,,,,,,
16,16111,8,0,0,0,,,,,,,,
16,16111,9,21,18,3,,,,,,,,
16,16112,1,377,265,112,,,,,,,,
16,16112,2,44,34,10,,,,,,,,
16,16112,3,27,24,3,,,,,,,,
16,16112,4,0,0,0,,,,,,,,
16,16112,5,0,0,0,,,,,,,,
16,16112,6,18,11,7,,,,,,,,
16,16112,7,18,14,4,,,,,,,,
16,16112,8,6,1,5,,,,,,,,
16,16112,9,10,5,5,,,,,,,,
16,16113,1,24,21,3,,,,,,,,
16,16113,2,9,9,0,,,,,,,,
16,16113,3,0,0,0,,,,,,,,
16,16113,4,0,0,0,,,,,,,,
16,16113,5,0,0,0,,,,,,,,
16,16113,6,3,2,1,,,,,,,,
16,16113,7,2,1,1,,,,,,,,
16,16113,8,1,1,0,,,,,,,,
16,16113,9,0,0,0,,,,,,,,
17,17001,1,11,8,3,,,,,,,,
17,17001,2,12,8,4,,,,,,,,
17,17001,3,0,0,0,,,,,,,,
17,17001,4,0,0,0,,,,,,,,
17,17001,5,0,0,0,,,,,,,,
17,17001,6,NA,NA,NA,,,,,,,,
17,17001,7,0,0,0,,,,,,,,
17,17001,8,0,0,0,,,,,,,,
17,17001,9,0,0,0,,,,,,,,
17,17002,1,68,47,21,,,,,,,,
17,17002,2,14,13,1,,,,,,,,
17,17002,3,0,0,0,,,,,,,,
17,17002,4,0,0,0,,,,,,,,
17,17002,5,0,0,0,,,,,,,,
17,17002,6,NA,NA,NA,,,,,,,,
17,17002,7,1,1,0,,,,,,,,
17,17002,8,0,0,0,,,,,,,,
17,17002,9,0,0,0,,,,,,,,
17,17003,1,68,63,5,,,,,,,,
17,17003,2,22,18,4,,,,,,,,
17,17003,3,0,0,0,,,,,,,,
17,17003,4,0,0,0,,,,,,,,
17,17003,5,0,0,0,,,,,,,,
17,17003,6,NA,NA,NA,,,,,,,,
17,17003,7,0,0,0,,,,,,,,
17,17003,8,5,2,3,,,,,,,,
17,17003,9,0,0,0,,,,,,,,
17,17004,1,124,116,8,,,,,,,,
17,17004,2,22,18,4,,,,,,,,
17,17004,3,0,0,0,,,,,,,,
17,17004,4,0,0,0,,,,,,,,
17,17004,5,0,0,0,,,,,,,,
17,17004,6,NA,NA,NA,,,,,,,,
17,17004,7,0,0,0,,,,,,,,
17,17004,8,0,0,0,,,,,,,,
17,17004,9,0,0,0,,,,,,,,
17,17005,1,15,12,3,,,,,,,,
17,17005,2,7,6,1,,,,,,,,
17,17005,3,0,0,0,,,,,,,,
17,17005,4,0,0,0,,,,,,,,
17,17005,5,0,0,0,,,,,,,,
17,17005,6,NA,NA,NA,,,,,,,,
17,17005,7,0,0,0,,,,,,,,
17,17005,8,0,0,0,,,,,,,,
17,17005,9,0,0,0,,,,,,,,
17,17006,1,241,216,25,,,,,,,,
17,17006,2,61,51,10,,,,,,,,
17,17006,3,0,0,0,,,,,,,,
17,17006,4,0,0,0,,,,,,,,
17,17006,5,0,0,0,,,,,,,,
17,17006,6,NA,NA,NA,,,,,,,,
17,17006,7,0,0,0,,,,,,,,
17,17006,8,36,12,24,,,,,,,,
17,17006,9,0,0,0,,,,,,,,
17,17007,1,344,268,76,,,,,,,,
17,17007,2,142,125,17,,,,,,,,
17,17007,3,0,0,0,,,,,,,,
17,17007,4,0,0,0,,,,,,,,
17,17007,5,0,0,0,,,,,,,,
17,17007,6,NA,NA,NA,,,,,,,,
17,17007,7,41,25,16,,,,,,,,
17,17007,8,162,97,65,,,,,,,,
17,17007,9,152,122,30,,,,,,,,
17,17008,1,50,34,16,,,,,,,,
17,17008,2,22,20,2,,,,,,,,
17,17008,3,0,0,0,,,,,,,,
17,17008,4,0,0,0,,,,,,,,
17,17008,5,0,0,0,,,,,,,,
17,17008,6,NA,NA,NA,,,,,,,,
17,17008,7,2,2,0,,,,,,,,
17,17008,8,4,3,1,,,,,,,,
17,17008,9,0,0,0,,,,,,,,
17,17009,1,11,7,4,,,,,,,,
17,17009,2,2,2,0,,,,,,,,
17,17009,3,0,0,0,,,,,,,,
17,17009,4,0,0,0,,,,,,,,
17,17009,5,0,0,0,,,,,,,,
17,17009,6,12,11,1,,,,,,,,
17,17009,7,0,0,0,,,,,,,,
17,17009,8,1,0,1,,,,,,,,
17,17009,9,0,0,0,,,,,,,,
17,17010,1,21,19,2,,,,,,,,
17,17010,2,2,2,0,,,,,,,,
17,17010,3,0,0,0,,,,,,,,
17,17010,4,0,0,0,,,,,,,,
17,17010,5,0,0,0,,,,,,,,
17,17010,6,15,12,3,,,,,,,,
17,17010,7,3,3,0,,,,,,,,
17,17010,8,1,0,1,,,,,,,,
17,17010,9,0,0,0,,,,,,,,
17,17011,1,115,90,25,,,,,,,,
17,17011,2,26,21,5,,,,,,,,
17,17011,3,0,0,0,,,,,,,,
17,17011,4,0,0,0,,,,,,,,
17,17011,5,0,0,0,,,,,,,,
17,17011,6,NA,NA,NA,,,,,,,,
17,17011,7,0,0,0,,,,,,,,
17,17011,8,0,0,0,,,,,,,,
17,17011,9,0,0,0,,,,,,,,
17,17012,1,98,79,19,,,,,,,,
17,17012,2,16,13,3,,,,,,,,
17,17012,3,0,0,0,,,,,,,,
17,17012,4,0,0,0,,,,,,,,
17,17012,5,0,0,0,,,,,,,,
17,17012,6,NA,NA,NA,,,,,,,,
17,17012,7,2,2,0,,,,,,,,
17,17012,8,0,0,0,,,,,,,,
17,17012,9,0,0,0,,,,,,,,
17,17013,1,34,33,1,,,,,,,,
17,17013,2,7,4,3,,,,,,,,
17,17013,3,0,0,0,,,,,,,,
17,17013,4,0,0,0,,,,,,,,
17,17013,5,0,0,0,,,,,,,,
17,17013,6,NA,NA,NA,,,,,,,,
17,17013,7,0,0,0,,,,,,,,
17,17013,8,0,0,0,,,,,,,,
17,17013,9,0,0,0,,,,,,,,
17,17014,1,18,11,7,,,,,,,,
17,17014,2,2,1,1,,,,,,,,
17,17014,3,0,0,0,,,,,,,,
17,17014,4,0,0,0,,,,,,,,
17,17014,5,0,0,0,,,,,,,,
17,17014,6,NA,NA,NA,,,,,,,,
17,17014,7,1,1,0,,,,,,,,
17,17014,8,1,1,0,,,,,,,,
17,17014,9,0,0,0,,,,,,,,
17,17015,1,18,16,2,,,,,,,,
17,17015,2,6,5,1,,,,,,,,
17,17015,3,0,0,0,,,,,,,,
17,17015,4,0,0,0,,,,,,,,
17,17015,5,0,0,0,,,,,,,,
17,17015,6,8,6,2,,,,,,,,
17,17015,7,0,0,0,,,,,,,,
17,17015,8,0,0,0,,,,,,,,
17,17015,9,0,0,0,,,,,,,,
17,17016,1,51,46,5,,,,,,,,
17,17016,2,0,0,0,,,,,,,,
17,17016,3,0,0,0,,,,,,,,
17,17016,4,0,0,0,,,,,,,,
17,17016,5,0,0,0,,,,,,,,
17,17016,6,0,0,0,,,,,,,,
17,17016,7,4,4,0,,,,,,,,
17,17016,8,1,0,1,,,,,,,,
17,17016,9,0,0,0,,,,,,,,
17,17017,1,39,30,9,,,,,,,,
17,17017,2,14,12,2,,,,,,,,
17,17017,3,0,0,0,,,,,,,,
17,17017,4,0,0,0,,,,,,,,
17,17017,5,0,0,0,,,,,,,,
17,17017,6,NA,NA,NA,,,,,,,,
17,17017,7,0,0,0,,,,,,,,
17,17017,8,0,0,0,,,,,,,,
17,17017,9,0,0,0,,,,,,,,
17,17018,1,120,95,25,,,,,,,,
17,17018,2,24,17,7,,,,,,,,
17,17018,3,0,0,0,,,,,,,,
17,17018,4,0,0,0,,,,,,,,
17,17018,5,0,0,0,,,,,,,,
17,17018,6,NA,NA,NA,,,,,,,,
17,17018,7,1,1,0,,,,,,,,
17,17018,8,23,16,7,,,,,,,,
17,17018,9,0,0,0,,,,,,,,
17,17019,1,55,47,8,,,,,,,,
17,17019,2,2,1,1,,,,,,,,
17,17019,3,0,0,0,,,,,,,,
17,17019,4,0,0,0,,,,,,,,
17,17019,5,0,0,0,,,,,,,,
17,17019,6,0,0,0,,,,,,,,
17,17019,7,3,3,0,,,,,,,,
17,17019,8,2,1,1,,,,,,,,
17,17019,9,29,20,9,,,,,,,,
17,17020,1,41,33,8,,,,,,,,
17,17020,2,11,8,3,,,,,,,,
17,17020,3,0,0,0,,,,,,,,
17,17020,4,0,0,0,,,,,,,,
17,17020,5,0,0,0,,,,,,,,
17,17020,6,NA,NA,NA,,,,,,,,
17,17020,7,1,1,0,,,,,,,,
17,17020,8,5,2,3,,,,,,,,
17,17020,9,8,7,1,,,,,,,,
17,17021,1,21,19,2,,,,,,,,
17,17021,2,5,3,2,,,,,,,,
17,17021,3,0,0,0,,,,,,,,
17,17021,4,0,0,0,,,,,,,,
17,17021,5,0,0,0,,,,,,,,
17,17021,6,NA,NA,NA,,,,,,,,
17,17021,7,0,0,0,,,,,,,,
17,17021,8,0,0,0,,,,,,,,
17,17021,9,0,0,0,,,,,,,,
17,17022,1,26,21,5,,,,,,,,
17,17022,2,0,0,0,,,,,,,,
17,17022,3,20,16,4,,,,,,,,
17,17022,4,0,0,0,,,,,,,,
17,17022,5,0,0,0,,,,,,,,
17,17022,6,NA,NA,NA,,,,,,,,
17,17022,7,0,0,0,,,,,,,,
17,17022,8,0,0,0,,,,,,,,
17,17022,9,0,0,0,,,,,,,,
17,17023,1,22,18,4,,,,,,,,
17,17023,2,0,0,0,,,,,,,,
17,17023,3,11,10,1,,,,,,,,
17,17023,4,0,0,0,,,,,,,,
17,17023,5,0,0,0,,,,,,,,
17,17023,6,0,0,0,,,,,,,,
17,17023,7,1,1,0,,,,,,,,
17,17023,8,0,0,0,,,,,,,,
17,17023,9,7,6,1,,,,,,,,
17,17024,1,51,37,14,,,,,,,,
17,17024,2,27,20,7,,,,,,,,
17,17024,3,0,0,0,,,,,,,,
17,17024,4,0,0,0,,,,,,,,
17,17024,5,0,0,0,,,,,,,,
17,17024,6,NA,NA,NA,,,,,,,,
17,17024,7,0,0,0,,,,,,,,
17,17024,8,0,0,0,,,,,,,,
17,17024,9,0,0,0,,,,,,,,
17,17025,1,40,38,2,,,,,,,,
17,17025,2,10,6,4,,,,,,,,
17,17025,3,0,0,0,,,,,,,,
17,17025,4,0,0,0,,,,,,,,
17,17025,5,0,0,0,,,,,,,,
17,17025,6,NA,NA,NA,,,,,,,,
17,17025,7,2,2,0,,,,,,,,
17,17025,8,2,2,0,,,,,,,,
17,17025,9,0,0,0,,,,,,,,
17,17026,1,9,9,0,,,,,,,,
17,17026,2,0,0,0,,,,,,,,
17,17026,3,0,0,0,,,,,,,,
17,17026,4,0,0,0,,,,,,,,
17,17026,5,0,0,0,,,,,,,,
17,17026,6,0,0,0,,,,,,,,
17,17026,7,1,1,0,,,,,,,,
17,17026,8,1,0,1,,,,,,,,
17,17026,9,0,0,0,,,,,,,,
17,17027,1,26,23,3,,,,,,,,
17,17027,2,0,0,0,,,,,,,,
17,17027,3,0,0,0,,,,,,,,
17,17027,4,0,0,0,,,,,,,,
17,17027,5,0,0,0,,,,,,,,
17,17027,6,NA,NA,NA,,,,,,,,
17,17027,7,0,0,0,,,,,,,,
17,17027,8,0,0,0,,,,,,,,
17,17027,9,0,0,0,,,,,,,,
17,17028,1,77,57,20,,,,,,,,
17,17028,2,18,15,3,,,,,,,,
17,17028,3,0,0,0,,,,,,,,
17,17028,4,0,0,0,,,,,,,,
17,17028,5,0,0,0,,,,,,,,
17,17028,6,NA,NA,NA,,,,,,,,
17,17028,7,0,0,0,,,,,,,,
17,17028,8,18,9,9,,,,,,,,
17,17028,9,0,0,0,,,,,,,,
17,17029,1,148,116,32,,,,,,,,
17,17029,2,22,20,2,,,,,,,,
17,17029,3,0,0,0,,,,,,,,
17,17029,4,0,0,0,,,,,,,,
17,17029,5,0,0,0,,,,,,,,
17,17029,6,0,0,0,,,,,,,,
17,17029,7,0,0,0,,,,,,,,
17,17029,8,6,2,4,,,,,,,,
17,17029,9,0,0,0,,,,,,,,
17,17030,1,70,68,2,,,,,,,,
17,17030,2,18,17,1,,,,,,,,
17,17030,3,0,0,0,,,,,,,,
17,17030,4,0,0,0,,,,,,,,
17,17030,5,0,0,0,,,,,,,,
17,17030,6,NA,NA,NA,,,,,,,,
17,17030,7,0,0,0,,,,,,,,
17,17030,8,0,0,0,,,,,,,,
17,17030,9,23,16,7,,,,,,,,
17,17031,1,29,23,6,,,,,,,,
17,17031,2,13,11,2,,,,,,,,
17,17031,3,0,0,0,,,,,,,,
17,17031,4,0,0,0,,,,,,,,
17,17031,5,0,0,0,,,,,,,,
17,17031,6,13,10,3,,,,,,,,
17,17031,7,2,2,0,,,,,,,,
17,17031,8,0,0,0,,,,,,,,
17,17031,9,0,0,0,,,,,,,,
17,17032,1,23,17,6,,,,,,,,
17,17032,2,0,0,0,,,,,,,,
17,17032,3,0,0,0,,,,,,,,
17,17032,4,0,0,0,,,,,,,,
17,17032,5,0,0,0,,,,,,,,
17,17032,6,0,0,0,,,,,,,,
17,17032,7,1,1,0,,,,,,,,
17,17032,8,1,1,0,,,,,,,,
17,17032,9,0,0,0,,,,,,,,
17,17033,1,30,21,9,,,,,,,,
17,17033,2,1,1,0,,,,,,,,
17,17033,3,0,0,0,,,,,,,,
17,17033,4,0,0,0,,,,,,,,
17,17033,5,0,0,0,,,,,,,,
17,17033,6,0,0,0,,,,,,,,
17,17033,7,0,0,0,,,,,,,,
17,17033,8,0,0,0,,,,,,,,
17,17033,9,0,0,0,,,,,,,,
17,17034,1,18,14,4,,,,,,,,
17,17034,2,1,1,0,,,,,,,,
17,17034,3,0,0,0,,,,,,,,
17,17034,4,0,0,0,,,,,,,,
17,17034,5,0,0,0,,,,,,,,
17,17034,6,NA,NA,NA,,,,,,,,
17,17034,7,0,0,0,,,,,,,,
17,17034,8,1,0,1,,,,,,,,
17,17034,9,0,0,0,,,,,,,,
17,17035,1,16,12,4,,,,,,,,
17,17035,2,4,4,0,,,,,,,,
17,17035,3,0,0,0,,,,,,,,
17,17035,4,0,0,0,,,,,,,,
17,17035,5,0,0,0,,,,,,,,
17,17035,6,NA,NA,NA,,,,,,,,
17,17035,7,4,4,0,,,,,,,,
17,17035,8,0,0,0,,,,,,,,
17,17035,9,0,0,0,,,,,,,,
17,17036,1,1,0,1,,,,,,,,
17,17036,2,0,0,0,,,,,,,,
17,17036,3,0,0,0,,,,,,,,
17,17036,4,0,0,0,,,,,,,,
17,17036,5,0,0,0,,,,,,,,
17,17036,6,31,31,0,,,,,,,,
17,17036,7,0,0,0,,,,,,,,
17,17036,8,0,0,0,,,,,,,,
17,17036,9,10,10,0,,,,,,,,
18,18001,1,49,42,7,,,,,,,,
18,18001,2,0,0,0,,,,,,,,
18,18001,3,0,0,0,,,,,,,,
18,18001,4,0,0,0,,,,,,,,
18,18001,5,0,0,0,,,,,,,,
18,18001,6,NA,NA,NA,,,,,,,,
18,18001,7,2,2,0,,,,,,,,
18,18001,8,3,1,2,,,,,,,,
18,18001,9,0,0,0,,,,,,,,
18,18002,1,28,25,3,,,,,,,,
18,18002,2,0,0,0,,,,,,,,
18,18002,3,0,0,0,,,,,,,,
18,18002,4,0,0,0,,,,,,,,
18,18002,5,0,0,0,,,,,,,,
18,18002,6,NA,NA,NA,,,,,,,,
18,18002,7,1,1,0,,,,,,,,
18,18002,8,0,0,0,,,,,,,,
18,18002,9,0,0,0,,,,,,,,
18,18003,1,14,10,4,,,,,,,,
18,18003,2,0,0,0,,,,,,,,
18,18003,3,0,0,0,,,,,,,,
18,18003,4,0,0,0,,,,,,,,
18,18003,5,0,0,0,,,,,,,,
18,18003,6,NA,NA,NA,,,,,,,,
18,18003,7,2,2,0,,,,,,,,
18,18003,8,1,0,1,,,,,,,,
18,18003,9,0,0,0,,,,,,,,
18,18004,1,74,60,14,,,,,,,,
18,18004,2,19,19,0,,,,,,,,
18,18004,3,0,0,0,,,,,,,,
18,18004,4,0,0,0,,,,,,,,
18,18004,5,0,0,0,,,,,,,,
18,18004,6,16,14,2,,,,,,,,
18,18004,7,1,1,0,,,,,,,,
18,18004,8,11,1,10,,,,,,,,
18,18004,9,1,0,1,,,,,,,,
18,18005,1,32,30,2,,,,,,,,
18,18005,2,0,0,0,,,,,,,,
18,18005,3,0,0,0,,,,,,,,
18,18005,4,0,0,0,,,,,,,,
18,18005,5,0,0,0,,,,,,,,
18,18005,6,NA,NA,NA,,,,,,,,
18,18005,7,2,2,0,,,,,,,,
18,18005,8,0,0,0,,,,,,,,
18,18005,9,0,0,0,,,,,,,,
18,18006,1,61,49,12,,,,,,,,
18,18006,2,0,0,0,,,,,,,,
18,18006,3,0,0,0,,,,,,,,
18,18006,4,0,0,0,,,,,,,,
18,18006,5,0,0,0,,,,,,,,
18,18006,6,NA,NA,NA,,,,,,,,
18,18006,7,2,2,0,,,,,,,,
18,18006,8,5,0,5,,,,,,,,
18,18006,9,0,0,0,,,,,,,,
18,18007,1,24,22,2,,,,,,,,
18,18007,2,0,0,0,,,,,,,,
18,18007,3,4,4,0,,,,,,,,
18,18007,4,0,0,0,,,,,,,,
18,18007,5,0,0,0,,,,,,,,
18,18007,6,NA,NA,NA,,,,,,,,
18,18007,7,1,1,0,,,,,,,,
18,18007,8,1,1,0,,,,,,,,
18,18007,9,0,0,0,,,,,,,,
18,18008,1,41,34,7,,,,,,,,
18,18008,2,13,13,0,,,,,,,,
18,18008,3,0,0,0,,,,,,,,
18,18008,4,0,0,0,,,,,,,,
18,18008,5,0,0,0,,,,,,,,
18,18008,6,NA,NA,NA,,,,,,,,
18,18008,7,4,4,0,,,,,,,,
18,18008,8,5,3,2,,,,,,,,
18,18008,9,0,0,0,,,,,,,,
18,18009,1,45,43,2,,,,,,,,
18,18009,2,0,0,0,,,,,,,,
18,18009,3,0,0,0,,,,,,,,
18,18009,4,0,0,0,,,,,,,,
18,18009,5,0,0,0,,,,,,,,
18,18009,6,NA,NA,NA,,,,,,,,
18,18009,7,6,6,0,,,,,,,,
18,18009,8,2,2,0,,,,,,,,
18,18009,9,0,0,0,,,,,,,,
18,18010,1,41,34,7,,,,,,,,
18,18010,2,0,0,0,,,,,,,,
18,18010,3,0,0,0,,,,,,,,
18,18010,4,0,0,0,,,,,,,,
18,18010,5,0,0,0,,,,,,,,
18,18010,6,NA,NA,NA,,,,,,,,
18,18010,7,7,5,2,,,,,,,,
18,18010,8,2,1,1,,,,,,,,
18,18010,9,0,0,0,,,,,,,,
18,18011,1,56,52,4,,,,,,,,
18,18011,2,0,0,0,,,,,,,,
18,18011,3,0,0,0,,,,,,,,
18,18011,4,0,0,0,,,,,,,,
18,18011,5,0,0,0,,,,,,,,
18,18011,6,NA,NA,NA,,,,,,,,
18,18011,7,1,1,0,,,,,,,,
18,18011,8,0,0,0,,,,,,,,
18,18011,9,0,0,0,,,,,,,,
18,18012,1,34,26,8,,,,,,,,
18,18012,2,10,8,2,,,,,,,,
18,18012,3,0,0,0,,,,,,,,
18,18012,4,0,0,0,,,,,,,,
18,18012,5,0,0,0,,,,,,,,
18,18012,6,NA,NA,NA,,,,,,,,
18,18012,7,1,1,0,,,,,,,,
18,18012,8,1,1,0,,,,,,,,
18,18012,9,0,0,0,,,,,,,,
18,18013,1,25,22,3,,,,,,,,
18,18013,2,0,0,0,,,,,,,,
18,18013,3,0,0,0,,,,,,,,
18,18013,4,0,0,0,,,,,,,,
18,18013,5,0,0,0,,,,,,,,
18,18013,6,NA,NA,NA,,,,,,,,
18,18013,7,2,2,0,,,,,,,,
18,18013,8,3,1,2,,,,,,,,
18,18013,9,0,0,0,,,,,,,,
18,18014,1,33,28,5,,,,,,,,
18,18014,2,0,0,0,,,,,,,,
18,18014,3,0,0,0,,,,,,,,
18,18014,4,0,0,0,,,,,,,,
18,18014,5,0,0,0,,,,,,,,
18,18014,6,NA,NA,NA,,,,,,,,
18,18014,7,13,13,0,,,,,,,,
18,18014,8,5,1,4,,,,,,,,
18,18014,9,0,0,0,,,,,,,,
18,18015,1,131,116,15,,,,,,,,
18,18015,2,22,20,2,,,,,,,,
18,18015,3,0,0,0,,,,,,,,
18,18015,4,0,0,0,,,,,,,,
18,18015,5,0,0,0,,,,,,,,
18,18015,6,NA,NA,NA,,,,,,,,
18,18015,7,2,2,0,,,,,,,,
18,18015,8,7,2,5,,,,,,,,
18,18015,9,0,0,0,,,,,,,,
18,18016,1,46,41,5,,,,,,,,
18,18016,2,11,10,1,,,,,,,,
18,18016,3,0,0,0,,,,,,,,
18,18016,4,0,0,0,,,,,,,,
18,18016,5,0,0,0,,,,,,,,
18,18016,6,NA,NA,NA,,,,,,,,
18,18016,7,3,3,0,,,,,,,,
18,18016,8,3,1,2,,,,,,,,
18,18016,9,0,0,0,,,,,,,,
18,18017,1,435,353,82,,,,,,,,
18,18017,2,110,93,17,,,,,,,,
18,18017,3,34,20,14,,,,,,,,
18,18017,4,0,0,0,,,,,,,,
18,18017,5,0,0,0,,,,,,,,
18,18017,6,NA,NA,NA,,,,,,,,
18,18017,7,4,4,0,,,,,,,,
18,18017,8,38,14,24,,,,,,,,
18,18017,9,22,9,13,,,,,,,,
18,18018,1,57,53,4,,,,,,,,
18,18018,2,6,5,1,,,,,,,,
18,18018,3,0,0,0,,,,,,,,
18,18018,4,0,0,0,,,,,,,,
18,18018,5,0,0,0,,,,,,,,
18,18018,6,NA,NA,NA,,,,,,,,
18,18018,7,3,3,0,,,,,,,,
18,18018,8,5,3,2,,,,,,,,
18,18018,9,0,0,0,,,,,,,,
18,18019,1,26,21,5,,,,,,,,
18,18019,2,0,0,0,,,,,,,,
18,18019,3,0,0,0,,,,,,,,
18,18019,4,0,0,0,,,,,,,,
18,18019,5,0,0,0,,,,,,,,
18,18019,6,NA,NA,NA,,,,,,,,
18,18019,7,1,1,0,,,,,,,,
18,18019,8,0,0,0,,,,,,,,
18,18019,9,0,0,0,,,,,,,,
18,18020,1,234,176,58,,,,,,,,
18,18020,2,82,55,27,,,,,,,,
18,18020,3,0,0,0,,,,,,,,
18,18020,4,0,0,0,,,,,,,,
18,18020,5,0,0,0,,,,,,,,
18,18020,6,NA,NA,NA,,,,,,,,
18,18020,7,3,3,0,,,,,,,,
18,18020,8,21,9,12,,,,,,,,
18,18020,9,0,0,0,,,,,,,,
19,19001,1,10,8,2,,,,,,,,
19,19001,2,0,0,0,,,,,,,,
19,19001,3,0,0,0,,,,,,,,
19,19001,4,0,0,0,,,,,,,,
19,19001,5,0,0,0,,,,,,,,
19,19001,6,NA,NA,NA,,,,,,,,
19,19001,7,1,1,0,,,,,,,,
19,19001,8,0,0,0,,,,,,,,
19,19001,9,0,0,0,,,,,,,,
19,19002,1,ND,ND,ND,,,,,,,,
19,19002,2,ND,ND,ND,,,,,,,,
19,19002,3,ND,ND,ND,,,,,,,,
19,19002,4,ND,ND,ND,,,,,,,,
19,19002,5,ND,ND,ND,,,,,,,,
19,19002,6,ND,ND,ND,,,,,,,,
19,19002,7,ND,ND,ND,,,,,,,,
19,19002,8,ND,ND,ND,,,,,,,,
19,19002,9,ND,ND,ND,,,,,,,,
19,19003,1,6,6,0,,,,,,,,
19,19003,2,0,0,0,,,,,,,,
19,19003,3,0,0,0,,,,,,,,
19,19003,4,0,0,0,,,,,,,,
19,19003,5,0,0,0,,,,,,,,
19,19003,6,NA,NA,NA,,,,,,,,
19,19003,7,2,1,1,,,,,,,,
19,19003,8,0,0,0,,,,,,,,
19,19003,9,0,0,0,,,,,,,,
19,19004,1,79,78,1,,,,,,,,
19,19004,2,11,7,4,,,,,,,,
19,19004,3,0,0,0,,,,,,,,
19,19004,4,0,0,0,,,,,,,,
19,19004,5,0,0,0,,,,,,,,
19,19004,6,NA,NA,NA,,,,,,,,
19,19004,7,5,5,0,,,,,,,,
19,19004,8,35,21,14,,,,,,,,
19,19004,9,0,0,0,,,,,,,,
19,19005,1,ND,ND,ND,,,,,,,,
19,19005,2,ND,ND,ND,,,,,,,,
19,19005,3,ND,ND,ND,,,,,,,,
19,19005,4,ND,ND,ND,,,,,,,,
19,19005,5,ND,ND,ND,,,,,,,,
19,19005,6,ND,ND,ND,,,,,,,,
19,19005,7,ND,ND,ND,,,,,,,,
19,19005,8,ND,ND,ND,,,,,,,,
19,19005,9,ND,ND,ND,,,,,,,,
19,19006,1,809,610,199,,,,,,,,
19,19006,2,105,79,26,,,,,,,,
19,19006,3,0,0,0,,,,,,,,
19,19006,4,0,0,0,,,,,,,,
19,19006,5,0,0,0,,,,,,,,
19,19006,6,0,0,0,,,,,,,,
19,19006,7,10,7,3,,,,,,,,
19,19006,8,81,34,47,,,,,,,,
19,19006,9,0,0,0,,,,,,,,
19,19007,1,48,46,2,,,,,,,,
19,19007,2,0,0,0,,,,,,,,
19,19007,3,0,0,0,,,,,,,,
19,19007,4,0,0,0,,,,,,,,
19,19007,5,0,0,0,,,,,,,,
19,19007,6,NA,NA,NA,,,,,,,,
19,19007,7,1,1,0,,,,,,,,
19,19007,8,0,0,0,,,,,,,,
19,19007,9,0,0,0,,,,,,,,
19,19008,1,15,15,0,,,,,,,,
19,19008,2,3,0,3,,,,,,,,
19,19008,3,0,0,0,,,,,,,,
19,19008,4,0,0,0,,,,,,,,
19,19008,5,0,0,0,,,,,,,,
19,19008,6,NA,NA,NA,,,,,,,,
19,19008,7,1,1,0,,,,,,,,
19,19008,8,2,2,0,,,,,,,,
19,19008,9,0,0,0,,,,,,,,
19,19009,1,187,153,34,,,,,,,,
19,19009,2,24,22,2,,,,,,,,
19,19009,3,0,0,0,,,,,,,,
19,19009,4,0,0,0,,,,,,,,
19,19009,5,0,0,0,,,,,,,,
19,19009,6,NA,NA,NA,,,,,,,,
19,19009,7,3,3,0,,,,,,,,
19,19009,8,62,34,28,,,,,,,,
19,19009,9,0,0,0,,,,,,,,
19,19010,1,77,62,15,,,,,,,,
19,19010,2,11,11,0,,,,,,,,
19,19010,3,17,7,10,,,,,,,,
19,19010,4,0,0,0,,,,,,,,
19,19010,5,0,0,0,,,,,,,,
19,19010,6,NA,NA,NA,,,,,,,,
19,19010,7,0,0,0,,,,,,,,
19,19010,8,0,0,0,,,,,,,,
19,19010,9,0,0,0,,,,,,,,
19,19011,1,12,8,4,,,,,,,,
19,19011,2,0,0,0,,,,,,,,
19,19011,3,0,0,0,,,,,,,,
19,19011,4,0,0,0,,,,,,,,
19,19011,5,0,0,0,,,,,,,,
19,19011,6,NA,NA,NA,,,,,,,,
19,19011,7,2,2,0,,,,,,,,
19,19011,8,1,1,0,,,,,,,,
19,19011,9,0,0,0,,,,,,,,
19,19012,1,36,31,5,,,,,,,,
19,19012,2,10,10,0,,,,,,,,
19,19012,3,0,0,0,,,,,,,,
19,19012,4,0,0,0,,,,,,,,
19,19012,5,0,0,0,,,,,,,,
19,19012,6,NA,NA,NA,,,,,,,,
19,19012,7,3,3,0,,,,,,,,
19,19012,8,4,1,3,,,,,,,,
19,19012,9,0,0,0,,,,,,,,
19,19013,1,21,15,6,,,,,,,,
19,19013,2,0,0,0,,,,,,,,
19,19013,3,0,0,0,,,,,,,,
19,19013,4,0,0,0,,,,,,,,
19,19013,5,0,0,0,,,,,,,,
19,19013,6,NA,NA,NA,,,,,,,,
19,19013,7,2,2,0,,,,,,,,
19,19013,8,1,1,0,,,,,,,,
19,19013,9,0,0,0,,,,,,,,
19,19014,1,35,30,5,,,,,,,,
19,19014,2,7,6,1,,,,,,,,
19,19014,3,0,0,0,,,,,,,,
19,19014,4,0,0,0,,,,,,,,
19,19014,5,0,0,0,,,,,,,,
19,19014,6,NA,NA,NA,,,,,,,,
19,19014,7,3,3,0,,,,,,,,
19,19014,8,3,1,2,,,,,,,,
19,19014,9,0,0,0,,,,,,,,
19,19015,1,0,0,0,,,,,,,,
19,19015,2,9,8,1,,,,,,,,
19,19015,3,0,0,0,,,,,,,,
19,19015,4,0,0,0,,,,,,,,
19,19015,5,0,0,0,,,,,,,,
19,19015,6,NA,NA,NA,,,,,,,,
19,19015,7,0,0,0,,,,,,,,
19,19015,8,0,0,0,,,,,,,,
19,19015,9,0,0,0,,,,,,,,
19,19016,1,17,14,3,,,,,,,,
19,19016,2,0,0,0,,,,,,,,
19,19016,3,0,0,0,,,,,,,,
19,19016,4,0,0,0,,,,,,,,
19,19016,5,0,0,0,,,,,,,,
19,19016,6,NA,NA,NA,,,,,,,,
19,19016,7,1,1,0,,,,,,,,
19,19016,8,0,0,0,,,,,,,,
19,19016,9,0,0,0,,,,,,,,
19,19017,1,71,65,6,,,,,,,,
19,19017,2,0,0,0,,,,,,,,
19,19017,3,0,0,0,,,,,,,,
19,19017,4,0,0,0,,,,,,,,
19,19017,5,0,0,0,,,,,,,,
19,19017,6,0,0,0,,,,,,,,
19,19017,7,1,1,0,,,,,,,,
19,19017,8,21,11,10,,,,,,,,
19,19017,9,4,1,3,,,,,,,,
19,19018,1,501,381,120,,,,,,,,
19,19018,2,120,106,14,,,,,,,,
19,19018,3,0,0,0,,,,,,,,
19,19018,4,0,0,0,,,,,,,,
19,19018,5,0,0,0,,,,,,,,
19,19018,6,NA,NA,NA,,,,,,,,
19,19018,7,7,4,3,,,,,,,,
19,19018,8,2,2,0,,,,,,,,
19,19018,9,0,0,0,,,,,,,,
19,19019,1,471,363,108,,,,,,,,
19,19019,2,88,75,13,,,,,,,,
19,19019,3,0,0,0,,,,,,,,
19,19019,4,0,0,0,,,,,,,,
19,19019,5,0,0,0,,,,,,,,
19,19019,6,58,47,11,,,,,,,,
19,19019,7,5,5,0,,,,,,,,
19,19019,8,155,77,78,,,,,,,,
19,19019,9,0,0,0,,,,,,,,
19,19020,1,20,20,0,,,,,,,,
19,19020,2,0,0,0,,,,,,,,
19,19020,3,0,0,0,,,,,,,,
19,19020,4,0,0,0,,,,,,,,
19,19020,5,0,0,0,,,,,,,,
19,19020,6,0,0,0,,,,,,,,
19,19020,7,0,0,0,,,,,,,,
19,19020,8,0,0,0,,,,,,,,
19,19020,9,0,0,0,,,,,,,,
19,19021,1,544,466,78,,,,,,,,
19,19021,2,17,14,3,,,,,,,,
19,19021,3,0,0,0,,,,,,,,
19,19021,4,0,0,0,,,,,,,,
19,19021,5,0,0,0,,,,,,,,
19,19021,6,NA,NA,NA,,,,,,,,
19,19021,7,4,2,2,,,,,,,,
19,19021,8,100,36,64,,,,,,,,
19,19021,9,0,0,0,,,,,,,,
19,19022,1,31,30,1,,,,,,,,
19,19022,2,0,0,0,,,,,,,,
19,19022,3,0,0,0,,,,,,,,
19,19022,4,0,0,0,,,,,,,,
19,19022,5,0,0,0,,,,,,,,
19,19022,6,0,0,0,,,,,,,,
19,19022,7,3,3,0,,,,,,,,
19,19022,8,2,1,1,,,,,,,,
19,19022,9,0,0,0,,,,,,,,
19,19023,1,ND,ND,ND,,,,,,,,
19,19023,2,ND,ND,ND,,,,,,,,
19,19023,3,ND,ND,ND,,,,,,,,
19,19023,4,ND,ND,ND,,,,,,,,
19,19023,5,ND,ND,ND,,,,,,,,
19,19023,6,ND,ND,ND,,,,,,,,
19,19023,7,ND,ND,ND,,,,,,,,
19,19023,8,ND,ND,ND,,,,,,,,
19,19023,9,ND,ND,ND,,,,,,,,
19,19024,1,18,16,2,,,,,,,,
19,19024,2,0,0,0,,,,,,,,
19,19024,3,0,0,0,,,,,,,,
19,19024,4,0,0,0,,,,,,,,
19,19024,5,0,0,0,,,,,,,,
19,19024,6,NA,NA,NA,,,,,,,,
19,19024,7,1,1,0,,,,,,,,
19,19024,8,1,0,1,,,,,,,,
19,19024,9,0,0,0,,,,,,,,
19,19025,1,43,28,15,,,,,,,,
19,19025,2,5,5,0,,,,,,,,
19,19025,3,0,0,0,,,,,,,,
19,19025,4,0,0,0,,,,,,,,
19,19025,5,0,0,0,,,,,,,,
19,19025,6,NA,NA,NA,,,,,,,,
19,19025,7,2,2,0,,,,,,,,
19,19025,8,2,0,2,,,,,,,,
19,19025,9,3,2,1,,,,,,,,
19,19026,1,911,683,228,,,,,,,,
19,19026,2,166,145,21,,,,,,,,
19,19026,3,0,0,0,,,,,,,,
19,19026,4,0,0,0,,,,,,,,
19,19026,5,0,0,0,,,,,,,,
19,19026,6,39,30,9,,,,,,,,
19,19026,7,7,6,1,,,,,,,,
19,19026,8,197,100,97,,,,,,,,
19,19026,9,0,0,0,,,,,,,,
19,19027,1,10,6,4,,,,,,,,
19,19027,2,0,0,0,,,,,,,,
19,19027,3,0,0,0,,,,,,,,
19,19027,4,0,0,0,,,,,,,,
19,19027,5,0,0,0,,,,,,,,
19,19027,6,NA,NA,NA,,,,,,,,
19,19027,7,1,1,0,,,,,,,,
19,19027,8,2,1,1,,,,,,,,
19,19027,9,0,0,0,,,,,,,,
19,19028,1,15,12,3,,,,,,,,
19,19028,2,0,0,0,,,,,,,,
19,19028,3,0,0,0,,,,,,,,
19,19028,4,0,0,0,,,,,,,,
19,19028,5,0,0,0,,,,,,,,
19,19028,6,NA,NA,NA,,,,,,,,
19,19028,7,0,0,0,,,,,,,,
19,19028,8,0,0,0,,,,,,,,
19,19028,9,0,0,0,,,,,,,,
19,19029,1,0,0,0,,,,,,,,
19,19029,2,0,0,0,,,,,,,,
19,19029,3,0,0,0,,,,,,,,
19,19029,4,0,0,0,,,,,,,,
19,19029,5,0,0,0,,,,,,,,
19,19029,6,15,14,1,,,,,,,,
19,19029,7,2,2,0,,,,,,,,
19,19029,8,4,2,2,,,,,,,,
19,19029,9,0,0,0,,,,,,,,
19,19030,1,21,20,1,,,,,,,,
19,19030,2,0,0,0,,,,,,,,
19,19030,3,0,0,0,,,,,,,,
19,19030,4,0,0,0,,,,,,,,
19,19030,5,0,0,0,,,,,,,,
19,19030,6,NA,NA,NA,,,,,,,,
19,19030,7,2,2,0,,,,,,,,
19,19030,8,5,3,2,,,,,,,,
19,19030,9,0,0,0,,,,,,,,
19,19031,1,323,278,45,,,,,,,,
19,19031,2,27,22,5,,,,,,,,
19,19031,3,0,0,0,,,,,,,,
19,19031,4,0,0,0,,,,,,,,
19,19031,5,0,0,0,,,,,,,,
19,19031,6,NA,NA,NA,,,,,,,,
19,19031,7,4,4,0,,,,,,,,
19,19031,8,0,0,0,,,,,,,,
19,19031,9,0,0,0,,,,,,,,
19,19032,1,19,16,3,,,,,,,,
19,19032,2,0,0,0,,,,,,,,
19,19032,3,0,0,0,,,,,,,,
19,19032,4,0,0,0,,,,,,,,
19,19032,5,0,0,0,,,,,,,,
19,19032,6,NA,NA,NA,,,,,,,,
19,19032,7,2,2,0,,,,,,,,
19,19032,8,1,1,0,,,,,,,,
19,19032,9,0,0,0,,,,,,,,
19,19033,1,65,60,5,,,,,,,,
19,19033,2,30,27,3,,,,,,,,
19,19033,3,1,1,0,,,,,,,,
19,19033,4,0,0,0,,,,,,,,
19,19033,5,0,0,0,,,,,,,,
19,19033,6,0,0,0,,,,,,,,
19,19033,7,2,2,0,,,,,,,,
19,19033,8,1,1,0,,,,,,,,
19,19033,9,30,16,14,,,,,,,,
19,19034,1,0,0,0,,,,,,,,
19,19034,2,0,0,0,,,,,,,,
19,19034,3,0,0,0,,,,,,,,
19,19034,4,0,0,0,,,,,,,,
19,19034,5,0,0,0,,,,,,,,
19,19034,6,13,10,3,,,,,,,,
19,19034,7,2,2,0,,,,,,,,
19,19034,8,3,2,1,,,,,,,,
19,19034,9,0,0,0,,,,,,,,
19,19035,1,8,7,1,,,,,,,,
19,19035,2,0,0,0,,,,,,,,
19,19035,3,0,0,0,,,,,,,,
19,19035,4,0,0,0,,,,,,,,
19,19035,5,0,0,0,,,,,,,,
19,19035,6,0,0,0,,,,,,,,
19,19035,7,1,1,0,,,,,,,,
19,19035,8,1,0,1,,,,,,,,
19,19035,9,0,0,0,,,,,,,,
19,19036,1,23,22,1,,,,,,,,
19,19036,2,0,0,0,,,,,,,,
19,19036,3,0,0,0,,,,,,,,
19,19036,4,0,0,0,,,,,,,,
19,19036,5,0,0,0,,,,,,,,
19,19036,6,NA,NA,NA,,,,,,,,
19,19036,7,2,2,0,,,,,,,,
19,19036,8,1,0,1,,,,,,,,
19,19036,9,0,0,0,,,,,,,,
19,19037,1,24,23,1,,,,,,,,
19,19037,2,0,0,0,,,,,,,,
19,19037,3,0,0,0,,,,,,,,
19,19037,4,0,0,0,,,,,,,,
19,19037,5,0,0,0,,,,,,,,
19,19037,6,NA,NA,NA,,,,,,,,
19,19037,7,0,0,0,,,,,,,,
19,19037,8,0,0,0,,,,,,,,
19,19037,9,0,0,0,,,,,,,,
19,19038,1,123,119,4,,,,,,,,
19,19038,2,19,16,3,,,,,,,,
19,19038,3,0,0,0,,,,,,,,
19,19038,4,0,0,0,,,,,,,,
19,19038,5,0,0,0,,,,,,,,
19,19038,6,NA,NA,NA,,,,,,,,
19,19038,7,2,2,0,,,,,,,,
19,19038,8,3,1,2,,,,,,,,
19,19038,9,0,0,0,,,,,,,,
19,19039,1,1082,792,290,,,,,,,,
19,19039,2,164,131,33,,,,,,,,
19,19039,3,0,0,0,,,,,,,,
19,19039,4,0,0,0,,,,,,,,
19,19039,5,0,0,0,,,,,,,,
19,19039,6,NA,NA,NA,,,,,,,,
19,19039,7,0,0,0,,,,,,,,
19,19039,8,0,0,0,,,,,,,,
19,19039,9,0,0,0,,,,,,,,
19,19040,1,ND,ND,ND,,,,,,,,
19,19040,2,ND,ND,ND,,,,,,,,
19,19040,3,ND,ND,ND,,,,,,,,
19,19040,4,ND,ND,ND,,,,,,,,
19,19040,5,ND,ND,ND,,,,,,,,
19,19040,6,ND,ND,ND,,,,,,,,
19,19040,7,ND,ND,ND,,,,,,,,
19,19040,8,ND,ND,ND,,,,,,,,
19,19040,9,ND,ND,ND,,,,,,,,
19,19041,1,130,105,25,,,,,,,,
19,19041,2,27,15,12,,,,,,,,
19,19041,3,0,0,0,,,,,,,,
19,19041,4,0,0,0,,,,,,,,
19,19041,5,0,0,0,,,,,,,,
19,19041,6,0,0,0,,,,,,,,
19,19041,7,10,5,5,,,,,,,,
19,19041,8,36,15,21,,,,,,,,
19,19041,9,0,0,0,,,,,,,,
19,19042,1,10,8,2,,,,,,,,
19,19042,2,0,0,0,,,,,,,,
19,19042,3,0,0,0,,,,,,,,
19,19042,4,0,0,0,,,,,,,,
19,19042,5,0,0,0,,,,,,,,
19,19042,6,NA,NA,NA,,,,,,,,
19,19042,7,1,1,0,,,,,,,,
19,19042,8,1,0,1,,,,,,,,
19,19042,9,1,1,0,,,,,,,,
19,19043,1,8,8,0,,,,,,,,
19,19043,2,0,0,0,,,,,,,,
19,19043,3,0,0,0,,,,,,,,
19,19043,4,0,0,0,,,,,,,,
19,19043,5,0,0,0,,,,,,,,
19,19043,6,NA,NA,NA,,,,,,,,
19,19043,7,1,0,1,,,,,,,,
19,19043,8,0,0,0,,,,,,,,
19,19043,9,0,0,0,,,,,,,,
19,19044,1,77,61,16,,,,,,,,
19,19044,2,6,5,1,,,,,,,,
19,19044,3,0,0,0,,,,,,,,
19,19044,4,0,0,0,,,,,,,,
19,19044,5,0,0,0,,,,,,,,
19,19044,6,NA,NA,NA,,,,,,,,
19,19044,7,0,0,0,,,,,,,,
19,19044,8,6,3,3,,,,,,,,
19,19044,9,0,0,0,,,,,,,,
19,19045,1,76,66,10,,,,,,,,
19,19045,2,9,9,0,,,,,,,,
19,19045,3,0,0,0,,,,,,,,
19,19045,4,0,0,0,,,,,,,,
19,19045,5,0,0,0,,,,,,,,
19,19045,6,NA,NA,NA,,,,,,,,
19,19045,7,4,4,0,,,,,,,,
19,19045,8,2,1,1,,,,,,,,
19,19045,9,0,0,0,,,,,,,,
19,19046,1,534,431,103,,,,,,,,
19,19046,2,0,0,0,,,,,,,,
19,19046,3,0,0,0,,,,,,,,
19,19046,4,0,0,0,,,,,,,,
19,19046,5,0,0,0,,,,,,,,
19,19046,6,NA,NA,NA,,,,,,,,
19,19046,7,10,9,1,,,,,,,,
19,19046,8,98,41,57,,,,,,,,
19,19046,9,18,15,3,,,,,,,,
19,19047,1,18,14,4,,,,,,,,
19,19047,2,0,0,0,,,,,,,,
19,19047,3,0,0,0,,,,,,,,
19,19047,4,0,0,0,,,,,,,,
19,19047,5,0,0,0,,,,,,,,
19,19047,6,NA,NA,NA,,,,,,,,
19,19047,7,1,1,0,,,,,,,,
19,19047,8,1,0,1,,,,,,,,
19,19047,9,0,0,0,,,,,,,,
19,19048,1,301,261,40,,,,,,,,
19,19048,2,33,24,9,,,,,,,,
19,19048,3,0,0,0,,,,,,,,
19,19048,4,0,0,0,,,,,,,,
19,19048,5,0,0,0,,,,,,,,
19,19048,6,NA,NA,NA,,,,,,,,
19,19048,7,4,4,0,,,,,,,,
19,19048,8,20,16,4,,,,,,,,
19,19048,9,0,0,0,,,,,,,,
19,19049,1,103,85,18,,,,,,,,
19,19049,2,9,8,1,,,,,,,,
19,19049,3,0,0,0,,,,,,,,
19,19049,4,0,0,0,,,,,,,,
19,19049,5,0,0,0,,,,,,,,
19,19049,6,NA,NA,NA,,,,,,,,
19,19049,7,6,6,0,,,,,,,,
19,19049,8,25,13,12,,,,,,,,
19,19049,9,2,1,1,,,,,,,,
19,19050,1,ND,ND,ND,,,,,,,,
19,19050,2,ND,ND,ND,,,,,,,,
19,19050,3,ND,ND,ND,,,,,,,,
19,19050,4,ND,ND,ND,,,,,,,,
19,19050,5,ND,ND,ND,,,,,,,,
19,19050,6,ND,ND,ND,,,,,,,,
19,19050,7,ND,ND,ND,,,,,,,,
19,19050,8,ND,ND,ND,,,,,,,,
19,19050,9,ND,ND,ND,,,,,,,,
19,19051,1,11,10,1,,,,,,,,
19,19051,2,0,0,0,,,,,,,,
19,19051,3,0,0,0,,,,,,,,
19,19051,4,0,0,0,,,,,,,,
19,19051,5,0,0,0,,,,,,,,
19,19051,6,NA,NA,NA,,,,,,,,
19,19051,7,1,1,0,,,,,,,,
19,19051,8,1,0,1,,,,,,,,
19,19051,9,0,0,0,,,,,,,,
20,20001,1,32,32,0,,,,,,,,
20,20001,2,0,0,0,,,,,,,,
20,20001,3,0,0,0,,,,,,,,
20,20001,4,0,0,0,,,,,,,,
20,20001,5,0,0,0,,,,,,,,
20,20001,6,NA,NA,NA,,,,,,,,
20,20001,7,2,2,0,,,,,,,,
20,20001,8,0,0,0,,,,,,,,
20,20001,9,0,0,0,,,,,,,,
20,20002,1,51,51,0,,,,,,,,
20,20002,2,0,0,0,,,,,,,,
20,20002,3,0,0,0,,,,,,,,
20,20002,4,0,0,0,,,,,,,,
20,20002,5,0,0,0,,,,,,,,
20,20002,6,NA,NA,NA,,,,,,,,
20,20002,7,2,2,0,,,,,,,,
20,20002,8,6,3,3,,,,,,,,
20,20002,9,0,0,0,,,,,,,,
20,20003,1,17,17,0,,,,,,,,
20,20003,2,0,0,0,,,,,,,,
20,20003,3,0,0,0,,,,,,,,
20,20003,4,0,0,0,,,,,,,,
20,20003,5,0,0,0,,,,,,,,
20,20003,6,NA,NA,NA,,,,,,,,
20,20003,7,0,0,0,,,,,,,,
20,20003,8,0,0,0,,,,,,,,
20,20003,9,0,0,0,,,,,,,,
20,20004,1,7,6,1,,,,,,,,
20,20004,2,0,0,0,,,,,,,,
20,20004,3,0,0,0,,,,,,,,
20,20004,4,0,0,0,,,,,,,,
20,20004,5,0,0,0,,,,,,,,
20,20004,6,NA,NA,NA,,,,,,,,
20,20004,7,1,1,0,,,,,,,,
20,20004,8,0,0,0,,,,,,,,
20,20004,9,0,0,0,,,,,,,,
20,20005,1,25,18,7,,,,,,,,
20,20005,2,0,0,0,,,,,,,,
20,20005,3,0,0,0,,,,,,,,
20,20005,4,0,0,0,,,,,,,,
20,20005,5,0,0,0,,,,,,,,
20,20005,6,NA,NA,NA,,,,,,,,
20,20005,7,3,3,0,,,,,,,,
20,20005,8,1,0,1,,,,,,,,
20,20005,9,0,0,0,,,,,,,,
20,20006,1,18,11,7,,,,,,,,
20,20006,2,0,0,0,,,,,,,,
20,20006,3,0,0,0,,,,,,,,
20,20006,4,0,0,0,,,,,,,,
20,20006,5,0,0,0,,,,,,,,
20,20006,6,NA,NA,NA,,,,,,,,
20,20006,7,4,4,0,,,,,,,,
20,20006,8,0,0,0,,,,,,,,
20,20006,9,0,0,0,,,,,,,,
20,20007,1,8,8,0,,,,,,,,
20,20007,2,0,0,0,,,,,,,,
20,20007,3,0,0,0,,,,,,,,
20,20007,4,0,0,0,,,,,,,,
20,20007,5,0,0,0,,,,,,,,
20,20007,6,NA,NA,NA,,,,,,,,
20,20007,7,2,2,0,,,,,,,,
20,20007,8,0,0,0,,,,,,,,
20,20007,9,0,0,0,,,,,,,,
20,20008,1,6,6,0,,,,,,,,
20,20008,2,0,0,0,,,,,,,,
20,20008,3,0,0,0,,,,,,,,
20,20008,4,0,0,0,,,,,,,,
20,20008,5,0,0,0,,,,,,,,
20,20008,6,NA,NA,NA,,,,,,,,
20,20008,7,1,1,0,,,,,,,,
20,20008,8,0,0,0,,,,,,,,
20,20008,9,0,0,0,,,,,,,,
20,20009,1,6,5,1,,,,,,,,
20,20009,2,0,0,0,,,,,,,,
20,20009,3,0,0,0,,,,,,,,
20,20009,4,0,0,0,,,,,,,,
20,20009,5,0,0,0,,,,,,,,
20,20009,6,NA,NA,NA,,,,,,,,
20,20009,7,3,2,1,,,,,,,,
20,20009,8,0,0,0,,,,,,,,
20,20009,9,0,0,0,,,,,,,,
20,20010,1,14,13,1,,,,,,,,
20,20010,2,0,0,0,,,,,,,,
20,20010,3,0,0,0,,,,,,,,
20,20010,4,0,0,0,,,,,,,,
20,20010,5,0,0,0,,,,,,,,
20,20010,6,NA,NA,NA,,,,,,,,
20,20010,7,3,3,0,,,,,,,,
20,20010,8,1,0,1,,,,,,,,
20,20010,9,0,0,0,,,,,,,,
20,20011,1,7,7,0,,,,,,,,
20,20011,2,0,0,0,,,,,,,,
20,20011,3,0,0,0,,,,,,,,
20,20011,4,0,0,0,,,,,,,,
20,20011,5,0,0,0,,,,,,,,
20,20011,6,NA,NA,NA,,,,,,,,
20,20011,7,1,1,0,,,,,,,,
20,20011,8,0,0,0,,,,,,,,
20,20011,9,0,0,0,,,,,,,,
20,20012,1,19,17,2,,,,,,,,
20,20012,2,0,0,0,,,,,,,,
20,20012,3,0,0,0,,,,,,,,
20,20012,4,0,0,0,,,,,,,,
20,20012,5,0,0,0,,,,,,,,
20,20012,6,NA,NA,NA,,,,,,,,
20,20012,7,0,0,0,,,,,,,,
20,20012,8,0,0,0,,,,,,,,
20,20012,9,0,0,0,,,,,,,,
20,20013,1,8,8,0,,,,,,,,
20,20013,2,0,0,0,,,,,,,,
20,20013,3,0,0,0,,,,,,,,
20,20013,4,0,0,0,,,,,,,,
20,20013,5,0,0,0,,,,,,,,
20,20013,6,NA,NA,NA,,,,,,,,
20,20013,7,3,3,0,,,,,,,,
20,20013,8,0,0,0,,,,,,,,
20,20013,9,0,0,0,,,,,,,,
20,20014,1,56,46,10,,,,,,,,
20,20014,2,0,0,0,,,,,,,,
20,20014,3,0,0,0,,,,,,,,
20,20014,4,0,0,0,,,,,,,,
20,20014,5,0,0,0,,,,,,,,
20,20014,6,NA,NA,NA,,,,,,,,
20,20014,7,3,3,0,,,,,,,,
20,20014,8,0,0,0,,,,,,,,
20,20014,9,0,0,0,,,,,,,,
20,20015,1,6,6,0,,,,,,,,
20,20015,2,0,0,0,,,,,,,,
20,20015,3,0,0,0,,,,,,,,
20,20015,4,0,0,0,,,,,,,,
20,20015,5,0,0,0,,,,,,,,
20,20015,6,NA,NA,NA,,,,,,,,
20,20015,7,1,1,0,,,,,,,,
20,20015,8,0,0,0,,,,,,,,
20,20015,9,0,0,0,,,,,,,,
20,20016,1,12,12,0,,,,,,,,
20,20016,2,0,0,0,,,,,,,,
20,20016,3,0,0,0,,,,,,,,
20,20016,4,0,0,0,,,,,,,,
20,20016,5,0,0,0,,,,,,,,
20,20016,6,NA,NA,NA,,,,,,,,
20,20016,7,2,2,0,,,,,,,,
20,20016,8,3,3,0,,,,,,,,
20,20016,9,0,0,0,,,,,,,,
20,20017,1,8,8,0,,,,,,,,
20,20017,2,0,0,0,,,,,,,,
20,20017,3,0,0,0,,,,,,,,
20,20017,4,0,0,0,,,,,,,,
20,20017,5,0,0,0,,,,,,,,
20,20017,6,NA,NA,NA,,,,,,,,
20,20017,7,2,2,0,,,,,,,,
20,20017,8,0,0,0,,,,,,,,
20,20017,9,0,0,0,,,,,,,,
20,20018,1,4,4,0,,,,,,,,
20,20018,2,0,0,0,,,,,,,,
20,20018,3,0,0,0,,,,,,,,
20,20018,4,0,0,0,,,,,,,,
20,20018,5,0,0,0,,,,,,,,
20,20018,6,NA,NA,NA,,,,,,,,
20,20018,7,1,0,1,,,,,,,,
20,20018,8,0,0,0,,,,,,,,
20,20018,9,0,0,0,,,,,,,,
20,20019,1,5,5,0,,,,,,,,
20,20019,2,0,0,0,,,,,,,,
20,20019,3,0,0,0,,,,,,,,
20,20019,4,0,0,0,,,,,,,,
20,20019,5,0,0,0,,,,,,,,
20,20019,6,NA,NA,NA,,,,,,,,
20,20019,7,1,1,0,,,,,,,,
20,20019,8,0,0,0,,,,,,,,
20,20019,9,0,0,0,,,,,,,,
20,20020,1,16,14,2,,,,,,,,
20,20020,2,0,0,0,,,,,,,,
20,20020,3,0,0,0,,,,,,,,
20,20020,4,0,0,0,,,,,,,,
20,20020,5,0,0,0,,,,,,,,
20,20020,6,NA,NA,NA,,,,,,,,
20,20020,7,2,2,0,,,,,,,,
20,20020,8,0,0,0,,,,,,,,
20,20020,9,0,0,0,,,,,,,,
20,20021,1,13,11,2,,,,,,,,
20,20021,2,0,0,0,,,,,,,,
20,20021,3,0,0,0,,,,,,,,
20,20021,4,0,0,0,,,,,,,,
20,20021,5,0,0,0,,,,,,,,
20,20021,6,NA,NA,NA,,,,,,,,
20,20021,7,3,3,0,,,,,,,,
20,20021,8,4,0,4,,,,,,,,
20,20021,9,0,0,0,,,,,,,,
20,20022,1,20,16,4,,,,,,,,
20,20022,2,0,0,0,,,,,,,,
20,20022,3,0,0,0,,,,,,,,
20,20022,4,0,0,0,,,,,,,,
20,20022,5,0,0,0,,,,,,,,
20,20022,6,NA,NA,NA,,,,,,,,
20,20022,7,1,1,0,,,,,,,,
20,20022,8,0,0,0,,,,,,,,
20,20022,9,0,0,0,,,,,,,,
20,20023,1,50,25,25,,,,,,,,
20,20023,2,9,5,4,,,,,,,,
20,20023,3,0,0,0,,,,,,,,
20,20023,4,0,0,0,,,,,,,,
20,20023,5,0,0,0,,,,,,,,
20,20023,6,NA,NA,NA,,,,,,,,
20,20023,7,2,2,0,,,,,,,,
20,20023,8,1,1,0,,,,,,,,
20,20023,9,1,0,1,,,,,,,,
20,20024,1,0,0,0,,,,,,,,
20,20024,2,0,0,0,,,,,,,,
20,20024,3,0,0,0,,,,,,,,
20,20024,4,0,0,0,,,,,,,,
20,20024,5,9,9,0,,,,,,,,
20,20024,6,0,0,0,,,,,,,,
20,20024,7,0,0,0,,,,,,,,
20,20024,8,0,0,0,,,,,,,,
20,20024,9,0,0,0,,,,,,,,
20,20025,1,10,9,1,,,,,,,,
20,20025,2,0,0,0,,,,,,,,
20,20025,3,0,0,0,,,,,,,,
20,20025,4,0,0,0,,,,,,,,
20,20025,5,0,0,0,,,,,,,,
20,20025,6,NA,NA,NA,,,,,,,,
20,20025,7,3,3,0,,,,,,,,
20,20025,8,0,0,0,,,,,,,,
20,20025,9,0,0,0,,,,,,,,
20,20026,1,16,12,4,,,,,,,,
20,20026,2,0,0,0,,,,,,,,
20,20026,3,0,0,0,,,,,,,,
20,20026,4,0,0,0,,,,,,,,
20,20026,5,0,0,0,,,,,,,,
20,20026,6,NA,NA,NA,,,,,,,,
20,20026,7,2,1,1,,,,,,,,
20,20026,8,0,0,0,,,,,,,,
20,20026,9,0,0,0,,,,,,,,
20,20027,1,15,15,0,,,,,,,,
20,20027,2,0,0,0,,,,,,,,
20,20027,3,0,0,0,,,,,,,,
20,20027,4,0,0,0,,,,,,,,
20,20027,5,0,0,0,,,,,,,,
20,20027,6,0,0,0,,,,,,,,
20,20027,7,0,0,0,,,,,,,,
20,20027,8,0,0,0,,,,,,,,
20,20027,9,0,0,0,,,,,,,,
20,20028,1,30,24,6,,,,,,,,
20,20028,2,0,0,0,,,,,,,,
20,20028,3,0,0,0,,,,,,,,
20,20028,4,0,0,0,,,,,,,,
20,20028,5,0,0,0,,,,,,,,
20,20028,6,NA,NA,NA,,,,,,,,
20,20028,7,1,1,0,,,,,,,,
20,20028,8,0,0,0,,,,,,,,
20,20028,9,0,0,0,,,,,,,,
20,20029,1,18,18,0,,,,,,,,
20,20029,2,0,0,0,,,,,,,,
20,20029,3,0,0,0,,,,,,,,
20,20029,4,0,0,0,,,,,,,,
20,20029,5,0,0,0,,,,,,,,
20,20029,6,NA,NA,NA,,,,,,,,
20,20029,7,0,0,0,,,,,,,,
20,20029,8,0,0,0,,,,,,,,
20,20029,9,0,0,0,,,,,,,,
20,20030,1,32,30,2,,,,,,,,
20,20030,2,2,1,1,,,,,,,,
20,20030,3,0,0,0,,,,,,,,
20,20030,4,0,0,0,,,,,,,,
20,20030,5,0,0,0,,,,,,,,
20,20030,6,NA,NA,NA,,,,,,,,
20,20030,7,1,1,0,,,,,,,,
20,20030,8,0,0,0,,,,,,,,
20,20030,9,0,0,0,,,,,,,,
20,20031,1,28,28,0,,,,,,,,
20,20031,2,0,0,0,,,,,,,,
20,20031,3,0,0,0,,,,,,,,
20,20031,4,0,0,0,,,,,,,,
20,20031,5,0,0,0,,,,,,,,
20,20031,6,NA,NA,NA,,,,,,,,
20,20031,7,0,0,0,,,,,,,,
20,20031,8,0,0,0,,,,,,,,
20,20031,9,0,0,0,,,,,,,,
20,20032,1,10,9,1,,,,,,,,
20,20032,2,0,0,0,,,,,,,,
20,20032,3,0,0,0,,,,,,,,
20,20032,4,0,0,0,,,,,,,,
20,20032,5,0,0,0,,,,,,,,
20,20032,6,NA,NA,NA,,,,,,,,
20,20032,7,1,1,0,,,,,,,,
20,20032,8,0,0,0,,,,,,,,
20,20032,9,0,0,0,,,,,,,,
20,20033,1,206,204,2,,,,,,,,
20,20033,2,0,0,0,,,,,,,,
20,20033,3,0,0,0,,,,,,,,
20,20033,4,0,0,0,,,,,,,,
20,20033,5,0,0,0,,,,,,,,
20,20033,6,NA,NA,NA,,,,,,,,
20,20033,7,1,1,0,,,,,,,,
20,20033,8,0,0,0,,,,,,,,
20,20033,9,0,0,0,,,,,,,,
20,20034,1,6,6,0,,,,,,,,
20,20034,2,0,0,0,,,,,,,,
20,20034,3,0,0,0,,,,,,,,
20,20034,4,0,0,0,,,,,,,,
20,20034,5,0,0,0,,,,,,,,
20,20034,6,NA,NA,NA,,,,,,,,
20,20034,7,1,0,1,,,,,,,,
20,20034,8,0,0,0,,,,,,,,
20,20034,9,0,0,0,,,,,,,,
20,20035,1,15,11,4,,,,,,,,
20,20035,2,0,0,0,,,,,,,,
20,20035,3,0,0,0,,,,,,,,
20,20035,4,0,0,0,,,,,,,,
20,20035,5,0,0,0,,,,,,,,
20,20035,6,NA,NA,NA,,,,,,,,
20,20035,7,4,4,0,,,,,,,,
20,20035,8,0,0,0,,,,,,,,
20,20035,9,0,0,0,,,,,,,,
20,20036,1,6,6,0,,,,,,,,
20,20036,2,0,0,0,,,,,,,,
20,20036,3,0,0,0,,,,,,,,
20,20036,4,0,0,0,,,,,,,,
20,20036,5,0,0,0,,,,,,,,
20,20036,6,NA,NA,NA,,,,,,,,
20,20036,7,1,1,0,,,,,,,,
20,20036,8,0,0,0,,,,,,,,
20,20036,9,0,0,0,,,,,,,,
20,20037,1,8,7,1,,,,,,,,
20,20037,2,0,0,0,,,,,,,,
20,20037,3,0,0,0,,,,,,,,
20,20037,4,0,0,0,,,,,,,,
20,20037,5,0,0,0,,,,,,,,
20,20037,6,NA,NA,NA,,,,,,,,
20,20037,7,1,1,0,,,,,,,,
20,20037,8,0,0,0,,,,,,,,
20,20037,9,0,0,0,,,,,,,,
20,20038,1,10,10,0,,,,,,,,
20,20038,2,0,0,0,,,,,,,,
20,20038,3,0,0,0,,,,,,,,
20,20038,4,0,0,0,,,,,,,,
20,20038,5,0,0,0,,,,,,,,
20,20038,6,NA,NA,NA,,,,,,,,
20,20038,7,2,2,0,,,,,,,,
20,20038,8,0,0,0,,,,,,,,
20,20038,9,0,0,0,,,,,,,,
20,20039,1,162,131,31,,,,,,,,
20,20039,2,32,19,13,,,,,,,,
20,20039,3,0,0,0,,,,,,,,
20,20039,4,0,0,0,,,,,,,,
20,20039,5,0,0,0,,,,,,,,
20,20039,6,NA,NA,NA,,,,,,,,
20,20039,7,2,2,0,,,,,,,,
20,20039,8,2,1,1,,,,,,,,
20,20039,9,0,0,0,,,,,,,,
20,20040,1,18,18,0,,,,,,,,
20,20040,2,0,0,0,,,,,,,,
20,20040,3,0,0,0,,,,,,,,
20,20040,4,0,0,0,,,,,,,,
20,20040,5,0,0,0,,,,,,,,
20,20040,6,NA,NA,NA,,,,,,,,
20,20040,7,0,0,0,,,,,,,,
20,20040,8,0,0,0,,,,,,,,
20,20040,9,0,0,0,,,,,,,,
20,20041,1,61,55,6,,,,,,,,
20,20041,2,20,16,4,,,,,,,,
20,20041,3,0,0,0,,,,,,,,
20,20041,4,0,0,0,,,,,,,,
20,20041,5,0,0,0,,,,,,,,
20,20041,6,NA,NA,NA,,,,,,,,
20,20041,7,0,0,0,,,,,,,,
20,20041,8,0,0,0,,,,,,,,
20,20041,9,0,0,0,,,,,,,,
20,20042,1,14,10,4,,,,,,,,
20,20042,2,0,0,0,,,,,,,,
20,20042,3,0,0,0,,,,,,,,
20,20042,4,0,0,0,,,,,,,,
20,20042,5,0,0,0,,,,,,,,
20,20042,6,NA,NA,NA,,,,,,,,
20,20042,7,3,3,0,,,,,,,,
20,20042,8,1,1,0,,,,,,,,
20,20042,9,0,0,0,,,,,,,,
20,20043,1,226,213,13,,,,,,,,
20,20043,2,16,15,1,,,,,,,,
20,20043,3,0,0,0,,,,,,,,
20,20043,4,0,0,0,,,,,,,,
20,20043,5,0,0,0,,,,,,,,
20,20043,6,NA,NA,NA,,,,,,,,
20,20043,7,7,7,0,,,,,,,,
20,20043,8,4,2,2,,,,,,,,
20,20043,9,0,0,0,,,,,,,,
20,20044,1,53,48,5,,,,,,,,
20,20044,2,0,0,0,,,,,,,,
20,20044,3,0,0,0,,,,,,,,
20,20044,4,0,0,0,,,,,,,,
20,20044,5,0,0,0,,,,,,,,
20,20044,6,NA,NA,NA,,,,,,,,
20,20044,7,1,1,0,,,,,,,,
20,20044,8,1,0,1,,,,,,,,
20,20044,9,0,0,0,,,,,,,,
20,20045,1,16,12,4,,,,,,,,
20,20045,2,0,0,0,,,,,,,,
20,20045,3,0,0,0,,,,,,,,
20,20045,4,0,0,0,,,,,,,,
20,20045,5,0,0,0,,,,,,,,
20,20045,6,NA,NA,NA,,,,,,,,
20,20045,7,4,4,0,,,,,,,,
20,20045,8,0,0,0,,,,,,,,
20,20045,9,0,0,0,,,,,,,,
20,20046,1,10,10,0,,,,,,,,
20,20046,2,0,0,0,,,,,,,,
20,20046,3,0,0,0,,,,,,,,
20,20046,4,0,0,0,,,,,,,,
20,20046,5,0,0,0,,,,,,,,
20,20046,6,NA,NA,NA,,,,,,,,
20,20046,7,2,2,0,,,,,,,,
20,20046,8,0,0,0,,,,,,,,
20,20046,9,0,0,0,,,,,,,,
20,20047,1,7,6,1,,,,,,,,
20,20047,2,0,0,0,,,,,,,,
20,20047,3,0,0,0,,,,,,,,
20,20047,4,0,0,0,,,,,,,,
20,20047,5,0,0,0,,,,,,,,
20,20047,6,NA,NA,NA,,,,,,,,
20,20047,7,1,1,0,,,,,,,,
20,20047,8,0,0,0,,,,,,,,
20,20047,9,0,0,0,,,,,,,,
20,20048,1,14,13,1,,,,,,,,
20,20048,2,0,0,0,,,,,,,,
20,20048,3,0,0,0,,,,,,,,
20,20048,4,0,0,0,,,,,,,,
20,20048,5,0,0,0,,,,,,,,
20,20048,6,NA,NA,NA,,,,,,,,
20,20048,7,0,0,0,,,,,,,,
20,20048,8,0,0,0,,,,,,,,
20,20048,9,0,0,0,,,,,,,,
20,20049,1,18,18,0,,,,,,,,
20,20049,2,0,0,0,,,,,,,,
20,20049,3,0,0,0,,,,,,,,
20,20049,4,0,0,0,,,,,,,,
20,20049,5,0,0,0,,,,,,,,
20,20049,6,NA,NA,NA,,,,,,,,
20,20049,7,2,2,0,,,,,,,,
20,20049,8,0,0,0,,,,,,,,
20,20049,9,0,0,0,,,,,,,,
20,20050,1,7,6,1,,,,,,,,
20,20050,2,0,0,0,,,,,,,,
20,20050,3,0,0,0,,,,,,,,
20,20050,4,0,0,0,,,,,,,,
20,20050,5,0,0,0,,,,,,,,
20,20050,6,NA,NA,NA,,,,,,,,
20,20050,7,1,1,0,,,,,,,,
20,20050,8,0,0,0,,,,,,,,
20,20050,9,0,0,0,,,,,,,,
20,20051,1,36,36,0,,,,,,,,
20,20051,2,0,0,0,,,,,,,,
20,20051,3,0,0,0,,,,,,,,
20,20051,4,0,0,0,,,,,,,,
20,20051,5,0,0,0,,,,,,,,
20,20051,6,NA,NA,NA,,,,,,,,
20,20051,7,0,0,0,,,,,,,,
20,20051,8,0,0,0,,,,,,,,
20,20051,9,0,0,0,,,,,,,,
20,20052,1,17,16,1,,,,,,,,
20,20052,2,0,0,0,,,,,,,,
20,20052,3,0,0,0,,,,,,,,
20,20052,4,0,0,0,,,,,,,,
20,20052,5,0,0,0,,,,,,,,
20,20052,6,NA,NA,NA,,,,,,,,
20,20052,7,1,1,0,,,,,,,,
20,20052,8,0,0,0,,,,,,,,
20,20052,9,0,0,0,,,,,,,,
20,20053,1,10,10,0,,,,,,,,
20,20053,2,0,0,0,,,,,,,,
20,20053,3,0,0,0,,,,,,,,
20,20053,4,0,0,0,,,,,,,,
20,20053,5,0,0,0,,,,,,,,
20,20053,6,NA,NA,NA,,,,,,,,
20,20053,7,2,2,0,,,,,,,,
20,20053,8,0,0,0,,,,,,,,
20,20053,9,0,0,0,,,,,,,,
20,20054,1,6,2,4,,,,,,,,
20,20054,2,0,0,0,,,,,,,,
20,20054,3,0,0,0,,,,,,,,
20,20054,4,0,0,0,,,,,,,,
20,20054,5,0,0,0,,,,,,,,
20,20054,6,NA,NA,NA,,,,,,,,
20,20054,7,1,1,0,,,,,,,,
20,20054,8,0,0,0,,,,,,,,
20,20054,9,0,0,0,,,,,,,,
20,20055,1,9,9,0,,,,,,,,
20,20055,2,0,0,0,,,,,,,,
20,20055,3,0,0,0,,,,,,,,
20,20055,4,0,0,0,,,,,,,,
20,20055,5,0,0,0,,,,,,,,
20,20055,6,NA,NA,NA,,,,,,,,
20,20055,7,1,0,1,,,,,,,,
20,20055,8,0,0,0,,,,,,,,
20,20055,9,0,0,0,,,,,,,,
20,20056,1,10,10,0,,,,,,,,
20,20056,2,0,0,0,,,,,,,,
20,20056,3,0,0,0,,,,,,,,
20,20056,4,0,0,0,,,,,,,,
20,20056,5,0,0,0,,,,,,,,
20,20056,6,NA,NA,NA,,,,,,,,
20,20056,7,2,2,0,,,,,,,,
20,20056,8,0,0,0,,,,,,,,
20,20056,9,0,0,0,,,,,,,,
20,20057,1,82,77,5,,,,,,,,
20,20057,2,17,10,7,,,,,,,,
20,20057,3,0,0,0,,,,,,,,
20,20057,4,0,0,0,,,,,,,,
20,20057,5,0,0,0,,,,,,,,
20,20057,6,NA,NA,NA,,,,,,,,
20,20057,7,5,5,0,,,,,,,,
20,20057,8,2,1,1,,,,,,,,
20,20057,9,0,0,0,,,,,,,,
20,20058,1,22,20,2,,,,,,,,
20,20058,2,0,0,0,,,,,,,,
20,20058,3,0,0,0,,,,,,,,
20,20058,4,0,0,0,,,,,,,,
20,20058,5,0,0,0,,,,,,,,
20,20058,6,NA,NA,NA,,,,,,,,
20,20058,7,2,2,0,,,,,,,,
20,20058,8,0,0,0,,,,,,,,
20,20058,9,0,0,0,,,,,,,,
20,20059,1,44,36,8,,,,,,,,
20,20059,2,0,0,0,,,,,,,,
20,20059,3,0,0,0,,,,,,,,
20,20059,4,0,0,0,,,,,,,,
20,20059,5,0,0,0,,,,,,,,
20,20059,6,NA,NA,NA,,,,,,,,
20,20059,7,14,11,3,,,,,,,,
20,20059,8,0,0,0,,,,,,,,
20,20059,9,0,0,0,,,,,,,,
20,20060,1,15,15,0,,,,,,,,
20,20060,2,0,0,0,,,,,,,,
20,20060,3,0,0,0,,,,,,,,
20,20060,4,0,0,0,,,,,,,,
20,20060,5,0,0,0,,,,,,,,
20,20060,6,NA,NA,NA,,,,,,,,
20,20060,7,0,0,0,,,,,,,,
20,20060,8,0,0,0,,,,,,,,
20,20060,9,0,0,0,,,,,,,,
20,20061,1,0,0,0,,,,,,,,
20,20061,2,0,0,0,,,,,,,,
20,20061,3,0,0,0,,,,,,,,
20,20061,4,0,0,0,,,,,,,,
20,20061,5,0,0,0,,,,,,,,
20,20061,6,NA,NA,NA,,,,,,,,
20,20061,7,0,0,0,,,,,,,,
20,20061,8,0,0,0,,,,,,,,
20,20061,9,0,0,0,,,,,,,,
20,20062,1,9,7,2,,,,,,,,
20,20062,2,0,0,0,,,,,,,,
20,20062,3,0,0,0,,,,,,,,
20,20062,4,0,0,0,,,,,,,,
20,20062,5,0,0,0,,,,,,,,
20,20062,6,NA,NA,NA,,,,,,,,
20,20062,7,3,3,0,,,,,,,,
20,20062,8,0,0,0,,,,,,,,
20,20062,9,0,0,0,,,,,,,,
20,20063,1,14,10,4,,,,,,,,
20,20063,2,0,0,0,,,,,,,,
20,20063,3,0,0,0,,,,,,,,
20,20063,4,0,0,0,,,,,,,,
20,20063,5,0,0,0,,,,,,,,
20,20063,6,NA,NA,NA,,,,,,,,
20,20063,7,2,2,0,,,,,,,,
20,20063,8,0,0,0,,,,,,,,
20,20063,9,0,0,0,,,,,,,,
20,20064,1,14,14,0,,,,,,,,
20,20064,2,0,0,0,,,,,,,,
20,20064,3,0,0,0,,,,,,,,
20,20064,4,0,0,0,,,,,,,,
20,20064,5,0,0,0,,,,,,,,
20,20064,6,NA,NA,NA,,,,,,,,
20,20064,7,3,3,0,,,,,,,,
20,20064,8,0,0,0,,,,,,,,
20,20064,9,0,0,0,,,,,,,,
20,20065,1,10,10,0,,,,,,,,
20,20065,2,0,0,0,,,,,,,,
20,20065,3,0,0,0,,,,,,,,
20,20065,4,0,0,0,,,,,,,,
20,20065,5,0,0,0,,,,,,,,
20,20065,6,NA,NA,NA,,,,,,,,
20,20065,7,2,2,0,,,,,,,,
20,20065,8,0,0,0,,,,,,,,
20,20065,9,0,0,0,,,,,,,,
20,20066,1,12,11,1,,,,,,,,
20,20066,2,0,0,0,,,,,,,,
20,20066,3,0,0,0,,,,,,,,
20,20066,4,0,0,0,,,,,,,,
20,20066,5,0,0,0,,,,,,,,
20,20066,6,NA,NA,NA,,,,,,,,
20,20066,7,3,2,1,,,,,,,,
20,20066,8,1,0,1,,,,,,,,
20,20066,9,0,0,0,,,,,,,,
20,20067,1,681,573,108,,,,,,,,
20,20067,2,282,210,72,,,,,,,,
20,20067,3,0,0,0,,,,,,,,
20,20067,4,0,0,0,,,,,,,,
20,20067,5,0,0,0,,,,,,,,
20,20067,6,NA,NA,NA,,,,,,,,
20,20067,7,27,17,10,,,,,,,,
20,20067,8,138,55,83,,,,,,,,
20,20067,9,0,0,0,,,,,,,,
20,20068,1,40,30,10,,,,,,,,
20,20068,2,0,0,0,,,,,,,,
20,20068,3,0,0,0,,,,,,,,
20,20068,4,0,0,0,,,,,,,,
20,20068,5,0,0,0,,,,,,,,
20,20068,6,NA,NA,NA,,,,,,,,
20,20068,7,20,18,2,,,,,,,,
20,20068,8,0,0,0,,,,,,,,
20,20068,9,0,0,0,,,,,,,,
20,20069,1,13,13,0,,,,,,,,
20,20069,2,0,0,0,,,,,,,,
20,20069,3,0,0,0,,,,,,,,
20,20069,4,0,0,0,,,,,,,,
20,20069,5,0,0,0,,,,,,,,
20,20069,6,NA,NA,NA,,,,,,,,
20,20069,7,1,1,0,,,,,,,,
20,20069,8,0,0,0,,,,,,,,
20,20069,9,0,0,0,,,,,,,,
20,20070,1,23,21,2,,,,,,,,
20,20070,2,0,0,0,,,,,,,,
20,20070,3,0,0,0,,,,,,,,
20,20070,4,0,0,0,,,,,,,,
20,20070,5,0,0,0,,,,,,,,
20,20070,6,NA,NA,NA,,,,,,,,
20,20070,7,2,2,0,,,,,,,,
20,20070,8,0,0,0,,,,,,,,
20,20070,9,0,0,0,,,,,,,,
20,20071,1,12,12,0,,,,,,,,
20,20071,2,0,0,0,,,,,,,,
20,20071,3,0,0,0,,,,,,,,
20,20071,4,0,0,0,,,,,,,,
20,20071,5,0,0,0,,,,,,,,
20,20071,6,NA,NA,NA,,,,,,,,
20,20071,7,0,0,0,,,,,,,,
20,20071,8,0,0,0,,,,,,,,
20,20071,9,0,0,0,,,,,,,,
20,20072,1,16,9,7,,,,,,,,
20,20072,2,0,0,0,,,,,,,,
20,20072,3,0,0,0,,,,,,,,
20,20072,4,0,0,0,,,,,,,,
20,20072,5,0,0,0,,,,,,,,
20,20072,6,NA,NA,NA,,,,,,,,
20,20072,7,2,2,0,,,,,,,,
20,20072,8,0,0,0,,,,,,,,
20,20072,9,0,0,0,,,,,,,,
20,20073,1,30,28,2,,,,,,,,
20,20073,2,0,0,0,,,,,,,,
20,20073,3,0,0,0,,,,,,,,
20,20073,4,0,0,0,,,,,,,,
20,20073,5,0,0,0,,,,,,,,
20,20073,6,NA,NA,NA,,,,,,,,
20,20073,7,1,0,1,,,,,,,,
20,20073,8,0,0,0,,,,,,,,
20,20073,9,0,0,0,,,,,,,,
20,20074,1,13,13,0,,,,,,,,
20,20074,2,0,0,0,,,,,,,,
20,20074,3,0,0,0,,,,,,,,
20,20074,4,0,0,0,,,,,,,,
20,20074,5,0,0,0,,,,,,,,
20,20074,6,NA,NA,NA,,,,,,,,
20,20074,7,2,2,0,,,,,,,,
20,20074,8,0,0,0,,,,,,,,
20,20074,9,0,0,0,,,,,,,,
20,20075,1,6,6,0,,,,,,,,
20,20075,2,0,0,0,,,,,,,,
20,20075,3,0,0,0,,,,,,,,
20,20075,4,0,0,0,,,,,,,,
20,20075,5,0,0,0,,,,,,,,
20,20075,6,NA,NA,NA,,,,,,,,
20,20075,7,1,1,0,,,,,,,,
20,20075,8,0,0,0,,,,,,,,
20,20075,9,0,0,0,,,,,,,,
20,20076,1,8,8,0,,,,,,,,
20,20076,2,0,0,0,,,,,,,,
20,20076,3,0,0,0,,,,,,,,
20,20076,4,0,0,0,,,,,,,,
20,20076,5,0,0,0,,,,,,,,
20,20076,6,NA,NA,NA,,,,,,,,
20,20076,7,1,1,0,,,,,,,,
20,20076,8,0,0,0,,,,,,,,
20,20076,9,0,0,0,,,,,,,,
20,20077,1,22,22,0,,,,,,,,
20,20077,2,0,0,0,,,,,,,,
20,20077,3,0,0,0,,,,,,,,
20,20077,4,0,0,0,,,,,,,,
20,20077,5,0,0,0,,,,,,,,
20,20077,6,NA,NA,NA,,,,,,,,
20,20077,7,4,4,0,,,,,,,,
20,20077,8,0,0,0,,,,,,,,
20,20077,9,0,0,0,,,,,,,,
20,20078,1,56,56,0,,,,,,,,
20,20078,2,0,0,0,,,,,,,,
20,20078,3,0,0,0,,,,,,,,
20,20078,4,0,0,0,,,,,,,,
20,20078,5,0,0,0,,,,,,,,
20,20078,6,NA,NA,NA,,,,,,,,
20,20078,7,0,0,0,,,,,,,,
20,20078,8,0,0,0,,,,,,,,
20,20078,9,0,0,0,,,,,,,,
20,20079,1,200,155,45,,,,,,,,
20,20079,2,9,6,3,,,,,,,,
20,20079,3,0,0,0,,,,,,,,
20,20079,4,0,0,0,,,,,,,,
20,20079,5,0,0,0,,,,,,,,
20,20079,6,NA,NA,NA,,,,,,,,
20,20079,7,3,3,0,,,,,,,,
20,20079,8,5,2,3,,,,,,,,
20,20079,9,0,0,0,,,,,,,,
20,20080,1,4,4,0,,,,,,,,
20,20080,2,0,0,0,,,,,,,,
20,20080,3,0,0,0,,,,,,,,
20,20080,4,0,0,0,,,,,,,,
20,20080,5,0,0,0,,,,,,,,
20,20080,6,NA,NA,NA,,,,,,,,
20,20080,7,1,1,0,,,,,,,,
20,20080,8,0,0,0,,,,,,,,
20,20080,9,0,0,0,,,,,,,,
20,20081,1,10,9,1,,,,,,,,
20,20081,2,0,0,0,,,,,,,,
20,20081,3,0,0,0,,,,,,,,
20,20081,4,0,0,0,,,,,,,,
20,20081,5,0,0,0,,,,,,,,
20,20081,6,NA,NA,NA,,,,,,,,
20,20081,7,1,1,0,,,,,,,,
20,20081,8,0,0,0,,,,,,,,
20,20081,9,0,0,0,,,,,,,,
20,20082,1,11,11,0,,,,,,,,
20,20082,2,0,0,0,,,,,,,,
20,20082,3,0,0,0,,,,,,,,
20,20082,4,0,0,0,,,,,,,,
20,20082,5,0,0,0,,,,,,,,
20,20082,6,NA,NA,NA,,,,,,,,
20,20082,7,2,2,0,,,,,,,,
20,20082,8,0,0,0,,,,,,,,
20,20082,9,0,0,0,,,,,,,,
20,20083,1,36,26,10,,,,,,,,
20,20083,2,6,5,1,,,,,,,,
20,20083,3,0,0,0,,,,,,,,
20,20083,4,0,0,0,,,,,,,,
20,20083,5,0,0,0,,,,,,,,
20,20083,6,NA,NA,NA,,,,,,,,
20,20083,7,3,3,0,,,,,,,,
20,20083,8,4,1,3,,,,,,,,
20,20083,9,0,0,0,,,,,,,,
20,20084,1,25,12,13,,,,,,,,
20,20084,2,0,0,0,,,,,,,,
20,20084,3,0,0,0,,,,,,,,
20,20084,4,0,0,0,,,,,,,,
20,20084,5,0,0,0,,,,,,,,
20,20084,6,NA,NA,NA,,,,,,,,
20,20084,7,1,0,1,,,,,,,,
20,20084,8,0,0,0,,,,,,,,
20,20084,9,0,0,0,,,,,,,,
20,20085,1,19,19,0,,,,,,,,
20,20085,2,0,0,0,,,,,,,,
20,20085,3,0,0,0,,,,,,,,
20,20085,4,0,0,0,,,,,,,,
20,20085,5,0,0,0,,,,,,,,
20,20085,6,NA,NA,NA,,,,,,,,
20,20085,7,2,2,0,,,,,,,,
20,20085,8,0,0,0,,,,,,,,
20,20085,9,0,0,0,,,,,,,,
20,20086,1,8,8,0,,,,,,,,
20,20086,2,0,0,0,,,,,,,,
20,20086,3,0,0,0,,,,,,,,
20,20086,4,0,0,0,,,,,,,,
20,20086,5,0,0,0,,,,,,,,
20,20086,6,NA,NA,NA,,,,,,,,
20,20086,7,1,1,0,,,,,,,,
20,20086,8,0,0,0,,,,,,,,
20,20086,9,0,0,0,,,,,,,,
20,20087,1,85,85,0,,,,,,,,
20,20087,2,0,0,0,,,,,,,,
20,20087,3,0,0,0,,,,,,,,
20,20087,4,0,0,0,,,,,,,,
20,20087,5,0,0,0,,,,,,,,
20,20087,6,NA,NA,NA,,,,,,,,
20,20087,7,1,1,0,,,,,,,,
20,20087,8,0,0,0,,,,,,,,
20,20087,9,0,0,0,,,,,,,,
20,20088,1,8,8,0,,,,,,,,
20,20088,2,0,0,0,,,,,,,,
20,20088,3,0,0,0,,,,,,,,
20,20088,4,0,0,0,,,,,,,,
20,20088,5,0,0,0,,,,,,,,
20,20088,6,NA,NA,NA,,,,,,,,
20,20088,7,1,0,1,,,,,,,,
20,20088,8,0,0,0,,,,,,,,
20,20088,9,0,0,0,,,,,,,,
20,20089,1,12,10,2,,,,,,,,
20,20089,2,0,0,0,,,,,,,,
20,20089,3,0,0,0,,,,,,,,
20,20089,4,0,0,0,,,,,,,,
20,20089,5,0,0,0,,,,,,,,
20,20089,6,NA,NA,NA,,,,,,,,
20,20089,7,1,1,0,,,,,,,,
20,20089,8,0,0,0,,,,,,,,
20,20089,9,0,0,0,,,,,,,,
20,20090,1,10,9,1,,,,,,,,
20,20090,2,0,0,0,,,,,,,,
20,20090,3,0,0,0,,,,,,,,
20,20090,4,0,0,0,,,,,,,,
20,20090,5,0,0,0,,,,,,,,
20,20090,6,NA,NA,NA,,,,,,,,
20,20090,7,3,3,0,,,,,,,,
20,20090,8,0,0,0,,,,,,,,
20,20090,9,0,0,0,,,,,,,,
20,20091,1,10,8,2,,,,,,,,
20,20091,2,0,0,0,,,,,,,,
20,20091,3,0,0,0,,,,,,,,
20,20091,4,0,0,0,,,,,,,,
20,20091,5,0,0,0,,,,,,,,
20,20091,6,NA,NA,NA,,,,,,,,
20,20091,7,4,4,0,,,,,,,,
20,20091,8,0,0,0,,,,,,,,
20,20091,9,0,0,0,,,,,,,,
20,20092,1,59,58,1,,,,,,,,
20,20092,2,0,0,0,,,,,,,,
20,20092,3,0,0,0,,,,,,,,
20,20092,4,0,0,0,,,,,,,,
20,20092,5,0,0,0,,,,,,,,
20,20092,6,NA,NA,NA,,,,,,,,
20,20092,7,1,1,0,,,,,,,,
20,20092,8,0,0,0,,,,,,,,
20,20092,9,0,0,0,,,,,,,,
20,20093,1,12,12,0,,,,,,,,
20,20093,2,0,0,0,,,,,,,,
20,20093,3,0,0,0,,,,,,,,
20,20093,4,0,0,0,,,,,,,,
20,20093,5,0,0,0,,,,,,,,
20,20093,6,NA,NA,NA,,,,,,,,
20,20093,7,1,1,0,,,,,,,,
20,20093,8,0,0,0,,,,,,,,
20,20093,9,0,0,0,,,,,,,,
20,20094,1,36,36,0,,,,,,,,
20,20094,2,0,0,0,,,,,,,,
20,20094,3,0,0,0,,,,,,,,
20,20094,4,0,0,0,,,,,,,,
20,20094,5,0,0,0,,,,,,,,
20,20094,6,NA,NA,NA,,,,,,,,
20,20094,7,4,4,0,,,,,,,,
20,20094,8,0,0,0,,,,,,,,
20,20094,9,0,0,0,,,,,,,,
20,20095,1,13,9,4,,,,,,,,
20,20095,2,0,0,0,,,,,,,,
20,20095,3,0,0,0,,,,,,,,
20,20095,4,0,0,0,,,,,,,,
20,20095,5,0,0,0,,,,,,,,
20,20095,6,NA,NA,NA,,,,,,,,
20,20095,7,1,1,0,,,,,,,,
20,20095,8,0,0,0,,,,,,,,
20,20095,9,0,0,0,,,,,,,,
20,20096,1,8,8,0,,,,,,,,
20,20096,2,0,0,0,,,,,,,,
20,20096,3,0,0,0,,,,,,,,
20,20096,4,0,0,0,,,,,,,,
20,20096,5,0,0,0,,,,,,,,
20,20096,6,NA,NA,NA,,,,,,,,
20,20096,7,3,3,0,,,,,,,,
20,20096,8,0,0,0,,,,,,,,
20,20096,9,0,0,0,,,,,,,,
20,20097,1,8,8,0,,,,,,,,
20,20097,2,0,0,0,,,,,,,,
20,20097,3,0,0,0,,,,,,,,
20,20097,4,0,0,0,,,,,,,,
20,20097,5,0,0,0,,,,,,,,
20,20097,6,NA,NA,NA,,,,,,,,
20,20097,7,5,5,0,,,,,,,,
20,20097,8,0,0,0,,,,,,,,
20,20097,9,0,0,0,,,,,,,,
20,20098,1,18,17,1,,,,,,,,
20,20098,2,0,0,0,,,,,,,,
20,20098,3,0,0,0,,,,,,,,
20,20098,4,0,0,0,,,,,,,,
20,20098,5,0,0,0,,,,,,,,
20,20098,6,NA,NA,NA,,,,,,,,
20,20098,7,2,2,0,,,,,,,,
20,20098,8,0,0,0,,,,,,,,
20,20098,9,0,0,0,,,,,,,,
20,20099,1,10,10,0,,,,,,,,
20,20099,2,0,0,0,,,,,,,,
20,20099,3,0,0,0,,,,,,,,
20,20099,4,0,0,0,,,,,,,,
20,20099,5,0,0,0,,,,,,,,
20,20099,6,NA,NA,NA,,,,,,,,
20,20099,7,1,1,0,,,,,,,,
20,20099,8,0,0,0,,,,,,,,
20,20099,9,0,0,0,,,,,,,,
20,20100,1,6,6,0,,,,,,,,
20,20100,2,0,0,0,,,,,,,,
20,20100,3,0,0,0,,,,,,,,
20,20100,4,0,0,0,,,,,,,,
20,20100,5,0,0,0,,,,,,,,
20,20100,6,NA,NA,NA,,,,,,,,
20,20100,7,3,3,0,,,,,,,,
20,20100,8,0,0,0,,,,,,,,
20,20100,9,0,0,0,,,,,,,,
20,20101,1,2,2,0,,,,,,,,
20,20101,2,0,0,0,,,,,,,,
20,20101,3,0,0,0,,,,,,,,
20,20101,4,0,0,0,,,,,,,,
20,20101,5,0,0,0,,,,,,,,
20,20101,6,NA,NA,NA,,,,,,,,
20,20101,7,1,1,0,,,,,,,,
20,20101,8,0,0,0,,,,,,,,
20,20101,9,0,0,0,,,,,,,,
20,20102,1,22,21,1,,,,,,,,
20,20102,2,0,0,0,,,,,,,,
20,20102,3,0,0,0,,,,,,,,
20,20102,4,0,0,0,,,,,,,,
20,20102,5,0,0,0,,,,,,,,
20,20102,6,NA,NA,NA,,,,,,,,
20,20102,7,2,2,0,,,,,,,,
20,20102,8,0,0,0,,,,,,,,
20,20102,9,0,0,0,,,,,,,,
20,20103,1,22,20,2,,,,,,,,
20,20103,2,0,0,0,,,,,,,,
20,20103,3,0,0,0,,,,,,,,
20,20103,4,0,0,0,,,,,,,,
20,20103,5,0,0,0,,,,,,,,
20,20103,6,NA,NA,NA,,,,,,,,
20,20103,7,2,2,0,,,,,,,,
20,20103,8,1,0,1,,,,,,,,
20,20103,9,0,0,0,,,,,,,,
20,20104,1,50,50,0,,,,,,,,
20,20104,2,0,0,0,,,,,,,,
20,20104,3,0,0,0,,,,,,,,
20,20104,4,0,0,0,,,,,,,,
20,20104,5,0,0,0,,,,,,,,
20,20104,6,NA,NA,NA,,,,,,,,
20,20104,7,0,0,0,,,,,,,,
20,20104,8,0,0,0,,,,,,,,
20,20104,9,0,0,0,,,,,,,,
20,20105,1,12,12,0,,,,,,,,
20,20105,2,0,0,0,,,,,,,,
20,20105,3,0,0,0,,,,,,,,
20,20105,4,0,0,0,,,,,,,,
20,20105,5,0,0,0,,,,,,,,
20,20105,6,NA,NA,NA,,,,,,,,
20,20105,7,1,1,0,,,,,,,,
20,20105,8,0,0,0,,,,,,,,
20,20105,9,0,0,0,,,,,,,,
20,20106,1,4,4,0,,,,,,,,
20,20106,2,0,0,0,,,,,,,,
20,20106,3,0,0,0,,,,,,,,
20,20106,4,0,0,0,,,,,,,,
20,20106,5,0,0,0,,,,,,,,
20,20106,6,NA,NA,NA,,,,,,,,
20,20106,7,1,1,0,,,,,,,,
20,20106,8,0,0,0,,,,,,,,
20,20106,9,0,0,0,,,,,,,,
20,20107,1,NSS,NSS,NSS,,,,,,,,
20,20107,2,NSS,NSS,NSS,,,,,,,,
20,20107,3,NSS,NSS,NSS,,,,,,,,
20,20107,4,NSS,NSS,NSS,,,,,,,,
20,20107,5,NSS,NSS,NSS,,,,,,,,
20,20107,6,NA,NA,NA,,,,,,,,
20,20107,7,NSS,NSS,NSS,,,,,,,,
20,20107,8,NSS,NSS,NSS,,,,,,,,
20,20107,9,NSS,NSS,NSS,,,,,,,,
20,20108,1,42,42,0,,,,,,,,
20,20108,2,0,0,0,,,,,,,,
20,20108,3,0,0,0,,,,,,,,
20,20108,4,0,0,0,,,,,,,,
20,20108,5,0,0,0,,,,,,,,
20,20108,6,NA,NA,NA,,,,,,,,
20,20108,7,0,0,0,,,,,,,,
20,20108,8,0,0,0,,,,,,,,
20,20108,9,0,0,0,,,,,,,,
20,20109,1,10,9,1,,,,,,,,
20,20109,2,0,0,0,,,,,,,,
20,20109,3,0,0,0,,,,,,,,
20,20109,4,0,0,0,,,,,,,,
20,20109,5,0,0,0,,,,,,,,
20,20109,6,NA,NA,NA,,,,,,,,
20,20109,7,1,1,0,,,,,,,,
20,20109,8,0,0,0,,,,,,,,
20,20109,9,0,0,0,,,,,,,,
20,20110,1,6,5,1,,,,,,,,
20,20110,2,0,0,0,,,,,,,,
20,20110,3,0,0,0,,,,,,,,
20,20110,4,0,0,0,,,,,,,,
20,20110,5,0,0,0,,,,,,,,
20,20110,6,NA,NA,NA,,,,,,,,
20,20110,7,1,1,0,,,,,,,,
20,20110,8,0,0,0,,,,,,,,
20,20110,9,0,0,0,,,,,,,,
20,20111,1,16,16,0,,,,,,,,
20,20111,2,0,0,0,,,,,,,,
20,20111,3,0,0,0,,,,,,,,
20,20111,4,0,0,0,,,,,,,,
20,20111,5,0,0,0,,,,,,,,
20,20111,6,NA,NA,NA,,,,,,,,
20,20111,7,2,2,0,,,,,,,,
20,20111,8,0,0,0,,,,,,,,
20,20111,9,0,0,0,,,,,,,,
20,20112,1,12,12,0,,,,,,,,
20,20112,2,0,0,0,,,,,,,,
20,20112,3,0,0,0,,,,,,,,
20,20112,4,0,0,0,,,,,,,,
20,20112,5,0,0,0,,,,,,,,
20,20112,6,NA,NA,NA,,,,,,,,
20,20112,7,1,1,0,,,,,,,,
20,20112,8,0,0,0,,,,,,,,
20,20112,9,0,0,0,,,,,,,,
20,20113,1,24,24,0,,,,,,,,
20,20113,2,0,0,0,,,,,,,,
20,20113,3,0,0,0,,,,,,,,
20,20113,4,0,0,0,,,,,,,,
20,20113,5,0,0,0,,,,,,,,
20,20113,6,NA,NA,NA,,,,,,,,
20,20113,7,4,4,0,,,,,,,,
20,20113,8,0,0,0,,,,,,,,
20,20113,9,0,0,0,,,,,,,,
20,20114,1,13,13,0,,,,,,,,
20,20114,2,0,0,0,,,,,,,,
20,20114,3,0,0,0,,,,,,,,
20,20114,4,0,0,0,,,,,,,,
20,20114,5,0,0,0,,,,,,,,
20,20114,6,NA,NA,NA,,,,,,,,
20,20114,7,1,1,0,,,,,,,,
20,20114,8,0,0,0,,,,,,,,
20,20114,9,0,0,0,,,,,,,,
20,20115,1,15,11,4,,,,,,,,
20,20115,2,0,0,0,,,,,,,,
20,20115,3,0,0,0,,,,,,,,
20,20115,4,0,0,0,,,,,,,,
20,20115,5,0,0,0,,,,,,,,
20,20115,6,NA,NA,NA,,,,,,,,
20,20115,7,1,0,1,,,,,,,,
20,20115,8,1,0,1,,,,,,,,
20,20115,9,0,0,0,,,,,,,,
20,20116,1,13,13,0,,,,,,,,
20,20116,2,0,0,0,,,,,,,,
20,20116,3,0,0,0,,,,,,,,
20,20116,4,0,0,0,,,,,,,,
20,20116,5,0,0,0,,,,,,,,
20,20116,6,0,0,0,,,,,,,,
20,20116,7,0,0,0,,,,,,,,
20,20116,8,0,0,0,,,,,,,,
20,20116,9,0,0,0,,,,,,,,
20,20117,1,40,40,0,,,,,,,,
20,20117,2,0,0,0,,,,,,,,
20,20117,3,0,0,0,,,,,,,,
20,20117,4,0,0,0,,,,,,,,
20,20117,5,0,0,0,,,,,,,,
20,20117,6,NA,NA,NA,,,,,,,,
20,20117,7,1,1,0,,,,,,,,
20,20117,8,0,0,0,,,,,,,,
20,20117,9,0,0,0,,,,,,,,
20,20118,1,10,6,4,,,,,,,,
20,20118,2,0,0,0,,,,,,,,
20,20118,3,0,0,0,,,,,,,,
20,20118,4,0,0,0,,,,,,,,
20,20118,5,0,0,0,,,,,,,,
20,20118,6,NA,NA,NA,,,,,,,,
20,20118,7,2,2,0,,,,,,,,
20,20118,8,1,1,0,,,,,,,,
20,20118,9,0,0,0,,,,,,,,
20,20119,1,7,5,2,,,,,,,,
20,20119,2,0,0,0,,,,,,,,
20,20119,3,0,0,0,,,,,,,,
20,20119,4,0,0,0,,,,,,,,
20,20119,5,0,0,0,,,,,,,,
20,20119,6,NA,NA,NA,,,,,,,,
20,20119,7,1,1,0,,,,,,,,
20,20119,8,0,0,0,,,,,,,,
20,20119,9,0,0,0,,,,,,,,
20,20120,1,11,11,0,,,,,,,,
20,20120,2,0,0,0,,,,,,,,
20,20120,3,0,0,0,,,,,,,,
20,20120,4,0,0,0,,,,,,,,
20,20120,5,0,0,0,,,,,,,,
20,20120,6,NA,NA,NA,,,,,,,,
20,20120,7,3,3,0,,,,,,,,
20,20120,8,0,0,0,,,,,,,,
20,20120,9,0,0,0,,,,,,,,
20,20121,1,5,5,0,,,,,,,,
20,20121,2,0,0,0,,,,,,,,
20,20121,3,0,0,0,,,,,,,,
20,20121,4,0,0,0,,,,,,,,
20,20121,5,0,0,0,,,,,,,,
20,20121,6,NA,NA,NA,,,,,,,,
20,20121,7,0,0,0,,,,,,,,
20,20121,8,0,0,0,,,,,,,,
20,20121,9,0,0,0,,,,,,,,
20,20122,1,12,12,0,,,,,,,,
20,20122,2,0,0,0,,,,,,,,
20,20122,3,0,0,0,,,,,,,,
20,20122,4,0,0,0,,,,,,,,
20,20122,5,0,0,0,,,,,,,,
20,20122,6,NA,NA,NA,,,,,,,,
20,20122,7,1,1,0,,,,,,,,
20,20122,8,0,0,0,,,,,,,,
20,20122,9,0,0,0,,,,,,,,
20,20123,1,31,31,0,,,,,,,,
20,20123,2,0,0,0,,,,,,,,
20,20123,3,0,0,0,,,,,,,,
20,20123,4,0,0,0,,,,,,,,
20,20123,5,0,0,0,,,,,,,,
20,20123,6,NA,NA,NA,,,,,,,,
20,20123,7,0,0,0,,,,,,,,
20,20123,8,0,0,0,,,,,,,,
20,20123,9,0,0,0,,,,,,,,
20,20124,1,27,26,1,,,,,,,,
20,20124,2,5,4,1,,,,,,,,
20,20124,3,0,0,0,,,,,,,,
20,20124,4,0,0,0,,,,,,,,
20,20124,5,0,0,0,,,,,,,,
20,20124,6,NA,NA,NA,,,,,,,,
20,20124,7,3,2,1,,,,,,,,
20,20124,8,0,0,0,,,,,,,,
20,20124,9,0,0,0,,,,,,,,
20,20125,1,10,9,1,,,,,,,,
20,20125,2,0,0,0,,,,,,,,
20,20125,3,0,0,0,,,,,,,,
20,20125,4,0,0,0,,,,,,,,
20,20125,5,0,0,0,,,,,,,,
20,20125,6,NA,NA,NA,,,,,,,,
20,20125,7,1,1,0,,,,,,,,
20,20125,8,0,0,0,,,,,,,,
20,20125,9,0,0,0,,,,,,,,
20,20126,1,20,20,0,,,,,,,,
20,20126,2,0,0,0,,,,,,,,
20,20126,3,0,0,0,,,,,,,,
20,20126,4,0,0,0,,,,,,,,
20,20126,5,0,0,0,,,,,,,,
20,20126,6,NA,NA,NA,,,,,,,,
20,20126,7,2,2,0,,,,,,,,
20,20126,8,0,0,0,,,,,,,,
20,20126,9,0,0,0,,,,,,,,
20,20127,1,3,3,0,,,,,,,,
20,20127,2,0,0,0,,,,,,,,
20,20127,3,0,0,0,,,,,,,,
20,20127,4,0,0,0,,,,,,,,
20,20127,5,0,0,0,,,,,,,,
20,20127,6,0,0,0,,,,,,,,
20,20127,7,1,1,0,,,,,,,,
20,20127,8,0,0,0,,,,,,,,
20,20127,9,0,0,0,,,,,,,,
20,20128,1,16,16,0,,,,,,,,
20,20128,2,0,0,0,,,,,,,,
20,20128,3,0,0,0,,,,,,,,
20,20128,4,0,0,0,,,,,,,,
20,20128,5,0,0,0,,,,,,,,
20,20128,6,NA,NA,NA,,,,,,,,
20,20128,7,3,3,0,,,,,,,,
20,20128,8,0,0,0,,,,,,,,
20,20128,9,0,0,0,,,,,,,,
20,20129,1,5,5,0,,,,,,,,
20,20129,2,0,0,0,,,,,,,,
20,20129,3,0,0,0,,,,,,,,
20,20129,4,0,0,0,,,,,,,,
20,20129,5,0,0,0,,,,,,,,
20,20129,6,NA,NA,NA,,,,,,,,
20,20129,7,1,1,0,,,,,,,,
20,20129,8,0,0,0,,,,,,,,
20,20129,9,0,0,0,,,,,,,,
20,20130,1,20,19,1,,,,,,,,
20,20130,2,4,2,2,,,,,,,,
20,20130,3,0,0,0,,,,,,,,
20,20130,4,0,0,0,,,,,,,,
20,20130,5,0,0,0,,,,,,,,
20,20130,6,NA,NA,NA,,,,,,,,
20,20130,7,3,3,0,,,,,,,,
20,20130,8,0,0,0,,,,,,,,
20,20130,9,0,0,0,,,,,,,,
20,20131,1,14,14,0,,,,,,,,
20,20131,2,0,0,0,,,,,,,,
20,20131,3,0,0,0,,,,,,,,
20,20131,4,0,0,0,,,,,,,,
20,20131,5,0,0,0,,,,,,,,
20,20131,6,NA,NA,NA,,,,,,,,
20,20131,7,2,2,0,,,,,,,,
20,20131,8,0,0,0,,,,,,,,
20,20131,9,0,0,0,,,,,,,,
20,20132,1,6,4,2,,,,,,,,
20,20132,2,0,0,0,,,,,,,,
20,20132,3,0,0,0,,,,,,,,
20,20132,4,0,0,0,,,,,,,,
20,20132,5,0,0,0,,,,,,,,
20,20132,6,NA,NA,NA,,,,,,,,
20,20132,7,2,2,0,,,,,,,,
20,20132,8,0,0,0,,,,,,,,
20,20132,9,0,0,0,,,,,,,,
20,20133,1,12,12,0,,,,,,,,
20,20133,2,0,0,0,,,,,,,,
20,20133,3,0,0,0,,,,,,,,
20,20133,4,0,0,0,,,,,,,,
20,20133,5,0,0,0,,,,,,,,
20,20133,6,NA,NA,NA,,,,,,,,
20,20133,7,1,0,1,,,,,,,,
20,20133,8,0,0,0,,,,,,,,
20,20133,9,0,0,0,,,,,,,,
20,20134,1,38,37,1,,,,,,,,
20,20134,2,0,0,0,,,,,,,,
20,20134,3,0,0,0,,,,,,,,
20,20134,4,0,0,0,,,,,,,,
20,20134,5,0,0,0,,,,,,,,
20,20134,6,NA,NA,NA,,,,,,,,
20,20134,7,1,1,0,,,,,,,,
20,20134,8,0,0,0,,,,,,,,
20,20134,9,0,0,0,,,,,,,,
20,20135,1,50,44,6,,,,,,,,
20,20135,2,0,0,0,,,,,,,,
20,20135,3,0,0,0,,,,,,,,
20,20135,4,0,0,0,,,,,,,,
20,20135,5,0,0,0,,,,,,,,
20,20135,6,NA,NA,NA,,,,,,,,
20,20135,7,1,1,0,,,,,,,,
20,20135,8,0,0,0,,,,,,,,
20,20135,9,0,0,0,,,,,,,,
20,20136,1,22,22,0,,,,,,,,
20,20136,2,0,0,0,,,,,,,,
20,20136,3,0,0,0,,,,,,,,
20,20136,4,0,0,0,,,,,,,,
20,20136,5,0,0,0,,,,,,,,
20,20136,6,NA,NA,NA,,,,,,,,
20,20136,7,4,4,0,,,,,,,,
20,20136,8,0,0,0,,,,,,,,
20,20136,9,0,0,0,,,,,,,,
20,20137,1,11,11,0,,,,,,,,
20,20137,2,0,0,0,,,,,,,,
20,20137,3,0,0,0,,,,,,,,
20,20137,4,0,0,0,,,,,,,,
20,20137,5,0,0,0,,,,,,,,
20,20137,6,NA,NA,NA,,,,,,,,
20,20137,7,0,0,0,,,,,,,,
20,20137,8,0,0,0,,,,,,,,
20,20137,9,0,0,0,,,,,,,,
20,20138,1,7,7,0,,,,,,,,
20,20138,2,0,0,0,,,,,,,,
20,20138,3,0,0,0,,,,,,,,
20,20138,4,0,0,0,,,,,,,,
20,20138,5,0,0,0,,,,,,,,
20,20138,6,NA,NA,NA,,,,,,,,
20,20138,7,1,1,0,,,,,,,,
20,20138,8,0,0,0,,,,,,,,
20,20138,9,0,0,0,,,,,,,,
20,20139,1,12,12,0,,,,,,,,
20,20139,2,0,0,0,,,,,,,,
20,20139,3,0,0,0,,,,,,,,
20,20139,4,0,0,0,,,,,,,,
20,20139,5,0,0,0,,,,,,,,
20,20139,6,0,0,0,,,,,,,,
20,20139,7,0,0,0,,,,,,,,
20,20139,8,0,0,0,,,,,,,,
20,20139,9,0,0,0,,,,,,,,
20,20140,1,10,10,0,,,,,,,,
20,20140,2,0,0,0,,,,,,,,
20,20140,3,0,0,0,,,,,,,,
20,20140,4,0,0,0,,,,,,,,
20,20140,5,0,0,0,,,,,,,,
20,20140,6,NA,NA,NA,,,,,,,,
20,20140,7,2,2,0,,,,,,,,
20,20140,8,0,0,0,,,,,,,,
20,20140,9,0,0,0,,,,,,,,
20,20141,1,14,14,0,,,,,,,,
20,20141,2,0,0,0,,,,,,,,
20,20141,3,0,0,0,,,,,,,,
20,20141,4,0,0,0,,,,,,,,
20,20141,5,0,0,0,,,,,,,,
20,20141,6,NA,NA,NA,,,,,,,,
20,20141,7,4,3,1,,,,,,,,
20,20141,8,0,0,0,,,,,,,,
20,20141,9,0,0,0,,,,,,,,
20,20142,1,4,4,0,,,,,,,,
20,20142,2,0,0,0,,,,,,,,
20,20142,3,0,0,0,,,,,,,,
20,20142,4,0,0,0,,,,,,,,
20,20142,5,0,0,0,,,,,,,,
20,20142,6,NA,NA,NA,,,,,,,,
20,20142,7,0,0,0,,,,,,,,
20,20142,8,0,0,0,,,,,,,,
20,20142,9,0,0,0,,,,,,,,
20,20143,1,15,15,0,,,,,,,,
20,20143,2,0,0,0,,,,,,,,
20,20143,3,0,0,0,,,,,,,,
20,20143,4,0,0,0,,,,,,,,
20,20143,5,0,0,0,,,,,,,,
20,20143,6,NA,NA,NA,,,,,,,,
20,20143,7,3,2,1,,,,,,,,
20,20143,8,1,0,1,,,,,,,,
20,20143,9,0,0,0,,,,,,,,
20,20144,1,25,21,4,,,,,,,,
20,20144,2,0,0,0,,,,,,,,
20,20144,3,0,0,0,,,,,,,,
20,20144,4,0,0,0,,,,,,,,
20,20144,5,0,0,0,,,,,,,,
20,20144,6,NA,NA,NA,,,,,,,,
20,20144,7,1,1,0,,,,,,,,
20,20144,8,0,0,0,,,,,,,,
20,20144,9,0,0,0,,,,,,,,
20,20145,1,7,3,4,,,,,,,,
20,20145,2,0,0,0,,,,,,,,
20,20145,3,0,0,0,,,,,,,,
20,20145,4,0,0,0,,,,,,,,
20,20145,5,0,0,0,,,,,,,,
20,20145,6,NA,NA,NA,,,,,,,,
20,20145,7,1,1,0,,,,,,,,
20,20145,8,0,0,0,,,,,,,,
20,20145,9,0,0,0,,,,,,,,
20,20146,1,8,8,0,,,,,,,,
20,20146,2,0,0,0,,,,,,,,
20,20146,3,0,0,0,,,,,,,,
20,20146,4,0,0,0,,,,,,,,
20,20146,5,0,0,0,,,,,,,,
20,20146,6,NA,NA,NA,,,,,,,,
20,20146,7,4,4,0,,,,,,,,
20,20146,8,0,0,0,,,,,,,,
20,20146,9,0,0,0,,,,,,,,
20,20147,1,9,9,0,,,,,,,,
20,20147,2,0,0,0,,,,,,,,
20,20147,3,0,0,0,,,,,,,,
20,20147,4,0,0,0,,,,,,,,
20,20147,5,0,0,0,,,,,,,,
20,20147,6,NA,NA,NA,,,,,,,,
20,20147,7,1,1,0,,,,,,,,
20,20147,8,0,0,0,,,,,,,,
20,20147,9,0,0,0,,,,,,,,
20,20148,1,5,5,0,,,,,,,,
20,20148,2,0,0,0,,,,,,,,
20,20148,3,0,0,0,,,,,,,,
20,20148,4,0,0,0,,,,,,,,
20,20148,5,0,0,0,,,,,,,,
20,20148,6,NA,NA,NA,,,,,,,,
20,20148,7,1,1,0,,,,,,,,
20,20148,8,0,0,0,,,,,,,,
20,20148,9,0,0,0,,,,,,,,
20,20149,1,53,48,5,,,,,,,,
20,20149,2,0,0,0,,,,,,,,
20,20149,3,0,0,0,,,,,,,,
20,20149,4,0,0,0,,,,,,,,
20,20149,5,0,0,0,,,,,,,,
20,20149,6,NA,NA,NA,,,,,,,,
20,20149,7,1,1,0,,,,,,,,
20,20149,8,0,0,0,,,,,,,,
20,20149,9,0,0,0,,,,,,,,
20,20150,1,22,17,5,,,,,,,,
20,20150,2,0,0,0,,,,,,,,
20,20150,3,0,0,0,,,,,,,,
20,20150,4,0,0,0,,,,,,,,
20,20150,5,0,0,0,,,,,,,,
20,20150,6,NA,NA,NA,,,,,,,,
20,20150,7,1,1,0,,,,,,,,
20,20150,8,0,0,0,,,,,,,,
20,20150,9,0,0,0,,,,,,,,
20,20151,1,8,8,0,,,,,,,,
20,20151,2,0,0,0,,,,,,,,
20,20151,3,0,0,0,,,,,,,,
20,20151,4,0,0,0,,,,,,,,
20,20151,5,0,0,0,,,,,,,,
20,20151,6,NA,NA,NA,,,,,,,,
20,20151,7,1,1,0,,,,,,,,
20,20151,8,0,0,0,,,,,,,,
20,20151,9,0,0,0,,,,,,,,
20,20152,1,8,8,0,,,,,,,,
20,20152,2,0,0,0,,,,,,,,
20,20152,3,0,0,0,,,,,,,,
20,20152,4,0,0,0,,,,,,,,
20,20152,5,0,0,0,,,,,,,,
20,20152,6,NA,NA,NA,,,,,,,,
20,20152,7,2,2,0,,,,,,,,
20,20152,8,0,0,0,,,,,,,,
20,20152,9,0,0,0,,,,,,,,
20,20153,1,9,7,2,,,,,,,,
20,20153,2,1,1,0,,,,,,,,
20,20153,3,0,0,0,,,,,,,,
20,20153,4,0,0,0,,,,,,,,
20,20153,5,0,0,0,,,,,,,,
20,20153,6,NA,NA,NA,,,,,,,,
20,20153,7,2,2,0,,,,,,,,
20,20153,8,0,0,0,,,,,,,,
20,20153,9,0,0,0,,,,,,,,
20,20154,1,10,8,2,,,,,,,,
20,20154,2,0,0,0,,,,,,,,
20,20154,3,0,0,0,,,,,,,,
20,20154,4,0,0,0,,,,,,,,
20,20154,5,0,0,0,,,,,,,,
20,20154,6,NA,NA,NA,,,,,,,,
20,20154,7,1,1,0,,,,,,,,
20,20154,8,0,0,0,,,,,,,,
20,20154,9,0,0,0,,,,,,,,
20,20155,1,32,27,5,,,,,,,,
20,20155,2,0,0,0,,,,,,,,
20,20155,3,0,0,0,,,,,,,,
20,20155,4,0,0,0,,,,,,,,
20,20155,5,0,0,0,,,,,,,,
20,20155,6,NA,NA,NA,,,,,,,,
20,20155,7,0,0,0,,,,,,,,
20,20155,8,0,0,0,,,,,,,,
20,20155,9,0,0,0,,,,,,,,
20,20156,1,30,30,0,,,,,,,,
20,20156,2,0,0,0,,,,,,,,
20,20156,3,0,0,0,,,,,,,,
20,20156,4,0,0,0,,,,,,,,
20,20156,5,0,0,0,,,,,,,,
20,20156,6,NA,NA,NA,,,,,,,,
20,20156,7,6,6,0,,,,,,,,
20,20156,8,1,0,1,,,,,,,,
20,20156,9,0,0,0,,,,,,,,
20,20157,1,0,0,0,,,,,,,,
20,20157,2,6,5,1,,,,,,,,
20,20157,3,0,0,0,,,,,,,,
20,20157,4,0,0,0,,,,,,,,
20,20157,5,50,33,17,,,,,,,,
20,20157,6,2,1,1,,,,,,,,
20,20157,7,2,2,0,,,,,,,,
20,20157,8,4,3,1,,,,,,,,
20,20157,9,2,2,0,,,,,,,,
20,20158,1,12,12,0,,,,,,,,
20,20158,2,0,0,0,,,,,,,,
20,20158,3,0,0,0,,,,,,,,
20,20158,4,0,0,0,,,,,,,,
20,20158,5,0,0,0,,,,,,,,
20,20158,6,NA,NA,NA,,,,,,,,
20,20158,7,0,0,0,,,,,,,,
20,20158,8,0,0,0,,,,,,,,
20,20158,9,0,0,0,,,,,,,,
20,20159,1,24,24,0,,,,,,,,
20,20159,2,0,0,0,,,,,,,,
20,20159,3,0,0,0,,,,,,,,
20,20159,4,0,0,0,,,,,,,,
20,20159,5,0,0,0,,,,,,,,
20,20159,6,NA,NA,NA,,,,,,,,
20,20159,7,3,3,0,,,,,,,,
20,20159,8,0,0,0,,,,,,,,
20,20159,9,0,0,0,,,,,,,,
20,20160,1,8,8,0,,,,,,,,
20,20160,2,0,0,0,,,,,,,,
20,20160,3,0,0,0,,,,,,,,
20,20160,4,0,0,0,,,,,,,,
20,20160,5,0,0,0,,,,,,,,
20,20160,6,NA,NA,NA,,,,,,,,
20,20160,7,2,2,0,,,,,,,,
20,20160,8,0,0,0,,,,,,,,
20,20160,9,0,0,0,,,,,,,,
20,20161,1,5,3,2,,,,,,,,
20,20161,2,0,0,0,,,,,,,,
20,20161,3,0,0,0,,,,,,,,
20,20161,4,0,0,0,,,,,,,,
20,20161,5,0,0,0,,,,,,,,
20,20161,6,NA,NA,NA,,,,,,,,
20,20161,7,1,1,0,,,,,,,,
20,20161,8,0,0,0,,,,,,,,
20,20161,9,0,0,0,,,,,,,,
20,20162,1,4,2,2,,,,,,,,
20,20162,2,0,0,0,,,,,,,,
20,20162,3,0,0,0,,,,,,,,
20,20162,4,0,0,0,,,,,,,,
20,20162,5,0,0,0,,,,,,,,
20,20162,6,NA,NA,NA,,,,,,,,
20,20162,7,0,0,0,,,,,,,,
20,20162,8,0,0,0,,,,,,,,
20,20162,9,0,0,0,,,,,,,,
20,20163,1,4,4,0,,,,,,,,
20,20163,2,0,0,0,,,,,,,,
20,20163,3,0,0,0,,,,,,,,
20,20163,4,0,0,0,,,,,,,,
20,20163,5,0,0,0,,,,,,,,
20,20163,6,NA,NA,NA,,,,,,,,
20,20163,7,0,0,0,,,,,,,,
20,20163,8,0,0,0,,,,,,,,
20,20163,9,0,0,0,,,,,,,,
20,20164,1,17,17,0,,,,,,,,
20,20164,2,0,0,0,,,,,,,,
20,20164,3,0,0,0,,,,,,,,
20,20164,4,0,0,0,,,,,,,,
20,20164,5,0,0,0,,,,,,,,
20,20164,6,NA,NA,NA,,,,,,,,
20,20164,7,2,2,0,,,,,,,,
20,20164,8,0,0,0,,,,,,,,
20,20164,9,0,0,0,,,,,,,,
20,20165,1,9,8,1,,,,,,,,
20,20165,2,0,0,0,,,,,,,,
20,20165,3,0,0,0,,,,,,,,
20,20165,4,0,0,0,,,,,,,,
20,20165,5,0,0,0,,,,,,,,
20,20165,6,NA,NA,NA,,,,,,,,
20,20165,7,2,2,0,,,,,,,,
20,20165,8,0,0,0,,,,,,,,
20,20165,9,0,0,0,,,,,,,,
20,20166,1,19,18,1,,,,,,,,
20,20166,2,0,0,0,,,,,,,,
20,20166,3,0,0,0,,,,,,,,
20,20166,4,0,0,0,,,,,,,,
20,20166,5,0,0,0,,,,,,,,
20,20166,6,NA,NA,NA,,,,,,,,
20,20166,7,2,2,0,,,,,,,,
20,20166,8,0,0,0,,,,,,,,
20,20166,9,0,0,0,,,,,,,,
20,20167,1,0,0,0,,,,,,,,
20,20167,2,0,0,0,,,,,,,,
20,20167,3,0,0,0,,,,,,,,
20,20167,4,0,0,0,,,,,,,,
20,20167,5,4,4,0,,,,,,,,
20,20167,6,NA,NA,NA,,,,,,,,
20,20167,7,1,1,0,,,,,,,,
20,20167,8,0,0,0,,,,,,,,
20,20167,9,0,0,0,,,,,,,,
20,20168,1,9,9,0,,,,,,,,
20,20168,2,0,0,0,,,,,,,,
20,20168,3,0,0,0,,,,,,,,
20,20168,4,0,0,0,,,,,,,,
20,20168,5,0,0,0,,,,,,,,
20,20168,6,NA,NA,NA,,,,,,,,
20,20168,7,3,3,0,,,,,,,,
20,20168,8,0,0,0,,,,,,,,
20,20168,9,0,0,0,,,,,,,,
20,20169,1,19,16,3,,,,,,,,
20,20169,2,0,0,0,,,,,,,,
20,20169,3,0,0,0,,,,,,,,
20,20169,4,0,0,0,,,,,,,,
20,20169,5,0,0,0,,,,,,,,
20,20169,6,NA,NA,NA,,,,,,,,
20,20169,7,2,1,1,,,,,,,,
20,20169,8,0,0,0,,,,,,,,
20,20169,9,0,0,0,,,,,,,,
20,20170,1,7,7,0,,,,,,,,
20,20170,2,0,0,0,,,,,,,,
20,20170,3,0,0,0,,,,,,,,
20,20170,4,0,0,0,,,,,,,,
20,20170,5,0,0,0,,,,,,,,
20,20170,6,NA,NA,NA,,,,,,,,
20,20170,7,2,2,0,,,,,,,,
20,20170,8,0,0,0,,,,,,,,
20,20170,9,0,0,0,,,,,,,,
20,20171,1,38,35,3,,,,,,,,
20,20171,2,0,0,0,,,,,,,,
20,20171,3,0,0,0,,,,,,,,
20,20171,4,0,0,0,,,,,,,,
20,20171,5,0,0,0,,,,,,,,
20,20171,6,NA,NA,NA,,,,,,,,
20,20171,7,3,3,0,,,,,,,,
20,20171,8,0,0,0,,,,,,,,
20,20171,9,0,0,0,,,,,,,,
20,20172,1,8,8,0,,,,,,,,
20,20172,2,0,0,0,,,,,,,,
20,20172,3,0,0,0,,,,,,,,
20,20172,4,0,0,0,,,,,,,,
20,20172,5,0,0,0,,,,,,,,
20,20172,6,NA,NA,NA,,,,,,,,
20,20172,7,1,0,1,,,,,,,,
20,20172,8,0,0,0,,,,,,,,
20,20172,9,0,0,0,,,,,,,,
20,20173,1,21,21,0,,,,,,,,
20,20173,2,0,0,0,,,,,,,,
20,20173,3,0,0,0,,,,,,,,
20,20173,4,0,0,0,,,,,,,,
20,20173,5,0,0,0,,,,,,,,
20,20173,6,NA,NA,NA,,,,,,,,
20,20173,7,3,3,0,,,,,,,,
20,20173,8,1,1,0,,,,,,,,
20,20173,9,0,0,0,,,,,,,,
20,20174,1,16,12,4,,,,,,,,
20,20174,2,0,0,0,,,,,,,,
20,20174,3,0,0,0,,,,,,,,
20,20174,4,0,0,0,,,,,,,,
20,20174,5,0,0,0,,,,,,,,
20,20174,6,NA,NA,NA,,,,,,,,
20,20174,7,2,2,0,,,,,,,,
20,20174,8,0,0,0,,,,,,,,
20,20174,9,0,0,0,,,,,,,,
20,20175,1,24,24,0,,,,,,,,
20,20175,2,0,0,0,,,,,,,,
20,20175,3,0,0,0,,,,,,,,
20,20175,4,0,0,0,,,,,,,,
20,20175,5,0,0,0,,,,,,,,
20,20175,6,NA,NA,NA,,,,,,,,
20,20175,7,1,0,1,,,,,,,,
20,20175,8,0,0,0,,,,,,,,
20,20175,9,0,0,0,,,,,,,,
20,20176,1,8,8,0,,,,,,,,
20,20176,2,0,0,0,,,,,,,,
20,20176,3,0,0,0,,,,,,,,
20,20176,4,0,0,0,,,,,,,,
20,20176,5,0,0,0,,,,,,,,
20,20176,6,NA,NA,NA,,,,,,,,
20,20176,7,1,1,0,,,,,,,,
20,20176,8,0,0,0,,,,,,,,
20,20176,9,0,0,0,,,,,,,,
20,20177,1,19,16,3,,,,,,,,
20,20177,2,0,0,0,,,,,,,,
20,20177,3,0,0,0,,,,,,,,
20,20177,4,0,0,0,,,,,,,,
20,20177,5,0,0,0,,,,,,,,
20,20177,6,NA,NA,NA,,,,,,,,
20,20177,7,1,1,0,,,,,,,,
20,20177,8,0,0,0,,,,,,,,
20,20177,9,0,0,0,,,,,,,,
20,20178,1,10,9,1,,,,,,,,
20,20178,2,0,0,0,,,,,,,,
20,20178,3,0,0,0,,,,,,,,
20,20178,4,0,0,0,,,,,,,,
20,20178,5,0,0,0,,,,,,,,
20,20178,6,NA,NA,NA,,,,,,,,
20,20178,7,1,1,0,,,,,,,,
20,20178,8,0,0,0,,,,,,,,
20,20178,9,0,0,0,,,,,,,,
20,20179,1,24,24,0,,,,,,,,
20,20179,2,0,0,0,,,,,,,,
20,20179,3,0,0,0,,,,,,,,
20,20179,4,0,0,0,,,,,,,,
20,20179,5,0,0,0,,,,,,,,
20,20179,6,NA,NA,NA,,,,,,,,
20,20179,7,1,1,0,,,,,,,,
20,20179,8,0,0,0,,,,,,,,
20,20179,9,0,0,0,,,,,,,,
20,20180,1,12,12,0,,,,,,,,
20,20180,2,0,0,0,,,,,,,,
20,20180,3,0,0,0,,,,,,,,
20,20180,4,0,0,0,,,,,,,,
20,20180,5,0,0,0,,,,,,,,
20,20180,6,NA,NA,NA,,,,,,,,
20,20180,7,1,0,1,,,,,,,,
20,20180,8,0,0,0,,,,,,,,
20,20180,9,0,0,0,,,,,,,,
20,20181,1,4,3,1,,,,,,,,
20,20181,2,0,0,0,,,,,,,,
20,20181,3,0,0,0,,,,,,,,
20,20181,4,0,0,0,,,,,,,,
20,20181,5,0,0,0,,,,,,,,
20,20181,6,NA,NA,NA,,,,,,,,
20,20181,7,1,1,0,,,,,,,,
20,20181,8,0,0,0,,,,,,,,
20,20181,9,0,0,0,,,,,,,,
20,20182,1,11,10,1,,,,,,,,
20,20182,2,0,0,0,,,,,,,,
20,20182,3,0,0,0,,,,,,,,
20,20182,4,0,0,0,,,,,,,,
20,20182,5,0,0,0,,,,,,,,
20,20182,6,NA,NA,NA,,,,,,,,
20,20182,7,2,2,0,,,,,,,,
20,20182,8,0,0,0,,,,,,,,
20,20182,9,0,0,0,,,,,,,,
20,20183,1,12,12,0,,,,,,,,
20,20183,2,0,0,0,,,,,,,,
20,20183,3,0,0,0,,,,,,,,
20,20183,4,0,0,0,,,,,,,,
20,20183,5,0,0,0,,,,,,,,
20,20183,6,NA,NA,NA,,,,,,,,
20,20183,7,3,3,0,,,,,,,,
20,20183,8,0,0,0,,,,,,,,
20,20183,9,0,0,0,,,,,,,,
20,20184,1,135,115,20,,,,,,,,
20,20184,2,0,0,0,,,,,,,,
20,20184,3,0,0,0,,,,,,,,
20,20184,4,0,0,0,,,,,,,,
20,20184,5,0,0,0,,,,,,,,
20,20184,6,NA,NA,NA,,,,,,,,
20,20184,7,4,3,1,,,,,,,,
20,20184,8,0,0,0,,,,,,,,
20,20184,9,0,0,0,,,,,,,,
20,20185,1,20,18,2,,,,,,,,
20,20185,2,0,0,0,,,,,,,,
20,20185,3,0,0,0,,,,,,,,
20,20185,4,0,0,0,,,,,,,,
20,20185,5,0,0,0,,,,,,,,
20,20185,6,NA,NA,NA,,,,,,,,
20,20185,7,2,1,1,,,,,,,,
20,20185,8,0,0,0,,,,,,,,
20,20185,9,0,0,0,,,,,,,,
20,20186,1,35,35,0,,,,,,,,
20,20186,2,0,0,0,,,,,,,,
20,20186,3,0,0,0,,,,,,,,
20,20186,4,0,0,0,,,,,,,,
20,20186,5,0,0,0,,,,,,,,
20,20186,6,NA,NA,NA,,,,,,,,
20,20186,7,1,1,0,,,,,,,,
20,20186,8,0,0,0,,,,,,,,
20,20186,9,0,0,0,,,,,,,,
20,20187,1,0,0,0,,,,,,,,
20,20187,2,0,0,0,,,,,,,,
20,20187,3,0,0,0,,,,,,,,
20,20187,4,0,0,0,,,,,,,,
20,20187,5,7,7,0,,,,,,,,
20,20187,6,0,0,0,,,,,,,,
20,20187,7,0,0,0,,,,,,,,
20,20187,8,0,0,0,,,,,,,,
20,20187,9,0,0,0,,,,,,,,
20,20188,1,24,24,0,,,,,,,,
20,20188,2,0,0,0,,,,,,,,
20,20188,3,0,0,0,,,,,,,,
20,20188,4,0,0,0,,,,,,,,
20,20188,5,0,0,0,,,,,,,,
20,20188,6,NA,NA,NA,,,,,,,,
20,20188,7,1,1,0,,,,,,,,
20,20188,8,0,0,0,,,,,,,,
20,20188,9,0,0,0,,,,,,,,
20,20189,1,11,11,0,,,,,,,,
20,20189,2,0,0,0,,,,,,,,
20,20189,3,0,0,0,,,,,,,,
20,20189,4,0,0,0,,,,,,,,
20,20189,5,0,0,0,,,,,,,,
20,20189,6,NA,NA,NA,,,,,,,,
20,20189,7,0,0,0,,,,,,,,
20,20189,8,0,0,0,,,,,,,,
20,20189,9,0,0,0,,,,,,,,
20,20190,1,13,13,0,,,,,,,,
20,20190,2,0,0,0,,,,,,,,
20,20190,3,0,0,0,,,,,,,,
20,20190,4,0,0,0,,,,,,,,
20,20190,5,0,0,0,,,,,,,,
20,20190,6,NA,NA,NA,,,,,,,,
20,20190,7,1,1,0,,,,,,,,
20,20190,8,0,0,0,,,,,,,,
20,20190,9,0,0,0,,,,,,,,
20,20191,1,8,6,2,,,,,,,,
20,20191,2,0,0,0,,,,,,,,
20,20191,3,0,0,0,,,,,,,,
20,20191,4,0,0,0,,,,,,,,
20,20191,5,0,0,0,,,,,,,,
20,20191,6,NA,NA,NA,,,,,,,,
20,20191,7,0,0,0,,,,,,,,
20,20191,8,0,0,0,,,,,,,,
20,20191,9,0,0,0,,,,,,,,
20,20192,1,37,37,0,,,,,,,,
20,20192,2,0,0,0,,,,,,,,
20,20192,3,0,0,0,,,,,,,,
20,20192,4,0,0,0,,,,,,,,
20,20192,5,0,0,0,,,,,,,,
20,20192,6,NA,NA,NA,,,,,,,,
20,20192,7,1,1,0,,,,,,,,
20,20192,8,0,0,0,,,,,,,,
20,20192,9,0,0,0,,,,,,,,
20,20193,1,70,70,0,,,,,,,,
20,20193,2,0,0,0,,,,,,,,
20,20193,3,0,0,0,,,,,,,,
20,20193,4,0,0,0,,,,,,,,
20,20193,5,0,0,0,,,,,,,,
20,20193,6,NA,NA,NA,,,,,,,,
20,20193,7,1,1,0,,,,,,,,
20,20193,8,0,0,0,,,,,,,,
20,20193,9,0,0,0,,,,,,,,
20,20194,1,12,12,0,,,,,,,,
20,20194,2,0,0,0,,,,,,,,
20,20194,3,0,0,0,,,,,,,,
20,20194,4,0,0,0,,,,,,,,
20,20194,5,0,0,0,,,,,,,,
20,20194,6,NA,NA,NA,,,,,,,,
20,20194,7,1,1,0,,,,,,,,
20,20194,8,1,1,0,,,,,,,,
20,20194,9,0,0,0,,,,,,,,
20,20195,1,10,10,0,,,,,,,,
20,20195,2,0,0,0,,,,,,,,
20,20195,3,0,0,0,,,,,,,,
20,20195,4,0,0,0,,,,,,,,
20,20195,5,0,0,0,,,,,,,,
20,20195,6,NA,NA,NA,,,,,,,,
20,20195,7,2,2,0,,,,,,,,
20,20195,8,0,0,0,,,,,,,,
20,20195,9,0,0,0,,,,,,,,
20,20196,1,4,4,0,,,,,,,,
20,20196,2,0,0,0,,,,,,,,
20,20196,3,0,0,0,,,,,,,,
20,20196,4,0,0,0,,,,,,,,
20,20196,5,0,0,0,,,,,,,,
20,20196,6,NA,NA,NA,,,,,,,,
20,20196,7,2,2,0,,,,,,,,
20,20196,8,0,0,0,,,,,,,,
20,20196,9,0,0,0,,,,,,,,
20,20197,1,25,24,1,,,,,,,,
20,20197,2,0,0,0,,,,,,,,
20,20197,3,0,0,0,,,,,,,,
20,20197,4,0,0,0,,,,,,,,
20,20197,5,0,0,0,,,,,,,,
20,20197,6,NA,NA,NA,,,,,,,,
20,20197,7,2,2,0,,,,,,,,
20,20197,8,0,0,0,,,,,,,,
20,20197,9,0,0,0,,,,,,,,
20,20198,1,90,90,0,,,,,,,,
20,20198,2,0,0,0,,,,,,,,
20,20198,3,0,0,0,,,,,,,,
20,20198,4,0,0,0,,,,,,,,
20,20198,5,0,0,0,,,,,,,,
20,20198,6,NA,NA,NA,,,,,,,,
20,20198,7,2,2,0,,,,,,,,
20,20198,8,0,0,0,,,,,,,,
20,20198,9,0,0,0,,,,,,,,
20,20199,1,6,6,0,,,,,,,,
20,20199,2,0,0,0,,,,,,,,
20,20199,3,0,0,0,,,,,,,,
20,20199,4,0,0,0,,,,,,,,
20,20199,5,0,0,0,,,,,,,,
20,20199,6,NA,NA,NA,,,,,,,,
20,20199,7,1,1,0,,,,,,,,
20,20199,8,0,0,0,,,,,,,,
20,20199,9,0,0,0,,,,,,,,
20,20200,1,54,54,0,,,,,,,,
20,20200,2,0,0,0,,,,,,,,
20,20200,3,0,0,0,,,,,,,,
20,20200,4,0,0,0,,,,,,,,
20,20200,5,0,0,0,,,,,,,,
20,20200,6,NA,NA,NA,,,,,,,,
20,20200,7,2,2,0,,,,,,,,
20,20200,8,1,1,0,,,,,,,,
20,20200,9,0,0,0,,,,,,,,
20,20201,1,6,6,0,,,,,,,,
20,20201,2,0,0,0,,,,,,,,
20,20201,3,0,0,0,,,,,,,,
20,20201,4,0,0,0,,,,,,,,
20,20201,5,0,0,0,,,,,,,,
20,20201,6,NA,NA,NA,,,,,,,,
20,20201,7,2,2,0,,,,,,,,
20,20201,8,0,0,0,,,,,,,,
20,20201,9,0,0,0,,,,,,,,
20,20202,1,15,14,1,,,,,,,,
20,20202,2,0,0,0,,,,,,,,
20,20202,3,0,0,0,,,,,,,,
20,20202,4,0,0,0,,,,,,,,
20,20202,5,0,0,0,,,,,,,,
20,20202,6,NA,NA,NA,,,,,,,,
20,20202,7,1,1,0,,,,,,,,
20,20202,8,0,0,0,,,,,,,,
20,20202,9,0,0,0,,,,,,,,
20,20203,1,18,18,0,,,,,,,,
20,20203,2,0,0,0,,,,,,,,
20,20203,3,0,0,0,,,,,,,,
20,20203,4,0,0,0,,,,,,,,
20,20203,5,0,0,0,,,,,,,,
20,20203,6,NA,NA,NA,,,,,,,,
20,20203,7,3,3,0,,,,,,,,
20,20203,8,0,0,0,,,,,,,,
20,20203,9,0,0,0,,,,,,,,
20,20204,1,14,14,0,,,,,,,,
20,20204,2,0,0,0,,,,,,,,
20,20204,3,0,0,0,,,,,,,,
20,20204,4,0,0,0,,,,,,,,
20,20204,5,0,0,0,,,,,,,,
20,20204,6,NA,NA,NA,,,,,,,,
20,20204,7,1,1,0,,,,,,,,
20,20204,8,0,0,0,,,,,,,,
20,20204,9,0,0,0,,,,,,,,
20,20205,1,17,16,1,,,,,,,,
20,20205,2,0,0,0,,,,,,,,
20,20205,3,0,0,0,,,,,,,,
20,20205,4,0,0,0,,,,,,,,
20,20205,5,0,0,0,,,,,,,,
20,20205,6,NA,NA,NA,,,,,,,,
20,20205,7,3,3,0,,,,,,,,
20,20205,8,0,0,0,,,,,,,,
20,20205,9,0,0,0,,,,,,,,
20,20206,1,14,12,2,,,,,,,,
20,20206,2,0,0,0,,,,,,,,
20,20206,3,0,0,0,,,,,,,,
20,20206,4,0,0,0,,,,,,,,
20,20206,5,0,0,0,,,,,,,,
20,20206,6,NA,NA,NA,,,,,,,,
20,20206,7,1,1,0,,,,,,,,
20,20206,8,0,0,0,,,,,,,,
20,20206,9,0,0,0,,,,,,,,
20,20207,1,23,23,0,,,,,,,,
20,20207,2,0,0,0,,,,,,,,
20,20207,3,0,0,0,,,,,,,,
20,20207,4,0,0,0,,,,,,,,
20,20207,5,0,0,0,,,,,,,,
20,20207,6,NA,NA,NA,,,,,,,,
20,20207,7,2,2,0,,,,,,,,
20,20207,8,0,0,0,,,,,,,,
20,20207,9,0,0,0,,,,,,,,
20,20208,1,10,10,0,,,,,,,,
20,20208,2,0,0,0,,,,,,,,
20,20208,3,0,0,0,,,,,,,,
20,20208,4,0,0,0,,,,,,,,
20,20208,5,0,0,0,,,,,,,,
20,20208,6,NA,NA,NA,,,,,,,,
20,20208,7,7,7,0,,,,,,,,
20,20208,8,1,1,0,,,,,,,,
20,20208,9,0,0,0,,,,,,,,
20,20209,1,4,4,0,,,,,,,,
20,20209,2,0,0,0,,,,,,,,
20,20209,3,0,0,0,,,,,,,,
20,20209,4,0,0,0,,,,,,,,
20,20209,5,0,0,0,,,,,,,,
20,20209,6,NA,NA,NA,,,,,,,,
20,20209,7,2,2,0,,,,,,,,
20,20209,8,0,0,0,,,,,,,,
20,20209,9,0,0,0,,,,,,,,
20,20210,1,10,8,2,,,,,,,,
20,20210,2,0,0,0,,,,,,,,
20,20210,3,0,0,0,,,,,,,,
20,20210,4,0,0,0,,,,,,,,
20,20210,5,0,0,0,,,,,,,,
20,20210,6,NA,NA,NA,,,,,,,,
20,20210,7,1,1,0,,,,,,,,
20,20210,8,0,0,0,,,,,,,,
20,20210,9,0,0,0,,,,,,,,
20,20211,1,15,15,0,,,,,,,,
20,20211,2,0,0,0,,,,,,,,
20,20211,3,0,0,0,,,,,,,,
20,20211,4,0,0,0,,,,,,,,
20,20211,5,0,0,0,,,,,,,,
20,20211,6,NA,NA,NA,,,,,,,,
20,20211,7,4,4,0,,,,,,,,
20,20211,8,0,0,0,,,,,,,,
20,20211,9,0,0,0,,,,,,,,
20,20212,1,9,9,0,,,,,,,,
20,20212,2,0,0,0,,,,,,,,
20,20212,3,0,0,0,,,,,,,,
20,20212,4,0,0,0,,,,,,,,
20,20212,5,0,0,0,,,,,,,,
20,20212,6,NA,NA,NA,,,,,,,,
20,20212,7,4,4,0,,,,,,,,
20,20212,8,0,0,0,,,,,,,,
20,20212,9,0,0,0,,,,,,,,
20,20213,1,30,30,0,,,,,,,,
20,20213,2,0,0,0,,,,,,,,
20,20213,3,0,0,0,,,,,,,,
20,20213,4,0,0,0,,,,,,,,
20,20213,5,0,0,0,,,,,,,,
20,20213,6,NA,NA,NA,,,,,,,,
20,20213,7,2,2,0,,,,,,,,
20,20213,8,0,0,0,,,,,,,,
20,20213,9,0,0,0,,,,,,,,
20,20214,1,14,14,0,,,,,,,,
20,20214,2,0,0,0,,,,,,,,
20,20214,3,0,0,0,,,,,,,,
20,20214,4,0,0,0,,,,,,,,
20,20214,5,0,0,0,,,,,,,,
20,20214,6,NA,NA,NA,,,,,,,,
20,20214,7,1,1,0,,,,,,,,
20,20214,8,0,0,0,,,,,,,,
20,20214,9,0,0,0,,,,,,,,
20,20215,1,10,9,1,,,,,,,,
20,20215,2,0,0,0,,,,,,,,
20,20215,3,0,0,0,,,,,,,,
20,20215,4,0,0,0,,,,,,,,
20,20215,5,0,0,0,,,,,,,,
20,20215,6,NA,NA,NA,,,,,,,,
20,20215,7,1,1,0,,,,,,,,
20,20215,8,0,0,0,,,,,,,,
20,20215,9,0,0,0,,,,,,,,
20,20216,1,6,6,0,,,,,,,,
20,20216,2,0,0,0,,,,,,,,
20,20216,3,0,0,0,,,,,,,,
20,20216,4,0,0,0,,,,,,,,
20,20216,5,0,0,0,,,,,,,,
20,20216,6,NA,NA,NA,,,,,,,,
20,20216,7,5,5,0,,,,,,,,
20,20216,8,0,0,0,,,,,,,,
20,20216,9,0,0,0,,,,,,,,
20,20217,1,18,17,1,,,,,,,,
20,20217,2,0,0,0,,,,,,,,
20,20217,3,0,0,0,,,,,,,,
20,20217,4,0,0,0,,,,,,,,
20,20217,5,0,0,0,,,,,,,,
20,20217,6,NA,NA,NA,,,,,,,,
20,20217,7,3,3,0,,,,,,,,
20,20217,8,0,0,0,,,,,,,,
20,20217,9,0,0,0,,,,,,,,
20,20218,1,6,6,0,,,,,,,,
20,20218,2,0,0,0,,,,,,,,
20,20218,3,0,0,0,,,,,,,,
20,20218,4,0,0,0,,,,,,,,
20,20218,5,0,0,0,,,,,,,,
20,20218,6,NA,NA,NA,,,,,,,,
20,20218,7,2,2,0,,,,,,,,
20,20218,8,0,0,0,,,,,,,,
20,20218,9,0,0,0,,,,,,,,
20,20219,1,12,12,0,,,,,,,,
20,20219,2,0,0,0,,,,,,,,
20,20219,3,0,0,0,,,,,,,,
20,20219,4,0,0,0,,,,,,,,
20,20219,5,0,0,0,,,,,,,,
20,20219,6,NA,NA,NA,,,,,,,,
20,20219,7,0,0,0,,,,,,,,
20,20219,8,0,0,0,,,,,,,,
20,20219,9,0,0,0,,,,,,,,
20,20220,1,10,10,0,,,,,,,,
20,20220,2,0,0,0,,,,,,,,
20,20220,3,0,0,0,,,,,,,,
20,20220,4,0,0,0,,,,,,,,
20,20220,5,0,0,0,,,,,,,,
20,20220,6,NA,NA,NA,,,,,,,,
20,20220,7,1,1,0,,,,,,,,
20,20220,8,0,0,0,,,,,,,,
20,20220,9,0,0,0,,,,,,,,
20,20221,1,6,5,1,,,,,,,,
20,20221,2,0,0,0,,,,,,,,
20,20221,3,0,0,0,,,,,,,,
20,20221,4,0,0,0,,,,,,,,
20,20221,5,0,0,0,,,,,,,,
20,20221,6,NA,NA,NA,,,,,,,,
20,20221,7,2,1,1,,,,,,,,
20,20221,8,0,0,0,,,,,,,,
20,20221,9,0,0,0,,,,,,,,
20,20222,1,4,4,0,,,,,,,,
20,20222,2,0,0,0,,,,,,,,
20,20222,3,0,0,0,,,,,,,,
20,20222,4,0,0,0,,,,,,,,
20,20222,5,0,0,0,,,,,,,,
20,20222,6,NA,NA,NA,,,,,,,,
20,20222,7,2,2,0,,,,,,,,
20,20222,8,0,0,0,,,,,,,,
20,20222,9,0,0,0,,,,,,,,
20,20223,1,12,12,0,,,,,,,,
20,20223,2,0,0,0,,,,,,,,
20,20223,3,0,0,0,,,,,,,,
20,20223,4,0,0,0,,,,,,,,
20,20223,5,0,0,0,,,,,,,,
20,20223,6,NA,NA,NA,,,,,,,,
20,20223,7,3,3,0,,,,,,,,
20,20223,8,0,0,0,,,,,,,,
20,20223,9,0,0,0,,,,,,,,
20,20224,1,0,0,0,,,,,,,,
20,20224,2,0,0,0,,,,,,,,
20,20224,3,0,0,0,,,,,,,,
20,20224,4,0,0,0,,,,,,,,
20,20224,5,0,0,0,,,,,,,,
20,20224,6,NA,NA,NA,,,,,,,,
20,20224,7,0,0,0,,,,,,,,
20,20224,8,0,0,0,,,,,,,,
20,20224,9,0,0,0,,,,,,,,
20,20225,1,23,23,0,,,,,,,,
20,20225,2,0,0,0,,,,,,,,
20,20225,3,0,0,0,,,,,,,,
20,20225,4,0,0,0,,,,,,,,
20,20225,5,0,0,0,,,,,,,,
20,20225,6,NA,NA,NA,,,,,,,,
20,20225,7,1,1,0,,,,,,,,
20,20225,8,0,0,0,,,,,,,,
20,20225,9,0,0,0,,,,,,,,
20,20226,1,10,10,0,,,,,,,,
20,20226,2,0,0,0,,,,,,,,
20,20226,3,0,0,0,,,,,,,,
20,20226,4,0,0,0,,,,,,,,
20,20226,5,0,0,0,,,,,,,,
20,20226,6,NA,NA,NA,,,,,,,,
20,20226,7,2,2,0,,,,,,,,
20,20226,8,0,0,0,,,,,,,,
20,20226,9,0,0,0,,,,,,,,
20,20227,1,43,35,8,,,,,,,,
20,20227,2,0,0,0,,,,,,,,
20,20227,3,0,0,0,,,,,,,,
20,20227,4,0,0,0,,,,,,,,
20,20227,5,0,0,0,,,,,,,,
20,20227,6,NA,NA,NA,,,,,,,,
20,20227,7,2,2,0,,,,,,,,
20,20227,8,0,0,0,,,,,,,,
20,20227,9,0,0,0,,,,,,,,
20,20228,1,12,12,0,,,,,,,,
20,20228,2,0,0,0,,,,,,,,
20,20228,3,0,0,0,,,,,,,,
20,20228,4,0,0,0,,,,,,,,
20,20228,5,0,0,0,,,,,,,,
20,20228,6,NA,NA,NA,,,,,,,,
20,20228,7,0,0,0,,,,,,,,
20,20228,8,0,0,0,,,,,,,,
20,20228,9,0,0,0,,,,,,,,
20,20229,1,10,8,2,,,,,,,,
20,20229,2,0,0,0,,,,,,,,
20,20229,3,0,0,0,,,,,,,,
20,20229,4,0,0,0,,,,,,,,
20,20229,5,0,0,0,,,,,,,,
20,20229,6,NA,NA,NA,,,,,,,,
20,20229,7,0,0,0,,,,,,,,
20,20229,8,0,0,0,,,,,,,,
20,20229,9,0,0,0,,,,,,,,
20,20230,1,8,8,0,,,,,,,,
20,20230,2,0,0,0,,,,,,,,
20,20230,3,0,0,0,,,,,,,,
20,20230,4,0,0,0,,,,,,,,
20,20230,5,0,0,0,,,,,,,,
20,20230,6,NA,NA,NA,,,,,,,,
20,20230,7,2,2,0,,,,,,,,
20,20230,8,0,0,0,,,,,,,,
20,20230,9,0,0,0,,,,,,,,
20,20231,1,30,30,0,,,,,,,,
20,20231,2,0,0,0,,,,,,,,
20,20231,3,0,0,0,,,,,,,,
20,20231,4,0,0,0,,,,,,,,
20,20231,5,0,0,0,,,,,,,,
20,20231,6,4,4,0,,,,,,,,
20,20231,7,1,1,0,,,,,,,,
20,20231,8,1,1,0,,,,,,,,
20,20231,9,0,0,0,,,,,,,,
20,20232,1,30,28,2,,,,,,,,
20,20232,2,0,0,0,,,,,,,,
20,20232,3,0,0,0,,,,,,,,
20,20232,4,0,0,0,,,,,,,,
20,20232,5,0,0,0,,,,,,,,
20,20232,6,NA,NA,NA,,,,,,,,
20,20232,7,2,1,1,,,,,,,,
20,20232,8,0,0,0,,,,,,,,
20,20232,9,0,0,0,,,,,,,,
20,20233,1,10,8,2,,,,,,,,
20,20233,2,0,0,0,,,,,,,,
20,20233,3,0,0,0,,,,,,,,
20,20233,4,0,0,0,,,,,,,,
20,20233,5,0,0,0,,,,,,,,
20,20233,6,NA,NA,NA,,,,,,,,
20,20233,7,1,1,0,,,,,,,,
20,20233,8,0,0,0,,,,,,,,
20,20233,9,0,0,0,,,,,,,,
20,20234,1,6,6,0,,,,,,,,
20,20234,2,0,0,0,,,,,,,,
20,20234,3,0,0,0,,,,,,,,
20,20234,4,0,0,0,,,,,,,,
20,20234,5,0,0,0,,,,,,,,
20,20234,6,NA,NA,NA,,,,,,,,
20,20234,7,1,1,0,,,,,,,,
20,20234,8,0,0,0,,,,,,,,
20,20234,9,0,0,0,,,,,,,,
20,20235,1,7,5,2,,,,,,,,
20,20235,2,0,0,0,,,,,,,,
20,20235,3,0,0,0,,,,,,,,
20,20235,4,0,0,0,,,,,,,,
20,20235,5,0,0,0,,,,,,,,
20,20235,6,NA,NA,NA,,,,,,,,
20,20235,7,3,3,0,,,,,,,,
20,20235,8,0,0,0,,,,,,,,
20,20235,9,0,0,0,,,,,,,,
20,20236,1,20,20,0,,,,,,,,
20,20236,2,0,0,0,,,,,,,,
20,20236,3,0,0,0,,,,,,,,
20,20236,4,0,0,0,,,,,,,,
20,20236,5,0,0,0,,,,,,,,
20,20236,6,NA,NA,NA,,,,,,,,
20,20236,7,2,2,0,,,,,,,,
20,20236,8,0,0,0,,,,,,,,
20,20236,9,0,0,0,,,,,,,,
20,20237,1,9,9,0,,,,,,,,
20,20237,2,0,0,0,,,,,,,,
20,20237,3,0,0,0,,,,,,,,
20,20237,4,0,0,0,,,,,,,,
20,20237,5,0,0,0,,,,,,,,
20,20237,6,NA,NA,NA,,,,,,,,
20,20237,7,1,1,0,,,,,,,,
20,20237,8,0,0,0,,,,,,,,
20,20237,9,0,0,0,,,,,,,,
20,20238,1,6,3,3,,,,,,,,
20,20238,2,0,0,0,,,,,,,,
20,20238,3,0,0,0,,,,,,,,
20,20238,4,0,0,0,,,,,,,,
20,20238,5,0,0,0,,,,,,,,
20,20238,6,NA,NA,NA,,,,,,,,
20,20238,7,0,0,0,,,,,,,,
20,20238,8,0,0,0,,,,,,,,
20,20238,9,0,0,0,,,,,,,,
20,20239,1,4,4,0,,,,,,,,
20,20239,2,0,0,0,,,,,,,,
20,20239,3,0,0,0,,,,,,,,
20,20239,4,0,0,0,,,,,,,,
20,20239,5,0,0,0,,,,,,,,
20,20239,6,NA,NA,NA,,,,,,,,
20,20239,7,1,1,0,,,,,,,,
20,20239,8,0,0,0,,,,,,,,
20,20239,9,0,0,0,,,,,,,,
20,20240,1,8,8,0,,,,,,,,
20,20240,2,0,0,0,,,,,,,,
20,20240,3,0,0,0,,,,,,,,
20,20240,4,0,0,0,,,,,,,,
20,20240,5,0,0,0,,,,,,,,
20,20240,6,NA,NA,NA,,,,,,,,
20,20240,7,1,1,0,,,,,,,,
20,20240,8,0,0,0,,,,,,,,
20,20240,9,0,0,0,,,,,,,,
20,20241,1,15,15,0,,,,,,,,
20,20241,2,0,0,0,,,,,,,,
20,20241,3,0,0,0,,,,,,,,
20,20241,4,0,0,0,,,,,,,,
20,20241,5,0,0,0,,,,,,,,
20,20241,6,NA,NA,NA,,,,,,,,
20,20241,7,1,1,0,,,,,,,,
20,20241,8,0,0,0,,,,,,,,
20,20241,9,0,0,0,,,,,,,,
20,20242,1,14,14,0,,,,,,,,
20,20242,2,0,0,0,,,,,,,,
20,20242,3,0,0,0,,,,,,,,
20,20242,4,0,0,0,,,,,,,,
20,20242,5,0,0,0,,,,,,,,
20,20242,6,NA,NA,NA,,,,,,,,
20,20242,7,1,1,0,,,,,,,,
20,20242,8,0,0,0,,,,,,,,
20,20242,9,0,0,0,,,,,,,,
20,20243,1,45,45,0,,,,,,,,
20,20243,2,0,0,0,,,,,,,,
20,20243,3,0,0,0,,,,,,,,
20,20243,4,0,0,0,,,,,,,,
20,20243,5,0,0,0,,,,,,,,
20,20243,6,NA,NA,NA,,,,,,,,
20,20243,7,4,4,0,,,,,,,,
20,20243,8,0,0,0,,,,,,,,
20,20243,9,0,0,0,,,,,,,,
20,20244,1,16,12,4,,,,,,,,
20,20244,2,0,0,0,,,,,,,,
20,20244,3,0,0,0,,,,,,,,
20,20244,4,0,0,0,,,,,,,,
20,20244,5,0,0,0,,,,,,,,
20,20244,6,NA,NA,NA,,,,,,,,
20,20244,7,0,0,0,,,,,,,,
20,20244,8,0,0,0,,,,,,,,
20,20244,9,0,0,0,,,,,,,,
20,20245,1,10,9,1,,,,,,,,
20,20245,2,0,0,0,,,,,,,,
20,20245,3,0,0,0,,,,,,,,
20,20245,4,0,0,0,,,,,,,,
20,20245,5,0,0,0,,,,,,,,
20,20245,6,NA,NA,NA,,,,,,,,
20,20245,7,3,2,1,,,,,,,,
20,20245,8,0,0,0,,,,,,,,
20,20245,9,0,0,0,,,,,,,,
20,20246,1,12,12,0,,,,,,,,
20,20246,2,0,0,0,,,,,,,,
20,20246,3,0,0,0,,,,,,,,
20,20246,4,0,0,0,,,,,,,,
20,20246,5,0,0,0,,,,,,,,
20,20246,6,NA,NA,NA,,,,,,,,
20,20246,7,1,1,0,,,,,,,,
20,20246,8,0,0,0,,,,,,,,
20,20246,9,0,0,0,,,,,,,,
20,20247,1,15,15,0,,,,,,,,
20,20247,2,0,0,0,,,,,,,,
20,20247,3,0,0,0,,,,,,,,
20,20247,4,0,0,0,,,,,,,,
20,20247,5,0,0,0,,,,,,,,
20,20247,6,NA,NA,NA,,,,,,,,
20,20247,7,6,6,0,,,,,,,,
20,20247,8,0,0,0,,,,,,,,
20,20247,9,13,13,0,,,,,,,,
20,20248,1,43,38,5,,,,,,,,
20,20248,2,0,0,0,,,,,,,,
20,20248,3,0,0,0,,,,,,,,
20,20248,4,0,0,0,,,,,,,,
20,20248,5,0,0,0,,,,,,,,
20,20248,6,NA,NA,NA,,,,,,,,
20,20248,7,6,6,0,,,,,,,,
20,20248,8,1,0,1,,,,,,,,
20,20248,9,0,0,0,,,,,,,,
20,20249,1,24,24,0,,,,,,,,
20,20249,2,0,0,0,,,,,,,,
20,20249,3,0,0,0,,,,,,,,
20,20249,4,0,0,0,,,,,,,,
20,20249,5,0,0,0,,,,,,,,
20,20249,6,NA,NA,NA,,,,,,,,
20,20249,7,0,0,0,,,,,,,,
20,20249,8,0,0,0,,,,,,,,
20,20249,9,0,0,0,,,,,,,,
20,20250,1,41,32,9,,,,,,,,
20,20250,2,0,0,0,,,,,,,,
20,20250,3,0,0,0,,,,,,,,
20,20250,4,0,0,0,,,,,,,,
20,20250,5,0,0,0,,,,,,,,
20,20250,6,NA,NA,NA,,,,,,,,
20,20250,7,0,0,0,,,,,,,,
20,20250,8,0,0,0,,,,,,,,
20,20250,9,0,0,0,,,,,,,,
20,20251,1,10,10,0,,,,,,,,
20,20251,2,0,0,0,,,,,,,,
20,20251,3,0,0,0,,,,,,,,
20,20251,4,0,0,0,,,,,,,,
20,20251,5,0,0,0,,,,,,,,
20,20251,6,NA,NA,NA,,,,,,,,
20,20251,7,1,1,0,,,,,,,,
20,20251,8,0,0,0,,,,,,,,
20,20251,9,0,0,0,,,,,,,,
20,20252,1,15,15,0,,,,,,,,
20,20252,2,0,0,0,,,,,,,,
20,20252,3,0,0,0,,,,,,,,
20,20252,4,0,0,0,,,,,,,,
20,20252,5,0,0,0,,,,,,,,
20,20252,6,NA,NA,NA,,,,,,,,
20,20252,7,1,0,1,,,,,,,,
20,20252,8,0,0,0,,,,,,,,
20,20252,9,0,0,0,,,,,,,,
20,20253,1,8,6,2,,,,,,,,
20,20253,2,0,0,0,,,,,,,,
20,20253,3,0,0,0,,,,,,,,
20,20253,4,0,0,0,,,,,,,,
20,20253,5,0,0,0,,,,,,,,
20,20253,6,NA,NA,NA,,,,,,,,
20,20253,7,0,0,0,,,,,,,,
20,20253,8,0,0,0,,,,,,,,
20,20253,9,0,0,0,,,,,,,,
20,20254,1,0,0,0,,,,,,,,
20,20254,2,0,0,0,,,,,,,,
20,20254,3,0,0,0,,,,,,,,
20,20254,4,0,0,0,,,,,,,,
20,20254,5,0,0,0,,,,,,,,
20,20254,6,6,6,0,,,,,,,,
20,20254,7,0,0,0,,,,,,,,
20,20254,8,0,0,0,,,,,,,,
20,20254,9,0,0,0,,,,,,,,
20,20255,1,12,10,2,,,,,,,,
20,20255,2,0,0,0,,,,,,,,
20,20255,3,0,0,0,,,,,,,,
20,20255,4,0,0,0,,,,,,,,
20,20255,5,0,0,0,,,,,,,,
20,20255,6,NA,NA,NA,,,,,,,,
20,20255,7,4,4,0,,,,,,,,
20,20255,8,0,0,0,,,,,,,,
20,20255,9,0,0,0,,,,,,,,
20,20256,1,6,6,0,,,,,,,,
20,20256,2,0,0,0,,,,,,,,
20,20256,3,0,0,0,,,,,,,,
20,20256,4,0,0,0,,,,,,,,
20,20256,5,0,0,0,,,,,,,,
20,20256,6,NA,NA,NA,,,,,,,,
20,20256,7,1,0,1,,,,,,,,
20,20256,8,0,0,0,,,,,,,,
20,20256,9,0,0,0,,,,,,,,
20,20257,1,3,3,0,,,,,,,,
20,20257,2,0,0,0,,,,,,,,
20,20257,3,0,0,0,,,,,,,,
20,20257,4,0,0,0,,,,,,,,
20,20257,5,0,0,0,,,,,,,,
20,20257,6,NA,NA,NA,,,,,,,,
20,20257,7,3,3,0,,,,,,,,
20,20257,8,0,0,0,,,,,,,,
20,20257,9,0,0,0,,,,,,,,
20,20258,1,14,14,0,,,,,,,,
20,20258,2,0,0,0,,,,,,,,
20,20258,3,0,0,0,,,,,,,,
20,20258,4,0,0,0,,,,,,,,
20,20258,5,0,0,0,,,,,,,,
20,20258,6,NA,NA,NA,,,,,,,,
20,20258,7,1,1,0,,,,,,,,
20,20258,8,0,0,0,,,,,,,,
20,20258,9,0,0,0,,,,,,,,
20,20259,1,14,14,0,,,,,,,,
20,20259,2,0,0,0,,,,,,,,
20,20259,3,0,0,0,,,,,,,,
20,20259,4,0,0,0,,,,,,,,
20,20259,5,0,0,0,,,,,,,,
20,20259,6,NA,NA,NA,,,,,,,,
20,20259,7,1,1,0,,,,,,,,
20,20259,8,0,0,0,,,,,,,,
20,20259,9,0,0,0,,,,,,,,
20,20260,1,12,12,0,,,,,,,,
20,20260,2,0,0,0,,,,,,,,
20,20260,3,0,0,0,,,,,,,,
20,20260,4,0,0,0,,,,,,,,
20,20260,5,0,0,0,,,,,,,,
20,20260,6,NA,NA,NA,,,,,,,,
20,20260,7,1,1,0,,,,,,,,
20,20260,8,0,0,0,,,,,,,,
20,20260,9,0,0,0,,,,,,,,
20,20261,1,17,17,0,,,,,,,,
20,20261,2,0,0,0,,,,,,,,
20,20261,3,0,0,0,,,,,,,,
20,20261,4,0,0,0,,,,,,,,
20,20261,5,0,0,0,,,,,,,,
20,20261,6,NA,NA,NA,,,,,,,,
20,20261,7,3,2,1,,,,,,,,
20,20261,8,0,0,0,,,,,,,,
20,20261,9,0,0,0,,,,,,,,
20,20262,1,9,6,3,,,,,,,,
20,20262,2,0,0,0,,,,,,,,
20,20262,3,0,0,0,,,,,,,,
20,20262,4,0,0,0,,,,,,,,
20,20262,5,0,0,0,,,,,,,,
20,20262,6,NA,NA,NA,,,,,,,,
20,20262,7,0,0,0,,,,,,,,
20,20262,8,0,0,0,,,,,,,,
20,20262,9,0,0,0,,,,,,,,
20,20263,1,12,10,2,,,,,,,,
20,20263,2,0,0,0,,,,,,,,
20,20263,3,0,0,0,,,,,,,,
20,20263,4,0,0,0,,,,,,,,
20,20263,5,0,0,0,,,,,,,,
20,20263,6,NA,NA,NA,,,,,,,,
20,20263,7,2,2,0,,,,,,,,
20,20263,8,0,0,0,,,,,,,,
20,20263,9,0,0,0,,,,,,,,
20,20264,1,8,6,2,,,,,,,,
20,20264,2,0,0,0,,,,,,,,
20,20264,3,0,0,0,,,,,,,,
20,20264,4,0,0,0,,,,,,,,
20,20264,5,0,0,0,,,,,,,,
20,20264,6,NA,NA,NA,,,,,,,,
20,20264,7,0,0,0,,,,,,,,
20,20264,8,0,0,0,,,,,,,,
20,20264,9,0,0,0,,,,,,,,
20,20265,1,9,9,0,,,,,,,,
20,20265,2,0,0,0,,,,,,,,
20,20265,3,0,0,0,,,,,,,,
20,20265,4,0,0,0,,,,,,,,
20,20265,5,0,0,0,,,,,,,,
20,20265,6,NA,NA,NA,,,,,,,,
20,20265,7,3,3,0,,,,,,,,
20,20265,8,0,0,0,,,,,,,,
20,20265,9,0,0,0,,,,,,,,
20,20266,1,23,21,2,,,,,,,,
20,20266,2,0,0,0,,,,,,,,
20,20266,3,0,0,0,,,,,,,,
20,20266,4,0,0,0,,,,,,,,
20,20266,5,0,0,0,,,,,,,,
20,20266,6,NA,NA,NA,,,,,,,,
20,20266,7,0,0,0,,,,,,,,
20,20266,8,0,0,0,,,,,,,,
20,20266,9,0,0,0,,,,,,,,
20,20267,1,8,8,0,,,,,,,,
20,20267,2,0,0,0,,,,,,,,
20,20267,3,0,0,0,,,,,,,,
20,20267,4,0,0,0,,,,,,,,
20,20267,5,0,0,0,,,,,,,,
20,20267,6,NA,NA,NA,,,,,,,,
20,20267,7,1,1,0,,,,,,,,
20,20267,8,0,0,0,,,,,,,,
20,20267,9,0,0,0,,,,,,,,
20,20268,1,12,12,0,,,,,,,,
20,20268,2,0,0,0,,,,,,,,
20,20268,3,0,0,0,,,,,,,,
20,20268,4,0,0,0,,,,,,,,
20,20268,5,0,0,0,,,,,,,,
20,20268,6,NA,NA,NA,,,,,,,,
20,20268,7,1,1,0,,,,,,,,
20,20268,8,0,0,0,,,,,,,,
20,20268,9,0,0,0,,,,,,,,
20,20269,1,0,0,0,,,,,,,,
20,20269,2,0,0,0,,,,,,,,
20,20269,3,0,0,0,,,,,,,,
20,20269,4,0,0,0,,,,,,,,
20,20269,5,0,0,0,,,,,,,,
20,20269,6,NA,NA,NA,,,,,,,,
20,20269,7,0,0,0,,,,,,,,
20,20269,8,0,0,0,,,,,,,,
20,20269,9,0,0,0,,,,,,,,
20,20270,1,8,8,0,,,,,,,,
20,20270,2,0,0,0,,,,,,,,
20,20270,3,0,0,0,,,,,,,,
20,20270,4,0,0,0,,,,,,,,
20,20270,5,0,0,0,,,,,,,,
20,20270,6,NA,NA,NA,,,,,,,,
20,20270,7,1,1,0,,,,,,,,
20,20270,8,0,0,0,,,,,,,,
20,20270,9,0,0,0,,,,,,,,
20,20271,1,12,12,0,,,,,,,,
20,20271,2,0,0,0,,,,,,,,
20,20271,3,0,0,0,,,,,,,,
20,20271,4,0,0,0,,,,,,,,
20,20271,5,0,0,0,,,,,,,,
20,20271,6,NA,NA,NA,,,,,,,,
20,20271,7,4,4,0,,,,,,,,
20,20271,8,0,0,0,,,,,,,,
20,20271,9,0,0,0,,,,,,,,
20,20272,1,17,14,3,,,,,,,,
20,20272,2,0,0,0,,,,,,,,
20,20272,3,0,0,0,,,,,,,,
20,20272,4,0,0,0,,,,,,,,
20,20272,5,0,0,0,,,,,,,,
20,20272,6,NA,NA,NA,,,,,,,,
20,20272,7,4,4,0,,,,,,,,
20,20272,8,0,0,0,,,,,,,,
20,20272,9,0,0,0,,,,,,,,
20,20273,1,75,49,26,,,,,,,,
20,20273,2,0,0,0,,,,,,,,
20,20273,3,0,0,0,,,,,,,,
20,20273,4,0,0,0,,,,,,,,
20,20273,5,0,0,0,,,,,,,,
20,20273,6,NA,NA,NA,,,,,,,,
20,20273,7,0,0,0,,,,,,,,
20,20273,8,0,0,0,,,,,,,,
20,20273,9,0,0,0,,,,,,,,
20,20274,1,12,12,0,,,,,,,,
20,20274,2,0,0,0,,,,,,,,
20,20274,3,0,0,0,,,,,,,,
20,20274,4,0,0,0,,,,,,,,
20,20274,5,0,0,0,,,,,,,,
20,20274,6,NA,NA,NA,,,,,,,,
20,20274,7,1,1,0,,,,,,,,
20,20274,8,0,0,0,,,,,,,,
20,20274,9,0,0,0,,,,,,,,
20,20275,1,52,52,0,,,,,,,,
20,20275,2,0,0,0,,,,,,,,
20,20275,3,0,0,0,,,,,,,,
20,20275,4,0,0,0,,,,,,,,
20,20275,5,0,0,0,,,,,,,,
20,20275,6,NA,NA,NA,,,,,,,,
20,20275,7,3,3,0,,,,,,,,
20,20275,8,1,1,0,,,,,,,,
20,20275,9,0,0,0,,,,,,,,
20,20276,1,4,4,0,,,,,,,,
20,20276,2,0,0,0,,,,,,,,
20,20276,3,0,0,0,,,,,,,,
20,20276,4,0,0,0,,,,,,,,
20,20276,5,0,0,0,,,,,,,,
20,20276,6,NA,NA,NA,,,,,,,,
20,20276,7,0,0,0,,,,,,,,
20,20276,8,0,0,0,,,,,,,,
20,20276,9,0,0,0,,,,,,,,
20,20277,1,15,10,5,,,,,,,,
20,20277,2,0,0,0,,,,,,,,
20,20277,3,0,0,0,,,,,,,,
20,20277,4,0,0,0,,,,,,,,
20,20277,5,0,0,0,,,,,,,,
20,20277,6,NA,NA,NA,,,,,,,,
20,20277,7,1,1,0,,,,,,,,
20,20277,8,1,1,0,,,,,,,,
20,20277,9,0,0,0,,,,,,,,
20,20278,1,24,24,0,,,,,,,,
20,20278,2,0,0,0,,,,,,,,
20,20278,3,0,0,0,,,,,,,,
20,20278,4,0,0,0,,,,,,,,
20,20278,5,0,0,0,,,,,,,,
20,20278,6,NA,NA,NA,,,,,,,,
20,20278,7,1,1,0,,,,,,,,
20,20278,8,2,0,2,,,,,,,,
20,20278,9,0,0,0,,,,,,,,
20,20279,1,10,8,2,,,,,,,,
20,20279,2,0,0,0,,,,,,,,
20,20279,3,0,0,0,,,,,,,,
20,20279,4,0,0,0,,,,,,,,
20,20279,5,0,0,0,,,,,,,,
20,20279,6,NA,NA,NA,,,,,,,,
20,20279,7,0,0,0,,,,,,,,
20,20279,8,0,0,0,,,,,,,,
20,20279,9,0,0,0,,,,,,,,
20,20280,1,17,17,0,,,,,,,,
20,20280,2,0,0,0,,,,,,,,
20,20280,3,0,0,0,,,,,,,,
20,20280,4,0,0,0,,,,,,,,
20,20280,5,0,0,0,,,,,,,,
20,20280,6,NA,NA,NA,,,,,,,,
20,20280,7,4,4,0,,,,,,,,
20,20280,8,0,0,0,,,,,,,,
20,20280,9,0,0,0,,,,,,,,
20,20281,1,5,5,0,,,,,,,,
20,20281,2,0,0,0,,,,,,,,
20,20281,3,0,0,0,,,,,,,,
20,20281,4,0,0,0,,,,,,,,
20,20281,5,0,0,0,,,,,,,,
20,20281,6,NA,NA,NA,,,,,,,,
20,20281,7,1,1,0,,,,,,,,
20,20281,8,0,0,0,,,,,,,,
20,20281,9,0,0,0,,,,,,,,
20,20282,1,10,9,1,,,,,,,,
20,20282,2,0,0,0,,,,,,,,
20,20282,3,0,0,0,,,,,,,,
20,20282,4,0,0,0,,,,,,,,
20,20282,5,0,0,0,,,,,,,,
20,20282,6,NA,NA,NA,,,,,,,,
20,20282,7,1,1,0,,,,,,,,
20,20282,8,0,0,0,,,,,,,,
20,20282,9,0,0,0,,,,,,,,
20,20283,1,4,4,0,,,,,,,,
20,20283,2,0,0,0,,,,,,,,
20,20283,3,0,0,0,,,,,,,,
20,20283,4,0,0,0,,,,,,,,
20,20283,5,0,0,0,,,,,,,,
20,20283,6,NA,NA,NA,,,,,,,,
20,20283,7,1,1,0,,,,,,,,
20,20283,8,0,0,0,,,,,,,,
20,20283,9,0,0,0,,,,,,,,
20,20284,1,12,12,0,,,,,,,,
20,20284,2,0,0,0,,,,,,,,
20,20284,3,0,0,0,,,,,,,,
20,20284,4,0,0,0,,,,,,,,
20,20284,5,0,0,0,,,,,,,,
20,20284,6,NA,NA,NA,,,,,,,,
20,20284,7,1,1,0,,,,,,,,
20,20284,8,0,0,0,,,,,,,,
20,20284,9,0,0,0,,,,,,,,
20,20285,1,12,12,0,,,,,,,,
20,20285,2,0,0,0,,,,,,,,
20,20285,3,0,0,0,,,,,,,,
20,20285,4,0,0,0,,,,,,,,
20,20285,5,0,0,0,,,,,,,,
20,20285,6,NA,NA,NA,,,,,,,,
20,20285,7,3,2,1,,,,,,,,
20,20285,8,0,0,0,,,,,,,,
20,20285,9,0,0,0,,,,,,,,
20,20286,1,9,7,2,,,,,,,,
20,20286,2,0,0,0,,,,,,,,
20,20286,3,0,0,0,,,,,,,,
20,20286,4,0,0,0,,,,,,,,
20,20286,5,0,0,0,,,,,,,,
20,20286,6,NA,NA,NA,,,,,,,,
20,20286,7,1,1,0,,,,,,,,
20,20286,8,0,0,0,,,,,,,,
20,20286,9,0,0,0,,,,,,,,
20,20287,1,5,5,0,,,,,,,,
20,20287,2,0,0,0,,,,,,,,
20,20287,3,0,0,0,,,,,,,,
20,20287,4,0,0,0,,,,,,,,
20,20287,5,0,0,0,,,,,,,,
20,20287,6,NA,NA,NA,,,,,,,,
20,20287,7,1,1,0,,,,,,,,
20,20287,8,0,0,0,,,,,,,,
20,20287,9,0,0,0,,,,,,,,
20,20288,1,2,2,0,,,,,,,,
20,20288,2,0,0,0,,,,,,,,
20,20288,3,0,0,0,,,,,,,,
20,20288,4,0,0,0,,,,,,,,
20,20288,5,0,0,0,,,,,,,,
20,20288,6,NA,NA,NA,,,,,,,,
20,20288,7,2,2,0,,,,,,,,
20,20288,8,0,0,0,,,,,,,,
20,20288,9,4,4,0,,,,,,,,
20,20289,1,8,8,0,,,,,,,,
20,20289,2,0,0,0,,,,,,,,
20,20289,3,0,0,0,,,,,,,,
20,20289,4,0,0,0,,,,,,,,
20,20289,5,0,0,0,,,,,,,,
20,20289,6,NA,NA,NA,,,,,,,,
20,20289,7,1,0,1,,,,,,,,
20,20289,8,0,0,0,,,,,,,,
20,20289,9,0,0,0,,,,,,,,
20,20290,1,11,11,0,,,,,,,,
20,20290,2,0,0,0,,,,,,,,
20,20290,3,0,0,0,,,,,,,,
20,20290,4,0,0,0,,,,,,,,
20,20290,5,0,0,0,,,,,,,,
20,20290,6,NA,NA,NA,,,,,,,,
20,20290,7,1,1,0,,,,,,,,
20,20290,8,0,0,0,,,,,,,,
20,20290,9,0,0,0,,,,,,,,
20,20291,1,9,9,0,,,,,,,,
20,20291,2,0,0,0,,,,,,,,
20,20291,3,0,0,0,,,,,,,,
20,20291,4,0,0,0,,,,,,,,
20,20291,5,0,0,0,,,,,,,,
20,20291,6,NA,NA,NA,,,,,,,,
20,20291,7,2,2,0,,,,,,,,
20,20291,8,0,0,0,,,,,,,,
20,20291,9,0,0,0,,,,,,,,
20,20292,1,11,8,3,,,,,,,,
20,20292,2,0,0,0,,,,,,,,
20,20292,3,0,0,0,,,,,,,,
20,20292,4,0,0,0,,,,,,,,
20,20292,5,0,0,0,,,,,,,,
20,20292,6,NA,NA,NA,,,,,,,,
20,20292,7,1,1,0,,,,,,,,
20,20292,8,0,0,0,,,,,,,,
20,20292,9,0,0,0,,,,,,,,
20,20293,1,22,18,4,,,,,,,,
20,20293,2,0,0,0,,,,,,,,
20,20293,3,0,0,0,,,,,,,,
20,20293,4,0,0,0,,,,,,,,
20,20293,5,0,0,0,,,,,,,,
20,20293,6,2,1,1,,,,,,,,
20,20293,7,4,4,0,,,,,,,,
20,20293,8,1,1,0,,,,,,,,
20,20293,9,0,0,0,,,,,,,,
20,20294,1,20,15,5,,,,,,,,
20,20294,2,0,0,0,,,,,,,,
20,20294,3,0,0,0,,,,,,,,
20,20294,4,0,0,0,,,,,,,,
20,20294,5,0,0,0,,,,,,,,
20,20294,6,NA,NA,NA,,,,,,,,
20,20294,7,1,1,0,,,,,,,,
20,20294,8,0,0,0,,,,,,,,
20,20294,9,0,0,0,,,,,,,,
20,20295,1,22,18,4,,,,,,,,
20,20295,2,2,2,0,,,,,,,,
20,20295,3,0,0,0,,,,,,,,
20,20295,4,0,0,0,,,,,,,,
20,20295,5,0,0,0,,,,,,,,
20,20295,6,NA,NA,NA,,,,,,,,
20,20295,7,2,2,0,,,,,,,,
20,20295,8,2,2,0,,,,,,,,
20,20295,9,1,1,0,,,,,,,,
20,20296,1,4,4,0,,,,,,,,
20,20296,2,0,0,0,,,,,,,,
20,20296,3,0,0,0,,,,,,,,
20,20296,4,0,0,0,,,,,,,,
20,20296,5,0,0,0,,,,,,,,
20,20296,6,NA,NA,NA,,,,,,,,
20,20296,7,3,3,0,,,,,,,,
20,20296,8,0,0,0,,,,,,,,
20,20296,9,0,0,0,,,,,,,,
20,20297,1,6,6,0,,,,,,,,
20,20297,2,0,0,0,,,,,,,,
20,20297,3,0,0,0,,,,,,,,
20,20297,4,0,0,0,,,,,,,,
20,20297,5,0,0,0,,,,,,,,
20,20297,6,NA,NA,NA,,,,,,,,
20,20297,7,1,1,0,,,,,,,,
20,20297,8,0,0,0,,,,,,,,
20,20297,9,0,0,0,,,,,,,,
20,20298,1,18,12,6,,,,,,,,
20,20298,2,0,0,0,,,,,,,,
20,20298,3,0,0,0,,,,,,,,
20,20298,4,0,0,0,,,,,,,,
20,20298,5,0,0,0,,,,,,,,
20,20298,6,NA,NA,NA,,,,,,,,
20,20298,7,1,1,0,,,,,,,,
20,20298,8,0,0,0,,,,,,,,
20,20298,9,0,0,0,,,,,,,,
20,20299,1,24,24,0,,,,,,,,
20,20299,2,0,0,0,,,,,,,,
20,20299,3,0,0,0,,,,,,,,
20,20299,4,0,0,0,,,,,,,,
20,20299,5,0,0,0,,,,,,,,
20,20299,6,NA,NA,NA,,,,,,,,
20,20299,7,4,4,0,,,,,,,,
20,20299,8,0,0,0,,,,,,,,
20,20299,9,0,0,0,,,,,,,,
20,20300,1,16,16,0,,,,,,,,
20,20300,2,0,0,0,,,,,,,,
20,20300,3,0,0,0,,,,,,,,
20,20300,4,0,0,0,,,,,,,,
20,20300,5,0,0,0,,,,,,,,
20,20300,6,NA,NA,NA,,,,,,,,
20,20300,7,1,0,1,,,,,,,,
20,20300,8,0,0,0,,,,,,,,
20,20300,9,0,0,0,,,,,,,,
20,20301,1,8,6,2,,,,,,,,
20,20301,2,0,0,0,,,,,,,,
20,20301,3,0,0,0,,,,,,,,
20,20301,4,0,0,0,,,,,,,,
20,20301,5,0,0,0,,,,,,,,
20,20301,6,NA,NA,NA,,,,,,,,
20,20301,7,2,2,0,,,,,,,,
20,20301,8,0,0,0,,,,,,,,
20,20301,9,0,0,0,,,,,,,,
20,20302,1,9,9,0,,,,,,,,
20,20302,2,0,0,0,,,,,,,,
20,20302,3,0,0,0,,,,,,,,
20,20302,4,0,0,0,,,,,,,,
20,20302,5,0,0,0,,,,,,,,
20,20302,6,NA,NA,NA,,,,,,,,
20,20302,7,2,2,0,,,,,,,,
20,20302,8,0,0,0,,,,,,,,
20,20302,9,0,0,0,,,,,,,,
20,20303,1,10,10,0,,,,,,,,
20,20303,2,0,0,0,,,,,,,,
20,20303,3,0,0,0,,,,,,,,
20,20303,4,0,0,0,,,,,,,,
20,20303,5,0,0,0,,,,,,,,
20,20303,6,NA,NA,NA,,,,,,,,
20,20303,7,2,2,0,,,,,,,,
20,20303,8,0,0,0,,,,,,,,
20,20303,9,0,0,0,,,,,,,,
20,20304,1,6,3,3,,,,,,,,
20,20304,2,0,0,0,,,,,,,,
20,20304,3,0,0,0,,,,,,,,
20,20304,4,0,0,0,,,,,,,,
20,20304,5,0,0,0,,,,,,,,
20,20304,6,NA,NA,NA,,,,,,,,
20,20304,7,0,0,0,,,,,,,,
20,20304,8,0,0,0,,,,,,,,
20,20304,9,0,0,0,,,,,,,,
20,20305,1,17,12,5,,,,,,,,
20,20305,2,0,0,0,,,,,,,,
20,20305,3,0,0,0,,,,,,,,
20,20305,4,0,0,0,,,,,,,,
20,20305,5,0,0,0,,,,,,,,
20,20305,6,NA,NA,NA,,,,,,,,
20,20305,7,4,3,1,,,,,,,,
20,20305,8,0,0,0,,,,,,,,
20,20305,9,0,0,0,,,,,,,,
20,20306,1,11,10,1,,,,,,,,
20,20306,2,0,0,0,,,,,,,,
20,20306,3,0,0,0,,,,,,,,
20,20306,4,0,0,0,,,,,,,,
20,20306,5,0,0,0,,,,,,,,
20,20306,6,NA,NA,NA,,,,,,,,
20,20306,7,1,1,0,,,,,,,,
20,20306,8,0,0,0,,,,,,,,
20,20306,9,0,0,0,,,,,,,,
20,20307,1,24,18,6,,,,,,,,
20,20307,2,0,0,0,,,,,,,,
20,20307,3,0,0,0,,,,,,,,
20,20307,4,0,0,0,,,,,,,,
20,20307,5,0,0,0,,,,,,,,
20,20307,6,NA,NA,NA,,,,,,,,
20,20307,7,0,0,0,,,,,,,,
20,20307,8,0,0,0,,,,,,,,
20,20307,9,0,0,0,,,,,,,,
20,20308,1,14,14,0,,,,,,,,
20,20308,2,0,0,0,,,,,,,,
20,20308,3,0,0,0,,,,,,,,
20,20308,4,0,0,0,,,,,,,,
20,20308,5,0,0,0,,,,,,,,
20,20308,6,NA,NA,NA,,,,,,,,
20,20308,7,1,0,1,,,,,,,,
20,20308,8,0,0,0,,,,,,,,
20,20308,9,0,0,0,,,,,,,,
20,20309,1,33,33,0,,,,,,,,
20,20309,2,0,0,0,,,,,,,,
20,20309,3,0,0,0,,,,,,,,
20,20309,4,0,0,0,,,,,,,,
20,20309,5,0,0,0,,,,,,,,
20,20309,6,NA,NA,NA,,,,,,,,
20,20309,7,3,3,0,,,,,,,,
20,20309,8,0,0,0,,,,,,,,
20,20309,9,0,0,0,,,,,,,,
20,20310,1,18,13,5,,,,,,,,
20,20310,2,0,0,0,,,,,,,,
20,20310,3,0,0,0,,,,,,,,
20,20310,4,0,0,0,,,,,,,,
20,20310,5,0,0,0,,,,,,,,
20,20310,6,NA,NA,NA,,,,,,,,
20,20310,7,4,4,0,,,,,,,,
20,20310,8,1,1,0,,,,,,,,
20,20310,9,2,1,1,,,,,,,,
20,20311,1,6,6,0,,,,,,,,
20,20311,2,0,0,0,,,,,,,,
20,20311,3,0,0,0,,,,,,,,
20,20311,4,0,0,0,,,,,,,,
20,20311,5,0,0,0,,,,,,,,
20,20311,6,NA,NA,NA,,,,,,,,
20,20311,7,1,1,0,,,,,,,,
20,20311,8,0,0,0,,,,,,,,
20,20311,9,0,0,0,,,,,,,,
20,20312,1,25,23,2,,,,,,,,
20,20312,2,0,0,0,,,,,,,,
20,20312,3,0,0,0,,,,,,,,
20,20312,4,0,0,0,,,,,,,,
20,20312,5,0,0,0,,,,,,,,
20,20312,6,NA,NA,NA,,,,,,,,
20,20312,7,2,2,0,,,,,,,,
20,20312,8,0,0,0,,,,,,,,
20,20312,9,0,0,0,,,,,,,,
20,20313,1,8,8,0,,,,,,,,
20,20313,2,0,0,0,,,,,,,,
20,20313,3,0,0,0,,,,,,,,
20,20313,4,0,0,0,,,,,,,,
20,20313,5,0,0,0,,,,,,,,
20,20313,6,NA,NA,NA,,,,,,,,
20,20313,7,1,1,0,,,,,,,,
20,20313,8,0,0,0,,,,,,,,
20,20313,9,0,0,0,,,,,,,,
20,20314,1,10,8,2,,,,,,,,
20,20314,2,0,0,0,,,,,,,,
20,20314,3,0,0,0,,,,,,,,
20,20314,4,0,0,0,,,,,,,,
20,20314,5,0,0,0,,,,,,,,
20,20314,6,NA,NA,NA,,,,,,,,
20,20314,7,1,1,0,,,,,,,,
20,20314,8,0,0,0,,,,,,,,
20,20314,9,0,0,0,,,,,,,,
20,20315,1,8,8,0,,,,,,,,
20,20315,2,0,0,0,,,,,,,,
20,20315,3,0,0,0,,,,,,,,
20,20315,4,0,0,0,,,,,,,,
20,20315,5,0,0,0,,,,,,,,
20,20315,6,NA,NA,NA,,,,,,,,
20,20315,7,2,2,0,,,,,,,,
20,20315,8,0,0,0,,,,,,,,
20,20315,9,0,0,0,,,,,,,,
20,20316,1,8,8,0,,,,,,,,
20,20316,2,0,0,0,,,,,,,,
20,20316,3,0,0,0,,,,,,,,
20,20316,4,0,0,0,,,,,,,,
20,20316,5,0,0,0,,,,,,,,
20,20316,6,NA,NA,NA,,,,,,,,
20,20316,7,2,2,0,,,,,,,,
20,20316,8,0,0,0,,,,,,,,
20,20316,9,0,0,0,,,,,,,,
20,20317,1,10,10,0,,,,,,,,
20,20317,2,0,0,0,,,,,,,,
20,20317,3,0,0,0,,,,,,,,
20,20317,4,0,0,0,,,,,,,,
20,20317,5,0,0,0,,,,,,,,
20,20317,6,NA,NA,NA,,,,,,,,
20,20317,7,1,1,0,,,,,,,,
20,20317,8,0,0,0,,,,,,,,
20,20317,9,0,0,0,,,,,,,,
20,20318,1,80,57,23,,,,,,,,
20,20318,2,0,0,0,,,,,,,,
20,20318,3,0,0,0,,,,,,,,
20,20318,4,0,0,0,,,,,,,,
20,20318,5,0,0,0,,,,,,,,
20,20318,6,NA,NA,NA,,,,,,,,
20,20318,7,1,1,0,,,,,,,,
20,20318,8,0,0,0,,,,,,,,
20,20318,9,0,0,0,,,,,,,,
20,20319,1,12,12,0,,,,,,,,
20,20319,2,0,0,0,,,,,,,,
20,20319,3,0,0,0,,,,,,,,
20,20319,4,0,0,0,,,,,,,,
20,20319,5,0,0,0,,,,,,,,
20,20319,6,NA,NA,NA,,,,,,,,
20,20319,7,2,2,0,,,,,,,,
20,20319,8,0,0,0,,,,,,,,
20,20319,9,0,0,0,,,,,,,,
20,20320,1,7,6,1,,,,,,,,
20,20320,2,0,0,0,,,,,,,,
20,20320,3,0,0,0,,,,,,,,
20,20320,4,0,0,0,,,,,,,,
20,20320,5,0,0,0,,,,,,,,
20,20320,6,NA,NA,NA,,,,,,,,
20,20320,7,1,1,0,,,,,,,,
20,20320,8,0,0,0,,,,,,,,
20,20320,9,0,0,0,,,,,,,,
20,20321,1,8,8,0,,,,,,,,
20,20321,2,0,0,0,,,,,,,,
20,20321,3,0,0,0,,,,,,,,
20,20321,4,0,0,0,,,,,,,,
20,20321,5,0,0,0,,,,,,,,
20,20321,6,NA,NA,NA,,,,,,,,
20,20321,7,1,0,1,,,,,,,,
20,20321,8,0,0,0,,,,,,,,
20,20321,9,0,0,0,,,,,,,,
20,20322,1,4,4,0,,,,,,,,
20,20322,2,0,0,0,,,,,,,,
20,20322,3,0,0,0,,,,,,,,
20,20322,4,0,0,0,,,,,,,,
20,20322,5,0,0,0,,,,,,,,
20,20322,6,NA,NA,NA,,,,,,,,
20,20322,7,0,0,0,,,,,,,,
20,20322,8,0,0,0,,,,,,,,
20,20322,9,0,0,0,,,,,,,,
20,20323,1,20,20,0,,,,,,,,
20,20323,2,0,0,0,,,,,,,,
20,20323,3,0,0,0,,,,,,,,
20,20323,4,0,0,0,,,,,,,,
20,20323,5,0,0,0,,,,,,,,
20,20323,6,NA,NA,NA,,,,,,,,
20,20323,7,2,2,0,,,,,,,,
20,20323,8,1,1,0,,,,,,,,
20,20323,9,0,0,0,,,,,,,,
20,20324,1,49,43,6,,,,,,,,
20,20324,2,10,5,5,,,,,,,,
20,20324,3,0,0,0,,,,,,,,
20,20324,4,0,0,0,,,,,,,,
20,20324,5,0,0,0,,,,,,,,
20,20324,6,NA,NA,NA,,,,,,,,
20,20324,7,4,4,0,,,,,,,,
20,20324,8,0,0,0,,,,,,,,
20,20324,9,0,0,0,,,,,,,,
20,20325,1,82,82,0,,,,,,,,
20,20325,2,0,0,0,,,,,,,,
20,20325,3,0,0,0,,,,,,,,
20,20325,4,0,0,0,,,,,,,,
20,20325,5,0,0,0,,,,,,,,
20,20325,6,NA,NA,NA,,,,,,,,
20,20325,7,3,3,0,,,,,,,,
20,20325,8,0,0,0,,,,,,,,
20,20325,9,0,0,0,,,,,,,,
20,20326,1,11,9,2,,,,,,,,
20,20326,2,0,0,0,,,,,,,,
20,20326,3,0,0,0,,,,,,,,
20,20326,4,0,0,0,,,,,,,,
20,20326,5,0,0,0,,,,,,,,
20,20326,6,NA,NA,NA,,,,,,,,
20,20326,7,1,1,0,,,,,,,,
20,20326,8,0,0,0,,,,,,,,
20,20326,9,0,0,0,,,,,,,,
20,20327,1,18,16,2,,,,,,,,
20,20327,2,0,0,0,,,,,,,,
20,20327,3,0,0,0,,,,,,,,
20,20327,4,0,0,0,,,,,,,,
20,20327,5,0,0,0,,,,,,,,
20,20327,6,NA,NA,NA,,,,,,,,
20,20327,7,3,2,1,,,,,,,,
20,20327,8,1,0,1,,,,,,,,
20,20327,9,0,0,0,,,,,,,,
20,20328,1,12,12,0,,,,,,,,
20,20328,2,0,0,0,,,,,,,,
20,20328,3,0,0,0,,,,,,,,
20,20328,4,0,0,0,,,,,,,,
20,20328,5,0,0,0,,,,,,,,
20,20328,6,NA,NA,NA,,,,,,,,
20,20328,7,0,0,0,,,,,,,,
20,20328,8,0,0,0,,,,,,,,
20,20328,9,0,0,0,,,,,,,,
20,20329,1,9,9,0,,,,,,,,
20,20329,2,0,0,0,,,,,,,,
20,20329,3,0,0,0,,,,,,,,
20,20329,4,0,0,0,,,,,,,,
20,20329,5,0,0,0,,,,,,,,
20,20329,6,NA,NA,NA,,,,,,,,
20,20329,7,3,3,0,,,,,,,,
20,20329,8,0,0,0,,,,,,,,
20,20329,9,0,0,0,,,,,,,,
20,20330,1,0,0,0,,,,,,,,
20,20330,2,0,0,0,,,,,,,,
20,20330,3,0,0,0,,,,,,,,
20,20330,4,0,0,0,,,,,,,,
20,20330,5,10,10,0,,,,,,,,
20,20330,6,0,0,0,,,,,,,,
20,20330,7,2,2,0,,,,,,,,
20,20330,8,0,0,0,,,,,,,,
20,20330,9,0,0,0,,,,,,,,
20,20331,1,10,10,0,,,,,,,,
20,20331,2,0,0,0,,,,,,,,
20,20331,3,0,0,0,,,,,,,,
20,20331,4,0,0,0,,,,,,,,
20,20331,5,0,0,0,,,,,,,,
20,20331,6,NA,NA,NA,,,,,,,,
20,20331,7,2,2,0,,,,,,,,
20,20331,8,0,0,0,,,,,,,,
20,20331,9,0,0,0,,,,,,,,
20,20332,1,6,6,0,,,,,,,,
20,20332,2,0,0,0,,,,,,,,
20,20332,3,0,0,0,,,,,,,,
20,20332,4,0,0,0,,,,,,,,
20,20332,5,0,0,0,,,,,,,,
20,20332,6,NA,NA,NA,,,,,,,,
20,20332,7,1,1,0,,,,,,,,
20,20332,8,0,0,0,,,,,,,,
20,20332,9,0,0,0,,,,,,,,
20,20333,1,56,56,0,,,,,,,,
20,20333,2,0,0,0,,,,,,,,
20,20333,3,0,0,0,,,,,,,,
20,20333,4,0,0,0,,,,,,,,
20,20333,5,0,0,0,,,,,,,,
20,20333,6,NA,NA,NA,,,,,,,,
20,20333,7,9,8,1,,,,,,,,
20,20333,8,0,0,0,,,,,,,,
20,20333,9,0,0,0,,,,,,,,
20,20334,1,44,38,6,,,,,,,,
20,20334,2,0,0,0,,,,,,,,
20,20334,3,0,0,0,,,,,,,,
20,20334,4,0,0,0,,,,,,,,
20,20334,5,0,0,0,,,,,,,,
20,20334,6,NA,NA,NA,,,,,,,,
20,20334,7,1,1,0,,,,,,,,
20,20334,8,2,0,2,,,,,,,,
20,20334,9,0,0,0,,,,,,,,
20,20335,1,4,4,0,,,,,,,,
20,20335,2,0,0,0,,,,,,,,
20,20335,3,0,0,0,,,,,,,,
20,20335,4,0,0,0,,,,,,,,
20,20335,5,0,0,0,,,,,,,,
20,20335,6,NA,NA,NA,,,,,,,,
20,20335,7,1,1,0,,,,,,,,
20,20335,8,0,0,0,,,,,,,,
20,20335,9,0,0,0,,,,,,,,
20,20336,1,12,12,0,,,,,,,,
20,20336,2,0,0,0,,,,,,,,
20,20336,3,0,0,0,,,,,,,,
20,20336,4,0,0,0,,,,,,,,
20,20336,5,0,0,0,,,,,,,,
20,20336,6,NA,NA,NA,,,,,,,,
20,20336,7,4,4,0,,,,,,,,
20,20336,8,0,0,0,,,,,,,,
20,20336,9,2,2,0,,,,,,,,
20,20337,1,22,22,0,,,,,,,,
20,20337,2,0,0,0,,,,,,,,
20,20337,3,0,0,0,,,,,,,,
20,20337,4,0,0,0,,,,,,,,
20,20337,5,0,0,0,,,,,,,,
20,20337,6,NA,NA,NA,,,,,,,,
20,20337,7,2,2,0,,,,,,,,
20,20337,8,1,1,0,,,,,,,,
20,20337,9,0,0,0,,,,,,,,
20,20338,1,0,0,0,,,,,,,,
20,20338,2,0,0,0,,,,,,,,
20,20338,3,0,0,0,,,,,,,,
20,20338,4,0,0,0,,,,,,,,
20,20338,5,0,0,0,,,,,,,,
20,20338,6,16,12,4,,,,,,,,
20,20338,7,0,0,0,,,,,,,,
20,20338,8,0,0,0,,,,,,,,
20,20338,9,0,0,0,,,,,,,,
20,20339,1,14,13,1,,,,,,,,
20,20339,2,0,0,0,,,,,,,,
20,20339,3,0,0,0,,,,,,,,
20,20339,4,0,0,0,,,,,,,,
20,20339,5,0,0,0,,,,,,,,
20,20339,6,NA,NA,NA,,,,,,,,
20,20339,7,1,0,1,,,,,,,,
20,20339,8,0,0,0,,,,,,,,
20,20339,9,0,0,0,,,,,,,,
20,20340,1,6,6,0,,,,,,,,
20,20340,2,0,0,0,,,,,,,,
20,20340,3,0,0,0,,,,,,,,
20,20340,4,0,0,0,,,,,,,,
20,20340,5,0,0,0,,,,,,,,
20,20340,6,NA,NA,NA,,,,,,,,
20,20340,7,1,1,0,,,,,,,,
20,20340,8,0,0,0,,,,,,,,
20,20340,9,0,0,0,,,,,,,,
20,20341,1,4,4,0,,,,,,,,
20,20341,2,0,0,0,,,,,,,,
20,20341,3,0,0,0,,,,,,,,
20,20341,4,0,0,0,,,,,,,,
20,20341,5,0,0,0,,,,,,,,
20,20341,6,NA,NA,NA,,,,,,,,
20,20341,7,1,1,0,,,,,,,,
20,20341,8,0,0,0,,,,,,,,
20,20341,9,0,0,0,,,,,,,,
20,20342,1,16,13,3,,,,,,,,
20,20342,2,0,0,0,,,,,,,,
20,20342,3,0,0,0,,,,,,,,
20,20342,4,0,0,0,,,,,,,,
20,20342,5,0,0,0,,,,,,,,
20,20342,6,NA,NA,NA,,,,,,,,
20,20342,7,4,2,2,,,,,,,,
20,20342,8,1,1,0,,,,,,,,
20,20342,9,0,0,0,,,,,,,,
20,20343,1,10,10,0,,,,,,,,
20,20343,2,0,0,0,,,,,,,,
20,20343,3,0,0,0,,,,,,,,
20,20343,4,0,0,0,,,,,,,,
20,20343,5,4,4,0,,,,,,,,
20,20343,6,NA,NA,NA,,,,,,,,
20,20343,7,0,0,0,,,,,,,,
20,20343,8,0,0,0,,,,,,,,
20,20343,9,0,0,0,,,,,,,,
20,20344,1,10,10,0,,,,,,,,
20,20344,2,0,0,0,,,,,,,,
20,20344,3,0,0,0,,,,,,,,
20,20344,4,0,0,0,,,,,,,,
20,20344,5,0,0,0,,,,,,,,
20,20344,6,NA,NA,NA,,,,,,,,
20,20344,7,2,2,0,,,,,,,,
20,20344,8,0,0,0,,,,,,,,
20,20344,9,0,0,0,,,,,,,,
20,20345,1,14,13,1,,,,,,,,
20,20345,2,0,0,0,,,,,,,,
20,20345,3,0,0,0,,,,,,,,
20,20345,4,0,0,0,,,,,,,,
20,20345,5,0,0,0,,,,,,,,
20,20345,6,NA,NA,NA,,,,,,,,
20,20345,7,1,1,0,,,,,,,,
20,20345,8,0,0,0,,,,,,,,
20,20345,9,0,0,0,,,,,,,,
20,20346,1,8,8,0,,,,,,,,
20,20346,2,0,0,0,,,,,,,,
20,20346,3,0,0,0,,,,,,,,
20,20346,4,0,0,0,,,,,,,,
20,20346,5,0,0,0,,,,,,,,
20,20346,6,NA,NA,NA,,,,,,,,
20,20346,7,1,1,0,,,,,,,,
20,20346,8,0,0,0,,,,,,,,
20,20346,9,0,0,0,,,,,,,,
20,20347,1,10,10,0,,,,,,,,
20,20347,2,0,0,0,,,,,,,,
20,20347,3,0,0,0,,,,,,,,
20,20347,4,0,0,0,,,,,,,,
20,20347,5,12,12,0,,,,,,,,
20,20347,6,NA,NA,NA,,,,,,,,
20,20347,7,2,2,0,,,,,,,,
20,20347,8,0,0,0,,,,,,,,
20,20347,9,0,0,0,,,,,,,,
20,20348,1,11,9,2,,,,,,,,
20,20348,2,0,0,0,,,,,,,,
20,20348,3,0,0,0,,,,,,,,
20,20348,4,0,0,0,,,,,,,,
20,20348,5,0,0,0,,,,,,,,
20,20348,6,NA,NA,NA,,,,,,,,
20,20348,7,1,1,0,,,,,,,,
20,20348,8,0,0,0,,,,,,,,
20,20348,9,0,0,0,,,,,,,,
20,20349,1,14,12,2,,,,,,,,
20,20349,2,0,0,0,,,,,,,,
20,20349,3,0,0,0,,,,,,,,
20,20349,4,0,0,0,,,,,,,,
20,20349,5,9,9,0,,,,,,,,
20,20349,6,NA,NA,NA,,,,,,,,
20,20349,7,1,1,0,,,,,,,,
20,20349,8,0,0,0,,,,,,,,
20,20349,9,0,0,0,,,,,,,,
20,20350,1,25,21,4,,,,,,,,
20,20350,2,0,0,0,,,,,,,,
20,20350,3,0,0,0,,,,,,,,
20,20350,4,0,0,0,,,,,,,,
20,20350,5,0,0,0,,,,,,,,
20,20350,6,NA,NA,NA,,,,,,,,
20,20350,7,5,5,0,,,,,,,,
20,20350,8,0,0,0,,,,,,,,
20,20350,9,0,0,0,,,,,,,,
20,20351,1,35,32,3,,,,,,,,
20,20351,2,0,0,0,,,,,,,,
20,20351,3,0,0,0,,,,,,,,
20,20351,4,0,0,0,,,,,,,,
20,20351,5,0,0,0,,,,,,,,
20,20351,6,NA,NA,NA,,,,,,,,
20,20351,7,0,0,0,,,,,,,,
20,20351,8,0,0,0,,,,,,,,
20,20351,9,0,0,0,,,,,,,,
20,20352,1,16,16,0,,,,,,,,
20,20352,2,0,0,0,,,,,,,,
20,20352,3,0,0,0,,,,,,,,
20,20352,4,0,0,0,,,,,,,,
20,20352,5,0,0,0,,,,,,,,
20,20352,6,NA,NA,NA,,,,,,,,
20,20352,7,1,1,0,,,,,,,,
20,20352,8,0,0,0,,,,,,,,
20,20352,9,0,0,0,,,,,,,,
20,20353,1,24,21,3,,,,,,,,
20,20353,2,0,0,0,,,,,,,,
20,20353,3,0,0,0,,,,,,,,
20,20353,4,0,0,0,,,,,,,,
20,20353,5,0,0,0,,,,,,,,
20,20353,6,NA,NA,NA,,,,,,,,
20,20353,7,3,3,0,,,,,,,,
20,20353,8,0,0,0,,,,,,,,
20,20353,9,0,0,0,,,,,,,,
20,20354,1,9,9,0,,,,,,,,
20,20354,2,0,0,0,,,,,,,,
20,20354,3,0,0,0,,,,,,,,
20,20354,4,0,0,0,,,,,,,,
20,20354,5,0,0,0,,,,,,,,
20,20354,6,NA,NA,NA,,,,,,,,
20,20354,7,0,0,0,,,,,,,,
20,20354,8,0,0,0,,,,,,,,
20,20354,9,0,0,0,,,,,,,,
20,20355,1,0,0,0,,,,,,,,
20,20355,2,0,0,0,,,,,,,,
20,20355,3,0,0,0,,,,,,,,
20,20355,4,0,0,0,,,,,,,,
20,20355,5,5,5,0,,,,,,,,
20,20355,6,0,0,0,,,,,,,,
20,20355,7,2,2,0,,,,,,,,
20,20355,8,0,0,0,,,,,,,,
20,20355,9,0,0,0,,,,,,,,
20,20356,1,8,6,2,,,,,,,,
20,20356,2,0,0,0,,,,,,,,
20,20356,3,0,0,0,,,,,,,,
20,20356,4,0,0,0,,,,,,,,
20,20356,5,2,1,1,,,,,,,,
20,20356,6,NA,NA,NA,,,,,,,,
20,20356,7,2,2,0,,,,,,,,
20,20356,8,1,1,0,,,,,,,,
20,20356,9,0,0,0,,,,,,,,
20,20357,1,9,9,0,,,,,,,,
20,20357,2,0,0,0,,,,,,,,
20,20357,3,0,0,0,,,,,,,,
20,20357,4,0,0,0,,,,,,,,
20,20357,5,0,0,0,,,,,,,,
20,20357,6,NA,NA,NA,,,,,,,,
20,20357,7,4,3,1,,,,,,,,
20,20357,8,0,0,0,,,,,,,,
20,20357,9,0,0,0,,,,,,,,
20,20358,1,34,34,0,,,,,,,,
20,20358,2,0,0,0,,,,,,,,
20,20358,3,0,0,0,,,,,,,,
20,20358,4,0,0,0,,,,,,,,
20,20358,5,0,0,0,,,,,,,,
20,20358,6,NA,NA,NA,,,,,,,,
20,20358,7,1,1,0,,,,,,,,
20,20358,8,0,0,0,,,,,,,,
20,20358,9,0,0,0,,,,,,,,
20,20359,1,17,17,0,,,,,,,,
20,20359,2,0,0,0,,,,,,,,
20,20359,3,0,0,0,,,,,,,,
20,20359,4,0,0,0,,,,,,,,
20,20359,5,0,0,0,,,,,,,,
20,20359,6,NA,NA,NA,,,,,,,,
20,20359,7,2,2,0,,,,,,,,
20,20359,8,0,0,0,,,,,,,,
20,20359,9,0,0,0,,,,,,,,
20,20360,1,12,12,0,,,,,,,,
20,20360,2,0,0,0,,,,,,,,
20,20360,3,0,0,0,,,,,,,,
20,20360,4,0,0,0,,,,,,,,
20,20360,5,0,0,0,,,,,,,,
20,20360,6,NA,NA,NA,,,,,,,,
20,20360,7,2,2,0,,,,,,,,
20,20360,8,0,0,0,,,,,,,,
20,20360,9,0,0,0,,,,,,,,
20,20361,1,14,14,0,,,,,,,,
20,20361,2,0,0,0,,,,,,,,
20,20361,3,0,0,0,,,,,,,,
20,20361,4,0,0,0,,,,,,,,
20,20361,5,0,0,0,,,,,,,,
20,20361,6,NA,NA,NA,,,,,,,,
20,20361,7,4,4,0,,,,,,,,
20,20361,8,0,0,0,,,,,,,,
20,20361,9,0,0,0,,,,,,,,
20,20362,1,28,27,1,,,,,,,,
20,20362,2,0,0,0,,,,,,,,
20,20362,3,0,0,0,,,,,,,,
20,20362,4,0,0,0,,,,,,,,
20,20362,5,0,0,0,,,,,,,,
20,20362,6,NA,NA,NA,,,,,,,,
20,20362,7,4,4,0,,,,,,,,
20,20362,8,0,0,0,,,,,,,,
20,20362,9,0,0,0,,,,,,,,
20,20363,1,13,13,0,,,,,,,,
20,20363,2,0,0,0,,,,,,,,
20,20363,3,0,0,0,,,,,,,,
20,20363,4,0,0,0,,,,,,,,
20,20363,5,0,0,0,,,,,,,,
20,20363,6,NA,NA,NA,,,,,,,,
20,20363,7,0,0,0,,,,,,,,
20,20363,8,0,0,0,,,,,,,,
20,20363,9,0,0,0,,,,,,,,
20,20364,1,20,17,3,,,,,,,,
20,20364,2,0,0,0,,,,,,,,
20,20364,3,0,0,0,,,,,,,,
20,20364,4,0,0,0,,,,,,,,
20,20364,5,0,0,0,,,,,,,,
20,20364,6,NA,NA,NA,,,,,,,,
20,20364,7,2,2,0,,,,,,,,
20,20364,8,0,0,0,,,,,,,,
20,20364,9,0,0,0,,,,,,,,
20,20365,1,7,7,0,,,,,,,,
20,20365,2,0,0,0,,,,,,,,
20,20365,3,0,0,0,,,,,,,,
20,20365,4,0,0,0,,,,,,,,
20,20365,5,0,0,0,,,,,,,,
20,20365,6,NA,NA,NA,,,,,,,,
20,20365,7,0,0,0,,,,,,,,
20,20365,8,0,0,0,,,,,,,,
20,20365,9,0,0,0,,,,,,,,
20,20366,1,36,36,0,,,,,,,,
20,20366,2,0,0,0,,,,,,,,
20,20366,3,0,0,0,,,,,,,,
20,20366,4,0,0,0,,,,,,,,
20,20366,5,0,0,0,,,,,,,,
20,20366,6,NA,NA,NA,,,,,,,,
20,20366,7,4,4,0,,,,,,,,
20,20366,8,0,0,0,,,,,,,,
20,20366,9,0,0,0,,,,,,,,
20,20367,1,17,15,2,,,,,,,,
20,20367,2,0,0,0,,,,,,,,
20,20367,3,0,0,0,,,,,,,,
20,20367,4,0,0,0,,,,,,,,
20,20367,5,0,0,0,,,,,,,,
20,20367,6,NA,NA,NA,,,,,,,,
20,20367,7,2,2,0,,,,,,,,
20,20367,8,0,0,0,,,,,,,,
20,20367,9,0,0,0,,,,,,,,
20,20368,1,8,6,2,,,,,,,,
20,20368,2,0,0,0,,,,,,,,
20,20368,3,0,0,0,,,,,,,,
20,20368,4,0,0,0,,,,,,,,
20,20368,5,0,0,0,,,,,,,,
20,20368,6,NA,NA,NA,,,,,,,,
20,20368,7,2,2,0,,,,,,,,
20,20368,8,0,0,0,,,,,,,,
20,20368,9,0,0,0,,,,,,,,
20,20369,1,12,10,2,,,,,,,,
20,20369,2,0,0,0,,,,,,,,
20,20369,3,0,0,0,,,,,,,,
20,20369,4,0,0,0,,,,,,,,
20,20369,5,0,0,0,,,,,,,,
20,20369,6,NA,NA,NA,,,,,,,,
20,20369,7,2,2,0,,,,,,,,
20,20369,8,0,0,0,,,,,,,,
20,20369,9,0,0,0,,,,,,,,
20,20370,1,15,15,0,,,,,,,,
20,20370,2,0,0,0,,,,,,,,
20,20370,3,0,0,0,,,,,,,,
20,20370,4,0,0,0,,,,,,,,
20,20370,5,0,0,0,,,,,,,,
20,20370,6,NA,NA,NA,,,,,,,,
20,20370,7,1,1,0,,,,,,,,
20,20370,8,0,0,0,,,,,,,,
20,20370,9,0,0,0,,,,,,,,
20,20371,1,10,10,0,,,,,,,,
20,20371,2,0,0,0,,,,,,,,
20,20371,3,0,0,0,,,,,,,,
20,20371,4,0,0,0,,,,,,,,
20,20371,5,0,0,0,,,,,,,,
20,20371,6,NA,NA,NA,,,,,,,,
20,20371,7,1,1,0,,,,,,,,
20,20371,8,0,0,0,,,,,,,,
20,20371,9,0,0,0,,,,,,,,
20,20372,1,9,9,0,,,,,,,,
20,20372,2,0,0,0,,,,,,,,
20,20372,3,0,0,0,,,,,,,,
20,20372,4,0,0,0,,,,,,,,
20,20372,5,0,0,0,,,,,,,,
20,20372,6,NA,NA,NA,,,,,,,,
20,20372,7,1,1,0,,,,,,,,
20,20372,8,0,0,0,,,,,,,,
20,20372,9,0,0,0,,,,,,,,
20,20373,1,6,5,1,,,,,,,,
20,20373,2,0,0,0,,,,,,,,
20,20373,3,0,0,0,,,,,,,,
20,20373,4,0,0,0,,,,,,,,
20,20373,5,0,0,0,,,,,,,,
20,20373,6,NA,NA,NA,,,,,,,,
20,20373,7,1,0,1,,,,,,,,
20,20373,8,0,0,0,,,,,,,,
20,20373,9,0,0,0,,,,,,,,
20,20374,1,10,10,0,,,,,,,,
20,20374,2,0,0,0,,,,,,,,
20,20374,3,0,0,0,,,,,,,,
20,20374,4,0,0,0,,,,,,,,
20,20374,5,0,0,0,,,,,,,,
20,20374,6,NA,NA,NA,,,,,,,,
20,20374,7,0,0,0,,,,,,,,
20,20374,8,0,0,0,,,,,,,,
20,20374,9,0,0,0,,,,,,,,
20,20375,1,30,26,4,,,,,,,,
20,20375,2,0,0,0,,,,,,,,
20,20375,3,0,0,0,,,,,,,,
20,20375,4,0,0,0,,,,,,,,
20,20375,5,0,0,0,,,,,,,,
20,20375,6,NA,NA,NA,,,,,,,,
20,20375,7,1,1,0,,,,,,,,
20,20375,8,1,0,1,,,,,,,,
20,20375,9,0,0,0,,,,,,,,
20,20376,1,6,6,0,,,,,,,,
20,20376,2,0,0,0,,,,,,,,
20,20376,3,0,0,0,,,,,,,,
20,20376,4,0,0,0,,,,,,,,
20,20376,5,0,0,0,,,,,,,,
20,20376,6,NA,NA,NA,,,,,,,,
20,20376,7,2,2,0,,,,,,,,
20,20376,8,0,0,0,,,,,,,,
20,20376,9,0,0,0,,,,,,,,
20,20377,1,8,6,2,,,,,,,,
20,20377,2,0,0,0,,,,,,,,
20,20377,3,0,0,0,,,,,,,,
20,20377,4,0,0,0,,,,,,,,
20,20377,5,0,0,0,,,,,,,,
20,20377,6,NA,NA,NA,,,,,,,,
20,20377,7,1,0,1,,,,,,,,
20,20377,8,1,0,1,,,,,,,,
20,20377,9,0,0,0,,,,,,,,
20,20378,1,85,85,0,,,,,,,,
20,20378,2,0,0,0,,,,,,,,
20,20378,3,0,0,0,,,,,,,,
20,20378,4,0,0,0,,,,,,,,
20,20378,5,0,0,0,,,,,,,,
20,20378,6,NA,NA,NA,,,,,,,,
20,20378,7,8,8,0,,,,,,,,
20,20378,8,0,0,0,,,,,,,,
20,20378,9,0,0,0,,,,,,,,
20,20379,1,10,9,1,,,,,,,,
20,20379,2,0,0,0,,,,,,,,
20,20379,3,0,0,0,,,,,,,,
20,20379,4,0,0,0,,,,,,,,
20,20379,5,0,0,0,,,,,,,,
20,20379,6,NA,NA,NA,,,,,,,,
20,20379,7,2,2,0,,,,,,,,
20,20379,8,0,0,0,,,,,,,,
20,20379,9,0,0,0,,,,,,,,
20,20380,1,100,100,0,,,,,,,,
20,20380,2,0,0,0,,,,,,,,
20,20380,3,0,0,0,,,,,,,,
20,20380,4,0,0,0,,,,,,,,
20,20380,5,0,0,0,,,,,,,,
20,20380,6,NA,NA,NA,,,,,,,,
20,20380,7,0,0,0,,,,,,,,
20,20380,8,0,0,0,,,,,,,,
20,20380,9,0,0,0,,,,,,,,
20,20381,1,12,10,2,,,,,,,,
20,20381,2,0,0,0,,,,,,,,
20,20381,3,0,0,0,,,,,,,,
20,20381,4,0,0,0,,,,,,,,
20,20381,5,0,0,0,,,,,,,,
20,20381,6,NA,NA,NA,,,,,,,,
20,20381,7,1,1,0,,,,,,,,
20,20381,8,0,0,0,,,,,,,,
20,20381,9,0,0,0,,,,,,,,
20,20382,1,14,14,0,,,,,,,,
20,20382,2,0,0,0,,,,,,,,
20,20382,3,0,0,0,,,,,,,,
20,20382,4,0,0,0,,,,,,,,
20,20382,5,0,0,0,,,,,,,,
20,20382,6,NA,NA,NA,,,,,,,,
20,20382,7,1,1,0,,,,,,,,
20,20382,8,0,0,0,,,,,,,,
20,20382,9,0,0,0,,,,,,,,
20,20383,1,10,10,0,,,,,,,,
20,20383,2,0,0,0,,,,,,,,
20,20383,3,0,0,0,,,,,,,,
20,20383,4,0,0,0,,,,,,,,
20,20383,5,0,0,0,,,,,,,,
20,20383,6,NA,NA,NA,,,,,,,,
20,20383,7,2,2,0,,,,,,,,
20,20383,8,1,1,0,,,,,,,,
20,20383,9,0,0,0,,,,,,,,
20,20384,1,12,12,0,,,,,,,,
20,20384,2,0,0,0,,,,,,,,
20,20384,3,0,0,0,,,,,,,,
20,20384,4,0,0,0,,,,,,,,
20,20384,5,0,0,0,,,,,,,,
20,20384,6,NA,NA,NA,,,,,,,,
20,20384,7,4,4,0,,,,,,,,
20,20384,8,0,0,0,,,,,,,,
20,20384,9,0,0,0,,,,,,,,
20,20385,1,159,121,38,,,,,,,,
20,20385,2,35,22,13,,,,,,,,
20,20385,3,0,0,0,,,,,,,,
20,20385,4,0,0,0,,,,,,,,
20,20385,5,0,0,0,,,,,,,,
20,20385,6,NA,NA,NA,,,,,,,,
20,20385,7,5,5,0,,,,,,,,
20,20385,8,3,3,0,,,,,,,,
20,20385,9,0,0,0,,,,,,,,
20,20386,1,7,7,0,,,,,,,,
20,20386,2,0,0,0,,,,,,,,
20,20386,3,0,0,0,,,,,,,,
20,20386,4,0,0,0,,,,,,,,
20,20386,5,0,0,0,,,,,,,,
20,20386,6,NA,NA,NA,,,,,,,,
20,20386,7,1,1,0,,,,,,,,
20,20386,8,0,0,0,,,,,,,,
20,20386,9,0,0,0,,,,,,,,
20,20387,1,26,26,0,,,,,,,,
20,20387,2,0,0,0,,,,,,,,
20,20387,3,0,0,0,,,,,,,,
20,20387,4,0,0,0,,,,,,,,
20,20387,5,0,0,0,,,,,,,,
20,20387,6,NA,NA,NA,,,,,,,,
20,20387,7,2,2,0,,,,,,,,
20,20387,8,1,1,0,,,,,,,,
20,20387,9,0,0,0,,,,,,,,
20,20388,1,32,27,5,,,,,,,,
20,20388,2,0,0,0,,,,,,,,
20,20388,3,0,0,0,,,,,,,,
20,20388,4,0,0,0,,,,,,,,
20,20388,5,0,0,0,,,,,,,,
20,20388,6,NA,NA,NA,,,,,,,,
20,20388,7,4,4,0,,,,,,,,
20,20388,8,0,0,0,,,,,,,,
20,20388,9,0,0,0,,,,,,,,
20,20389,1,16,16,0,,,,,,,,
20,20389,2,0,0,0,,,,,,,,
20,20389,3,0,0,0,,,,,,,,
20,20389,4,0,0,0,,,,,,,,
20,20389,5,0,0,0,,,,,,,,
20,20389,6,NA,NA,NA,,,,,,,,
20,20389,7,1,1,0,,,,,,,,
20,20389,8,0,0,0,,,,,,,,
20,20389,9,0,0,0,,,,,,,,
20,20390,1,81,58,23,,,,,,,,
20,20390,2,28,12,16,,,,,,,,
20,20390,3,0,0,0,,,,,,,,
20,20390,4,0,0,0,,,,,,,,
20,20390,5,0,0,0,,,,,,,,
20,20390,6,NA,NA,NA,,,,,,,,
20,20390,7,4,4,0,,,,,,,,
20,20390,8,2,1,1,,,,,,,,
20,20390,9,0,0,0,,,,,,,,
20,20391,1,28,28,0,,,,,,,,
20,20391,2,0,0,0,,,,,,,,
20,20391,3,0,0,0,,,,,,,,
20,20391,4,0,0,0,,,,,,,,
20,20391,5,0,0,0,,,,,,,,
20,20391,6,NA,NA,NA,,,,,,,,
20,20391,7,4,4,0,,,,,,,,
20,20391,8,0,0,0,,,,,,,,
20,20391,9,0,0,0,,,,,,,,
20,20392,1,12,12,0,,,,,,,,
20,20392,2,0,0,0,,,,,,,,
20,20392,3,0,0,0,,,,,,,,
20,20392,4,0,0,0,,,,,,,,
20,20392,5,0,0,0,,,,,,,,
20,20392,6,NA,NA,NA,,,,,,,,
20,20392,7,1,1,0,,,,,,,,
20,20392,8,0,0,0,,,,,,,,
20,20392,9,0,0,0,,,,,,,,
20,20393,1,11,10,1,,,,,,,,
20,20393,2,0,0,0,,,,,,,,
20,20393,3,0,0,0,,,,,,,,
20,20393,4,0,0,0,,,,,,,,
20,20393,5,0,0,0,,,,,,,,
20,20393,6,NA,NA,NA,,,,,,,,
20,20393,7,2,2,0,,,,,,,,
20,20393,8,0,0,0,,,,,,,,
20,20393,9,0,0,0,,,,,,,,
20,20394,1,12,12,0,,,,,,,,
20,20394,2,0,0,0,,,,,,,,
20,20394,3,0,0,0,,,,,,,,
20,20394,4,0,0,0,,,,,,,,
20,20394,5,0,0,0,,,,,,,,
20,20394,6,NA,NA,NA,,,,,,,,
20,20394,7,12,12,0,,,,,,,,
20,20394,8,0,0,0,,,,,,,,
20,20394,9,0,0,0,,,,,,,,
20,20395,1,18,18,0,,,,,,,,
20,20395,2,0,0,0,,,,,,,,
20,20395,3,0,0,0,,,,,,,,
20,20395,4,0,0,0,,,,,,,,
20,20395,5,0,0,0,,,,,,,,
20,20395,6,NA,NA,NA,,,,,,,,
20,20395,7,0,0,0,,,,,,,,
20,20395,8,0,0,0,,,,,,,,
20,20395,9,0,0,0,,,,,,,,
20,20396,1,12,12,0,,,,,,,,
20,20396,2,0,0,0,,,,,,,,
20,20396,3,0,0,0,,,,,,,,
20,20396,4,0,0,0,,,,,,,,
20,20396,5,0,0,0,,,,,,,,
20,20396,6,NA,NA,NA,,,,,,,,
20,20396,7,1,1,0,,,,,,,,
20,20396,8,0,0,0,,,,,,,,
20,20396,9,0,0,0,,,,,,,,
20,20397,1,57,43,14,,,,,,,,
20,20397,2,21,17,4,,,,,,,,
20,20397,3,0,0,0,,,,,,,,
20,20397,4,0,0,0,,,,,,,,
20,20397,5,0,0,0,,,,,,,,
20,20397,6,NA,NA,NA,,,,,,,,
20,20397,7,3,3,0,,,,,,,,
20,20397,8,2,0,2,,,,,,,,
20,20397,9,0,0,0,,,,,,,,
20,20398,1,10,8,2,,,,,,,,
20,20398,2,0,0,0,,,,,,,,
20,20398,3,0,0,0,,,,,,,,
20,20398,4,0,0,0,,,,,,,,
20,20398,5,0,0,0,,,,,,,,
20,20398,6,NA,NA,NA,,,,,,,,
20,20398,7,1,1,0,,,,,,,,
20,20398,8,0,0,0,,,,,,,,
20,20398,9,0,0,0,,,,,,,,
20,20399,1,60,47,13,,,,,,,,
20,20399,2,5,3,2,,,,,,,,
20,20399,3,0,0,0,,,,,,,,
20,20399,4,0,0,0,,,,,,,,
20,20399,5,0,0,0,,,,,,,,
20,20399,6,NA,NA,NA,,,,,,,,
20,20399,7,6,5,1,,,,,,,,
20,20399,8,1,1,0,,,,,,,,
20,20399,9,0,0,0,,,,,,,,
20,20400,1,8,7,1,,,,,,,,
20,20400,2,0,0,0,,,,,,,,
20,20400,3,0,0,0,,,,,,,,
20,20400,4,0,0,0,,,,,,,,
20,20400,5,0,0,0,,,,,,,,
20,20400,6,NA,NA,NA,,,,,,,,
20,20400,7,1,0,1,,,,,,,,
20,20400,8,0,0,0,,,,,,,,
20,20400,9,0,0,0,,,,,,,,
20,20401,1,45,38,7,,,,,,,,
20,20401,2,0,0,0,,,,,,,,
20,20401,3,0,0,0,,,,,,,,
20,20401,4,0,0,0,,,,,,,,
20,20401,5,0,0,0,,,,,,,,
20,20401,6,NA,NA,NA,,,,,,,,
20,20401,7,0,0,0,,,,,,,,
20,20401,8,0,0,0,,,,,,,,
20,20401,9,0,0,0,,,,,,,,
20,20402,1,6,6,0,,,,,,,,
20,20402,2,0,0,0,,,,,,,,
20,20402,3,0,0,0,,,,,,,,
20,20402,4,0,0,0,,,,,,,,
20,20402,5,0,0,0,,,,,,,,
20,20402,6,NA,NA,NA,,,,,,,,
20,20402,7,2,2,0,,,,,,,,
20,20402,8,0,0,0,,,,,,,,
20,20402,9,0,0,0,,,,,,,,
20,20403,1,61,61,0,,,,,,,,
20,20403,2,0,0,0,,,,,,,,
20,20403,3,0,0,0,,,,,,,,
20,20403,4,0,0,0,,,,,,,,
20,20403,5,0,0,0,,,,,,,,
20,20403,6,NA,NA,NA,,,,,,,,
20,20403,7,4,4,0,,,,,,,,
20,20403,8,0,0,0,,,,,,,,
20,20403,9,0,0,0,,,,,,,,
20,20404,1,4,4,0,,,,,,,,
20,20404,2,0,0,0,,,,,,,,
20,20404,3,0,0,0,,,,,,,,
20,20404,4,0,0,0,,,,,,,,
20,20404,5,0,0,0,,,,,,,,
20,20404,6,NA,NA,NA,,,,,,,,
20,20404,7,0,0,0,,,,,,,,
20,20404,8,0,0,0,,,,,,,,
20,20404,9,0,0,0,,,,,,,,
20,20405,1,20,16,4,,,,,,,,
20,20405,2,0,0,0,,,,,,,,
20,20405,3,0,0,0,,,,,,,,
20,20405,4,0,0,0,,,,,,,,
20,20405,5,0,0,0,,,,,,,,
20,20405,6,NA,NA,NA,,,,,,,,
20,20405,7,2,1,1,,,,,,,,
20,20405,8,0,0,0,,,,,,,,
20,20405,9,0,0,0,,,,,,,,
20,20406,1,25,25,0,,,,,,,,
20,20406,2,0,0,0,,,,,,,,
20,20406,3,0,0,0,,,,,,,,
20,20406,4,0,0,0,,,,,,,,
20,20406,5,0,0,0,,,,,,,,
20,20406,6,NA,NA,NA,,,,,,,,
20,20406,7,1,1,0,,,,,,,,
20,20406,8,0,0,0,,,,,,,,
20,20406,9,0,0,0,,,,,,,,
20,20407,1,23,18,5,,,,,,,,
20,20407,2,0,0,0,,,,,,,,
20,20407,3,0,0,0,,,,,,,,
20,20407,4,0,0,0,,,,,,,,
20,20407,5,0,0,0,,,,,,,,
20,20407,6,NA,NA,NA,,,,,,,,
20,20407,7,1,1,0,,,,,,,,
20,20407,8,0,0,0,,,,,,,,
20,20407,9,0,0,0,,,,,,,,
20,20408,1,7,7,0,,,,,,,,
20,20408,2,0,0,0,,,,,,,,
20,20408,3,0,0,0,,,,,,,,
20,20408,4,0,0,0,,,,,,,,
20,20408,5,0,0,0,,,,,,,,
20,20408,6,NA,NA,NA,,,,,,,,
20,20408,7,1,1,0,,,,,,,,
20,20408,8,0,0,0,,,,,,,,
20,20408,9,0,0,0,,,,,,,,
20,20409,1,20,16,4,,,,,,,,
20,20409,2,0,0,0,,,,,,,,
20,20409,3,0,0,0,,,,,,,,
20,20409,4,0,0,0,,,,,,,,
20,20409,5,33,33,0,,,,,,,,
20,20409,6,NA,NA,NA,,,,,,,,
20,20409,7,1,1,0,,,,,,,,
20,20409,8,3,2,1,,,,,,,,
20,20409,9,0,0,0,,,,,,,,
20,20410,1,5,5,0,,,,,,,,
20,20410,2,0,0,0,,,,,,,,
20,20410,3,0,0,0,,,,,,,,
20,20410,4,0,0,0,,,,,,,,
20,20410,5,0,0,0,,,,,,,,
20,20410,6,NA,NA,NA,,,,,,,,
20,20410,7,1,1,0,,,,,,,,
20,20410,8,0,0,0,,,,,,,,
20,20410,9,0,0,0,,,,,,,,
20,20411,1,70,70,0,,,,,,,,
20,20411,2,0,0,0,,,,,,,,
20,20411,3,0,0,0,,,,,,,,
20,20411,4,0,0,0,,,,,,,,
20,20411,5,0,0,0,,,,,,,,
20,20411,6,NA,NA,NA,,,,,,,,
20,20411,7,0,0,0,,,,,,,,
20,20411,8,0,0,0,,,,,,,,
20,20411,9,0,0,0,,,,,,,,
20,20412,1,12,10,2,,,,,,,,
20,20412,2,0,0,0,,,,,,,,
20,20412,3,0,0,0,,,,,,,,
20,20412,4,0,0,0,,,,,,,,
20,20412,5,0,0,0,,,,,,,,
20,20412,6,NA,NA,NA,,,,,,,,
20,20412,7,1,0,1,,,,,,,,
20,20412,8,0,0,0,,,,,,,,
20,20412,9,0,0,0,,,,,,,,
20,20413,1,128,109,19,,,,,,,,
20,20413,2,32,27,5,,,,,,,,
20,20413,3,0,0,0,,,,,,,,
20,20413,4,0,0,0,,,,,,,,
20,20413,5,0,0,0,,,,,,,,
20,20413,6,NA,NA,NA,,,,,,,,
20,20413,7,0,0,0,,,,,,,,
20,20413,8,4,0,4,,,,,,,,
20,20413,9,6,4,2,,,,,,,,
20,20414,1,11,9,2,,,,,,,,
20,20414,2,0,0,0,,,,,,,,
20,20414,3,0,0,0,,,,,,,,
20,20414,4,0,0,0,,,,,,,,
20,20414,5,0,0,0,,,,,,,,
20,20414,6,NA,NA,NA,,,,,,,,
20,20414,7,1,0,1,,,,,,,,
20,20414,8,0,0,0,,,,,,,,
20,20414,9,0,0,0,,,,,,,,
20,20415,1,12,11,1,,,,,,,,
20,20415,2,0,0,0,,,,,,,,
20,20415,3,0,0,0,,,,,,,,
20,20415,4,0,0,0,,,,,,,,
20,20415,5,0,0,0,,,,,,,,
20,20415,6,NA,NA,NA,,,,,,,,
20,20415,7,1,1,0,,,,,,,,
20,20415,8,0,0,0,,,,,,,,
20,20415,9,0,0,0,,,,,,,,
20,20416,1,8,6,2,,,,,,,,
20,20416,2,0,0,0,,,,,,,,
20,20416,3,0,0,0,,,,,,,,
20,20416,4,0,0,0,,,,,,,,
20,20416,5,0,0,0,,,,,,,,
20,20416,6,NA,NA,NA,,,,,,,,
20,20416,7,1,0,1,,,,,,,,
20,20416,8,0,0,0,,,,,,,,
20,20416,9,0,0,0,,,,,,,,
20,20417,1,17,17,0,,,,,,,,
20,20417,2,0,0,0,,,,,,,,
20,20417,3,0,0,0,,,,,,,,
20,20417,4,0,0,0,,,,,,,,
20,20417,5,0,0,0,,,,,,,,
20,20417,6,NA,NA,NA,,,,,,,,
20,20417,7,2,2,0,,,,,,,,
20,20417,8,0,0,0,,,,,,,,
20,20417,9,0,0,0,,,,,,,,
20,20418,1,24,24,0,,,,,,,,
20,20418,2,9,6,3,,,,,,,,
20,20418,3,0,0,0,,,,,,,,
20,20418,4,0,0,0,,,,,,,,
20,20418,5,0,0,0,,,,,,,,
20,20418,6,NA,NA,NA,,,,,,,,
20,20418,7,3,3,0,,,,,,,,
20,20418,8,0,0,0,,,,,,,,
20,20418,9,0,0,0,,,,,,,,
20,20419,1,11,11,0,,,,,,,,
20,20419,2,0,0,0,,,,,,,,
20,20419,3,0,0,0,,,,,,,,
20,20419,4,0,0,0,,,,,,,,
20,20419,5,0,0,0,,,,,,,,
20,20419,6,NA,NA,NA,,,,,,,,
20,20419,7,2,2,0,,,,,,,,
20,20419,8,0,0,0,,,,,,,,
20,20419,9,0,0,0,,,,,,,,
20,20420,1,238,238,0,,,,,,,,
20,20420,2,0,0,0,,,,,,,,
20,20420,3,0,0,0,,,,,,,,
20,20420,4,0,0,0,,,,,,,,
20,20420,5,0,0,0,,,,,,,,
20,20420,6,NA,NA,NA,,,,,,,,
20,20420,7,0,0,0,,,,,,,,
20,20420,8,0,0,0,,,,,,,,
20,20420,9,0,0,0,,,,,,,,
20,20421,1,21,19,2,,,,,,,,
20,20421,2,0,0,0,,,,,,,,
20,20421,3,0,0,0,,,,,,,,
20,20421,4,0,0,0,,,,,,,,
20,20421,5,0,0,0,,,,,,,,
20,20421,6,NA,NA,NA,,,,,,,,
20,20421,7,1,0,1,,,,,,,,
20,20421,8,0,0,0,,,,,,,,
20,20421,9,0,0,0,,,,,,,,
20,20422,1,4,4,0,,,,,,,,
20,20422,2,0,0,0,,,,,,,,
20,20422,3,0,0,0,,,,,,,,
20,20422,4,0,0,0,,,,,,,,
20,20422,5,0,0,0,,,,,,,,
20,20422,6,NA,NA,NA,,,,,,,,
20,20422,7,1,1,0,,,,,,,,
20,20422,8,0,0,0,,,,,,,,
20,20422,9,0,0,0,,,,,,,,
20,20423,1,3,3,0,,,,,,,,
20,20423,2,0,0,0,,,,,,,,
20,20423,3,0,0,0,,,,,,,,
20,20423,4,0,0,0,,,,,,,,
20,20423,5,0,0,0,,,,,,,,
20,20423,6,NA,NA,NA,,,,,,,,
20,20423,7,1,1,0,,,,,,,,
20,20423,8,0,0,0,,,,,,,,
20,20423,9,0,0,0,,,,,,,,
20,20424,1,10,10,0,,,,,,,,
20,20424,2,0,0,0,,,,,,,,
20,20424,3,0,0,0,,,,,,,,
20,20424,4,0,0,0,,,,,,,,
20,20424,5,0,0,0,,,,,,,,
20,20424,6,NA,NA,NA,,,,,,,,
20,20424,7,4,4,0,,,,,,,,
20,20424,8,0,0,0,,,,,,,,
20,20424,9,0,0,0,,,,,,,,
20,20425,1,14,14,0,,,,,,,,
20,20425,2,0,0,0,,,,,,,,
20,20425,3,0,0,0,,,,,,,,
20,20425,4,0,0,0,,,,,,,,
20,20425,5,0,0,0,,,,,,,,
20,20425,6,NA,NA,NA,,,,,,,,
20,20425,7,1,1,0,,,,,,,,
20,20425,8,0,0,0,,,,,,,,
20,20425,9,0,0,0,,,,,,,,
20,20426,1,18,14,4,,,,,,,,
20,20426,2,0,0,0,,,,,,,,
20,20426,3,0,0,0,,,,,,,,
20,20426,4,0,0,0,,,,,,,,
20,20426,5,0,0,0,,,,,,,,
20,20426,6,NA,NA,NA,,,,,,,,
20,20426,7,2,2,0,,,,,,,,
20,20426,8,1,1,0,,,,,,,,
20,20426,9,0,0,0,,,,,,,,
20,20427,1,32,31,1,,,,,,,,
20,20427,2,0,0,0,,,,,,,,
20,20427,3,0,0,0,,,,,,,,
20,20427,4,0,0,0,,,,,,,,
20,20427,5,0,0,0,,,,,,,,
20,20427,6,NA,NA,NA,,,,,,,,
20,20427,7,3,3,0,,,,,,,,
20,20427,8,0,0,0,,,,,,,,
20,20427,9,0,0,0,,,,,,,,
20,20428,1,20,20,0,,,,,,,,
20,20428,2,0,0,0,,,,,,,,
20,20428,3,0,0,0,,,,,,,,
20,20428,4,0,0,0,,,,,,,,
20,20428,5,0,0,0,,,,,,,,
20,20428,6,NA,NA,NA,,,,,,,,
20,20428,7,1,1,0,,,,,,,,
20,20428,8,0,0,0,,,,,,,,
20,20428,9,0,0,0,,,,,,,,
20,20429,1,22,15,7,,,,,,,,
20,20429,2,0,0,0,,,,,,,,
20,20429,3,0,0,0,,,,,,,,
20,20429,4,0,0,0,,,,,,,,
20,20429,5,0,0,0,,,,,,,,
20,20429,6,NA,NA,NA,,,,,,,,
20,20429,7,0,0,0,,,,,,,,
20,20429,8,0,0,0,,,,,,,,
20,20429,9,0,0,0,,,,,,,,
20,20430,1,6,6,0,,,,,,,,
20,20430,2,0,0,0,,,,,,,,
20,20430,3,0,0,0,,,,,,,,
20,20430,4,0,0,0,,,,,,,,
20,20430,5,0,0,0,,,,,,,,
20,20430,6,NA,NA,NA,,,,,,,,
20,20430,7,2,0,2,,,,,,,,
20,20430,8,0,0,0,,,,,,,,
20,20430,9,0,0,0,,,,,,,,
20,20431,1,11,7,4,,,,,,,,
20,20431,2,0,0,0,,,,,,,,
20,20431,3,0,0,0,,,,,,,,
20,20431,4,0,0,0,,,,,,,,
20,20431,5,0,0,0,,,,,,,,
20,20431,6,NA,NA,NA,,,,,,,,
20,20431,7,1,1,0,,,,,,,,
20,20431,8,0,0,0,,,,,,,,
20,20431,9,0,0,0,,,,,,,,
20,20432,1,10,10,0,,,,,,,,
20,20432,2,0,0,0,,,,,,,,
20,20432,3,0,0,0,,,,,,,,
20,20432,4,0,0,0,,,,,,,,
20,20432,5,0,0,0,,,,,,,,
20,20432,6,NA,NA,NA,,,,,,,,
20,20432,7,5,5,0,,,,,,,,
20,20432,8,0,0,0,,,,,,,,
20,20432,9,0,0,0,,,,,,,,
20,20433,1,27,27,0,,,,,,,,
20,20433,2,0,0,0,,,,,,,,
20,20433,3,0,0,0,,,,,,,,
20,20433,4,0,0,0,,,,,,,,
20,20433,5,0,0,0,,,,,,,,
20,20433,6,NA,NA,NA,,,,,,,,
20,20433,7,1,1,0,,,,,,,,
20,20433,8,0,0,0,,,,,,,,
20,20433,9,0,0,0,,,,,,,,
20,20434,1,17,17,0,,,,,,,,
20,20434,2,0,0,0,,,,,,,,
20,20434,3,0,0,0,,,,,,,,
20,20434,4,0,0,0,,,,,,,,
20,20434,5,0,0,0,,,,,,,,
20,20434,6,NA,NA,NA,,,,,,,,
20,20434,7,0,0,0,,,,,,,,
20,20434,8,0,0,0,,,,,,,,
20,20434,9,0,0,0,,,,,,,,
20,20435,1,10,10,0,,,,,,,,
20,20435,2,0,0,0,,,,,,,,
20,20435,3,0,0,0,,,,,,,,
20,20435,4,0,0,0,,,,,,,,
20,20435,5,0,0,0,,,,,,,,
20,20435,6,NA,NA,NA,,,,,,,,
20,20435,7,3,3,0,,,,,,,,
20,20435,8,1,1,0,,,,,,,,
20,20435,9,0,0,0,,,,,,,,
20,20436,1,27,27,0,,,,,,,,
20,20436,2,0,0,0,,,,,,,,
20,20436,3,0,0,0,,,,,,,,
20,20436,4,0,0,0,,,,,,,,
20,20436,5,0,0,0,,,,,,,,
20,20436,6,NA,NA,NA,,,,,,,,
20,20436,7,1,1,0,,,,,,,,
20,20436,8,0,0,0,,,,,,,,
20,20436,9,0,0,0,,,,,,,,
20,20437,1,51,51,0,,,,,,,,
20,20437,2,0,0,0,,,,,,,,
20,20437,3,0,0,0,,,,,,,,
20,20437,4,0,0,0,,,,,,,,
20,20437,5,0,0,0,,,,,,,,
20,20437,6,NA,NA,NA,,,,,,,,
20,20437,7,0,0,0,,,,,,,,
20,20437,8,0,0,0,,,,,,,,
20,20437,9,0,0,0,,,,,,,,
20,20438,1,0,0,0,,,,,,,,
20,20438,2,0,0,0,,,,,,,,
20,20438,3,0,0,0,,,,,,,,
20,20438,4,0,0,0,,,,,,,,
20,20438,5,10,10,0,,,,,,,,
20,20438,6,0,0,0,,,,,,,,
20,20438,7,0,0,0,,,,,,,,
20,20438,8,0,0,0,,,,,,,,
20,20438,9,0,0,0,,,,,,,,
20,20439,1,45,35,10,,,,,,,,
20,20439,2,3,3,0,,,,,,,,
20,20439,3,0,0,0,,,,,,,,
20,20439,4,0,0,0,,,,,,,,
20,20439,5,0,0,0,,,,,,,,
20,20439,6,NA,NA,NA,,,,,,,,
20,20439,7,0,0,0,,,,,,,,
20,20439,8,0,0,0,,,,,,,,
20,20439,9,0,0,0,,,,,,,,
20,20440,1,5,3,2,,,,,,,,
20,20440,2,0,0,0,,,,,,,,
20,20440,3,0,0,0,,,,,,,,
20,20440,4,0,0,0,,,,,,,,
20,20440,5,0,0,0,,,,,,,,
20,20440,6,NA,NA,NA,,,,,,,,
20,20440,7,1,1,0,,,,,,,,
20,20440,8,0,0,0,,,,,,,,
20,20440,9,0,0,0,,,,,,,,
20,20441,1,22,22,0,,,,,,,,
20,20441,2,0,0,0,,,,,,,,
20,20441,3,0,0,0,,,,,,,,
20,20441,4,0,0,0,,,,,,,,
20,20441,5,0,0,0,,,,,,,,
20,20441,6,NA,NA,NA,,,,,,,,
20,20441,7,3,3,0,,,,,,,,
20,20441,8,0,0,0,,,,,,,,
20,20441,9,0,0,0,,,,,,,,
20,20442,1,7,7,0,,,,,,,,
20,20442,2,0,0,0,,,,,,,,
20,20442,3,0,0,0,,,,,,,,
20,20442,4,0,0,0,,,,,,,,
20,20442,5,0,0,0,,,,,,,,
20,20442,6,NA,NA,NA,,,,,,,,
20,20442,7,3,3,0,,,,,,,,
20,20442,8,0,0,0,,,,,,,,
20,20442,9,0,0,0,,,,,,,,
20,20443,1,6,6,0,,,,,,,,
20,20443,2,0,0,0,,,,,,,,
20,20443,3,0,0,0,,,,,,,,
20,20443,4,0,0,0,,,,,,,,
20,20443,5,0,0,0,,,,,,,,
20,20443,6,NA,NA,NA,,,,,,,,
20,20443,7,5,5,0,,,,,,,,
20,20443,8,0,0,0,,,,,,,,
20,20443,9,0,0,0,,,,,,,,
20,20444,1,8,8,0,,,,,,,,
20,20444,2,0,0,0,,,,,,,,
20,20444,3,0,0,0,,,,,,,,
20,20444,4,0,0,0,,,,,,,,
20,20444,5,0,0,0,,,,,,,,
20,20444,6,NA,NA,NA,,,,,,,,
20,20444,7,1,1,0,,,,,,,,
20,20444,8,0,0,0,,,,,,,,
20,20444,9,0,0,0,,,,,,,,
20,20445,1,18,18,0,,,,,,,,
20,20445,2,0,0,0,,,,,,,,
20,20445,3,0,0,0,,,,,,,,
20,20445,4,0,0,0,,,,,,,,
20,20445,5,0,0,0,,,,,,,,
20,20445,6,NA,NA,NA,,,,,,,,
20,20445,7,1,1,0,,,,,,,,
20,20445,8,0,0,0,,,,,,,,
20,20445,9,0,0,0,,,,,,,,
20,20446,1,12,12,0,,,,,,,,
20,20446,2,0,0,0,,,,,,,,
20,20446,3,0,0,0,,,,,,,,
20,20446,4,0,0,0,,,,,,,,
20,20446,5,0,0,0,,,,,,,,
20,20446,6,NA,NA,NA,,,,,,,,
20,20446,7,1,1,0,,,,,,,,
20,20446,8,0,0,0,,,,,,,,
20,20446,9,0,0,0,,,,,,,,
20,20447,1,15,14,1,,,,,,,,
20,20447,2,2,1,1,,,,,,,,
20,20447,3,0,0,0,,,,,,,,
20,20447,4,0,0,0,,,,,,,,
20,20447,5,0,0,0,,,,,,,,
20,20447,6,NA,NA,NA,,,,,,,,
20,20447,7,1,1,0,,,,,,,,
20,20447,8,0,0,0,,,,,,,,
20,20447,9,0,0,0,,,,,,,,
20,20448,1,17,17,0,,,,,,,,
20,20448,2,0,0,0,,,,,,,,
20,20448,3,0,0,0,,,,,,,,
20,20448,4,0,0,0,,,,,,,,
20,20448,5,0,0,0,,,,,,,,
20,20448,6,NA,NA,NA,,,,,,,,
20,20448,7,0,0,0,,,,,,,,
20,20448,8,0,0,0,,,,,,,,
20,20448,9,0,0,0,,,,,,,,
20,20449,1,32,32,0,,,,,,,,
20,20449,2,0,0,0,,,,,,,,
20,20449,3,0,0,0,,,,,,,,
20,20449,4,0,0,0,,,,,,,,
20,20449,5,0,0,0,,,,,,,,
20,20449,6,NA,NA,NA,,,,,,,,
20,20449,7,4,4,0,,,,,,,,
20,20449,8,0,0,0,,,,,,,,
20,20449,9,0,0,0,,,,,,,,
20,20450,1,8,8,0,,,,,,,,
20,20450,2,0,0,0,,,,,,,,
20,20450,3,0,0,0,,,,,,,,
20,20450,4,0,0,0,,,,,,,,
20,20450,5,0,0,0,,,,,,,,
20,20450,6,NA,NA,NA,,,,,,,,
20,20450,7,1,1,0,,,,,,,,
20,20450,8,0,0,0,,,,,,,,
20,20450,9,0,0,0,,,,,,,,
20,20451,1,6,5,1,,,,,,,,
20,20451,2,0,0,0,,,,,,,,
20,20451,3,0,0,0,,,,,,,,
20,20451,4,0,0,0,,,,,,,,
20,20451,5,0,0,0,,,,,,,,
20,20451,6,NA,NA,NA,,,,,,,,
20,20451,7,0,0,0,,,,,,,,
20,20451,8,0,0,0,,,,,,,,
20,20451,9,0,0,0,,,,,,,,
20,20452,1,8,8,0,,,,,,,,
20,20452,2,0,0,0,,,,,,,,
20,20452,3,0,0,0,,,,,,,,
20,20452,4,0,0,0,,,,,,,,
20,20452,5,0,0,0,,,,,,,,
20,20452,6,28,28,0,,,,,,,,
20,20452,7,7,7,0,,,,,,,,
20,20452,8,0,0,0,,,,,,,,
20,20452,9,0,0,0,,,,,,,,
20,20453,1,20,16,4,,,,,,,,
20,20453,2,0,0,0,,,,,,,,
20,20453,3,0,0,0,,,,,,,,
20,20453,4,0,0,0,,,,,,,,
20,20453,5,0,0,0,,,,,,,,
20,20453,6,NA,NA,NA,,,,,,,,
20,20453,7,0,0,0,,,,,,,,
20,20453,8,0,0,0,,,,,,,,
20,20453,9,0,0,0,,,,,,,,
20,20454,1,61,61,0,,,,,,,,
20,20454,2,0,0,0,,,,,,,,
20,20454,3,0,0,0,,,,,,,,
20,20454,4,0,0,0,,,,,,,,
20,20454,5,0,0,0,,,,,,,,
20,20454,6,NA,NA,NA,,,,,,,,
20,20454,7,0,0,0,,,,,,,,
20,20454,8,0,0,0,,,,,,,,
20,20454,9,0,0,0,,,,,,,,
20,20455,1,10,8,2,,,,,,,,
20,20455,2,0,0,0,,,,,,,,
20,20455,3,0,0,0,,,,,,,,
20,20455,4,0,0,0,,,,,,,,
20,20455,5,0,0,0,,,,,,,,
20,20455,6,NA,NA,NA,,,,,,,,
20,20455,7,3,3,0,,,,,,,,
20,20455,8,0,0,0,,,,,,,,
20,20455,9,0,0,0,,,,,,,,
20,20456,1,9,7,2,,,,,,,,
20,20456,2,0,0,0,,,,,,,,
20,20456,3,0,0,0,,,,,,,,
20,20456,4,0,0,0,,,,,,,,
20,20456,5,0,0,0,,,,,,,,
20,20456,6,NA,NA,NA,,,,,,,,
20,20456,7,1,1,0,,,,,,,,
20,20456,8,0,0,0,,,,,,,,
20,20456,9,0,0,0,,,,,,,,
20,20457,1,4,4,0,,,,,,,,
20,20457,2,0,0,0,,,,,,,,
20,20457,3,0,0,0,,,,,,,,
20,20457,4,0,0,0,,,,,,,,
20,20457,5,0,0,0,,,,,,,,
20,20457,6,NA,NA,NA,,,,,,,,
20,20457,7,3,3,0,,,,,,,,
20,20457,8,0,0,0,,,,,,,,
20,20457,9,0,0,0,,,,,,,,
20,20458,1,6,6,0,,,,,,,,
20,20458,2,0,0,0,,,,,,,,
20,20458,3,0,0,0,,,,,,,,
20,20458,4,0,0,0,,,,,,,,
20,20458,5,0,0,0,,,,,,,,
20,20458,6,NA,NA,NA,,,,,,,,
20,20458,7,2,2,0,,,,,,,,
20,20458,8,0,0,0,,,,,,,,
20,20458,9,0,0,0,,,,,,,,
20,20459,1,8,7,1,,,,,,,,
20,20459,2,0,0,0,,,,,,,,
20,20459,3,0,0,0,,,,,,,,
20,20459,4,0,0,0,,,,,,,,
20,20459,5,0,0,0,,,,,,,,
20,20459,6,NA,NA,NA,,,,,,,,
20,20459,7,1,1,0,,,,,,,,
20,20459,8,0,0,0,,,,,,,,
20,20459,9,0,0,0,,,,,,,,
20,20460,1,11,11,0,,,,,,,,
20,20460,2,0,0,0,,,,,,,,
20,20460,3,0,0,0,,,,,,,,
20,20460,4,0,0,0,,,,,,,,
20,20460,5,0,0,0,,,,,,,,
20,20460,6,NA,NA,NA,,,,,,,,
20,20460,7,0,0,0,,,,,,,,
20,20460,8,0,0,0,,,,,,,,
20,20460,9,0,0,0,,,,,,,,
20,20461,1,9,9,0,,,,,,,,
20,20461,2,0,0,0,,,,,,,,
20,20461,3,0,0,0,,,,,,,,
20,20461,4,0,0,0,,,,,,,,
20,20461,5,0,0,0,,,,,,,,
20,20461,6,NA,NA,NA,,,,,,,,
20,20461,7,1,1,0,,,,,,,,
20,20461,8,0,0,0,,,,,,,,
20,20461,9,0,0,0,,,,,,,,
20,20462,1,7,6,1,,,,,,,,
20,20462,2,0,0,0,,,,,,,,
20,20462,3,0,0,0,,,,,,,,
20,20462,4,0,0,0,,,,,,,,
20,20462,5,0,0,0,,,,,,,,
20,20462,6,NA,NA,NA,,,,,,,,
20,20462,7,1,1,0,,,,,,,,
20,20462,8,0,0,0,,,,,,,,
20,20462,9,0,0,0,,,,,,,,
20,20463,1,4,4,0,,,,,,,,
20,20463,2,0,0,0,,,,,,,,
20,20463,3,0,0,0,,,,,,,,
20,20463,4,0,0,0,,,,,,,,
20,20463,5,0,0,0,,,,,,,,
20,20463,6,NA,NA,NA,,,,,,,,
20,20463,7,0,0,0,,,,,,,,
20,20463,8,0,0,0,,,,,,,,
20,20463,9,0,0,0,,,,,,,,
20,20464,1,8,8,0,,,,,,,,
20,20464,2,0,0,0,,,,,,,,
20,20464,3,0,0,0,,,,,,,,
20,20464,4,0,0,0,,,,,,,,
20,20464,5,0,0,0,,,,,,,,
20,20464,6,NA,NA,NA,,,,,,,,
20,20464,7,1,1,0,,,,,,,,
20,20464,8,0,0,0,,,,,,,,
20,20464,9,0,0,0,,,,,,,,
20,20465,1,12,12,0,,,,,,,,
20,20465,2,0,0,0,,,,,,,,
20,20465,3,0,0,0,,,,,,,,
20,20465,4,0,0,0,,,,,,,,
20,20465,5,0,0,0,,,,,,,,
20,20465,6,NA,NA,NA,,,,,,,,
20,20465,7,3,3,0,,,,,,,,
20,20465,8,0,0,0,,,,,,,,
20,20465,9,0,0,0,,,,,,,,
20,20466,1,18,17,1,,,,,,,,
20,20466,2,0,0,0,,,,,,,,
20,20466,3,0,0,0,,,,,,,,
20,20466,4,0,0,0,,,,,,,,
20,20466,5,0,0,0,,,,,,,,
20,20466,6,NA,NA,NA,,,,,,,,
20,20466,7,2,2,0,,,,,,,,
20,20466,8,0,0,0,,,,,,,,
20,20466,9,0,0,0,,,,,,,,
20,20467,1,18,18,0,,,,,,,,
20,20467,2,0,0,0,,,,,,,,
20,20467,3,0,0,0,,,,,,,,
20,20467,4,0,0,0,,,,,,,,
20,20467,5,0,0,0,,,,,,,,
20,20467,6,NA,NA,NA,,,,,,,,
20,20467,7,3,3,0,,,,,,,,
20,20467,8,0,0,0,,,,,,,,
20,20467,9,0,0,0,,,,,,,,
20,20468,1,8,8,0,,,,,,,,
20,20468,2,0,0,0,,,,,,,,
20,20468,3,0,0,0,,,,,,,,
20,20468,4,0,0,0,,,,,,,,
20,20468,5,0,0,0,,,,,,,,
20,20468,6,NA,NA,NA,,,,,,,,
20,20468,7,1,1,0,,,,,,,,
20,20468,8,0,0,0,,,,,,,,
20,20468,9,0,0,0,,,,,,,,
20,20469,1,26,20,6,,,,,,,,
20,20469,2,7,6,1,,,,,,,,
20,20469,3,0,0,0,,,,,,,,
20,20469,4,0,0,0,,,,,,,,
20,20469,5,0,0,0,,,,,,,,
20,20469,6,NA,NA,NA,,,,,,,,
20,20469,7,2,2,0,,,,,,,,
20,20469,8,0,0,0,,,,,,,,
20,20469,9,0,0,0,,,,,,,,
20,20470,1,14,12,2,,,,,,,,
20,20470,2,0,0,0,,,,,,,,
20,20470,3,0,0,0,,,,,,,,
20,20470,4,0,0,0,,,,,,,,
20,20470,5,0,0,0,,,,,,,,
20,20470,6,NA,NA,NA,,,,,,,,
20,20470,7,1,0,1,,,,,,,,
20,20470,8,0,0,0,,,,,,,,
20,20470,9,0,0,0,,,,,,,,
20,20471,1,9,9,0,,,,,,,,
20,20471,2,0,0,0,,,,,,,,
20,20471,3,0,0,0,,,,,,,,
20,20471,4,0,0,0,,,,,,,,
20,20471,5,0,0,0,,,,,,,,
20,20471,6,NA,NA,NA,,,,,,,,
20,20471,7,4,4,0,,,,,,,,
20,20471,8,0,0,0,,,,,,,,
20,20471,9,0,0,0,,,,,,,,
20,20472,1,18,14,4,,,,,,,,
20,20472,2,0,0,0,,,,,,,,
20,20472,3,0,0,0,,,,,,,,
20,20472,4,0,0,0,,,,,,,,
20,20472,5,0,0,0,,,,,,,,
20,20472,6,NA,NA,NA,,,,,,,,
20,20472,7,1,1,0,,,,,,,,
20,20472,8,0,0,0,,,,,,,,
20,20472,9,0,0,0,,,,,,,,
20,20473,1,6,6,0,,,,,,,,
20,20473,2,0,0,0,,,,,,,,
20,20473,3,0,0,0,,,,,,,,
20,20473,4,0,0,0,,,,,,,,
20,20473,5,0,0,0,,,,,,,,
20,20473,6,NA,NA,NA,,,,,,,,
20,20473,7,5,5,0,,,,,,,,
20,20473,8,0,0,0,,,,,,,,
20,20473,9,0,0,0,,,,,,,,
20,20474,1,10,9,1,,,,,,,,
20,20474,2,0,0,0,,,,,,,,
20,20474,3,0,0,0,,,,,,,,
20,20474,4,0,0,0,,,,,,,,
20,20474,5,0,0,0,,,,,,,,
20,20474,6,NA,NA,NA,,,,,,,,
20,20474,7,3,3,0,,,,,,,,
20,20474,8,0,0,0,,,,,,,,
20,20474,9,0,0,0,,,,,,,,
20,20475,1,15,11,4,,,,,,,,
20,20475,2,0,0,0,,,,,,,,
20,20475,3,0,0,0,,,,,,,,
20,20475,4,0,0,0,,,,,,,,
20,20475,5,0,0,0,,,,,,,,
20,20475,6,NA,NA,NA,,,,,,,,
20,20475,7,3,3,0,,,,,,,,
20,20475,8,0,0,0,,,,,,,,
20,20475,9,0,0,0,,,,,,,,
20,20476,1,9,7,2,,,,,,,,
20,20476,2,0,0,0,,,,,,,,
20,20476,3,0,0,0,,,,,,,,
20,20476,4,0,0,0,,,,,,,,
20,20476,5,0,0,0,,,,,,,,
20,20476,6,NA,NA,NA,,,,,,,,
20,20476,7,1,1,0,,,,,,,,
20,20476,8,0,0,0,,,,,,,,
20,20476,9,0,0,0,,,,,,,,
20,20477,1,70,70,0,,,,,,,,
20,20477,2,0,0,0,,,,,,,,
20,20477,3,0,0,0,,,,,,,,
20,20477,4,0,0,0,,,,,,,,
20,20477,5,0,0,0,,,,,,,,
20,20477,6,NA,NA,NA,,,,,,,,
20,20477,7,7,7,0,,,,,,,,
20,20477,8,0,0,0,,,,,,,,
20,20477,9,0,0,0,,,,,,,,
20,20478,1,7,7,0,,,,,,,,
20,20478,2,0,0,0,,,,,,,,
20,20478,3,0,0,0,,,,,,,,
20,20478,4,0,0,0,,,,,,,,
20,20478,5,0,0,0,,,,,,,,
20,20478,6,NA,NA,NA,,,,,,,,
20,20478,7,1,1,0,,,,,,,,
20,20478,8,0,0,0,,,,,,,,
20,20478,9,0,0,0,,,,,,,,
20,20479,1,4,4,0,,,,,,,,
20,20479,2,0,0,0,,,,,,,,
20,20479,3,0,0,0,,,,,,,,
20,20479,4,0,0,0,,,,,,,,
20,20479,5,0,0,0,,,,,,,,
20,20479,6,NA,NA,NA,,,,,,,,
20,20479,7,2,2,0,,,,,,,,
20,20479,8,0,0,0,,,,,,,,
20,20479,9,0,0,0,,,,,,,,
20,20480,1,8,7,1,,,,,,,,
20,20480,2,0,0,0,,,,,,,,
20,20480,3,0,0,0,,,,,,,,
20,20480,4,0,0,0,,,,,,,,
20,20480,5,0,0,0,,,,,,,,
20,20480,6,NA,NA,NA,,,,,,,,
20,20480,7,1,1,0,,,,,,,,
20,20480,8,0,0,0,,,,,,,,
20,20480,9,0,0,0,,,,,,,,
20,20481,1,14,14,0,,,,,,,,
20,20481,2,0,0,0,,,,,,,,
20,20481,3,0,0,0,,,,,,,,
20,20481,4,0,0,0,,,,,,,,
20,20481,5,0,0,0,,,,,,,,
20,20481,6,NA,NA,NA,,,,,,,,
20,20481,7,1,1,0,,,,,,,,
20,20481,8,0,0,0,,,,,,,,
20,20481,9,0,0,0,,,,,,,,
20,20482,1,115,101,14,,,,,,,,
20,20482,2,4,1,3,,,,,,,,
20,20482,3,0,0,0,,,,,,,,
20,20482,4,0,0,0,,,,,,,,
20,20482,5,0,0,0,,,,,,,,
20,20482,6,NA,NA,NA,,,,,,,,
20,20482,7,2,2,0,,,,,,,,
20,20482,8,14,12,2,,,,,,,,
20,20482,9,0,0,0,,,,,,,,
20,20483,1,9,5,4,,,,,,,,
20,20483,2,0,0,0,,,,,,,,
20,20483,3,0,0,0,,,,,,,,
20,20483,4,0,0,0,,,,,,,,
20,20483,5,4,4,0,,,,,,,,
20,20483,6,NA,NA,NA,,,,,,,,
20,20483,7,2,2,0,,,,,,,,
20,20483,8,0,0,0,,,,,,,,
20,20483,9,0,0,0,,,,,,,,
20,20484,1,6,6,0,,,,,,,,
20,20484,2,0,0,0,,,,,,,,
20,20484,3,0,0,0,,,,,,,,
20,20484,4,0,0,0,,,,,,,,
20,20484,5,0,0,0,,,,,,,,
20,20484,6,NA,NA,NA,,,,,,,,
20,20484,7,1,1,0,,,,,,,,
20,20484,8,0,0,0,,,,,,,,
20,20484,9,0,0,0,,,,,,,,
20,20485,1,12,12,0,,,,,,,,
20,20485,2,0,0,0,,,,,,,,
20,20485,3,0,0,0,,,,,,,,
20,20485,4,0,0,0,,,,,,,,
20,20485,5,0,0,0,,,,,,,,
20,20485,6,NA,NA,NA,,,,,,,,
20,20485,7,3,3,0,,,,,,,,
20,20485,8,0,0,0,,,,,,,,
20,20485,9,0,0,0,,,,,,,,
20,20486,1,7,7,0,,,,,,,,
20,20486,2,0,0,0,,,,,,,,
20,20486,3,0,0,0,,,,,,,,
20,20486,4,0,0,0,,,,,,,,
20,20486,5,0,0,0,,,,,,,,
20,20486,6,NA,NA,NA,,,,,,,,
20,20486,7,1,1,0,,,,,,,,
20,20486,8,0,0,0,,,,,,,,
20,20486,9,0,0,0,,,,,,,,
20,20487,1,36,36,0,,,,,,,,
20,20487,2,0,0,0,,,,,,,,
20,20487,3,0,0,0,,,,,,,,
20,20487,4,0,0,0,,,,,,,,
20,20487,5,0,0,0,,,,,,,,
20,20487,6,NA,NA,NA,,,,,,,,
20,20487,7,1,1,0,,,,,,,,
20,20487,8,0,0,0,,,,,,,,
20,20487,9,0,0,0,,,,,,,,
20,20488,1,4,4,0,,,,,,,,
20,20488,2,0,0,0,,,,,,,,
20,20488,3,0,0,0,,,,,,,,
20,20488,4,0,0,0,,,,,,,,
20,20488,5,0,0,0,,,,,,,,
20,20488,6,NA,NA,NA,,,,,,,,
20,20488,7,1,0,1,,,,,,,,
20,20488,8,0,0,0,,,,,,,,
20,20488,9,0,0,0,,,,,,,,
20,20489,1,8,8,0,,,,,,,,
20,20489,2,0,0,0,,,,,,,,
20,20489,3,0,0,0,,,,,,,,
20,20489,4,0,0,0,,,,,,,,
20,20489,5,0,0,0,,,,,,,,
20,20489,6,NA,NA,NA,,,,,,,,
20,20489,7,2,2,0,,,,,,,,
20,20489,8,0,0,0,,,,,,,,
20,20489,9,0,0,0,,,,,,,,
20,20490,1,4,4,0,,,,,,,,
20,20490,2,0,0,0,,,,,,,,
20,20490,3,0,0,0,,,,,,,,
20,20490,4,0,0,0,,,,,,,,
20,20490,5,0,0,0,,,,,,,,
20,20490,6,NA,NA,NA,,,,,,,,
20,20490,7,0,0,0,,,,,,,,
20,20490,8,0,0,0,,,,,,,,
20,20490,9,0,0,0,,,,,,,,
20,20491,1,74,72,2,,,,,,,,
20,20491,2,0,0,0,,,,,,,,
20,20491,3,0,0,0,,,,,,,,
20,20491,4,0,0,0,,,,,,,,
20,20491,5,0,0,0,,,,,,,,
20,20491,6,NA,NA,NA,,,,,,,,
20,20491,7,0,0,0,,,,,,,,
20,20491,8,0,0,0,,,,,,,,
20,20491,9,0,0,0,,,,,,,,
20,20492,1,10,7,3,,,,,,,,
20,20492,2,0,0,0,,,,,,,,
20,20492,3,0,0,0,,,,,,,,
20,20492,4,0,0,0,,,,,,,,
20,20492,5,0,0,0,,,,,,,,
20,20492,6,NA,NA,NA,,,,,,,,
20,20492,7,2,1,1,,,,,,,,
20,20492,8,0,0,0,,,,,,,,
20,20492,9,0,0,0,,,,,,,,
20,20493,1,12,12,0,,,,,,,,
20,20493,2,0,0,0,,,,,,,,
20,20493,3,0,0,0,,,,,,,,
20,20493,4,0,0,0,,,,,,,,
20,20493,5,0,0,0,,,,,,,,
20,20493,6,NA,NA,NA,,,,,,,,
20,20493,7,0,0,0,,,,,,,,
20,20493,8,0,0,0,,,,,,,,
20,20493,9,0,0,0,,,,,,,,
20,20494,1,40,40,0,,,,,,,,
20,20494,2,0,0,0,,,,,,,,
20,20494,3,0,0,0,,,,,,,,
20,20494,4,0,0,0,,,,,,,,
20,20494,5,0,0,0,,,,,,,,
20,20494,6,NA,NA,NA,,,,,,,,
20,20494,7,1,1,0,,,,,,,,
20,20494,8,0,0,0,,,,,,,,
20,20494,9,0,0,0,,,,,,,,
20,20495,1,0,0,0,,,,,,,,
20,20495,2,0,0,0,,,,,,,,
20,20495,3,0,0,0,,,,,,,,
20,20495,4,0,0,0,,,,,,,,
20,20495,5,0,0,0,,,,,,,,
20,20495,6,0,0,0,,,,,,,,
20,20495,7,0,0,0,,,,,,,,
20,20495,8,0,0,0,,,,,,,,
20,20495,9,0,0,0,,,,,,,,
20,20496,1,3,3,0,,,,,,,,
20,20496,2,0,0,0,,,,,,,,
20,20496,3,0,0,0,,,,,,,,
20,20496,4,0,0,0,,,,,,,,
20,20496,5,0,0,0,,,,,,,,
20,20496,6,NA,NA,NA,,,,,,,,
20,20496,7,6,6,0,,,,,,,,
20,20496,8,0,0,0,,,,,,,,
20,20496,9,0,0,0,,,,,,,,
20,20497,1,73,73,0,,,,,,,,
20,20497,2,0,0,0,,,,,,,,
20,20497,3,0,0,0,,,,,,,,
20,20497,4,0,0,0,,,,,,,,
20,20497,5,0,0,0,,,,,,,,
20,20497,6,NA,NA,NA,,,,,,,,
20,20497,7,6,6,0,,,,,,,,
20,20497,8,0,0,0,,,,,,,,
20,20497,9,0,0,0,,,,,,,,
20,20498,1,18,13,5,,,,,,,,
20,20498,2,0,0,0,,,,,,,,
20,20498,3,0,0,0,,,,,,,,
20,20498,4,0,0,0,,,,,,,,
20,20498,5,0,0,0,,,,,,,,
20,20498,6,NA,NA,NA,,,,,,,,
20,20498,7,2,2,0,,,,,,,,
20,20498,8,0,0,0,,,,,,,,
20,20498,9,0,0,0,,,,,,,,
20,20499,1,12,10,2,,,,,,,,
20,20499,2,0,0,0,,,,,,,,
20,20499,3,0,0,0,,,,,,,,
20,20499,4,0,0,0,,,,,,,,
20,20499,5,0,0,0,,,,,,,,
20,20499,6,NA,NA,NA,,,,,,,,
20,20499,7,1,1,0,,,,,,,,
20,20499,8,0,0,0,,,,,,,,
20,20499,9,0,0,0,,,,,,,,
20,20500,1,10,8,2,,,,,,,,
20,20500,2,0,0,0,,,,,,,,
20,20500,3,0,0,0,,,,,,,,
20,20500,4,0,0,0,,,,,,,,
20,20500,5,0,0,0,,,,,,,,
20,20500,6,NA,NA,NA,,,,,,,,
20,20500,7,1,1,0,,,,,,,,
20,20500,8,1,0,1,,,,,,,,
20,20500,9,0,0,0,,,,,,,,
20,20501,1,7,7,0,,,,,,,,
20,20501,2,0,0,0,,,,,,,,
20,20501,3,0,0,0,,,,,,,,
20,20501,4,0,0,0,,,,,,,,
20,20501,5,0,0,0,,,,,,,,
20,20501,6,NA,NA,NA,,,,,,,,
20,20501,7,1,1,0,,,,,,,,
20,20501,8,0,0,0,,,,,,,,
20,20501,9,0,0,0,,,,,,,,
20,20502,1,11,9,2,,,,,,,,
20,20502,2,0,0,0,,,,,,,,
20,20502,3,0,0,0,,,,,,,,
20,20502,4,0,0,0,,,,,,,,
20,20502,5,0,0,0,,,,,,,,
20,20502,6,NA,NA,NA,,,,,,,,
20,20502,7,0,0,0,,,,,,,,
20,20502,8,0,0,0,,,,,,,,
20,20502,9,0,0,0,,,,,,,,
20,20503,1,13,13,0,,,,,,,,
20,20503,2,0,0,0,,,,,,,,
20,20503,3,0,0,0,,,,,,,,
20,20503,4,0,0,0,,,,,,,,
20,20503,5,0,0,0,,,,,,,,
20,20503,6,NA,NA,NA,,,,,,,,
20,20503,7,1,1,0,,,,,,,,
20,20503,8,0,0,0,,,,,,,,
20,20503,9,0,0,0,,,,,,,,
20,20504,1,16,16,0,,,,,,,,
20,20504,2,0,0,0,,,,,,,,
20,20504,3,0,0,0,,,,,,,,
20,20504,4,0,0,0,,,,,,,,
20,20504,5,0,0,0,,,,,,,,
20,20504,6,NA,NA,NA,,,,,,,,
20,20504,7,0,0,0,,,,,,,,
20,20504,8,0,0,0,,,,,,,,
20,20504,9,0,0,0,,,,,,,,
20,20505,1,12,12,0,,,,,,,,
20,20505,2,0,0,0,,,,,,,,
20,20505,3,0,0,0,,,,,,,,
20,20505,4,0,0,0,,,,,,,,
20,20505,5,0,0,0,,,,,,,,
20,20505,6,NA,NA,NA,,,,,,,,
20,20505,7,3,3,0,,,,,,,,
20,20505,8,0,0,0,,,,,,,,
20,20505,9,0,0,0,,,,,,,,
20,20506,1,13,13,0,,,,,,,,
20,20506,2,0,0,0,,,,,,,,
20,20506,3,0,0,0,,,,,,,,
20,20506,4,0,0,0,,,,,,,,
20,20506,5,0,0,0,,,,,,,,
20,20506,6,NA,NA,NA,,,,,,,,
20,20506,7,1,1,0,,,,,,,,
20,20506,8,1,1,0,,,,,,,,
20,20506,9,0,0,0,,,,,,,,
20,20507,1,14,14,0,,,,,,,,
20,20507,2,0,0,0,,,,,,,,
20,20507,3,0,0,0,,,,,,,,
20,20507,4,0,0,0,,,,,,,,
20,20507,5,0,0,0,,,,,,,,
20,20507,6,NA,NA,NA,,,,,,,,
20,20507,7,3,3,0,,,,,,,,
20,20507,8,0,0,0,,,,,,,,
20,20507,9,0,0,0,,,,,,,,
20,20508,1,7,6,1,,,,,,,,
20,20508,2,0,0,0,,,,,,,,
20,20508,3,0,0,0,,,,,,,,
20,20508,4,0,0,0,,,,,,,,
20,20508,5,0,0,0,,,,,,,,
20,20508,6,NA,NA,NA,,,,,,,,
20,20508,7,1,0,1,,,,,,,,
20,20508,8,0,0,0,,,,,,,,
20,20508,9,0,0,0,,,,,,,,
20,20509,1,16,14,2,,,,,,,,
20,20509,2,3,3,0,,,,,,,,
20,20509,3,0,0,0,,,,,,,,
20,20509,4,0,0,0,,,,,,,,
20,20509,5,0,0,0,,,,,,,,
20,20509,6,NA,NA,NA,,,,,,,,
20,20509,7,0,0,0,,,,,,,,
20,20509,8,0,0,0,,,,,,,,
20,20509,9,0,0,0,,,,,,,,
20,20510,1,10,10,0,,,,,,,,
20,20510,2,0,0,0,,,,,,,,
20,20510,3,0,0,0,,,,,,,,
20,20510,4,0,0,0,,,,,,,,
20,20510,5,0,0,0,,,,,,,,
20,20510,6,NA,NA,NA,,,,,,,,
20,20510,7,1,0,1,,,,,,,,
20,20510,8,0,0,0,,,,,,,,
20,20510,9,0,0,0,,,,,,,,
20,20511,1,55,55,0,,,,,,,,
20,20511,2,0,0,0,,,,,,,,
20,20511,3,0,0,0,,,,,,,,
20,20511,4,0,0,0,,,,,,,,
20,20511,5,0,0,0,,,,,,,,
20,20511,6,NA,NA,NA,,,,,,,,
20,20511,7,5,5,0,,,,,,,,
20,20511,8,0,0,0,,,,,,,,
20,20511,9,0,0,0,,,,,,,,
20,20512,1,20,20,0,,,,,,,,
20,20512,2,0,0,0,,,,,,,,
20,20512,3,0,0,0,,,,,,,,
20,20512,4,0,0,0,,,,,,,,
20,20512,5,0,0,0,,,,,,,,
20,20512,6,NA,NA,NA,,,,,,,,
20,20512,7,4,4,0,,,,,,,,
20,20512,8,0,0,0,,,,,,,,
20,20512,9,0,0,0,,,,,,,,
20,20513,1,27,25,2,,,,,,,,
20,20513,2,0,0,0,,,,,,,,
20,20513,3,0,0,0,,,,,,,,
20,20513,4,0,0,0,,,,,,,,
20,20513,5,0,0,0,,,,,,,,
20,20513,6,NA,NA,NA,,,,,,,,
20,20513,7,3,3,0,,,,,,,,
20,20513,8,0,0,0,,,,,,,,
20,20513,9,0,0,0,,,,,,,,
20,20514,1,10,10,0,,,,,,,,
20,20514,2,0,0,0,,,,,,,,
20,20514,3,0,0,0,,,,,,,,
20,20514,4,0,0,0,,,,,,,,
20,20514,5,0,0,0,,,,,,,,
20,20514,6,NA,NA,NA,,,,,,,,
20,20514,7,3,3,0,,,,,,,,
20,20514,8,0,0,0,,,,,,,,
20,20514,9,0,0,0,,,,,,,,
20,20515,1,61,48,13,,,,,,,,
20,20515,2,14,10,4,,,,,,,,
20,20515,3,0,0,0,,,,,,,,
20,20515,4,0,0,0,,,,,,,,
20,20515,5,0,0,0,,,,,,,,
20,20515,6,NA,NA,NA,,,,,,,,
20,20515,7,13,11,2,,,,,,,,
20,20515,8,4,2,2,,,,,,,,
20,20515,9,1,0,1,,,,,,,,
20,20516,1,79,79,0,,,,,,,,
20,20516,2,0,0,0,,,,,,,,
20,20516,3,0,0,0,,,,,,,,
20,20516,4,0,0,0,,,,,,,,
20,20516,5,0,0,0,,,,,,,,
20,20516,6,NA,NA,NA,,,,,,,,
20,20516,7,1,1,0,,,,,,,,
20,20516,8,0,0,0,,,,,,,,
20,20516,9,0,0,0,,,,,,,,
20,20517,1,40,40,0,,,,,,,,
20,20517,2,0,0,0,,,,,,,,
20,20517,3,0,0,0,,,,,,,,
20,20517,4,0,0,0,,,,,,,,
20,20517,5,0,0,0,,,,,,,,
20,20517,6,NA,NA,NA,,,,,,,,
20,20517,7,2,2,0,,,,,,,,
20,20517,8,1,1,0,,,,,,,,
20,20517,9,0,0,0,,,,,,,,
20,20518,1,3,3,0,,,,,,,,
20,20518,2,0,0,0,,,,,,,,
20,20518,3,0,0,0,,,,,,,,
20,20518,4,0,0,0,,,,,,,,
20,20518,5,0,0,0,,,,,,,,
20,20518,6,NA,NA,NA,,,,,,,,
20,20518,7,0,0,0,,,,,,,,
20,20518,8,0,0,0,,,,,,,,
20,20518,9,0,0,0,,,,,,,,
20,20519,1,262,259,3,,,,,,,,
20,20519,2,0,0,0,,,,,,,,
20,20519,3,0,0,0,,,,,,,,
20,20519,4,0,0,0,,,,,,,,
20,20519,5,0,0,0,,,,,,,,
20,20519,6,NA,NA,NA,,,,,,,,
20,20519,7,0,0,0,,,,,,,,
20,20519,8,0,0,0,,,,,,,,
20,20519,9,0,0,0,,,,,,,,
20,20520,1,9,8,1,,,,,,,,
20,20520,2,0,0,0,,,,,,,,
20,20520,3,0,0,0,,,,,,,,
20,20520,4,0,0,0,,,,,,,,
20,20520,5,0,0,0,,,,,,,,
20,20520,6,NA,NA,NA,,,,,,,,
20,20520,7,1,1,0,,,,,,,,
20,20520,8,0,0,0,,,,,,,,
20,20520,9,0,0,0,,,,,,,,
20,20521,1,6,6,0,,,,,,,,
20,20521,2,0,0,0,,,,,,,,
20,20521,3,0,0,0,,,,,,,,
20,20521,4,0,0,0,,,,,,,,
20,20521,5,0,0,0,,,,,,,,
20,20521,6,NA,NA,NA,,,,,,,,
20,20521,7,3,3,0,,,,,,,,
20,20521,8,0,0,0,,,,,,,,
20,20521,9,0,0,0,,,,,,,,
20,20522,1,7,7,0,,,,,,,,
20,20522,2,0,0,0,,,,,,,,
20,20522,3,0,0,0,,,,,,,,
20,20522,4,0,0,0,,,,,,,,
20,20522,5,0,0,0,,,,,,,,
20,20522,6,NA,NA,NA,,,,,,,,
20,20522,7,1,1,0,,,,,,,,
20,20522,8,0,0,0,,,,,,,,
20,20522,9,0,0,0,,,,,,,,
20,20523,1,10,7,3,,,,,,,,
20,20523,2,0,0,0,,,,,,,,
20,20523,3,0,0,0,,,,,,,,
20,20523,4,0,0,0,,,,,,,,
20,20523,5,0,0,0,,,,,,,,
20,20523,6,NA,NA,NA,,,,,,,,
20,20523,7,0,0,0,,,,,,,,
20,20523,8,0,0,0,,,,,,,,
20,20523,9,0,0,0,,,,,,,,
20,20524,1,3,3,0,,,,,,,,
20,20524,2,0,0,0,,,,,,,,
20,20524,3,0,0,0,,,,,,,,
20,20524,4,0,0,0,,,,,,,,
20,20524,5,0,0,0,,,,,,,,
20,20524,6,NA,NA,NA,,,,,,,,
20,20524,7,1,1,0,,,,,,,,
20,20524,8,0,0,0,,,,,,,,
20,20524,9,0,0,0,,,,,,,,
20,20525,1,10,10,0,,,,,,,,
20,20525,2,0,0,0,,,,,,,,
20,20525,3,0,0,0,,,,,,,,
20,20525,4,0,0,0,,,,,,,,
20,20525,5,0,0,0,,,,,,,,
20,20525,6,NA,NA,NA,,,,,,,,
20,20525,7,4,4,0,,,,,,,,
20,20525,8,0,0,0,,,,,,,,
20,20525,9,0,0,0,,,,,,,,
20,20526,1,27,23,4,,,,,,,,
20,20526,2,2,1,1,,,,,,,,
20,20526,3,0,0,0,,,,,,,,
20,20526,4,0,0,0,,,,,,,,
20,20526,5,0,0,0,,,,,,,,
20,20526,6,NA,NA,NA,,,,,,,,
20,20526,7,6,6,0,,,,,,,,
20,20526,8,0,0,0,,,,,,,,
20,20526,9,0,0,0,,,,,,,,
20,20527,1,16,16,0,,,,,,,,
20,20527,2,0,0,0,,,,,,,,
20,20527,3,0,0,0,,,,,,,,
20,20527,4,0,0,0,,,,,,,,
20,20527,5,0,0,0,,,,,,,,
20,20527,6,NA,NA,NA,,,,,,,,
20,20527,7,1,1,0,,,,,,,,
20,20527,8,0,0,0,,,,,,,,
20,20527,9,0,0,0,,,,,,,,
20,20528,1,19,19,0,,,,,,,,
20,20528,2,0,0,0,,,,,,,,
20,20528,3,0,0,0,,,,,,,,
20,20528,4,0,0,0,,,,,,,,
20,20528,5,0,0,0,,,,,,,,
20,20528,6,NA,NA,NA,,,,,,,,
20,20528,7,1,1,0,,,,,,,,
20,20528,8,0,0,0,,,,,,,,
20,20528,9,0,0,0,,,,,,,,
20,20529,1,18,18,0,,,,,,,,
20,20529,2,0,0,0,,,,,,,,
20,20529,3,0,0,0,,,,,,,,
20,20529,4,0,0,0,,,,,,,,
20,20529,5,0,0,0,,,,,,,,
20,20529,6,NA,NA,NA,,,,,,,,
20,20529,7,1,1,0,,,,,,,,
20,20529,8,0,0,0,,,,,,,,
20,20529,9,0,0,0,,,,,,,,
20,20530,1,30,30,0,,,,,,,,
20,20530,2,0,0,0,,,,,,,,
20,20530,3,0,0,0,,,,,,,,
20,20530,4,0,0,0,,,,,,,,
20,20530,5,0,0,0,,,,,,,,
20,20530,6,NA,NA,NA,,,,,,,,
20,20530,7,2,2,0,,,,,,,,
20,20530,8,0,0,0,,,,,,,,
20,20530,9,0,0,0,,,,,,,,
20,20531,1,36,36,0,,,,,,,,
20,20531,2,0,0,0,,,,,,,,
20,20531,3,0,0,0,,,,,,,,
20,20531,4,0,0,0,,,,,,,,
20,20531,5,0,0,0,,,,,,,,
20,20531,6,NA,NA,NA,,,,,,,,
20,20531,7,4,4,0,,,,,,,,
20,20531,8,0,0,0,,,,,,,,
20,20531,9,0,0,0,,,,,,,,
20,20532,1,16,16,0,,,,,,,,
20,20532,2,0,0,0,,,,,,,,
20,20532,3,0,0,0,,,,,,,,
20,20532,4,0,0,0,,,,,,,,
20,20532,5,0,0,0,,,,,,,,
20,20532,6,NA,NA,NA,,,,,,,,
20,20532,7,1,1,0,,,,,,,,
20,20532,8,0,0,0,,,,,,,,
20,20532,9,0,0,0,,,,,,,,
20,20533,1,7,7,0,,,,,,,,
20,20533,2,0,0,0,,,,,,,,
20,20533,3,0,0,0,,,,,,,,
20,20533,4,0,0,0,,,,,,,,
20,20533,5,0,0,0,,,,,,,,
20,20533,6,NA,NA,NA,,,,,,,,
20,20533,7,1,1,0,,,,,,,,
20,20533,8,0,0,0,,,,,,,,
20,20533,9,0,0,0,,,,,,,,
20,20534,1,24,24,0,,,,,,,,
20,20534,2,0,0,0,,,,,,,,
20,20534,3,0,0,0,,,,,,,,
20,20534,4,0,0,0,,,,,,,,
20,20534,5,0,0,0,,,,,,,,
20,20534,6,NA,NA,NA,,,,,,,,
20,20534,7,2,2,0,,,,,,,,
20,20534,8,0,0,0,,,,,,,,
20,20534,9,0,0,0,,,,,,,,
20,20535,1,198,193,5,,,,,,,,
20,20535,2,0,0,0,,,,,,,,
20,20535,3,0,0,0,,,,,,,,
20,20535,4,0,0,0,,,,,,,,
20,20535,5,0,0,0,,,,,,,,
20,20535,6,NA,NA,NA,,,,,,,,
20,20535,7,0,0,0,,,,,,,,
20,20535,8,0,0,0,,,,,,,,
20,20535,9,0,0,0,,,,,,,,
20,20536,1,21,21,0,,,,,,,,
20,20536,2,0,0,0,,,,,,,,
20,20536,3,0,0,0,,,,,,,,
20,20536,4,0,0,0,,,,,,,,
20,20536,5,0,0,0,,,,,,,,
20,20536,6,NA,NA,NA,,,,,,,,
20,20536,7,1,1,0,,,,,,,,
20,20536,8,0,0,0,,,,,,,,
20,20536,9,0,0,0,,,,,,,,
20,20537,1,8,8,0,,,,,,,,
20,20537,2,0,0,0,,,,,,,,
20,20537,3,0,0,0,,,,,,,,
20,20537,4,0,0,0,,,,,,,,
20,20537,5,0,0,0,,,,,,,,
20,20537,6,NA,NA,NA,,,,,,,,
20,20537,7,2,2,0,,,,,,,,
20,20537,8,2,2,0,,,,,,,,
20,20537,9,0,0,0,,,,,,,,
20,20538,1,0,0,0,,,,,,,,
20,20538,2,0,0,0,,,,,,,,
20,20538,3,0,0,0,,,,,,,,
20,20538,4,0,0,0,,,,,,,,
20,20538,5,0,0,0,,,,,,,,
20,20538,6,NA,NA,NA,,,,,,,,
20,20538,7,0,0,0,,,,,,,,
20,20538,8,0,0,0,,,,,,,,
20,20538,9,0,0,0,,,,,,,,
20,20539,1,25,19,6,,,,,,,,
20,20539,2,0,0,0,,,,,,,,
20,20539,3,0,0,0,,,,,,,,
20,20539,4,0,0,0,,,,,,,,
20,20539,5,0,0,0,,,,,,,,
20,20539,6,NA,NA,NA,,,,,,,,
20,20539,7,0,0,0,,,,,,,,
20,20539,8,0,0,0,,,,,,,,
20,20539,9,0,0,0,,,,,,,,
20,20540,1,19,14,5,,,,,,,,
20,20540,2,1,1,0,,,,,,,,
20,20540,3,0,0,0,,,,,,,,
20,20540,4,0,0,0,,,,,,,,
20,20540,5,0,0,0,,,,,,,,
20,20540,6,NA,NA,NA,,,,,,,,
20,20540,7,1,0,1,,,,,,,,
20,20540,8,1,1,0,,,,,,,,
20,20540,9,1,1,0,,,,,,,,
20,20541,1,6,6,0,,,,,,,,
20,20541,2,0,0,0,,,,,,,,
20,20541,3,0,0,0,,,,,,,,
20,20541,4,0,0,0,,,,,,,,
20,20541,5,3,3,0,,,,,,,,
20,20541,6,NA,NA,NA,,,,,,,,
20,20541,7,3,3,0,,,,,,,,
20,20541,8,0,0,0,,,,,,,,
20,20541,9,0,0,0,,,,,,,,
20,20542,1,2,2,0,,,,,,,,
20,20542,2,0,0,0,,,,,,,,
20,20542,3,0,0,0,,,,,,,,
20,20542,4,0,0,0,,,,,,,,
20,20542,5,0,0,0,,,,,,,,
20,20542,6,NA,NA,NA,,,,,,,,
20,20542,7,1,1,0,,,,,,,,
20,20542,8,0,0,0,,,,,,,,
20,20542,9,0,0,0,,,,,,,,
20,20543,1,11,11,0,,,,,,,,
20,20543,2,0,0,0,,,,,,,,
20,20543,3,0,0,0,,,,,,,,
20,20543,4,0,0,0,,,,,,,,
20,20543,5,0,0,0,,,,,,,,
20,20543,6,NA,NA,NA,,,,,,,,
20,20543,7,2,2,0,,,,,,,,
20,20543,8,0,0,0,,,,,,,,
20,20543,9,0,0,0,,,,,,,,
20,20544,1,21,21,0,,,,,,,,
20,20544,2,0,0,0,,,,,,,,
20,20544,3,0,0,0,,,,,,,,
20,20544,4,0,0,0,,,,,,,,
20,20544,5,0,0,0,,,,,,,,
20,20544,6,NA,NA,NA,,,,,,,,
20,20544,7,1,1,0,,,,,,,,
20,20544,8,0,0,0,,,,,,,,
20,20544,9,0,0,0,,,,,,,,
20,20545,1,34,27,7,,,,,,,,
20,20545,2,0,0,0,,,,,,,,
20,20545,3,0,0,0,,,,,,,,
20,20545,4,0,0,0,,,,,,,,
20,20545,5,0,0,0,,,,,,,,
20,20545,6,NA,NA,NA,,,,,,,,
20,20545,7,0,0,0,,,,,,,,
20,20545,8,0,0,0,,,,,,,,
20,20545,9,0,0,0,,,,,,,,
20,20546,1,0,0,0,,,,,,,,
20,20546,2,0,0,0,,,,,,,,
20,20546,3,0,0,0,,,,,,,,
20,20546,4,0,0,0,,,,,,,,
20,20546,5,70,70,0,,,,,,,,
20,20546,6,NA,NA,NA,,,,,,,,
20,20546,7,10,10,0,,,,,,,,
20,20546,8,1,1,0,,,,,,,,
20,20546,9,0,0,0,,,,,,,,
20,20547,1,6,6,0,,,,,,,,
20,20547,2,0,0,0,,,,,,,,
20,20547,3,0,0,0,,,,,,,,
20,20547,4,0,0,0,,,,,,,,
20,20547,5,0,0,0,,,,,,,,
20,20547,6,NA,NA,NA,,,,,,,,
20,20547,7,1,1,0,,,,,,,,
20,20547,8,0,0,0,,,,,,,,
20,20547,9,0,0,0,,,,,,,,
20,20548,1,8,7,1,,,,,,,,
20,20548,2,0,0,0,,,,,,,,
20,20548,3,0,0,0,,,,,,,,
20,20548,4,0,0,0,,,,,,,,
20,20548,5,0,0,0,,,,,,,,
20,20548,6,NA,NA,NA,,,,,,,,
20,20548,7,1,1,0,,,,,,,,
20,20548,8,0,0,0,,,,,,,,
20,20548,9,0,0,0,,,,,,,,
20,20549,1,20,16,4,,,,,,,,
20,20549,2,0,0,0,,,,,,,,
20,20549,3,0,0,0,,,,,,,,
20,20549,4,0,0,0,,,,,,,,
20,20549,5,0,0,0,,,,,,,,
20,20549,6,NA,NA,NA,,,,,,,,
20,20549,7,2,1,1,,,,,,,,
20,20549,8,0,0,0,,,,,,,,
20,20549,9,0,0,0,,,,,,,,
20,20550,1,18,18,0,,,,,,,,
20,20550,2,0,0,0,,,,,,,,
20,20550,3,0,0,0,,,,,,,,
20,20550,4,0,0,0,,,,,,,,
20,20550,5,0,0,0,,,,,,,,
20,20550,6,NA,NA,NA,,,,,,,,
20,20550,7,2,1,1,,,,,,,,
20,20550,8,0,0,0,,,,,,,,
20,20550,9,0,0,0,,,,,,,,
20,20551,1,48,39,9,,,,,,,,
20,20551,2,9,6,3,,,,,,,,
20,20551,3,0,0,0,,,,,,,,
20,20551,4,0,0,0,,,,,,,,
20,20551,5,0,0,0,,,,,,,,
20,20551,6,NA,NA,NA,,,,,,,,
20,20551,7,4,4,0,,,,,,,,
20,20551,8,0,0,0,,,,,,,,
20,20551,9,0,0,0,,,,,,,,
20,20552,1,10,10,0,,,,,,,,
20,20552,2,0,0,0,,,,,,,,
20,20552,3,0,0,0,,,,,,,,
20,20552,4,0,0,0,,,,,,,,
20,20552,5,0,0,0,,,,,,,,
20,20552,6,NA,NA,NA,,,,,,,,
20,20552,7,1,1,0,,,,,,,,
20,20552,8,0,0,0,,,,,,,,
20,20552,9,0,0,0,,,,,,,,
20,20553,1,228,228,0,,,,,,,,
20,20553,2,0,0,0,,,,,,,,
20,20553,3,0,0,0,,,,,,,,
20,20553,4,0,0,0,,,,,,,,
20,20553,5,0,0,0,,,,,,,,
20,20553,6,NA,NA,NA,,,,,,,,
20,20553,7,8,8,0,,,,,,,,
20,20553,8,0,0,0,,,,,,,,
20,20553,9,0,0,0,,,,,,,,
20,20554,1,32,30,2,,,,,,,,
20,20554,2,0,0,0,,,,,,,,
20,20554,3,0,0,0,,,,,,,,
20,20554,4,0,0,0,,,,,,,,
20,20554,5,0,0,0,,,,,,,,
20,20554,6,NA,NA,NA,,,,,,,,
20,20554,7,0,0,0,,,,,,,,
20,20554,8,0,0,0,,,,,,,,
20,20554,9,0,0,0,,,,,,,,
20,20555,1,9,7,2,,,,,,,,
20,20555,2,0,0,0,,,,,,,,
20,20555,3,0,0,0,,,,,,,,
20,20555,4,0,0,0,,,,,,,,
20,20555,5,0,0,0,,,,,,,,
20,20555,6,NA,NA,NA,,,,,,,,
20,20555,7,2,2,0,,,,,,,,
20,20555,8,0,0,0,,,,,,,,
20,20555,9,0,0,0,,,,,,,,
20,20556,1,5,4,1,,,,,,,,
20,20556,2,0,0,0,,,,,,,,
20,20556,3,0,0,0,,,,,,,,
20,20556,4,0,0,0,,,,,,,,
20,20556,5,0,0,0,,,,,,,,
20,20556,6,NA,NA,NA,,,,,,,,
20,20556,7,1,1,0,,,,,,,,
20,20556,8,0,0,0,,,,,,,,
20,20556,9,0,0,0,,,,,,,,
20,20557,1,36,32,4,,,,,,,,
20,20557,2,6,6,0,,,,,,,,
20,20557,3,0,0,0,,,,,,,,
20,20557,4,0,0,0,,,,,,,,
20,20557,5,0,0,0,,,,,,,,
20,20557,6,NA,NA,NA,,,,,,,,
20,20557,7,6,6,0,,,,,,,,
20,20557,8,0,0,0,,,,,,,,
20,20557,9,0,0,0,,,,,,,,
20,20558,1,7,7,0,,,,,,,,
20,20558,2,0,0,0,,,,,,,,
20,20558,3,0,0,0,,,,,,,,
20,20558,4,0,0,0,,,,,,,,
20,20558,5,0,0,0,,,,,,,,
20,20558,6,NA,NA,NA,,,,,,,,
20,20558,7,1,1,0,,,,,,,,
20,20558,8,0,0,0,,,,,,,,
20,20558,9,0,0,0,,,,,,,,
20,20559,1,16,13,3,,,,,,,,
20,20559,2,0,0,0,,,,,,,,
20,20559,3,0,0,0,,,,,,,,
20,20559,4,0,0,0,,,,,,,,
20,20559,5,0,0,0,,,,,,,,
20,20559,6,NA,NA,NA,,,,,,,,
20,20559,7,3,3,0,,,,,,,,
20,20559,8,2,1,1,,,,,,,,
20,20559,9,0,0,0,,,,,,,,
20,20560,1,15,10,5,,,,,,,,
20,20560,2,0,0,0,,,,,,,,
20,20560,3,0,0,0,,,,,,,,
20,20560,4,0,0,0,,,,,,,,
20,20560,5,0,0,0,,,,,,,,
20,20560,6,NA,NA,NA,,,,,,,,
20,20560,7,5,5,0,,,,,,,,
20,20560,8,0,0,0,,,,,,,,
20,20560,9,0,0,0,,,,,,,,
20,20561,1,40,40,0,,,,,,,,
20,20561,2,0,0,0,,,,,,,,
20,20561,3,0,0,0,,,,,,,,
20,20561,4,0,0,0,,,,,,,,
20,20561,5,0,0,0,,,,,,,,
20,20561,6,NA,NA,NA,,,,,,,,
20,20561,7,4,4,0,,,,,,,,
20,20561,8,0,0,0,,,,,,,,
20,20561,9,0,0,0,,,,,,,,
20,20562,1,16,16,0,,,,,,,,
20,20562,2,0,0,0,,,,,,,,
20,20562,3,0,0,0,,,,,,,,
20,20562,4,0,0,0,,,,,,,,
20,20562,5,0,0,0,,,,,,,,
20,20562,6,NA,NA,NA,,,,,,,,
20,20562,7,1,1,0,,,,,,,,
20,20562,8,0,0,0,,,,,,,,
20,20562,9,0,0,0,,,,,,,,
20,20563,1,11,11,0,,,,,,,,
20,20563,2,0,0,0,,,,,,,,
20,20563,3,0,0,0,,,,,,,,
20,20563,4,0,0,0,,,,,,,,
20,20563,5,0,0,0,,,,,,,,
20,20563,6,NA,NA,NA,,,,,,,,
20,20563,7,1,1,0,,,,,,,,
20,20563,8,0,0,0,,,,,,,,
20,20563,9,0,0,0,,,,,,,,
20,20564,1,14,14,0,,,,,,,,
20,20564,2,0,0,0,,,,,,,,
20,20564,3,0,0,0,,,,,,,,
20,20564,4,0,0,0,,,,,,,,
20,20564,5,0,0,0,,,,,,,,
20,20564,6,NA,NA,NA,,,,,,,,
20,20564,7,1,1,0,,,,,,,,
20,20564,8,0,0,0,,,,,,,,
20,20564,9,0,0,0,,,,,,,,
20,20565,1,78,64,14,,,,,,,,
20,20565,2,25,18,7,,,,,,,,
20,20565,3,0,0,0,,,,,,,,
20,20565,4,0,0,0,,,,,,,,
20,20565,5,0,0,0,,,,,,,,
20,20565,6,NA,NA,NA,,,,,,,,
20,20565,7,1,1,0,,,,,,,,
20,20565,8,2,2,0,,,,,,,,
20,20565,9,0,0,0,,,,,,,,
20,20566,1,53,53,0,,,,,,,,
20,20566,2,0,0,0,,,,,,,,
20,20566,3,0,0,0,,,,,,,,
20,20566,4,0,0,0,,,,,,,,
20,20566,5,0,0,0,,,,,,,,
20,20566,6,NA,NA,NA,,,,,,,,
20,20566,7,0,0,0,,,,,,,,
20,20566,8,0,0,0,,,,,,,,
20,20566,9,0,0,0,,,,,,,,
20,20567,1,17,17,0,,,,,,,,
20,20567,2,0,0,0,,,,,,,,
20,20567,3,0,0,0,,,,,,,,
20,20567,4,0,0,0,,,,,,,,
20,20567,5,0,0,0,,,,,,,,
20,20567,6,NA,NA,NA,,,,,,,,
20,20567,7,1,1,0,,,,,,,,
20,20567,8,0,0,0,,,,,,,,
20,20567,9,0,0,0,,,,,,,,
20,20568,1,10,8,2,,,,,,,,
20,20568,2,0,0,0,,,,,,,,
20,20568,3,0,0,0,,,,,,,,
20,20568,4,0,0,0,,,,,,,,
20,20568,5,0,0,0,,,,,,,,
20,20568,6,NA,NA,NA,,,,,,,,
20,20568,7,3,3,0,,,,,,,,
20,20568,8,0,0,0,,,,,,,,
20,20568,9,0,0,0,,,,,,,,
20,20569,1,10,10,0,,,,,,,,
20,20569,2,0,0,0,,,,,,,,
20,20569,3,0,0,0,,,,,,,,
20,20569,4,0,0,0,,,,,,,,
20,20569,5,0,0,0,,,,,,,,
20,20569,6,NA,NA,NA,,,,,,,,
20,20569,7,2,2,0,,,,,,,,
20,20569,8,0,0,0,,,,,,,,
20,20569,9,0,0,0,,,,,,,,
20,20570,1,32,23,9,,,,,,,,
20,20570,2,4,4,0,,,,,,,,
20,20570,3,0,0,0,,,,,,,,
20,20570,4,0,0,0,,,,,,,,
20,20570,5,0,0,0,,,,,,,,
20,20570,6,NA,NA,NA,,,,,,,,
20,20570,7,3,2,1,,,,,,,,
20,20570,8,1,0,1,,,,,,,,
20,20570,9,0,0,0,,,,,,,,
21,21001,1,35,24,11,,,,,,,,
21,21001,2,10,9,1,,,,,,,,
21,21001,3,0,0,0,,,,,,,,
21,21001,4,0,0,0,,,,,,,,
21,21001,5,0,0,0,,,,,,,,
21,21001,6,NA,NA,NA,,,,,,,,
21,21001,7,4,4,0,,,,,,,,
21,21001,8,2,1,1,,,,,,,,
21,21001,9,0,0,0,,,,,,,,
21,21002,1,23,21,2,,,,,,,,
21,21002,2,0,0,0,,,,,,,,
21,21002,3,0,0,0,,,,,,,,
21,21002,4,0,0,0,,,,,,,,
21,21002,5,0,0,0,,,,,,,,
21,21002,6,NA,NA,NA,,,,,,,,
21,21002,7,1,1,0,,,,,,,,
21,21002,8,0,0,0,,,,,,,,
21,21002,9,0,0,0,,,,,,,,
21,21003,1,59,51,8,,,,,,,,
21,21003,2,24,22,2,,,,,,,,
21,21003,3,0,0,0,,,,,,,,
21,21003,4,0,0,0,,,,,,,,
21,21003,5,0,0,0,,,,,,,,
21,21003,6,NA,NA,NA,,,,,,,,
21,21003,7,2,2,0,,,,,,,,
21,21003,8,1,0,1,,,,,,,,
21,21003,9,0,0,0,,,,,,,,
21,21004,1,62,49,13,,,,,,,,
21,21004,2,8,8,0,,,,,,,,
21,21004,3,0,0,0,,,,,,,,
21,21004,4,0,0,0,,,,,,,,
21,21004,5,0,0,0,,,,,,,,
21,21004,6,NA,NA,NA,,,,,,,,
21,21004,7,4,4,0,,,,,,,,
21,21004,8,2,1,1,,,,,,,,
21,21004,9,1,0,1,,,,,,,,
21,21005,1,10,10,0,,,,,,,,
21,21005,2,0,0,0,,,,,,,,
21,21005,3,0,0,0,,,,,,,,
21,21005,4,0,0,0,,,,,,,,
21,21005,5,0,0,0,,,,,,,,
21,21005,6,NA,NA,NA,,,,,,,,
21,21005,7,1,1,0,,,,,,,,
21,21005,8,1,1,0,,,,,,,,
21,21005,9,0,0,0,,,,,,,,
21,21006,1,8,4,4,,,,,,,,
21,21006,2,0,0,0,,,,,,,,
21,21006,3,0,0,0,,,,,,,,
21,21006,4,0,0,0,,,,,,,,
21,21006,5,0,0,0,,,,,,,,
21,21006,6,NA,NA,NA,,,,,,,,
21,21006,7,2,2,0,,,,,,,,
21,21006,8,0,0,0,,,,,,,,
21,21006,9,0,0,0,,,,,,,,
21,21007,1,12,12,0,,,,,,,,
21,21007,2,0,0,0,,,,,,,,
21,21007,3,0,0,0,,,,,,,,
21,21007,4,0,0,0,,,,,,,,
21,21007,5,0,0,0,,,,,,,,
21,21007,6,NA,NA,NA,,,,,,,,
21,21007,7,0,0,0,,,,,,,,
21,21007,8,0,0,0,,,,,,,,
21,21007,9,0,0,0,,,,,,,,
21,21008,1,45,31,14,,,,,,,,
21,21008,2,0,0,0,,,,,,,,
21,21008,3,0,0,0,,,,,,,,
21,21008,4,0,0,0,,,,,,,,
21,21008,5,0,0,0,,,,,,,,
21,21008,6,NA,NA,NA,,,,,,,,
21,21008,7,1,1,0,,,,,,,,
21,21008,8,1,0,1,,,,,,,,
21,21008,9,0,0,0,,,,,,,,
21,21009,1,15,15,0,,,,,,,,
21,21009,2,0,0,0,,,,,,,,
21,21009,3,0,0,0,,,,,,,,
21,21009,4,0,0,0,,,,,,,,
21,21009,5,0,0,0,,,,,,,,
21,21009,6,NA,NA,NA,,,,,,,,
21,21009,7,1,1,0,,,,,,,,
21,21009,8,0,0,0,,,,,,,,
21,21009,9,0,0,0,,,,,,,,
21,21010,1,40,30,10,,,,,,,,
21,21010,2,12,10,2,,,,,,,,
21,21010,3,0,0,0,,,,,,,,
21,21010,4,0,0,0,,,,,,,,
21,21010,5,0,0,0,,,,,,,,
21,21010,6,NA,NA,NA,,,,,,,,
21,21010,7,3,2,1,,,,,,,,
21,21010,8,1,1,0,,,,,,,,
21,21010,9,0,0,0,,,,,,,,
21,21011,1,12,12,0,,,,,,,,
21,21011,2,0,0,0,,,,,,,,
21,21011,3,0,0,0,,,,,,,,
21,21011,4,0,0,0,,,,,,,,
21,21011,5,0,0,0,,,,,,,,
21,21011,6,NA,NA,NA,,,,,,,,
21,21011,7,1,1,0,,,,,,,,
21,21011,8,0,0,0,,,,,,,,
21,21011,9,0,0,0,,,,,,,,
21,21012,1,14,12,2,,,,,,,,
21,21012,2,0,0,0,,,,,,,,
21,21012,3,0,0,0,,,,,,,,
21,21012,4,0,0,0,,,,,,,,
21,21012,5,0,0,0,,,,,,,,
21,21012,6,NA,NA,NA,,,,,,,,
21,21012,7,1,1,0,,,,,,,,
21,21012,8,0,0,0,,,,,,,,
21,21012,9,0,0,0,,,,,,,,
21,21013,1,30,21,9,,,,,,,,
21,21013,2,4,3,1,,,,,,,,
21,21013,3,0,0,0,,,,,,,,
21,21013,4,0,0,0,,,,,,,,
21,21013,5,0,0,0,,,,,,,,
21,21013,6,NA,NA,NA,,,,,,,,
21,21013,7,2,2,0,,,,,,,,
21,21013,8,0,0,0,,,,,,,,
21,21013,9,0,0,0,,,,,,,,
21,21014,1,7,4,3,,,,,,,,
21,21014,2,0,0,0,,,,,,,,
21,21014,3,0,0,0,,,,,,,,
21,21014,4,0,0,0,,,,,,,,
21,21014,5,0,0,0,,,,,,,,
21,21014,6,NA,NA,NA,,,,,,,,
21,21014,7,1,1,0,,,,,,,,
21,21014,8,0,0,0,,,,,,,,
21,21014,9,0,0,0,,,,,,,,
21,21015,1,84,58,26,,,,,,,,
21,21015,2,22,18,4,,,,,,,,
21,21015,3,0,0,0,,,,,,,,
21,21015,4,0,0,0,,,,,,,,
21,21015,5,0,0,0,,,,,,,,
21,21015,6,NA,NA,NA,,,,,,,,
21,21015,7,1,1,0,,,,,,,,
21,21015,8,4,2,2,,,,,,,,
21,21015,9,4,1,3,,,,,,,,
21,21016,1,16,12,4,,,,,,,,
21,21016,2,0,0,0,,,,,,,,
21,21016,3,0,0,0,,,,,,,,
21,21016,4,0,0,0,,,,,,,,
21,21016,5,0,0,0,,,,,,,,
21,21016,6,NA,NA,NA,,,,,,,,
21,21016,7,3,2,1,,,,,,,,
21,21016,8,2,0,2,,,,,,,,
21,21016,9,0,0,0,,,,,,,,
21,21017,1,51,41,10,,,,,,,,
21,21017,2,7,4,3,,,,,,,,
21,21017,3,0,0,0,,,,,,,,
21,21017,4,0,0,0,,,,,,,,
21,21017,5,0,0,0,,,,,,,,
21,21017,6,NA,NA,NA,,,,,,,,
21,21017,7,1,1,0,,,,,,,,
21,21017,8,1,1,0,,,,,,,,
21,21017,9,0,0,0,,,,,,,,
21,21018,1,12,9,3,,,,,,,,
21,21018,2,0,0,0,,,,,,,,
21,21018,3,0,0,0,,,,,,,,
21,21018,4,0,0,0,,,,,,,,
21,21018,5,0,0,0,,,,,,,,
21,21018,6,NA,NA,NA,,,,,,,,
21,21018,7,1,1,0,,,,,,,,
21,21018,8,0,0,0,,,,,,,,
21,21018,9,0,0,0,,,,,,,,
21,21019,1,110,62,48,,,,,,,,
21,21019,2,14,11,3,,,,,,,,
21,21019,3,0,0,0,,,,,,,,
21,21019,4,0,0,0,,,,,,,,
21,21019,5,0,0,0,,,,,,,,
21,21019,6,NA,NA,NA,,,,,,,,
21,21019,7,66,62,4,,,,,,,,
21,21019,8,0,0,0,,,,,,,,
21,21019,9,0,0,0,,,,,,,,
21,21020,1,7,6,1,,,,,,,,
21,21020,2,0,0,0,,,,,,,,
21,21020,3,0,0,0,,,,,,,,
21,21020,4,0,0,0,,,,,,,,
21,21020,5,0,0,0,,,,,,,,
21,21020,6,NA,NA,NA,,,,,,,,
21,21020,7,2,1,1,,,,,,,,
21,21020,8,2,2,0,,,,,,,,
21,21020,9,0,0,0,,,,,,,,
21,21021,1,6,6,0,,,,,,,,
21,21021,2,0,0,0,,,,,,,,
21,21021,3,0,0,0,,,,,,,,
21,21021,4,0,0,0,,,,,,,,
21,21021,5,0,0,0,,,,,,,,
21,21021,6,NA,NA,NA,,,,,,,,
21,21021,7,2,2,0,,,,,,,,
21,21021,8,0,0,0,,,,,,,,
21,21021,9,0,0,0,,,,,,,,
21,21022,1,15,13,2,,,,,,,,
21,21022,2,0,0,0,,,,,,,,
21,21022,3,0,0,0,,,,,,,,
21,21022,4,0,0,0,,,,,,,,
21,21022,5,0,0,0,,,,,,,,
21,21022,6,NA,NA,NA,,,,,,,,
21,21022,7,2,2,0,,,,,,,,
21,21022,8,0,0,0,,,,,,,,
21,21022,9,0,0,0,,,,,,,,
21,21023,1,11,9,2,,,,,,,,
21,21023,2,0,0,0,,,,,,,,
21,21023,3,0,0,0,,,,,,,,
21,21023,4,0,0,0,,,,,,,,
21,21023,5,0,0,0,,,,,,,,
21,21023,6,NA,NA,NA,,,,,,,,
21,21023,7,1,1,0,,,,,,,,
21,21023,8,0,0,0,,,,,,,,
21,21023,9,0,0,0,,,,,,,,
21,21024,1,7,7,0,,,,,,,,
21,21024,2,0,0,0,,,,,,,,
21,21024,3,0,0,0,,,,,,,,
21,21024,4,0,0,0,,,,,,,,
21,21024,5,0,0,0,,,,,,,,
21,21024,6,NA,NA,NA,,,,,,,,
21,21024,7,1,1,0,,,,,,,,
21,21024,8,0,0,0,,,,,,,,
21,21024,9,0,0,0,,,,,,,,
21,21025,1,16,13,3,,,,,,,,
21,21025,2,0,0,0,,,,,,,,
21,21025,3,0,0,0,,,,,,,,
21,21025,4,0,0,0,,,,,,,,
21,21025,5,0,0,0,,,,,,,,
21,21025,6,NA,NA,NA,,,,,,,,
21,21025,7,1,1,0,,,,,,,,
21,21025,8,2,0,2,,,,,,,,
21,21025,9,0,0,0,,,,,,,,
21,21026,1,19,11,8,,,,,,,,
21,21026,2,0,0,0,,,,,,,,
21,21026,3,0,0,0,,,,,,,,
21,21026,4,0,0,0,,,,,,,,
21,21026,5,0,0,0,,,,,,,,
21,21026,6,7,4,3,,,,,,,,
21,21026,7,4,4,0,,,,,,,,
21,21026,8,2,0,2,,,,,,,,
21,21026,9,0,0,0,,,,,,,,
21,21027,1,9,7,2,,,,,,,,
21,21027,2,0,0,0,,,,,,,,
21,21027,3,0,0,0,,,,,,,,
21,21027,4,0,0,0,,,,,,,,
21,21027,5,0,0,0,,,,,,,,
21,21027,6,NA,NA,NA,,,,,,,,
21,21027,7,1,1,0,,,,,,,,
21,21027,8,0,0,0,,,,,,,,
21,21027,9,0,0,0,,,,,,,,
21,21028,1,8,8,0,,,,,,,,
21,21028,2,0,0,0,,,,,,,,
21,21028,3,0,0,0,,,,,,,,
21,21028,4,0,0,0,,,,,,,,
21,21028,5,0,0,0,,,,,,,,
21,21028,6,NA,NA,NA,,,,,,,,
21,21028,7,1,1,0,,,,,,,,
21,21028,8,0,0,0,,,,,,,,
21,21028,9,0,0,0,,,,,,,,
21,21029,1,12,10,2,,,,,,,,
21,21029,2,0,0,0,,,,,,,,
21,21029,3,0,0,0,,,,,,,,
21,21029,4,0,0,0,,,,,,,,
21,21029,5,0,0,0,,,,,,,,
21,21029,6,NA,NA,NA,,,,,,,,
21,21029,7,2,2,0,,,,,,,,
21,21029,8,0,0,0,,,,,,,,
21,21029,9,0,0,0,,,,,,,,
21,21030,1,6,5,1,,,,,,,,
21,21030,2,0,0,0,,,,,,,,
21,21030,3,0,0,0,,,,,,,,
21,21030,4,0,0,0,,,,,,,,
21,21030,5,0,0,0,,,,,,,,
21,21030,6,NA,NA,NA,,,,,,,,
21,21030,7,1,0,1,,,,,,,,
21,21030,8,1,1,0,,,,,,,,
21,21030,9,0,0,0,,,,,,,,
21,21031,1,8,8,0,,,,,,,,
21,21031,2,0,0,0,,,,,,,,
21,21031,3,0,0,0,,,,,,,,
21,21031,4,0,0,0,,,,,,,,
21,21031,5,0,0,0,,,,,,,,
21,21031,6,NA,NA,NA,,,,,,,,
21,21031,7,0,0,0,,,,,,,,
21,21031,8,0,0,0,,,,,,,,
21,21031,9,0,0,0,,,,,,,,
21,21032,1,6,6,0,,,,,,,,
21,21032,2,0,0,0,,,,,,,,
21,21032,3,0,0,0,,,,,,,,
21,21032,4,0,0,0,,,,,,,,
21,21032,5,0,0,0,,,,,,,,
21,21032,6,NA,NA,NA,,,,,,,,
21,21032,7,0,0,0,,,,,,,,
21,21032,8,0,0,0,,,,,,,,
21,21032,9,0,0,0,,,,,,,,
21,21033,1,10,8,2,,,,,,,,
21,21033,2,0,0,0,,,,,,,,
21,21033,3,0,0,0,,,,,,,,
21,21033,4,0,0,0,,,,,,,,
21,21033,5,0,0,0,,,,,,,,
21,21033,6,NA,NA,NA,,,,,,,,
21,21033,7,2,2,0,,,,,,,,
21,21033,8,0,0,0,,,,,,,,
21,21033,9,0,0,0,,,,,,,,
21,21034,1,100,70,30,,,,,,,,
21,21034,2,39,34,5,,,,,,,,
21,21034,3,0,0,0,,,,,,,,
21,21034,4,0,0,0,,,,,,,,
21,21034,5,0,0,0,,,,,,,,
21,21034,6,NA,NA,NA,,,,,,,,
21,21034,7,2,1,1,,,,,,,,
21,21034,8,0,0,0,,,,,,,,
21,21034,9,0,0,0,,,,,,,,
21,21035,1,19,15,4,,,,,,,,
21,21035,2,4,3,1,,,,,,,,
21,21035,3,0,0,0,,,,,,,,
21,21035,4,0,0,0,,,,,,,,
21,21035,5,0,0,0,,,,,,,,
21,21035,6,NA,NA,NA,,,,,,,,
21,21035,7,3,3,0,,,,,,,,
21,21035,8,0,0,0,,,,,,,,
21,21035,9,0,0,0,,,,,,,,
21,21036,1,13,12,1,,,,,,,,
21,21036,2,0,0,0,,,,,,,,
21,21036,3,0,0,0,,,,,,,,
21,21036,4,0,0,0,,,,,,,,
21,21036,5,0,0,0,,,,,,,,
21,21036,6,NA,NA,NA,,,,,,,,
21,21036,7,3,3,0,,,,,,,,
21,21036,8,0,0,0,,,,,,,,
21,21036,9,0,0,0,,,,,,,,
21,21037,1,7,5,2,,,,,,,,
21,21037,2,0,0,0,,,,,,,,
21,21037,3,0,0,0,,,,,,,,
21,21037,4,0,0,0,,,,,,,,
21,21037,5,0,0,0,,,,,,,,
21,21037,6,NA,NA,NA,,,,,,,,
21,21037,7,1,1,0,,,,,,,,
21,21037,8,0,0,0,,,,,,,,
21,21037,9,0,0,0,,,,,,,,
21,21038,1,12,10,2,,,,,,,,
21,21038,2,0,0,0,,,,,,,,
21,21038,3,0,0,0,,,,,,,,
21,21038,4,0,0,0,,,,,,,,
21,21038,5,0,0,0,,,,,,,,
21,21038,6,NA,NA,NA,,,,,,,,
21,21038,7,1,0,1,,,,,,,,
21,21038,8,0,0,0,,,,,,,,
21,21038,9,0,0,0,,,,,,,,
21,21039,1,17,15,2,,,,,,,,
21,21039,2,0,0,0,,,,,,,,
21,21039,3,0,0,0,,,,,,,,
21,21039,4,0,0,0,,,,,,,,
21,21039,5,0,0,0,,,,,,,,
21,21039,6,NA,NA,NA,,,,,,,,
21,21039,7,3,3,0,,,,,,,,
21,21039,8,0,0,0,,,,,,,,
21,21039,9,0,0,0,,,,,,,,
21,21040,1,15,13,2,,,,,,,,
21,21040,2,0,0,0,,,,,,,,
21,21040,3,0,0,0,,,,,,,,
21,21040,4,0,0,0,,,,,,,,
21,21040,5,0,0,0,,,,,,,,
21,21040,6,NA,NA,NA,,,,,,,,
21,21040,7,1,1,0,,,,,,,,
21,21040,8,0,0,0,,,,,,,,
21,21040,9,0,0,0,,,,,,,,
21,21041,1,101,71,30,,,,,,,,
21,21041,2,0,0,0,,,,,,,,
21,21041,3,0,0,0,,,,,,,,
21,21041,4,0,0,0,,,,,,,,
21,21041,5,0,0,0,,,,,,,,
21,21041,6,NA,NA,NA,,,,,,,,
21,21041,7,1,1,0,,,,,,,,
21,21041,8,159,131,28,,,,,,,,
21,21041,9,0,0,0,,,,,,,,
21,21042,1,7,7,0,,,,,,,,
21,21042,2,0,0,0,,,,,,,,
21,21042,3,0,0,0,,,,,,,,
21,21042,4,0,0,0,,,,,,,,
21,21042,5,0,0,0,,,,,,,,
21,21042,6,NA,NA,NA,,,,,,,,
21,21042,7,1,1,0,,,,,,,,
21,21042,8,0,0,0,,,,,,,,
21,21042,9,0,0,0,,,,,,,,
21,21043,1,44,33,11,,,,,,,,
21,21043,2,0,0,0,,,,,,,,
21,21043,3,0,0,0,,,,,,,,
21,21043,4,0,0,0,,,,,,,,
21,21043,5,0,0,0,,,,,,,,
21,21043,6,NA,NA,NA,,,,,,,,
21,21043,7,4,4,0,,,,,,,,
21,21043,8,0,0,0,,,,,,,,
21,21043,9,0,0,0,,,,,,,,
21,21044,1,9,6,3,,,,,,,,
21,21044,2,0,0,0,,,,,,,,
21,21044,3,0,0,0,,,,,,,,
21,21044,4,0,0,0,,,,,,,,
21,21044,5,0,0,0,,,,,,,,
21,21044,6,NA,NA,NA,,,,,,,,
21,21044,7,2,2,0,,,,,,,,
21,21044,8,1,0,1,,,,,,,,
21,21044,9,0,0,0,,,,,,,,
21,21045,1,56,30,26,,,,,,,,
21,21045,2,12,7,5,,,,,,,,
21,21045,3,0,0,0,,,,,,,,
21,21045,4,0,0,0,,,,,,,,
21,21045,5,0,0,0,,,,,,,,
21,21045,6,NA,NA,NA,,,,,,,,
21,21045,7,3,3,0,,,,,,,,
21,21045,8,1,0,1,,,,,,,,
21,21045,9,0,0,0,,,,,,,,
21,21046,1,29,24,5,,,,,,,,
21,21046,2,0,0,0,,,,,,,,
21,21046,3,0,0,0,,,,,,,,
21,21046,4,0,0,0,,,,,,,,
21,21046,5,0,0,0,,,,,,,,
21,21046,6,NA,NA,NA,,,,,,,,
21,21046,7,4,3,1,,,,,,,,
21,21046,8,0,0,0,,,,,,,,
21,21046,9,0,0,0,,,,,,,,
21,21047,1,28,22,6,,,,,,,,
21,21047,2,0,0,0,,,,,,,,
21,21047,3,0,0,0,,,,,,,,
21,21047,4,0,0,0,,,,,,,,
21,21047,5,0,0,0,,,,,,,,
21,21047,6,NA,NA,NA,,,,,,,,
21,21047,7,0,0,0,,,,,,,,
21,21047,8,0,0,0,,,,,,,,
21,21047,9,0,0,0,,,,,,,,
21,21048,1,36,28,8,,,,,,,,
21,21048,2,0,0,0,,,,,,,,
21,21048,3,0,0,0,,,,,,,,
21,21048,4,0,0,0,,,,,,,,
21,21048,5,0,0,0,,,,,,,,
21,21048,6,NA,NA,NA,,,,,,,,
21,21048,7,1,1,0,,,,,,,,
21,21048,8,0,0,0,,,,,,,,
21,21048,9,0,0,0,,,,,,,,
21,21049,1,44,40,4,,,,,,,,
21,21049,2,0,0,0,,,,,,,,
21,21049,3,0,0,0,,,,,,,,
21,21049,4,0,0,0,,,,,,,,
21,21049,5,0,0,0,,,,,,,,
21,21049,6,NA,NA,NA,,,,,,,,
21,21049,7,4,4,0,,,,,,,,
21,21049,8,2,0,2,,,,,,,,
21,21049,9,0,0,0,,,,,,,,
21,21050,1,35,31,4,,,,,,,,
21,21050,2,0,0,0,,,,,,,,
21,21050,3,0,0,0,,,,,,,,
21,21050,4,0,0,0,,,,,,,,
21,21050,5,0,0,0,,,,,,,,
21,21050,6,NA,NA,NA,,,,,,,,
21,21050,7,0,0,0,,,,,,,,
21,21050,8,0,0,0,,,,,,,,
21,21050,9,0,0,0,,,,,,,,
21,21051,1,28,20,8,,,,,,,,
21,21051,2,0,0,0,,,,,,,,
21,21051,3,0,0,0,,,,,,,,
21,21051,4,0,0,0,,,,,,,,
21,21051,5,0,0,0,,,,,,,,
21,21051,6,NA,NA,NA,,,,,,,,
21,21051,7,4,3,1,,,,,,,,
21,21051,8,0,0,0,,,,,,,,
21,21051,9,0,0,0,,,,,,,,
21,21052,1,10,8,2,,,,,,,,
21,21052,2,0,0,0,,,,,,,,
21,21052,3,0,0,0,,,,,,,,
21,21052,4,0,0,0,,,,,,,,
21,21052,5,0,0,0,,,,,,,,
21,21052,6,NA,NA,NA,,,,,,,,
21,21052,7,0,0,0,,,,,,,,
21,21052,8,0,0,0,,,,,,,,
21,21052,9,0,0,0,,,,,,,,
21,21053,1,54,35,19,,,,,,,,
21,21053,2,0,0,0,,,,,,,,
21,21053,3,0,0,0,,,,,,,,
21,21053,4,0,0,0,,,,,,,,
21,21053,5,0,0,0,,,,,,,,
21,21053,6,25,20,5,,,,,,,,
21,21053,7,3,3,0,,,,,,,,
21,21053,8,2,0,2,,,,,,,,
21,21053,9,1,1,0,,,,,,,,
21,21054,1,38,29,9,,,,,,,,
21,21054,2,8,5,3,,,,,,,,
21,21054,3,0,0,0,,,,,,,,
21,21054,4,0,0,0,,,,,,,,
21,21054,5,0,0,0,,,,,,,,
21,21054,6,NA,NA,NA,,,,,,,,
21,21054,7,2,1,1,,,,,,,,
21,21054,8,1,0,1,,,,,,,,
21,21054,9,0,0,0,,,,,,,,
21,21055,1,10,8,2,,,,,,,,
21,21055,2,0,0,0,,,,,,,,
21,21055,3,0,0,0,,,,,,,,
21,21055,4,0,0,0,,,,,,,,
21,21055,5,0,0,0,,,,,,,,
21,21055,6,NA,NA,NA,,,,,,,,
21,21055,7,2,2,0,,,,,,,,
21,21055,8,0,0,0,,,,,,,,
21,21055,9,0,0,0,,,,,,,,
21,21056,1,10,10,0,,,,,,,,
21,21056,2,0,0,0,,,,,,,,
21,21056,3,0,0,0,,,,,,,,
21,21056,4,0,0,0,,,,,,,,
21,21056,5,0,0,0,,,,,,,,
21,21056,6,NA,NA,NA,,,,,,,,
21,21056,7,1,1,0,,,,,,,,
21,21056,8,0,0,0,,,,,,,,
21,21056,9,0,0,0,,,,,,,,
21,21057,1,18,17,1,,,,,,,,
21,21057,2,0,0,0,,,,,,,,
21,21057,3,0,0,0,,,,,,,,
21,21057,4,0,0,0,,,,,,,,
21,21057,5,0,0,0,,,,,,,,
21,21057,6,NA,NA,NA,,,,,,,,
21,21057,7,3,2,1,,,,,,,,
21,21057,8,0,0,0,,,,,,,,
21,21057,9,0,0,0,,,,,,,,
21,21058,1,12,11,1,,,,,,,,
21,21058,2,0,0,0,,,,,,,,
21,21058,3,0,0,0,,,,,,,,
21,21058,4,0,0,0,,,,,,,,
21,21058,5,0,0,0,,,,,,,,
21,21058,6,NA,NA,NA,,,,,,,,
21,21058,7,1,1,0,,,,,,,,
21,21058,8,0,0,0,,,,,,,,
21,21058,9,0,0,0,,,,,,,,
21,21059,1,11,9,2,,,,,,,,
21,21059,2,0,0,0,,,,,,,,
21,21059,3,0,0,0,,,,,,,,
21,21059,4,0,0,0,,,,,,,,
21,21059,5,0,0,0,,,,,,,,
21,21059,6,NA,NA,NA,,,,,,,,
21,21059,7,1,1,0,,,,,,,,
21,21059,8,0,0,0,,,,,,,,
21,21059,9,0,0,0,,,,,,,,
21,21060,1,8,4,4,,,,,,,,
21,21060,2,0,0,0,,,,,,,,
21,21060,3,0,0,0,,,,,,,,
21,21060,4,0,0,0,,,,,,,,
21,21060,5,0,0,0,,,,,,,,
21,21060,6,NA,NA,NA,,,,,,,,
21,21060,7,3,3,0,,,,,,,,
21,21060,8,3,0,3,,,,,,,,
21,21060,9,0,0,0,,,,,,,,
21,21061,1,5,5,0,,,,,,,,
21,21061,2,0,0,0,,,,,,,,
21,21061,3,0,0,0,,,,,,,,
21,21061,4,0,0,0,,,,,,,,
21,21061,5,0,0,0,,,,,,,,
21,21061,6,NA,NA,NA,,,,,,,,
21,21061,7,1,1,0,,,,,,,,
21,21061,8,0,0,0,,,,,,,,
21,21061,9,0,0,0,,,,,,,,
21,21062,1,6,6,0,,,,,,,,
21,21062,2,0,0,0,,,,,,,,
21,21062,3,0,0,0,,,,,,,,
21,21062,4,0,0,0,,,,,,,,
21,21062,5,0,0,0,,,,,,,,
21,21062,6,NA,NA,NA,,,,,,,,
21,21062,7,2,2,0,,,,,,,,
21,21062,8,0,0,0,,,,,,,,
21,21062,9,0,0,0,,,,,,,,
21,21063,1,0,0,0,,,,,,,,
21,21063,2,0,0,0,,,,,,,,
21,21063,3,0,0,0,,,,,,,,
21,21063,4,0,0,0,,,,,,,,
21,21063,5,0,0,0,,,,,,,,
21,21063,6,NA,NA,NA,,,,,,,,
21,21063,7,0,0,0,,,,,,,,
21,21063,8,0,0,0,,,,,,,,
21,21063,9,0,0,0,,,,,,,,
21,21064,1,29,27,2,,,,,,,,
21,21064,2,0,0,0,,,,,,,,
21,21064,3,0,0,0,,,,,,,,
21,21064,4,0,0,0,,,,,,,,
21,21064,5,0,0,0,,,,,,,,
21,21064,6,NA,NA,NA,,,,,,,,
21,21064,7,1,1,0,,,,,,,,
21,21064,8,1,1,0,,,,,,,,
21,21064,9,0,0,0,,,,,,,,
21,21065,1,19,17,2,,,,,,,,
21,21065,2,0,0,0,,,,,,,,
21,21065,3,0,0,0,,,,,,,,
21,21065,4,0,0,0,,,,,,,,
21,21065,5,0,0,0,,,,,,,,
21,21065,6,NA,NA,NA,,,,,,,,
21,21065,7,1,1,0,,,,,,,,
21,21065,8,1,0,1,,,,,,,,
21,21065,9,0,0,0,,,,,,,,
21,21066,1,13,12,1,,,,,,,,
21,21066,2,0,0,0,,,,,,,,
21,21066,3,0,0,0,,,,,,,,
21,21066,4,0,0,0,,,,,,,,
21,21066,5,0,0,0,,,,,,,,
21,21066,6,NA,NA,NA,,,,,,,,
21,21066,7,1,1,0,,,,,,,,
21,21066,8,0,0,0,,,,,,,,
21,21066,9,0,0,0,,,,,,,,
21,21067,1,31,30,1,,,,,,,,
21,21067,2,0,0,0,,,,,,,,
21,21067,3,0,0,0,,,,,,,,
21,21067,4,0,0,0,,,,,,,,
21,21067,5,0,0,0,,,,,,,,
21,21067,6,NA,NA,NA,,,,,,,,
21,21067,7,3,3,0,,,,,,,,
21,21067,8,2,0,2,,,,,,,,
21,21067,9,0,0,0,,,,,,,,
21,21068,1,16,13,3,,,,,,,,
21,21068,2,0,0,0,,,,,,,,
21,21068,3,0,0,0,,,,,,,,
21,21068,4,0,0,0,,,,,,,,
21,21068,5,0,0,0,,,,,,,,
21,21068,6,NA,NA,NA,,,,,,,,
21,21068,7,3,3,0,,,,,,,,
21,21068,8,0,0,0,,,,,,,,
21,21068,9,0,0,0,,,,,,,,
21,21069,1,0,0,0,,,,,,,,
21,21069,2,0,0,0,,,,,,,,
21,21069,3,0,0,0,,,,,,,,
21,21069,4,0,0,0,,,,,,,,
21,21069,5,30,24,6,,,,,,,,
21,21069,6,NA,NA,NA,,,,,,,,
21,21069,7,2,2,0,,,,,,,,
21,21069,8,3,1,2,,,,,,,,
21,21069,9,0,0,0,,,,,,,,
21,21070,1,11,8,3,,,,,,,,
21,21070,2,0,0,0,,,,,,,,
21,21070,3,0,0,0,,,,,,,,
21,21070,4,0,0,0,,,,,,,,
21,21070,5,0,0,0,,,,,,,,
21,21070,6,NA,NA,NA,,,,,,,,
21,21070,7,2,2,0,,,,,,,,
21,21070,8,2,2,0,,,,,,,,
21,21070,9,0,0,0,,,,,,,,
21,21071,1,115,90,25,,,,,,,,
21,21071,2,7,2,5,,,,,,,,
21,21071,3,0,0,0,,,,,,,,
21,21071,4,0,0,0,,,,,,,,
21,21071,5,0,0,0,,,,,,,,
21,21071,6,NA,NA,NA,,,,,,,,
21,21071,7,4,4,0,,,,,,,,
21,21071,8,13,1,12,,,,,,,,
21,21071,9,0,0,0,,,,,,,,
21,21072,1,33,29,4,,,,,,,,
21,21072,2,4,4,0,,,,,,,,
21,21072,3,0,0,0,,,,,,,,
21,21072,4,0,0,0,,,,,,,,
21,21072,5,0,0,0,,,,,,,,
21,21072,6,NA,NA,NA,,,,,,,,
21,21072,7,1,1,0,,,,,,,,
21,21072,8,0,0,0,,,,,,,,
21,21072,9,0,0,0,,,,,,,,
21,21073,1,16,15,1,,,,,,,,
21,21073,2,0,0,0,,,,,,,,
21,21073,3,0,0,0,,,,,,,,
21,21073,4,0,0,0,,,,,,,,
21,21073,5,0,0,0,,,,,,,,
21,21073,6,NA,NA,NA,,,,,,,,
21,21073,7,1,1,0,,,,,,,,
21,21073,8,2,0,2,,,,,,,,
21,21073,9,0,0,0,,,,,,,,
21,21074,1,59,21,38,,,,,,,,
21,21074,2,23,18,5,,,,,,,,
21,21074,3,0,0,0,,,,,,,,
21,21074,4,0,0,0,,,,,,,,
21,21074,5,0,0,0,,,,,,,,
21,21074,6,121,91,30,,,,,,,,
21,21074,7,3,3,0,,,,,,,,
21,21074,8,12,8,4,,,,,,,,
21,21074,9,0,0,0,,,,,,,,
21,21075,1,28,24,4,,,,,,,,
21,21075,2,1,0,1,,,,,,,,
21,21075,3,0,0,0,,,,,,,,
21,21075,4,0,0,0,,,,,,,,
21,21075,5,0,0,0,,,,,,,,
21,21075,6,NA,NA,NA,,,,,,,,
21,21075,7,0,0,0,,,,,,,,
21,21075,8,0,0,0,,,,,,,,
21,21075,9,0,0,0,,,,,,,,
21,21076,1,56,48,8,,,,,,,,
21,21076,2,0,0,0,,,,,,,,
21,21076,3,0,0,0,,,,,,,,
21,21076,4,0,0,0,,,,,,,,
21,21076,5,0,0,0,,,,,,,,
21,21076,6,NA,NA,NA,,,,,,,,
21,21076,7,1,1,0,,,,,,,,
21,21076,8,2,1,1,,,,,,,,
21,21076,9,0,0,0,,,,,,,,
21,21077,1,17,16,1,,,,,,,,
21,21077,2,0,0,0,,,,,,,,
21,21077,3,0,0,0,,,,,,,,
21,21077,4,0,0,0,,,,,,,,
21,21077,5,0,0,0,,,,,,,,
21,21077,6,NA,NA,NA,,,,,,,,
21,21077,7,0,0,0,,,,,,,,
21,21077,8,0,0,0,,,,,,,,
21,21077,9,0,0,0,,,,,,,,
21,21078,1,52,44,8,,,,,,,,
21,21078,2,0,0,0,,,,,,,,
21,21078,3,0,0,0,,,,,,,,
21,21078,4,0,0,0,,,,,,,,
21,21078,5,0,0,0,,,,,,,,
21,21078,6,NA,NA,NA,,,,,,,,
21,21078,7,0,0,0,,,,,,,,
21,21078,8,0,0,0,,,,,,,,
21,21078,9,0,0,0,,,,,,,,
21,21079,1,10,9,1,,,,,,,,
21,21079,2,0,0,0,,,,,,,,
21,21079,3,0,0,0,,,,,,,,
21,21079,4,0,0,0,,,,,,,,
21,21079,5,0,0,0,,,,,,,,
21,21079,6,NA,NA,NA,,,,,,,,
21,21079,7,3,2,1,,,,,,,,
21,21079,8,2,0,2,,,,,,,,
21,21079,9,0,0,0,,,,,,,,
21,21080,1,6,6,0,,,,,,,,
21,21080,2,0,0,0,,,,,,,,
21,21080,3,0,0,0,,,,,,,,
21,21080,4,0,0,0,,,,,,,,
21,21080,5,0,0,0,,,,,,,,
21,21080,6,NA,NA,NA,,,,,,,,
21,21080,7,0,0,0,,,,,,,,
21,21080,8,0,0,0,,,,,,,,
21,21080,9,0,0,0,,,,,,,,
21,21081,1,10,8,2,,,,,,,,
21,21081,2,0,0,0,,,,,,,,
21,21081,3,0,0,0,,,,,,,,
21,21081,4,0,0,0,,,,,,,,
21,21081,5,0,0,0,,,,,,,,
21,21081,6,NA,NA,NA,,,,,,,,
21,21081,7,0,0,0,,,,,,,,
21,21081,8,1,0,1,,,,,,,,
21,21081,9,0,0,0,,,,,,,,
21,21082,1,17,13,4,,,,,,,,
21,21082,2,0,0,0,,,,,,,,
21,21082,3,0,0,0,,,,,,,,
21,21082,4,0,0,0,,,,,,,,
21,21082,5,0,0,0,,,,,,,,
21,21082,6,NA,NA,NA,,,,,,,,
21,21082,7,1,1,0,,,,,,,,
21,21082,8,0,0,0,,,,,,,,
21,21082,9,0,0,0,,,,,,,,
21,21083,1,31,29,2,,,,,,,,
21,21083,2,0,0,0,,,,,,,,
21,21083,3,0,0,0,,,,,,,,
21,21083,4,0,0,0,,,,,,,,
21,21083,5,0,0,0,,,,,,,,
21,21083,6,NA,NA,NA,,,,,,,,
21,21083,7,3,3,0,,,,,,,,
21,21083,8,2,1,1,,,,,,,,
21,21083,9,0,0,0,,,,,,,,
21,21084,1,13,13,0,,,,,,,,
21,21084,2,0,0,0,,,,,,,,
21,21084,3,0,0,0,,,,,,,,
21,21084,4,0,0,0,,,,,,,,
21,21084,5,0,0,0,,,,,,,,
21,21084,6,NA,NA,NA,,,,,,,,
21,21084,7,1,1,0,,,,,,,,
21,21084,8,0,0,0,,,,,,,,
21,21084,9,0,0,0,,,,,,,,
21,21085,1,115,88,27,,,,,,,,
21,21085,2,40,20,20,,,,,,,,
21,21085,3,0,0,0,,,,,,,,
21,21085,4,0,0,0,,,,,,,,
21,21085,5,0,0,0,,,,,,,,
21,21085,6,NA,NA,NA,,,,,,,,
21,21085,7,2,2,0,,,,,,,,
21,21085,8,3,0,3,,,,,,,,
21,21085,9,0,0,0,,,,,,,,
21,21086,1,26,24,2,,,,,,,,
21,21086,2,0,0,0,,,,,,,,
21,21086,3,0,0,0,,,,,,,,
21,21086,4,0,0,0,,,,,,,,
21,21086,5,0,0,0,,,,,,,,
21,21086,6,NA,NA,NA,,,,,,,,
21,21086,7,4,4,0,,,,,,,,
21,21086,8,2,0,2,,,,,,,,
21,21086,9,0,0,0,,,,,,,,
21,21087,1,14,14,0,,,,,,,,
21,21087,2,0,0,0,,,,,,,,
21,21087,3,0,0,0,,,,,,,,
21,21087,4,0,0,0,,,,,,,,
21,21087,5,0,0,0,,,,,,,,
21,21087,6,NA,NA,NA,,,,,,,,
21,21087,7,1,1,0,,,,,,,,
21,21087,8,0,0,0,,,,,,,,
21,21087,9,0,0,0,,,,,,,,
21,21088,1,30,25,5,,,,,,,,
21,21088,2,0,0,0,,,,,,,,
21,21088,3,0,0,0,,,,,,,,
21,21088,4,0,0,0,,,,,,,,
21,21088,5,0,0,0,,,,,,,,
21,21088,6,NA,NA,NA,,,,,,,,
21,21088,7,0,0,0,,,,,,,,
21,21088,8,0,0,0,,,,,,,,
21,21088,9,0,0,0,,,,,,,,
21,21089,1,39,37,2,,,,,,,,
21,21089,2,0,0,0,,,,,,,,
21,21089,3,0,0,0,,,,,,,,
21,21089,4,0,0,0,,,,,,,,
21,21089,5,0,0,0,,,,,,,,
21,21089,6,NA,NA,NA,,,,,,,,
21,21089,7,5,5,0,,,,,,,,
21,21089,8,1,1,0,,,,,,,,
21,21089,9,0,0,0,,,,,,,,
21,21090,1,38,26,12,,,,,,,,
21,21090,2,0,0,0,,,,,,,,
21,21090,3,0,0,0,,,,,,,,
21,21090,4,0,0,0,,,,,,,,
21,21090,5,0,0,0,,,,,,,,
21,21090,6,NA,NA,NA,,,,,,,,
21,21090,7,3,3,0,,,,,,,,
21,21090,8,0,0,0,,,,,,,,
21,21090,9,0,0,0,,,,,,,,
21,21091,1,17,17,0,,,,,,,,
21,21091,2,0,0,0,,,,,,,,
21,21091,3,0,0,0,,,,,,,,
21,21091,4,0,0,0,,,,,,,,
21,21091,5,0,0,0,,,,,,,,
21,21091,6,NA,NA,NA,,,,,,,,
21,21091,7,3,2,1,,,,,,,,
21,21091,8,0,0,0,,,,,,,,
21,21091,9,0,0,0,,,,,,,,
21,21092,1,8,7,1,,,,,,,,
21,21092,2,0,0,0,,,,,,,,
21,21092,3,0,0,0,,,,,,,,
21,21092,4,0,0,0,,,,,,,,
21,21092,5,0,0,0,,,,,,,,
21,21092,6,NA,NA,NA,,,,,,,,
21,21092,7,1,1,0,,,,,,,,
21,21092,8,0,0,0,,,,,,,,
21,21092,9,0,0,0,,,,,,,,
21,21093,1,13,10,3,,,,,,,,
21,21093,2,0,0,0,,,,,,,,
21,21093,3,0,0,0,,,,,,,,
21,21093,4,0,0,0,,,,,,,,
21,21093,5,0,0,0,,,,,,,,
21,21093,6,NA,NA,NA,,,,,,,,
21,21093,7,1,1,0,,,,,,,,
21,21093,8,0,0,0,,,,,,,,
21,21093,9,0,0,0,,,,,,,,
21,21094,1,43,36,7,,,,,,,,
21,21094,2,8,7,1,,,,,,,,
21,21094,3,0,0,0,,,,,,,,
21,21094,4,0,0,0,,,,,,,,
21,21094,5,0,0,0,,,,,,,,
21,21094,6,NA,NA,NA,,,,,,,,
21,21094,7,4,4,0,,,,,,,,
21,21094,8,3,0,3,,,,,,,,
21,21094,9,0,0,0,,,,,,,,
21,21095,1,5,5,0,,,,,,,,
21,21095,2,0,0,0,,,,,,,,
21,21095,3,0,0,0,,,,,,,,
21,21095,4,0,0,0,,,,,,,,
21,21095,5,0,0,0,,,,,,,,
21,21095,6,NA,NA,NA,,,,,,,,
21,21095,7,1,1,0,,,,,,,,
21,21095,8,0,0,0,,,,,,,,
21,21095,9,0,0,0,,,,,,,,
21,21096,1,6,5,1,,,,,,,,
21,21096,2,0,0,0,,,,,,,,
21,21096,3,0,0,0,,,,,,,,
21,21096,4,0,0,0,,,,,,,,
21,21096,5,0,0,0,,,,,,,,
21,21096,6,NA,NA,NA,,,,,,,,
21,21096,7,2,1,1,,,,,,,,
21,21096,8,0,0,0,,,,,,,,
21,21096,9,0,0,0,,,,,,,,
21,21097,1,11,11,0,,,,,,,,
21,21097,2,0,0,0,,,,,,,,
21,21097,3,0,0,0,,,,,,,,
21,21097,4,0,0,0,,,,,,,,
21,21097,5,0,0,0,,,,,,,,
21,21097,6,NA,NA,NA,,,,,,,,
21,21097,7,0,0,0,,,,,,,,
21,21097,8,0,0,0,,,,,,,,
21,21097,9,0,0,0,,,,,,,,
21,21098,1,11,11,0,,,,,,,,
21,21098,2,0,0,0,,,,,,,,
21,21098,3,0,0,0,,,,,,,,
21,21098,4,0,0,0,,,,,,,,
21,21098,5,0,0,0,,,,,,,,
21,21098,6,NA,NA,NA,,,,,,,,
21,21098,7,1,1,0,,,,,,,,
21,21098,8,2,0,2,,,,,,,,
21,21098,9,0,0,0,,,,,,,,
21,21099,1,43,34,9,,,,,,,,
21,21099,2,0,0,0,,,,,,,,
21,21099,3,0,0,0,,,,,,,,
21,21099,4,0,0,0,,,,,,,,
21,21099,5,0,0,0,,,,,,,,
21,21099,6,NA,NA,NA,,,,,,,,
21,21099,7,4,4,0,,,,,,,,
21,21099,8,1,1,0,,,,,,,,
21,21099,9,0,0,0,,,,,,,,
21,21100,1,21,17,4,,,,,,,,
21,21100,2,0,0,0,,,,,,,,
21,21100,3,0,0,0,,,,,,,,
21,21100,4,0,0,0,,,,,,,,
21,21100,5,0,0,0,,,,,,,,
21,21100,6,NA,NA,NA,,,,,,,,
21,21100,7,1,0,1,,,,,,,,
21,21100,8,0,0,0,,,,,,,,
21,21100,9,0,0,0,,,,,,,,
21,21101,1,9,9,0,,,,,,,,
21,21101,2,0,0,0,,,,,,,,
21,21101,3,0,0,0,,,,,,,,
21,21101,4,0,0,0,,,,,,,,
21,21101,5,0,0,0,,,,,,,,
21,21101,6,NA,NA,NA,,,,,,,,
21,21101,7,1,1,0,,,,,,,,
21,21101,8,0,0,0,,,,,,,,
21,21101,9,0,0,0,,,,,,,,
21,21102,1,12,10,2,,,,,,,,
21,21102,2,0,0,0,,,,,,,,
21,21102,3,0,0,0,,,,,,,,
21,21102,4,0,0,0,,,,,,,,
21,21102,5,0,0,0,,,,,,,,
21,21102,6,NA,NA,NA,,,,,,,,
21,21102,7,2,2,0,,,,,,,,
21,21102,8,3,0,3,,,,,,,,
21,21102,9,0,0,0,,,,,,,,
21,21103,1,10,10,0,,,,,,,,
21,21103,2,0,0,0,,,,,,,,
21,21103,3,0,0,0,,,,,,,,
21,21103,4,0,0,0,,,,,,,,
21,21103,5,0,0,0,,,,,,,,
21,21103,6,NA,NA,NA,,,,,,,,
21,21103,7,1,1,0,,,,,,,,
21,21103,8,0,0,0,,,,,,,,
21,21103,9,0,0,0,,,,,,,,
21,21104,1,33,23,10,,,,,,,,
21,21104,2,0,0,0,,,,,,,,
21,21104,3,0,0,0,,,,,,,,
21,21104,4,0,0,0,,,,,,,,
21,21104,5,0,0,0,,,,,,,,
21,21104,6,NA,NA,NA,,,,,,,,
21,21104,7,2,2,0,,,,,,,,
21,21104,8,0,0,0,,,,,,,,
21,21104,9,0,0,0,,,,,,,,
21,21105,1,12,10,2,,,,,,,,
21,21105,2,0,0,0,,,,,,,,
21,21105,3,0,0,0,,,,,,,,
21,21105,4,0,0,0,,,,,,,,
21,21105,5,0,0,0,,,,,,,,
21,21105,6,NA,NA,NA,,,,,,,,
21,21105,7,2,2,0,,,,,,,,
21,21105,8,1,1,0,,,,,,,,
21,21105,9,0,0,0,,,,,,,,
21,21106,1,65,43,22,,,,,,,,
21,21106,2,9,4,5,,,,,,,,
21,21106,3,0,0,0,,,,,,,,
21,21106,4,0,0,0,,,,,,,,
21,21106,5,0,0,0,,,,,,,,
21,21106,6,NA,NA,NA,,,,,,,,
21,21106,7,1,1,0,,,,,,,,
21,21106,8,6,4,2,,,,,,,,
21,21106,9,0,0,0,,,,,,,,
21,21107,1,14,12,2,,,,,,,,
21,21107,2,0,0,0,,,,,,,,
21,21107,3,0,0,0,,,,,,,,
21,21107,4,0,0,0,,,,,,,,
21,21107,5,0,0,0,,,,,,,,
21,21107,6,NA,NA,NA,,,,,,,,
21,21107,7,1,1,0,,,,,,,,
21,21107,8,0,0,0,,,,,,,,
21,21107,9,0,0,0,,,,,,,,
21,21108,1,54,47,7,,,,,,,,
21,21108,2,0,0,0,,,,,,,,
21,21108,3,0,0,0,,,,,,,,
21,21108,4,0,0,0,,,,,,,,
21,21108,5,0,0,0,,,,,,,,
21,21108,6,NA,NA,NA,,,,,,,,
21,21108,7,0,0,0,,,,,,,,
21,21108,8,0,0,0,,,,,,,,
21,21108,9,0,0,0,,,,,,,,
21,21109,1,29,26,3,,,,,,,,
21,21109,2,0,0,0,,,,,,,,
21,21109,3,0,0,0,,,,,,,,
21,21109,4,0,0,0,,,,,,,,
21,21109,5,0,0,0,,,,,,,,
21,21109,6,NA,NA,NA,,,,,,,,
21,21109,7,3,3,0,,,,,,,,
21,21109,8,0,0,0,,,,,,,,
21,21109,9,0,0,0,,,,,,,,
21,21110,1,28,23,5,,,,,,,,
21,21110,2,0,0,0,,,,,,,,
21,21110,3,0,0,0,,,,,,,,
21,21110,4,0,0,0,,,,,,,,
21,21110,5,0,0,0,,,,,,,,
21,21110,6,NA,NA,NA,,,,,,,,
21,21110,7,3,3,0,,,,,,,,
21,21110,8,2,0,2,,,,,,,,
21,21110,9,0,0,0,,,,,,,,
21,21111,1,44,34,10,,,,,,,,
21,21111,2,0,0,0,,,,,,,,
21,21111,3,0,0,0,,,,,,,,
21,21111,4,0,0,0,,,,,,,,
21,21111,5,0,0,0,,,,,,,,
21,21111,6,NA,NA,NA,,,,,,,,
21,21111,7,3,3,0,,,,,,,,
21,21111,8,0,0,0,,,,,,,,
21,21111,9,0,0,0,,,,,,,,
21,21112,1,18,15,3,,,,,,,,
21,21112,2,0,0,0,,,,,,,,
21,21112,3,0,0,0,,,,,,,,
21,21112,4,0,0,0,,,,,,,,
21,21112,5,0,0,0,,,,,,,,
21,21112,6,NA,NA,NA,,,,,,,,
21,21112,7,2,2,0,,,,,,,,
21,21112,8,0,0,0,,,,,,,,
21,21112,9,0,0,0,,,,,,,,
21,21113,1,15,15,0,,,,,,,,
21,21113,2,0,0,0,,,,,,,,
21,21113,3,0,0,0,,,,,,,,
21,21113,4,0,0,0,,,,,,,,
21,21113,5,0,0,0,,,,,,,,
21,21113,6,NA,NA,NA,,,,,,,,
21,21113,7,0,0,0,,,,,,,,
21,21113,8,0,0,0,,,,,,,,
21,21113,9,0,0,0,,,,,,,,
21,21114,1,1705,1150,555,,,,,,,,
21,21114,2,229,150,79,,,,,,,,
21,21114,3,0,0,0,,,,,,,,
21,21114,4,0,0,0,,,,,,,,
21,21114,5,0,0,0,,,,,,,,
21,21114,6,NA,NA,NA,,,,,,,,
21,21114,7,44,32,12,,,,,,,,
21,21114,8,227,116,111,,,,,,,,
21,21114,9,144,124,20,,,,,,,,
21,21115,1,59,46,13,,,,,,,,
21,21115,2,0,0,0,,,,,,,,
21,21115,3,0,0,0,,,,,,,,
21,21115,4,0,0,0,,,,,,,,
21,21115,5,0,0,0,,,,,,,,
21,21115,6,NA,NA,NA,,,,,,,,
21,21115,7,2,1,1,,,,,,,,
21,21115,8,1,0,1,,,,,,,,
21,21115,9,0,0,0,,,,,,,,
21,21116,1,14,14,0,,,,,,,,
21,21116,2,0,0,0,,,,,,,,
21,21116,3,0,0,0,,,,,,,,
21,21116,4,0,0,0,,,,,,,,
21,21116,5,0,0,0,,,,,,,,
21,21116,6,NA,NA,NA,,,,,,,,
21,21116,7,1,1,0,,,,,,,,
21,21116,8,0,0,0,,,,,,,,
21,21116,9,0,0,0,,,,,,,,
21,21117,1,20,14,6,,,,,,,,
21,21117,2,1,1,0,,,,,,,,
21,21117,3,0,0,0,,,,,,,,
21,21117,4,0,0,0,,,,,,,,
21,21117,5,0,0,0,,,,,,,,
21,21117,6,NA,NA,NA,,,,,,,,
21,21117,7,3,3,0,,,,,,,,
21,21117,8,1,1,0,,,,,,,,
21,21117,9,0,0,0,,,,,,,,
21,21118,1,30,24,6,,,,,,,,
21,21118,2,0,0,0,,,,,,,,
21,21118,3,0,0,0,,,,,,,,
21,21118,4,0,0,0,,,,,,,,
21,21118,5,0,0,0,,,,,,,,
21,21118,6,NA,NA,NA,,,,,,,,
21,21118,7,2,2,0,,,,,,,,
21,21118,8,3,2,1,,,,,,,,
21,21118,9,0,0,0,,,,,,,,
21,21119,1,132,76,56,,,,,,,,
21,21119,2,51,42,9,,,,,,,,
21,21119,3,0,0,0,,,,,,,,
21,21119,4,0,0,0,,,,,,,,
21,21119,5,0,0,0,,,,,,,,
21,21119,6,NA,NA,NA,,,,,,,,
21,21119,7,5,4,1,,,,,,,,
21,21119,8,40,20,20,,,,,,,,
21,21119,9,0,0,0,,,,,,,,
21,21120,1,14,11,3,,,,,,,,
21,21120,2,0,0,0,,,,,,,,
21,21120,3,0,0,0,,,,,,,,
21,21120,4,0,0,0,,,,,,,,
21,21120,5,0,0,0,,,,,,,,
21,21120,6,NA,NA,NA,,,,,,,,
21,21120,7,2,1,1,,,,,,,,
21,21120,8,0,0,0,,,,,,,,
21,21120,9,0,0,0,,,,,,,,
21,21121,1,0,0,0,,,,,,,,
21,21121,2,0,0,0,,,,,,,,
21,21121,3,0,0,0,,,,,,,,
21,21121,4,0,0,0,,,,,,,,
21,21121,5,9,7,2,,,,,,,,
21,21121,6,NA,NA,NA,,,,,,,,
21,21121,7,1,1,0,,,,,,,,
21,21121,8,1,1,0,,,,,,,,
21,21121,9,0,0,0,,,,,,,,
21,21122,1,15,12,3,,,,,,,,
21,21122,2,0,0,0,,,,,,,,
21,21122,3,0,0,0,,,,,,,,
21,21122,4,0,0,0,,,,,,,,
21,21122,5,0,0,0,,,,,,,,
21,21122,6,NA,NA,NA,,,,,,,,
21,21122,7,0,0,0,,,,,,,,
21,21122,8,0,0,0,,,,,,,,
21,21122,9,0,0,0,,,,,,,,
21,21123,1,9,8,1,,,,,,,,
21,21123,2,0,0,0,,,,,,,,
21,21123,3,0,0,0,,,,,,,,
21,21123,4,0,0,0,,,,,,,,
21,21123,5,0,0,0,,,,,,,,
21,21123,6,NA,NA,NA,,,,,,,,
21,21123,7,2,2,0,,,,,,,,
21,21123,8,0,0,0,,,,,,,,
21,21123,9,0,0,0,,,,,,,,
21,21124,1,31,27,4,,,,,,,,
21,21124,2,0,0,0,,,,,,,,
21,21124,3,0,0,0,,,,,,,,
21,21124,4,0,0,0,,,,,,,,
21,21124,5,0,0,0,,,,,,,,
21,21124,6,NA,NA,NA,,,,,,,,
21,21124,7,1,1,0,,,,,,,,
21,21124,8,2,2,0,,,,,,,,
21,21124,9,0,0,0,,,,,,,,
21,21125,1,15,10,5,,,,,,,,
21,21125,2,0,0,0,,,,,,,,
21,21125,3,0,0,0,,,,,,,,
21,21125,4,0,0,0,,,,,,,,
21,21125,5,0,0,0,,,,,,,,
21,21125,6,NA,NA,NA,,,,,,,,
21,21125,7,3,3,0,,,,,,,,
21,21125,8,1,1,0,,,,,,,,
21,21125,9,0,0,0,,,,,,,,
21,21126,1,10,7,3,,,,,,,,
21,21126,2,0,0,0,,,,,,,,
21,21126,3,0,0,0,,,,,,,,
21,21126,4,0,0,0,,,,,,,,
21,21126,5,0,0,0,,,,,,,,
21,21126,6,NA,NA,NA,,,,,,,,
21,21126,7,3,3,0,,,,,,,,
21,21126,8,2,1,1,,,,,,,,
21,21126,9,0,0,0,,,,,,,,
21,21127,1,11,9,2,,,,,,,,
21,21127,2,0,0,0,,,,,,,,
21,21127,3,0,0,0,,,,,,,,
21,21127,4,0,0,0,,,,,,,,
21,21127,5,0,0,0,,,,,,,,
21,21127,6,NA,NA,NA,,,,,,,,
21,21127,7,1,1,0,,,,,,,,
21,21127,8,0,0,0,,,,,,,,
21,21127,9,0,0,0,,,,,,,,
21,21128,1,15,9,6,,,,,,,,
21,21128,2,0,0,0,,,,,,,,
21,21128,3,0,0,0,,,,,,,,
21,21128,4,0,0,0,,,,,,,,
21,21128,5,0,0,0,,,,,,,,
21,21128,6,NA,NA,NA,,,,,,,,
21,21128,7,3,2,1,,,,,,,,
21,21128,8,1,1,0,,,,,,,,
21,21128,9,0,0,0,,,,,,,,
21,21129,1,23,19,4,,,,,,,,
21,21129,2,0,0,0,,,,,,,,
21,21129,3,0,0,0,,,,,,,,
21,21129,4,0,0,0,,,,,,,,
21,21129,5,0,0,0,,,,,,,,
21,21129,6,NA,NA,NA,,,,,,,,
21,21129,7,3,3,0,,,,,,,,
21,21129,8,0,0,0,,,,,,,,
21,21129,9,0,0,0,,,,,,,,
21,21130,1,7,6,1,,,,,,,,
21,21130,2,0,0,0,,,,,,,,
21,21130,3,0,0,0,,,,,,,,
21,21130,4,0,0,0,,,,,,,,
21,21130,5,0,0,0,,,,,,,,
21,21130,6,NA,NA,NA,,,,,,,,
21,21130,7,1,1,0,,,,,,,,
21,21130,8,0,0,0,,,,,,,,
21,21130,9,0,0,0,,,,,,,,
21,21131,1,9,7,2,,,,,,,,
21,21131,2,0,0,0,,,,,,,,
21,21131,3,0,0,0,,,,,,,,
21,21131,4,0,0,0,,,,,,,,
21,21131,5,0,0,0,,,,,,,,
21,21131,6,NA,NA,NA,,,,,,,,
21,21131,7,1,1,0,,,,,,,,
21,21131,8,0,0,0,,,,,,,,
21,21131,9,0,0,0,,,,,,,,
21,21132,1,177,137,40,,,,,,,,
21,21132,2,58,39,19,,,,,,,,
21,21132,3,0,0,0,,,,,,,,
21,21132,4,0,0,0,,,,,,,,
21,21132,5,0,0,0,,,,,,,,
21,21132,6,NA,NA,NA,,,,,,,,
21,21132,7,6,5,1,,,,,,,,
21,21132,8,13,8,5,,,,,,,,
21,21132,9,6,3,3,,,,,,,,
21,21133,1,9,8,1,,,,,,,,
21,21133,2,0,0,0,,,,,,,,
21,21133,3,0,0,0,,,,,,,,
21,21133,4,0,0,0,,,,,,,,
21,21133,5,0,0,0,,,,,,,,
21,21133,6,NA,NA,NA,,,,,,,,
21,21133,7,0,0,0,,,,,,,,
21,21133,8,0,0,0,,,,,,,,
21,21133,9,0,0,0,,,,,,,,
21,21134,1,32,26,6,,,,,,,,
21,21134,2,0,0,0,,,,,,,,
21,21134,3,0,0,0,,,,,,,,
21,21134,4,0,0,0,,,,,,,,
21,21134,5,0,0,0,,,,,,,,
21,21134,6,NA,NA,NA,,,,,,,,
21,21134,7,1,1,0,,,,,,,,
21,21134,8,1,0,1,,,,,,,,
21,21134,9,0,0,0,,,,,,,,
21,21135,1,6,4,2,,,,,,,,
21,21135,2,0,0,0,,,,,,,,
21,21135,3,0,0,0,,,,,,,,
21,21135,4,0,0,0,,,,,,,,
21,21135,5,0,0,0,,,,,,,,
21,21135,6,NA,NA,NA,,,,,,,,
21,21135,7,2,2,0,,,,,,,,
21,21135,8,0,0,0,,,,,,,,
21,21135,9,0,0,0,,,,,,,,
21,21136,1,1,0,1,,,,,,,,
21,21136,2,2,2,0,,,,,,,,
21,21136,3,0,0,0,,,,,,,,
21,21136,4,0,0,0,,,,,,,,
21,21136,5,0,0,0,,,,,,,,
21,21136,6,18,14,4,,,,,,,,
21,21136,7,2,2,0,,,,,,,,
21,21136,8,0,0,0,,,,,,,,
21,21136,9,0,0,0,,,,,,,,
21,21137,1,16,12,4,,,,,,,,
21,21137,2,0,0,0,,,,,,,,
21,21137,3,0,0,0,,,,,,,,
21,21137,4,0,0,0,,,,,,,,
21,21137,5,0,0,0,,,,,,,,
21,21137,6,NA,NA,NA,,,,,,,,
21,21137,7,1,1,0,,,,,,,,
21,21137,8,0,0,0,,,,,,,,
21,21137,9,0,0,0,,,,,,,,
21,21138,1,15,12,3,,,,,,,,
21,21138,2,0,0,0,,,,,,,,
21,21138,3,0,0,0,,,,,,,,
21,21138,4,0,0,0,,,,,,,,
21,21138,5,0,0,0,,,,,,,,
21,21138,6,NA,NA,NA,,,,,,,,
21,21138,7,1,1,0,,,,,,,,
21,21138,8,2,0,2,,,,,,,,
21,21138,9,0,0,0,,,,,,,,
21,21139,1,12,12,0,,,,,,,,
21,21139,2,0,0,0,,,,,,,,
21,21139,3,0,0,0,,,,,,,,
21,21139,4,0,0,0,,,,,,,,
21,21139,5,0,0,0,,,,,,,,
21,21139,6,NA,NA,NA,,,,,,,,
21,21139,7,1,1,0,,,,,,,,
21,21139,8,0,0,0,,,,,,,,
21,21139,9,0,0,0,,,,,,,,
21,21140,1,152,125,27,,,,,,,,
21,21140,2,35,31,4,,,,,,,,
21,21140,3,0,0,0,,,,,,,,
21,21140,4,0,0,0,,,,,,,,
21,21140,5,0,0,0,,,,,,,,
21,21140,6,NA,NA,NA,,,,,,,,
21,21140,7,1,1,0,,,,,,,,
21,21140,8,0,0,0,,,,,,,,
21,21140,9,0,0,0,,,,,,,,
21,21141,1,14,12,2,,,,,,,,
21,21141,2,0,0,0,,,,,,,,
21,21141,3,0,0,0,,,,,,,,
21,21141,4,0,0,0,,,,,,,,
21,21141,5,0,0,0,,,,,,,,
21,21141,6,NA,NA,NA,,,,,,,,
21,21141,7,2,2,0,,,,,,,,
21,21141,8,0,0,0,,,,,,,,
21,21141,9,0,0,0,,,,,,,,
21,21142,1,25,22,3,,,,,,,,
21,21142,2,4,2,2,,,,,,,,
21,21142,3,0,0,0,,,,,,,,
21,21142,4,0,0,0,,,,,,,,
21,21142,5,0,0,0,,,,,,,,
21,21142,6,NA,NA,NA,,,,,,,,
21,21142,7,3,3,0,,,,,,,,
21,21142,8,2,0,2,,,,,,,,
21,21142,9,0,0,0,,,,,,,,
21,21143,1,46,39,7,,,,,,,,
21,21143,2,0,0,0,,,,,,,,
21,21143,3,0,0,0,,,,,,,,
21,21143,4,0,0,0,,,,,,,,
21,21143,5,0,0,0,,,,,,,,
21,21143,6,NA,NA,NA,,,,,,,,
21,21143,7,1,0,1,,,,,,,,
21,21143,8,0,0,0,,,,,,,,
21,21143,9,0,0,0,,,,,,,,
21,21144,1,22,14,8,,,,,,,,
21,21144,2,6,5,1,,,,,,,,
21,21144,3,0,0,0,,,,,,,,
21,21144,4,0,0,0,,,,,,,,
21,21144,5,0,0,0,,,,,,,,
21,21144,6,NA,NA,NA,,,,,,,,
21,21144,7,1,1,0,,,,,,,,
21,21144,8,2,2,0,,,,,,,,
21,21144,9,0,0,0,,,,,,,,
21,21145,1,11,11,0,,,,,,,,
21,21145,2,0,0,0,,,,,,,,
21,21145,3,0,0,0,,,,,,,,
21,21145,4,0,0,0,,,,,,,,
21,21145,5,0,0,0,,,,,,,,
21,21145,6,NA,NA,NA,,,,,,,,
21,21145,7,2,2,0,,,,,,,,
21,21145,8,0,0,0,,,,,,,,
21,21145,9,0,0,0,,,,,,,,
21,21146,1,7,7,0,,,,,,,,
21,21146,2,0,0,0,,,,,,,,
21,21146,3,0,0,0,,,,,,,,
21,21146,4,0,0,0,,,,,,,,
21,21146,5,0,0,0,,,,,,,,
21,21146,6,NA,NA,NA,,,,,,,,
21,21146,7,0,0,0,,,,,,,,
21,21146,8,0,0,0,,,,,,,,
21,21146,9,0,0,0,,,,,,,,
21,21147,1,17,15,2,,,,,,,,
21,21147,2,0,0,0,,,,,,,,
21,21147,3,0,0,0,,,,,,,,
21,21147,4,0,0,0,,,,,,,,
21,21147,5,0,0,0,,,,,,,,
21,21147,6,NA,NA,NA,,,,,,,,
21,21147,7,2,2,0,,,,,,,,
21,21147,8,1,1,0,,,,,,,,
21,21147,9,0,0,0,,,,,,,,
21,21148,1,25,20,5,,,,,,,,
21,21148,2,0,0,0,,,,,,,,
21,21148,3,0,0,0,,,,,,,,
21,21148,4,0,0,0,,,,,,,,
21,21148,5,0,0,0,,,,,,,,
21,21148,6,NA,NA,NA,,,,,,,,
21,21148,7,1,1,0,,,,,,,,
21,21148,8,0,0,0,,,,,,,,
21,21148,9,0,0,0,,,,,,,,
21,21149,1,48,38,10,,,,,,,,
21,21149,2,0,0,0,,,,,,,,
21,21149,3,0,0,0,,,,,,,,
21,21149,4,0,0,0,,,,,,,,
21,21149,5,0,0,0,,,,,,,,
21,21149,6,NA,NA,NA,,,,,,,,
21,21149,7,3,3,0,,,,,,,,
21,21149,8,0,0,0,,,,,,,,
21,21149,9,0,0,0,,,,,,,,
21,21150,1,12,10,2,,,,,,,,
21,21150,2,0,0,0,,,,,,,,
21,21150,3,0,0,0,,,,,,,,
21,21150,4,0,0,0,,,,,,,,
21,21150,5,0,0,0,,,,,,,,
21,21150,6,NA,NA,NA,,,,,,,,
21,21150,7,1,1,0,,,,,,,,
21,21150,8,2,2,0,,,,,,,,
21,21150,9,0,0,0,,,,,,,,
21,21151,1,14,10,4,,,,,,,,
21,21151,2,0,0,0,,,,,,,,
21,21151,3,0,0,0,,,,,,,,
21,21151,4,0,0,0,,,,,,,,
21,21151,5,0,0,0,,,,,,,,
21,21151,6,NA,NA,NA,,,,,,,,
21,21151,7,1,0,1,,,,,,,,
21,21151,8,2,0,2,,,,,,,,
21,21151,9,4,1,3,,,,,,,,
21,21152,1,18,14,4,,,,,,,,
21,21152,2,0,0,0,,,,,,,,
21,21152,3,0,0,0,,,,,,,,
21,21152,4,0,0,0,,,,,,,,
21,21152,5,0,0,0,,,,,,,,
21,21152,6,NA,NA,NA,,,,,,,,
21,21152,7,2,2,0,,,,,,,,
21,21152,8,0,0,0,,,,,,,,
21,21152,9,0,0,0,,,,,,,,
21,21153,1,14,9,5,,,,,,,,
21,21153,2,0,0,0,,,,,,,,
21,21153,3,0,0,0,,,,,,,,
21,21153,4,0,0,0,,,,,,,,
21,21153,5,0,0,0,,,,,,,,
21,21153,6,1,0,1,,,,,,,,
21,21153,7,1,1,0,,,,,,,,
21,21153,8,2,1,1,,,,,,,,
21,21153,9,4,3,1,,,,,,,,
21,21154,1,24,15,9,,,,,,,,
21,21154,2,7,4,3,,,,,,,,
21,21154,3,0,0,0,,,,,,,,
21,21154,4,0,0,0,,,,,,,,
21,21154,5,0,0,0,,,,,,,,
21,21154,6,55,52,3,,,,,,,,
21,21154,7,2,2,0,,,,,,,,
21,21154,8,1,1,0,,,,,,,,
21,21154,9,0,0,0,,,,,,,,
21,21155,1,19,17,2,,,,,,,,
21,21155,2,0,0,0,,,,,,,,
21,21155,3,0,0,0,,,,,,,,
21,21155,4,0,0,0,,,,,,,,
21,21155,5,0,0,0,,,,,,,,
21,21155,6,NA,NA,NA,,,,,,,,
21,21155,7,1,1,0,,,,,,,,
21,21155,8,2,1,1,,,,,,,,
21,21155,9,0,0,0,,,,,,,,
21,21156,1,398,308,90,,,,,,,,
21,21156,2,78,72,6,,,,,,,,
21,21156,3,0,0,0,,,,,,,,
21,21156,4,0,0,0,,,,,,,,
21,21156,5,0,0,0,,,,,,,,
21,21156,6,NA,NA,NA,,,,,,,,
21,21156,7,14,13,1,,,,,,,,
21,21156,8,44,20,24,,,,,,,,
21,21156,9,0,0,0,,,,,,,,
21,21157,1,19,15,4,,,,,,,,
21,21157,2,0,0,0,,,,,,,,
21,21157,3,0,0,0,,,,,,,,
21,21157,4,0,0,0,,,,,,,,
21,21157,5,0,0,0,,,,,,,,
21,21157,6,NA,NA,NA,,,,,,,,
21,21157,7,2,2,0,,,,,,,,
21,21157,8,0,0,0,,,,,,,,
21,21157,9,0,0,0,,,,,,,,
21,21158,1,13,13,0,,,,,,,,
21,21158,2,0,0,0,,,,,,,,
21,21158,3,0,0,0,,,,,,,,
21,21158,4,0,0,0,,,,,,,,
21,21158,5,0,0,0,,,,,,,,
21,21158,6,NA,NA,NA,,,,,,,,
21,21158,7,2,2,0,,,,,,,,
21,21158,8,0,0,0,,,,,,,,
21,21158,9,0,0,0,,,,,,,,
21,21159,1,10,7,3,,,,,,,,
21,21159,2,0,0,0,,,,,,,,
21,21159,3,0,0,0,,,,,,,,
21,21159,4,0,0,0,,,,,,,,
21,21159,5,0,0,0,,,,,,,,
21,21159,6,NA,NA,NA,,,,,,,,
21,21159,7,0,0,0,,,,,,,,
21,21159,8,0,0,0,,,,,,,,
21,21159,9,0,0,0,,,,,,,,
21,21160,1,8,7,1,,,,,,,,
21,21160,2,0,0,0,,,,,,,,
21,21160,3,0,0,0,,,,,,,,
21,21160,4,0,0,0,,,,,,,,
21,21160,5,0,0,0,,,,,,,,
21,21160,6,NA,NA,NA,,,,,,,,
21,21160,7,1,1,0,,,,,,,,
21,21160,8,0,0,0,,,,,,,,
21,21160,9,0,0,0,,,,,,,,
21,21161,1,31,24,7,,,,,,,,
21,21161,2,0,0,0,,,,,,,,
21,21161,3,0,0,0,,,,,,,,
21,21161,4,0,0,0,,,,,,,,
21,21161,5,0,0,0,,,,,,,,
21,21161,6,NA,NA,NA,,,,,,,,
21,21161,7,1,1,0,,,,,,,,
21,21161,8,0,0,0,,,,,,,,
21,21161,9,0,0,0,,,,,,,,
21,21162,1,25,19,6,,,,,,,,
21,21162,2,0,0,0,,,,,,,,
21,21162,3,0,0,0,,,,,,,,
21,21162,4,0,0,0,,,,,,,,
21,21162,5,0,0,0,,,,,,,,
21,21162,6,NA,NA,NA,,,,,,,,
21,21162,7,0,0,0,,,,,,,,
21,21162,8,0,0,0,,,,,,,,
21,21162,9,0,0,0,,,,,,,,
21,21163,1,22,16,6,,,,,,,,
21,21163,2,0,0,0,,,,,,,,
21,21163,3,0,0,0,,,,,,,,
21,21163,4,0,0,0,,,,,,,,
21,21163,5,0,0,0,,,,,,,,
21,21163,6,NA,NA,NA,,,,,,,,
21,21163,7,1,1,0,,,,,,,,
21,21163,8,0,0,0,,,,,,,,
21,21163,9,0,0,0,,,,,,,,
21,21164,1,57,39,18,,,,,,,,
21,21164,2,7,6,1,,,,,,,,
21,21164,3,0,0,0,,,,,,,,
21,21164,4,0,0,0,,,,,,,,
21,21164,5,0,0,0,,,,,,,,
21,21164,6,NA,NA,NA,,,,,,,,
21,21164,7,1,1,0,,,,,,,,
21,21164,8,1,0,1,,,,,,,,
21,21164,9,0,0,0,,,,,,,,
21,21165,1,6,6,0,,,,,,,,
21,21165,2,0,0,0,,,,,,,,
21,21165,3,0,0,0,,,,,,,,
21,21165,4,0,0,0,,,,,,,,
21,21165,5,0,0,0,,,,,,,,
21,21165,6,NA,NA,NA,,,,,,,,
21,21165,7,2,2,0,,,,,,,,
21,21165,8,1,1,0,,,,,,,,
21,21165,9,0,0,0,,,,,,,,
21,21166,1,18,16,2,,,,,,,,
21,21166,2,0,0,0,,,,,,,,
21,21166,3,0,0,0,,,,,,,,
21,21166,4,0,0,0,,,,,,,,
21,21166,5,0,0,0,,,,,,,,
21,21166,6,NA,NA,NA,,,,,,,,
21,21166,7,1,1,0,,,,,,,,
21,21166,8,0,0,0,,,,,,,,
21,21166,9,0,0,0,,,,,,,,
21,21167,1,18,16,2,,,,,,,,
21,21167,2,0,0,0,,,,,,,,
21,21167,3,0,0,0,,,,,,,,
21,21167,4,0,0,0,,,,,,,,
21,21167,5,0,0,0,,,,,,,,
21,21167,6,NA,NA,NA,,,,,,,,
21,21167,7,1,1,0,,,,,,,,
21,21167,8,0,0,0,,,,,,,,
21,21167,9,0,0,0,,,,,,,,
21,21168,1,7,7,0,,,,,,,,
21,21168,2,0,0,0,,,,,,,,
21,21168,3,0,0,0,,,,,,,,
21,21168,4,0,0,0,,,,,,,,
21,21168,5,0,0,0,,,,,,,,
21,21168,6,NA,NA,NA,,,,,,,,
21,21168,7,2,2,0,,,,,,,,
21,21168,8,2,1,1,,,,,,,,
21,21168,9,0,0,0,,,,,,,,
21,21169,1,28,25,3,,,,,,,,
21,21169,2,0,0,0,,,,,,,,
21,21169,3,0,0,0,,,,,,,,
21,21169,4,0,0,0,,,,,,,,
21,21169,5,0,0,0,,,,,,,,
21,21169,6,NA,NA,NA,,,,,,,,
21,21169,7,1,1,0,,,,,,,,
21,21169,8,4,0,4,,,,,,,,
21,21169,9,0,0,0,,,,,,,,
21,21170,1,22,21,1,,,,,,,,
21,21170,2,0,0,0,,,,,,,,
21,21170,3,0,0,0,,,,,,,,
21,21170,4,0,0,0,,,,,,,,
21,21170,5,0,0,0,,,,,,,,
21,21170,6,NA,NA,NA,,,,,,,,
21,21170,7,5,5,0,,,,,,,,
21,21170,8,0,0,0,,,,,,,,
21,21170,9,0,0,0,,,,,,,,
21,21171,1,11,11,0,,,,,,,,
21,21171,2,0,0,0,,,,,,,,
21,21171,3,0,0,0,,,,,,,,
21,21171,4,0,0,0,,,,,,,,
21,21171,5,0,0,0,,,,,,,,
21,21171,6,NA,NA,NA,,,,,,,,
21,21171,7,1,1,0,,,,,,,,
21,21171,8,0,0,0,,,,,,,,
21,21171,9,0,0,0,,,,,,,,
21,21172,1,35,27,8,,,,,,,,
21,21172,2,7,5,2,,,,,,,,
21,21172,3,0,0,0,,,,,,,,
21,21172,4,0,0,0,,,,,,,,
21,21172,5,0,0,0,,,,,,,,
21,21172,6,NA,NA,NA,,,,,,,,
21,21172,7,3,3,0,,,,,,,,
21,21172,8,2,0,2,,,,,,,,
21,21172,9,0,0,0,,,,,,,,
21,21173,1,10,5,5,,,,,,,,
21,21173,2,1,1,0,,,,,,,,
21,21173,3,0,0,0,,,,,,,,
21,21173,4,0,0,0,,,,,,,,
21,21173,5,0,0,0,,,,,,,,
21,21173,6,NA,NA,NA,,,,,,,,
21,21173,7,1,0,1,,,,,,,,
21,21173,8,0,0,0,,,,,,,,
21,21173,9,0,0,0,,,,,,,,
21,21174,1,114,91,23,,,,,,,,
21,21174,2,13,11,2,,,,,,,,
21,21174,3,0,0,0,,,,,,,,
21,21174,4,0,0,0,,,,,,,,
21,21174,5,0,0,0,,,,,,,,
21,21174,6,NA,NA,NA,,,,,,,,
21,21174,7,1,1,0,,,,,,,,
21,21174,8,0,0,0,,,,,,,,
21,21174,9,0,0,0,,,,,,,,
21,21175,1,28,25,3,,,,,,,,
21,21175,2,0,0,0,,,,,,,,
21,21175,3,0,0,0,,,,,,,,
21,21175,4,0,0,0,,,,,,,,
21,21175,5,0,0,0,,,,,,,,
21,21175,6,NA,NA,NA,,,,,,,,
21,21175,7,2,2,0,,,,,,,,
21,21175,8,0,0,0,,,,,,,,
21,21175,9,0,0,0,,,,,,,,
21,21176,1,17,13,4,,,,,,,,
21,21176,2,0,0,0,,,,,,,,
21,21176,3,0,0,0,,,,,,,,
21,21176,4,0,0,0,,,,,,,,
21,21176,5,0,0,0,,,,,,,,
21,21176,6,NA,NA,NA,,,,,,,,
21,21176,7,1,1,0,,,,,,,,
21,21176,8,0,0,0,,,,,,,,
21,21176,9,0,0,0,,,,,,,,
21,21177,1,71,55,16,,,,,,,,
21,21177,2,0,0,0,,,,,,,,
21,21177,3,0,0,0,,,,,,,,
21,21177,4,0,0,0,,,,,,,,
21,21177,5,0,0,0,,,,,,,,
21,21177,6,NA,NA,NA,,,,,,,,
21,21177,7,2,2,0,,,,,,,,
21,21177,8,3,1,2,,,,,,,,
21,21177,9,0,0,0,,,,,,,,
21,21178,1,31,31,0,,,,,,,,
21,21178,2,0,0,0,,,,,,,,
21,21178,3,0,0,0,,,,,,,,
21,21178,4,0,0,0,,,,,,,,
21,21178,5,0,0,0,,,,,,,,
21,21178,6,NA,NA,NA,,,,,,,,
21,21178,7,5,5,0,,,,,,,,
21,21178,8,3,0,3,,,,,,,,
21,21178,9,0,0,0,,,,,,,,
21,21179,1,32,29,3,,,,,,,,
21,21179,2,0,0,0,,,,,,,,
21,21179,3,0,0,0,,,,,,,,
21,21179,4,0,0,0,,,,,,,,
21,21179,5,0,0,0,,,,,,,,
21,21179,6,NA,NA,NA,,,,,,,,
21,21179,7,0,0,0,,,,,,,,
21,21179,8,1,1,0,,,,,,,,
21,21179,9,0,0,0,,,,,,,,
21,21180,1,55,37,18,,,,,,,,
21,21180,2,0,0,0,,,,,,,,
21,21180,3,0,0,0,,,,,,,,
21,21180,4,0,0,0,,,,,,,,
21,21180,5,0,0,0,,,,,,,,
21,21180,6,NA,NA,NA,,,,,,,,
21,21180,7,1,1,0,,,,,,,,
21,21180,8,0,0,0,,,,,,,,
21,21180,9,1,0,1,,,,,,,,
21,21181,1,10,7,3,,,,,,,,
21,21181,2,0,0,0,,,,,,,,
21,21181,3,0,0,0,,,,,,,,
21,21181,4,0,0,0,,,,,,,,
21,21181,5,0,0,0,,,,,,,,
21,21181,6,NA,NA,NA,,,,,,,,
21,21181,7,1,1,0,,,,,,,,
21,21181,8,0,0,0,,,,,,,,
21,21181,9,0,0,0,,,,,,,,
21,21182,1,13,9,4,,,,,,,,
21,21182,2,0,0,0,,,,,,,,
21,21182,3,0,0,0,,,,,,,,
21,21182,4,0,0,0,,,,,,,,
21,21182,5,0,0,0,,,,,,,,
21,21182,6,NA,NA,NA,,,,,,,,
21,21182,7,1,1,0,,,,,,,,
21,21182,8,0,0,0,,,,,,,,
21,21182,9,0,0,0,,,,,,,,
21,21183,1,49,42,7,,,,,,,,
21,21183,2,0,0,0,,,,,,,,
21,21183,3,0,0,0,,,,,,,,
21,21183,4,0,0,0,,,,,,,,
21,21183,5,0,0,0,,,,,,,,
21,21183,6,NA,NA,NA,,,,,,,,
21,21183,7,3,3,0,,,,,,,,
21,21183,8,1,1,0,,,,,,,,
21,21183,9,0,0,0,,,,,,,,
21,21184,1,13,13,0,,,,,,,,
21,21184,2,0,0,0,,,,,,,,
21,21184,3,0,0,0,,,,,,,,
21,21184,4,0,0,0,,,,,,,,
21,21184,5,0,0,0,,,,,,,,
21,21184,6,NA,NA,NA,,,,,,,,
21,21184,7,3,3,0,,,,,,,,
21,21184,8,0,0,0,,,,,,,,
21,21184,9,0,0,0,,,,,,,,
21,21185,1,16,13,3,,,,,,,,
21,21185,2,0,0,0,,,,,,,,
21,21185,3,0,0,0,,,,,,,,
21,21185,4,0,0,0,,,,,,,,
21,21185,5,0,0,0,,,,,,,,
21,21185,6,NA,NA,NA,,,,,,,,
21,21185,7,2,1,1,,,,,,,,
21,21185,8,0,0,0,,,,,,,,
21,21185,9,0,0,0,,,,,,,,
21,21186,1,54,42,12,,,,,,,,
21,21186,2,5,4,1,,,,,,,,
21,21186,3,0,0,0,,,,,,,,
21,21186,4,0,0,0,,,,,,,,
21,21186,5,1,1,0,,,,,,,,
21,21186,6,NA,NA,NA,,,,,,,,
21,21186,7,4,4,0,,,,,,,,
21,21186,8,2,2,0,,,,,,,,
21,21186,9,4,2,2,,,,,,,,
21,21187,1,20,18,2,,,,,,,,
21,21187,2,0,0,0,,,,,,,,
21,21187,3,0,0,0,,,,,,,,
21,21187,4,0,0,0,,,,,,,,
21,21187,5,0,0,0,,,,,,,,
21,21187,6,NA,NA,NA,,,,,,,,
21,21187,7,2,2,0,,,,,,,,
21,21187,8,0,0,0,,,,,,,,
21,21187,9,0,0,0,,,,,,,,
21,21188,1,30,24,6,,,,,,,,
21,21188,2,0,0,0,,,,,,,,
21,21188,3,0,0,0,,,,,,,,
21,21188,4,0,0,0,,,,,,,,
21,21188,5,0,0,0,,,,,,,,
21,21188,6,NA,NA,NA,,,,,,,,
21,21188,7,1,1,0,,,,,,,,
21,21188,8,0,0,0,,,,,,,,
21,21188,9,0,0,0,,,,,,,,
21,21189,1,23,20,3,,,,,,,,
21,21189,2,0,0,0,,,,,,,,
21,21189,3,0,0,0,,,,,,,,
21,21189,4,0,0,0,,,,,,,,
21,21189,5,0,0,0,,,,,,,,
21,21189,6,NA,NA,NA,,,,,,,,
21,21189,7,1,1,0,,,,,,,,
21,21189,8,1,0,1,,,,,,,,
21,21189,9,0,0,0,,,,,,,,
21,21190,1,5,4,1,,,,,,,,
21,21190,2,0,0,0,,,,,,,,
21,21190,3,0,0,0,,,,,,,,
21,21190,4,0,0,0,,,,,,,,
21,21190,5,0,0,0,,,,,,,,
21,21190,6,NA,NA,NA,,,,,,,,
21,21190,7,2,2,0,,,,,,,,
21,21190,8,0,0,0,,,,,,,,
21,21190,9,0,0,0,,,,,,,,
21,21191,1,20,17,3,,,,,,,,
21,21191,2,0,0,0,,,,,,,,
21,21191,3,0,0,0,,,,,,,,
21,21191,4,0,0,0,,,,,,,,
21,21191,5,0,0,0,,,,,,,,
21,21191,6,NA,NA,NA,,,,,,,,
21,21191,7,2,2,0,,,,,,,,
21,21191,8,1,1,0,,,,,,,,
21,21191,9,0,0,0,,,,,,,,
21,21192,1,28,25,3,,,,,,,,
21,21192,2,0,0,0,,,,,,,,
21,21192,3,0,0,0,,,,,,,,
21,21192,4,0,0,0,,,,,,,,
21,21192,5,0,0,0,,,,,,,,
21,21192,6,NA,NA,NA,,,,,,,,
21,21192,7,0,0,0,,,,,,,,
21,21192,8,0,0,0,,,,,,,,
21,21192,9,0,0,0,,,,,,,,
21,21193,1,16,16,0,,,,,,,,
21,21193,2,0,0,0,,,,,,,,
21,21193,3,0,0,0,,,,,,,,
21,21193,4,0,0,0,,,,,,,,
21,21193,5,0,0,0,,,,,,,,
21,21193,6,NA,NA,NA,,,,,,,,
21,21193,7,1,1,0,,,,,,,,
21,21193,8,0,0,0,,,,,,,,
21,21193,9,0,0,0,,,,,,,,
21,21194,1,37,32,5,,,,,,,,
21,21194,2,0,0,0,,,,,,,,
21,21194,3,0,0,0,,,,,,,,
21,21194,4,0,0,0,,,,,,,,
21,21194,5,0,0,0,,,,,,,,
21,21194,6,NA,NA,NA,,,,,,,,
21,21194,7,5,5,0,,,,,,,,
21,21194,8,2,1,1,,,,,,,,
21,21194,9,0,0,0,,,,,,,,
21,21195,1,14,12,2,,,,,,,,
21,21195,2,0,0,0,,,,,,,,
21,21195,3,0,0,0,,,,,,,,
21,21195,4,0,0,0,,,,,,,,
21,21195,5,0,0,0,,,,,,,,
21,21195,6,NA,NA,NA,,,,,,,,
21,21195,7,2,2,0,,,,,,,,
21,21195,8,1,1,0,,,,,,,,
21,21195,9,0,0,0,,,,,,,,
21,21196,1,11,7,4,,,,,,,,
21,21196,2,0,0,0,,,,,,,,
21,21196,3,0,0,0,,,,,,,,
21,21196,4,0,0,0,,,,,,,,
21,21196,5,0,0,0,,,,,,,,
21,21196,6,NA,NA,NA,,,,,,,,
21,21196,7,0,0,0,,,,,,,,
21,21196,8,0,0,0,,,,,,,,
21,21196,9,0,0,0,,,,,,,,
21,21197,1,158,132,26,,,,,,,,
21,21197,2,14,4,10,,,,,,,,
21,21197,3,0,0,0,,,,,,,,
21,21197,4,0,0,0,,,,,,,,
21,21197,5,0,0,0,,,,,,,,
21,21197,6,8,4,4,,,,,,,,
21,21197,7,1,1,0,,,,,,,,
21,21197,8,8,5,3,,,,,,,,
21,21197,9,0,0,0,,,,,,,,
21,21198,1,12,12,0,,,,,,,,
21,21198,2,0,0,0,,,,,,,,
21,21198,3,0,0,0,,,,,,,,
21,21198,4,0,0,0,,,,,,,,
21,21198,5,0,0,0,,,,,,,,
21,21198,6,NA,NA,NA,,,,,,,,
21,21198,7,0,0,0,,,,,,,,
21,21198,8,1,1,0,,,,,,,,
21,21198,9,0,0,0,,,,,,,,
21,21199,1,46,36,10,,,,,,,,
21,21199,2,5,5,0,,,,,,,,
21,21199,3,0,0,0,,,,,,,,
21,21199,4,0,0,0,,,,,,,,
21,21199,5,0,0,0,,,,,,,,
21,21199,6,NA,NA,NA,,,,,,,,
21,21199,7,3,3,0,,,,,,,,
21,21199,8,1,0,1,,,,,,,,
21,21199,9,0,0,0,,,,,,,,
21,21200,1,8,6,2,,,,,,,,
21,21200,2,0,0,0,,,,,,,,
21,21200,3,0,0,0,,,,,,,,
21,21200,4,0,0,0,,,,,,,,
21,21200,5,0,0,0,,,,,,,,
21,21200,6,NA,NA,NA,,,,,,,,
21,21200,7,1,1,0,,,,,,,,
21,21200,8,0,0,0,,,,,,,,
21,21200,9,0,0,0,,,,,,,,
21,21201,1,12,12,0,,,,,,,,
21,21201,2,0,0,0,,,,,,,,
21,21201,3,0,0,0,,,,,,,,
21,21201,4,0,0,0,,,,,,,,
21,21201,5,0,0,0,,,,,,,,
21,21201,6,NA,NA,NA,,,,,,,,
21,21201,7,0,0,0,,,,,,,,
21,21201,8,0,0,0,,,,,,,,
21,21201,9,0,0,0,,,,,,,,
21,21202,1,17,16,1,,,,,,,,
21,21202,2,0,0,0,,,,,,,,
21,21202,3,0,0,0,,,,,,,,
21,21202,4,0,0,0,,,,,,,,
21,21202,5,0,0,0,,,,,,,,
21,21202,6,NA,NA,NA,,,,,,,,
21,21202,7,0,0,0,,,,,,,,
21,21202,8,0,0,0,,,,,,,,
21,21202,9,0,0,0,,,,,,,,
21,21203,1,22,18,4,,,,,,,,
21,21203,2,0,0,0,,,,,,,,
21,21203,3,0,0,0,,,,,,,,
21,21203,4,0,0,0,,,,,,,,
21,21203,5,0,0,0,,,,,,,,
21,21203,6,NA,NA,NA,,,,,,,,
21,21203,7,1,1,0,,,,,,,,
21,21203,8,0,0,0,,,,,,,,
21,21203,9,0,0,0,,,,,,,,
21,21204,1,14,9,5,,,,,,,,
21,21204,2,1,0,1,,,,,,,,
21,21204,3,0,0,0,,,,,,,,
21,21204,4,0,0,0,,,,,,,,
21,21204,5,0,0,0,,,,,,,,
21,21204,6,NA,NA,NA,,,,,,,,
21,21204,7,0,0,0,,,,,,,,
21,21204,8,0,0,0,,,,,,,,
21,21204,9,0,0,0,,,,,,,,
21,21205,1,46,35,11,,,,,,,,
21,21205,2,0,0,0,,,,,,,,
21,21205,3,0,0,0,,,,,,,,
21,21205,4,0,0,0,,,,,,,,
21,21205,5,0,0,0,,,,,,,,
21,21205,6,NA,NA,NA,,,,,,,,
21,21205,7,1,1,0,,,,,,,,
21,21205,8,0,0,0,,,,,,,,
21,21205,9,0,0,0,,,,,,,,
21,21206,1,8,6,2,,,,,,,,
21,21206,2,0,0,0,,,,,,,,
21,21206,3,0,0,0,,,,,,,,
21,21206,4,0,0,0,,,,,,,,
21,21206,5,0,0,0,,,,,,,,
21,21206,6,NA,NA,NA,,,,,,,,
21,21206,7,1,1,0,,,,,,,,
21,21206,8,0,0,0,,,,,,,,
21,21206,9,0,0,0,,,,,,,,
21,21207,1,41,37,4,,,,,,,,
21,21207,2,12,11,1,,,,,,,,
21,21207,3,0,0,0,,,,,,,,
21,21207,4,0,0,0,,,,,,,,
21,21207,5,0,0,0,,,,,,,,
21,21207,6,NA,NA,NA,,,,,,,,
21,21207,7,1,1,0,,,,,,,,
21,21207,8,1,0,1,,,,,,,,
21,21207,9,0,0,0,,,,,,,,
21,21208,1,81,58,23,,,,,,,,
21,21208,2,7,4,3,,,,,,,,
21,21208,3,0,0,0,,,,,,,,
21,21208,4,0,0,0,,,,,,,,
21,21208,5,0,0,0,,,,,,,,
21,21208,6,NA,NA,NA,,,,,,,,
21,21208,7,3,3,0,,,,,,,,
21,21208,8,9,5,4,,,,,,,,
21,21208,9,0,0,0,,,,,,,,
21,21209,1,9,7,2,,,,,,,,
21,21209,2,0,0,0,,,,,,,,
21,21209,3,0,0,0,,,,,,,,
21,21209,4,0,0,0,,,,,,,,
21,21209,5,0,0,0,,,,,,,,
21,21209,6,NA,NA,NA,,,,,,,,
21,21209,7,1,1,0,,,,,,,,
21,21209,8,0,0,0,,,,,,,,
21,21209,9,0,0,0,,,,,,,,
21,21210,1,7,7,0,,,,,,,,
21,21210,2,0,0,0,,,,,,,,
21,21210,3,0,0,0,,,,,,,,
21,21210,4,0,0,0,,,,,,,,
21,21210,5,0,0,0,,,,,,,,
21,21210,6,NA,NA,NA,,,,,,,,
21,21210,7,1,1,0,,,,,,,,
21,21210,8,0,0,0,,,,,,,,
21,21210,9,0,0,0,,,,,,,,
21,21211,1,32,28,4,,,,,,,,
21,21211,2,0,0,0,,,,,,,,
21,21211,3,0,0,0,,,,,,,,
21,21211,4,0,0,0,,,,,,,,
21,21211,5,0,0,0,,,,,,,,
21,21211,6,NA,NA,NA,,,,,,,,
21,21211,7,1,0,1,,,,,,,,
21,21211,8,1,0,1,,,,,,,,
21,21211,9,0,0,0,,,,,,,,
21,21212,1,17,15,2,,,,,,,,
21,21212,2,0,0,0,,,,,,,,
21,21212,3,0,0,0,,,,,,,,
21,21212,4,0,0,0,,,,,,,,
21,21212,5,0,0,0,,,,,,,,
21,21212,6,NA,NA,NA,,,,,,,,
21,21212,7,1,1,0,,,,,,,,
21,21212,8,0,0,0,,,,,,,,
21,21212,9,0,0,0,,,,,,,,
21,21213,1,31,27,4,,,,,,,,
21,21213,2,0,0,0,,,,,,,,
21,21213,3,0,0,0,,,,,,,,
21,21213,4,0,0,0,,,,,,,,
21,21213,5,0,0,0,,,,,,,,
21,21213,6,NA,NA,NA,,,,,,,,
21,21213,7,1,1,0,,,,,,,,
21,21213,8,0,0,0,,,,,,,,
21,21213,9,0,0,0,,,,,,,,
21,21214,1,13,10,3,,,,,,,,
21,21214,2,0,0,0,,,,,,,,
21,21214,3,0,0,0,,,,,,,,
21,21214,4,0,0,0,,,,,,,,
21,21214,5,0,0,0,,,,,,,,
21,21214,6,NA,NA,NA,,,,,,,,
21,21214,7,2,2,0,,,,,,,,
21,21214,8,0,0,0,,,,,,,,
21,21214,9,0,0,0,,,,,,,,
21,21215,1,13,12,1,,,,,,,,
21,21215,2,0,0,0,,,,,,,,
21,21215,3,0,0,0,,,,,,,,
21,21215,4,0,0,0,,,,,,,,
21,21215,5,0,0,0,,,,,,,,
21,21215,6,NA,NA,NA,,,,,,,,
21,21215,7,0,0,0,,,,,,,,
21,21215,8,0,0,0,,,,,,,,
21,21215,9,0,0,0,,,,,,,,
21,21216,1,10,9,1,,,,,,,,
21,21216,2,0,0,0,,,,,,,,
21,21216,3,0,0,0,,,,,,,,
21,21216,4,0,0,0,,,,,,,,
21,21216,5,0,0,0,,,,,,,,
21,21216,6,NA,NA,NA,,,,,,,,
21,21216,7,0,0,0,,,,,,,,
21,21216,8,0,0,0,,,,,,,,
21,21216,9,0,0,0,,,,,,,,
21,21217,1,24,20,4,,,,,,,,
21,21217,2,0,0,0,,,,,,,,
21,21217,3,0,0,0,,,,,,,,
21,21217,4,0,0,0,,,,,,,,
21,21217,5,0,0,0,,,,,,,,
21,21217,6,NA,NA,NA,,,,,,,,
21,21217,7,2,2,0,,,,,,,,
21,21217,8,0,0,0,,,,,,,,
21,21217,9,0,0,0,,,,,,,,
22,22001,1,44,37,7,,,,,,,,
22,22001,2,18,14,4,,,,,,,,
22,22001,3,0,0,0,,,,,,,,
22,22001,4,0,0,0,,,,,,,,
22,22001,5,0,0,0,,,,,,,,
22,22001,6,NA,NA,NA,,,,,,,,
22,22001,7,2,2,0,,,,,,,,
22,22001,8,2,0,2,,,,,,,,
22,22001,9,0,0,0,,,,,,,,
22,22002,1,27,23,4,,,,,,,,
22,22002,2,0,0,0,,,,,,,,
22,22002,3,0,0,0,,,,,,,,
22,22002,4,0,0,0,,,,,,,,
22,22002,5,0,0,0,,,,,,,,
22,22002,6,NA,NA,NA,,,,,,,,
22,22002,7,2,2,0,,,,,,,,
22,22002,8,5,4,1,,,,,,,,
22,22002,9,11,6,5,,,,,,,,
22,22003,1,15,12,3,,,,,,,,
22,22003,2,0,0,0,,,,,,,,
22,22003,3,9,9,0,,,,,,,,
22,22003,4,0,0,0,,,,,,,,
22,22003,5,0,0,0,,,,,,,,
22,22003,6,NA,NA,NA,,,,,,,,
22,22003,7,1,1,0,,,,,,,,
22,22003,8,3,1,2,,,,,,,,
22,22003,9,0,0,0,,,,,,,,
22,22004,1,62,48,14,,,,,,,,
22,22004,2,0,0,0,,,,,,,,
22,22004,3,37,33,4,,,,,,,,
22,22004,4,0,0,0,,,,,,,,
22,22004,5,0,0,0,,,,,,,,
22,22004,6,NA,NA,NA,,,,,,,,
22,22004,7,2,2,0,,,,,,,,
22,22004,8,2,1,1,,,,,,,,
22,22004,9,0,0,0,,,,,,,,
22,22005,1,63,54,9,,,,,,,,
22,22005,2,0,0,0,,,,,,,,
22,22005,3,0,0,0,,,,,,,,
22,22005,4,0,0,0,,,,,,,,
22,22005,5,0,0,0,,,,,,,,
22,22005,6,NA,NA,NA,,,,,,,,
22,22005,7,2,2,0,,,,,,,,
22,22005,8,0,0,0,,,,,,,,
22,22005,9,0,0,0,,,,,,,,
22,22006,1,430,328,102,,,,,,,,
22,22006,2,0,0,0,,,,,,,,
22,22006,3,0,0,0,,,,,,,,
22,22006,4,0,0,0,,,,,,,,
22,22006,5,0,0,0,,,,,,,,
22,22006,6,NA,NA,NA,,,,,,,,
22,22006,7,19,14,5,,,,,,,,
22,22006,8,37,21,16,,,,,,,,
22,22006,9,0,0,0,,,,,,,,
22,22007,1,42,36,6,,,,,,,,
22,22007,2,0,0,0,,,,,,,,
22,22007,3,0,0,0,,,,,,,,
22,22007,4,0,0,0,,,,,,,,
22,22007,5,0,0,0,,,,,,,,
22,22007,6,NA,NA,NA,,,,,,,,
22,22007,7,6,6,0,,,,,,,,
22,22007,8,7,3,4,,,,,,,,
22,22007,9,15,8,7,,,,,,,,
22,22008,1,39,37,2,,,,,,,,
22,22008,2,0,0,0,,,,,,,,
22,22008,3,0,0,0,,,,,,,,
22,22008,4,0,0,0,,,,,,,,
22,22008,5,0,0,0,,,,,,,,
22,22008,6,NA,NA,NA,,,,,,,,
22,22008,7,0,0,0,,,,,,,,
22,22008,8,0,0,0,,,,,,,,
22,22008,9,0,0,0,,,,,,,,
22,22009,1,48,40,8,,,,,,,,
22,22009,2,0,0,0,,,,,,,,
22,22009,3,0,0,0,,,,,,,,
22,22009,4,0,0,0,,,,,,,,
22,22009,5,0,0,0,,,,,,,,
22,22009,6,NA,NA,NA,,,,,,,,
22,22009,7,6,6,0,,,,,,,,
22,22009,8,1,0,1,,,,,,,,
22,22009,9,0,0,0,,,,,,,,
22,22010,1,21,15,6,,,,,,,,
22,22010,2,0,0,0,,,,,,,,
22,22010,3,0,0,0,,,,,,,,
22,22010,4,0,0,0,,,,,,,,
22,22010,5,0,0,0,,,,,,,,
22,22010,6,NA,NA,NA,,,,,,,,
22,22010,7,1,1,0,,,,,,,,
22,22010,8,0,0,0,,,,,,,,
22,22010,9,0,0,0,,,,,,,,
22,22011,1,226,163,63,,,,,,,,
22,22011,2,0,0,0,,,,,,,,
22,22011,3,0,0,0,,,,,,,,
22,22011,4,0,0,0,,,,,,,,
22,22011,5,0,0,0,,,,,,,,
22,22011,6,NA,NA,NA,,,,,,,,
22,22011,7,10,7,3,,,,,,,,
22,22011,8,20,14,6,,,,,,,,
22,22011,9,36,24,12,,,,,,,,
22,22012,1,43,36,7,,,,,,,,
22,22012,2,0,0,0,,,,,,,,
22,22012,3,0,0,0,,,,,,,,
22,22012,4,0,0,0,,,,,,,,
22,22012,5,0,0,0,,,,,,,,
22,22012,6,38,22,16,,,,,,,,
22,22012,7,6,6,0,,,,,,,,
22,22012,8,9,4,5,,,,,,,,
22,22012,9,17,7,10,,,,,,,,
22,22013,1,20,17,3,,,,,,,,
22,22013,2,0,0,0,,,,,,,,
22,22013,3,13,10,3,,,,,,,,
22,22013,4,0,0,0,,,,,,,,
22,22013,5,0,0,0,,,,,,,,
22,22013,6,NA,NA,NA,,,,,,,,
22,22013,7,4,4,0,,,,,,,,
22,22013,8,2,0,2,,,,,,,,
22,22013,9,0,0,0,,,,,,,,
22,22014,1,1168,824,344,,,,,,,,
22,22014,2,0,0,0,,,,,,,,
22,22014,3,0,0,0,,,,,,,,
22,22014,4,0,0,0,,,,,,,,
22,22014,5,0,0,0,,,,,,,,
22,22014,6,NA,NA,NA,,,,,,,,
22,22014,7,49,26,23,,,,,,,,
22,22014,8,486,181,305,,,,,,,,
22,22014,9,25,8,17,,,,,,,,
22,22015,1,19,15,4,,,,,,,,
22,22015,2,0,0,0,,,,,,,,
22,22015,3,0,0,0,,,,,,,,
22,22015,4,0,0,0,,,,,,,,
22,22015,5,0,0,0,,,,,,,,
22,22015,6,NA,NA,NA,,,,,,,,
22,22015,7,1,1,0,,,,,,,,
22,22015,8,1,0,1,,,,,,,,
22,22015,9,3,2,1,,,,,,,,
22,22016,1,273,202,71,,,,,,,,
22,22016,2,12,9,3,,,,,,,,
22,22016,3,0,0,0,,,,,,,,
22,22016,4,0,0,0,,,,,,,,
22,22016,5,0,0,0,,,,,,,,
22,22016,6,NA,NA,NA,,,,,,,,
22,22016,7,19,18,1,,,,,,,,
22,22016,8,35,15,20,,,,,,,,
22,22016,9,7,6,1,,,,,,,,
22,22017,1,70,56,14,,,,,,,,
22,22017,2,0,0,0,,,,,,,,
22,22017,3,0,0,0,,,,,,,,
22,22017,4,0,0,0,,,,,,,,
22,22017,5,0,0,0,,,,,,,,
22,22017,6,NA,NA,NA,,,,,,,,
22,22017,7,2,2,0,,,,,,,,
22,22017,8,6,4,2,,,,,,,,
22,22017,9,0,0,0,,,,,,,,
22,22018,1,32,26,6,,,,,,,,
22,22018,2,0,0,0,,,,,,,,
22,22018,3,0,0,0,,,,,,,,
22,22018,4,0,0,0,,,,,,,,
22,22018,5,0,0,0,,,,,,,,
22,22018,6,NA,NA,NA,,,,,,,,
22,22018,7,1,1,0,,,,,,,,
22,22018,8,4,4,0,,,,,,,,
22,22018,9,0,0,0,,,,,,,,
23,23001,1,143,105,38,,,,,,,,
23,23001,2,48,39,9,,,,,,,,
23,23001,3,0,0,0,,,,,,,,
23,23001,4,0,0,0,,,,,,,,
23,23001,5,0,0,0,,,,,,,,
23,23001,6,11,7,4,,,,,,,,
23,23001,7,1,1,0,,,,,,,,
23,23001,8,31,15,16,,,,,,,,
23,23001,9,0,0,0,,,,,,,,
23,23002,1,142,118,24,,,,,,,,
23,23002,2,26,26,0,,,,,,,,
23,23002,3,0,0,0,,,,,,,,
23,23002,4,0,0,0,,,,,,,,
23,23002,5,0,0,0,,,,,,,,
23,23002,6,NA,NA,NA,,,,,,,,
23,23002,7,3,3,0,,,,,,,,
23,23002,8,8,5,3,,,,,,,,
23,23002,9,0,0,0,,,,,,,,
23,23003,1,78,53,25,,,,,,,,
23,23003,2,20,18,2,,,,,,,,
23,23003,3,0,0,0,,,,,,,,
23,23003,4,0,0,0,,,,,,,,
23,23003,5,0,0,0,,,,,,,,
23,23003,6,NA,NA,NA,,,,,,,,
23,23003,7,9,8,1,,,,,,,,
23,23003,8,16,3,13,,,,,,,,
23,23003,9,0,0,0,,,,,,,,
23,23004,1,195,128,67,,,,,,,,
23,23004,2,0,0,0,,,,,,,,
23,23004,3,0,0,0,,,,,,,,
23,23004,4,0,0,0,,,,,,,,
23,23004,5,0,0,0,,,,,,,,
23,23004,6,NA,NA,NA,,,,,,,,
23,23004,7,13,8,5,,,,,,,,
23,23004,8,28,8,20,,,,,,,,
23,23004,9,0,0,0,,,,,,,,
23,23005,1,866,686,180,,,,,,,,
23,23005,2,312,230,82,,,,,,,,
23,23005,3,103,71,32,,,,,,,,
23,23005,4,0,0,0,,,,,,,,
23,23005,5,0,0,0,,,,,,,,
23,23005,6,NA,NA,NA,,,,,,,,
23,23005,7,33,23,10,,,,,,,,
23,23005,8,158,75,83,,,,,,,,
23,23005,9,116,60,56,,,,,,,,
23,23006,1,123,109,14,,,,,,,,
23,23006,2,31,28,3,,,,,,,,
23,23006,3,0,0,0,,,,,,,,
23,23006,4,0,0,0,,,,,,,,
23,23006,5,0,0,0,,,,,,,,
23,23006,6,NA,NA,NA,,,,,,,,
23,23006,7,4,4,0,,,,,,,,
23,23006,8,0,0,0,,,,,,,,
23,23006,9,0,0,0,,,,,,,,
23,23007,1,97,89,8,,,,,,,,
23,23007,2,12,10,2,,,,,,,,
23,23007,3,0,0,0,,,,,,,,
23,23007,4,0,0,0,,,,,,,,
23,23007,5,0,0,0,,,,,,,,
23,23007,6,NA,NA,NA,,,,,,,,
23,23007,7,1,1,0,,,,,,,,
23,23007,8,0,0,0,,,,,,,,
23,23007,9,0,0,0,,,,,,,,
23,23008,1,313,253,60,,,,,,,,
23,23008,2,109,83,26,,,,,,,,
23,23008,3,0,0,0,,,,,,,,
23,23008,4,0,0,0,,,,,,,,
23,23008,5,0,0,0,,,,,,,,
23,23008,6,209,143,66,,,,,,,,
23,23008,7,10,8,2,,,,,,,,
23,23008,8,79,41,38,,,,,,,,
23,23008,9,0,0,0,,,,,,,,
23,23009,1,112,97,15,,,,,,,,
23,23009,2,19,18,1,,,,,,,,
23,23009,3,0,0,0,,,,,,,,
23,23009,4,0,0,0,,,,,,,,
23,23009,5,0,0,0,,,,,,,,
23,23009,6,NA,NA,NA,,,,,,,,
23,23009,7,2,2,0,,,,,,,,
23,23009,8,29,9,20,,,,,,,,
23,23009,9,0,0,0,,,,,,,,
23,23010,1,38,29,9,,,,,,,,
23,23010,2,9,8,1,,,,,,,,
23,23010,3,0,0,0,,,,,,,,
23,23010,4,0,0,0,,,,,,,,
23,23010,5,0,0,0,,,,,,,,
23,23010,6,NA,NA,NA,,,,,,,,
23,23010,7,1,1,0,,,,,,,,
23,23010,8,7,4,3,,,,,,,,
23,23010,9,31,23,8,,,,,,,,
23,23011,1,85,65,20,,,,,,,,
23,23011,2,24,12,12,,,,,,,,
23,23011,3,0,0,0,,,,,,,,
23,23011,4,0,0,0,,,,,,,,
23,23011,5,0,0,0,,,,,,,,
23,23011,6,NA,NA,NA,,,,,,,,
23,23011,7,7,7,0,,,,,,,,
23,23011,8,23,6,17,,,,,,,,
23,23011,9,3,0,3,,,,,,,,
24,24001,1,21,15,6,,,,,,,,
24,24001,2,0,0,0,,,,,,,,
24,24001,3,0,0,0,,,,,,,,
24,24001,4,0,0,0,,,,,,,,
24,24001,5,0,0,0,,,,,,,,
24,24001,6,NA,NA,NA,,,,,,,,
24,24001,7,2,2,0,,,,,,,,
24,24001,8,0,0,0,,,,,,,,
24,24001,9,0,0,0,,,,,,,,
24,24002,1,10,8,2,,,,,,,,
24,24002,2,0,0,0,,,,,,,,
24,24002,3,0,0,0,,,,,,,,
24,24002,4,0,0,0,,,,,,,,
24,24002,5,0,0,0,,,,,,,,
24,24002,6,NA,NA,NA,,,,,,,,
24,24002,7,2,2,0,,,,,,,,
24,24002,8,1,1,0,,,,,,,,
24,24002,9,0,0,0,,,,,,,,
24,24003,1,42,40,2,,,,,,,,
24,24003,2,0,0,0,,,,,,,,
24,24003,3,0,0,0,,,,,,,,
24,24003,4,0,0,0,,,,,,,,
24,24003,5,0,0,0,,,,,,,,
24,24003,6,NA,NA,NA,,,,,,,,
24,24003,7,2,2,0,,,,,,,,
24,24003,8,1,1,0,,,,,,,,
24,24003,9,0,0,0,,,,,,,,
24,24004,1,4,4,0,,,,,,,,
24,24004,2,0,0,0,,,,,,,,
24,24004,3,0,0,0,,,,,,,,
24,24004,4,0,0,0,,,,,,,,
24,24004,5,0,0,0,,,,,,,,
24,24004,6,NA,NA,NA,,,,,,,,
24,24004,7,2,2,0,,,,,,,,
24,24004,8,0,0,0,,,,,,,,
24,24004,9,0,0,0,,,,,,,,
24,24005,1,10,8,2,,,,,,,,
24,24005,2,0,0,0,,,,,,,,
24,24005,3,0,0,0,,,,,,,,
24,24005,4,0,0,0,,,,,,,,
24,24005,5,0,0,0,,,,,,,,
24,24005,6,NA,NA,NA,,,,,,,,
24,24005,7,2,2,0,,,,,,,,
24,24005,8,2,2,0,,,,,,,,
24,24005,9,0,0,0,,,,,,,,
24,24006,1,19,15,4,,,,,,,,
24,24006,2,4,4,0,,,,,,,,
24,24006,3,0,0,0,,,,,,,,
24,24006,4,0,0,0,,,,,,,,
24,24006,5,0,0,0,,,,,,,,
24,24006,6,NA,NA,NA,,,,,,,,
24,24006,7,1,1,0,,,,,,,,
24,24006,8,1,1,0,,,,,,,,
24,24006,9,0,0,0,,,,,,,,
24,24007,1,12,10,2,,,,,,,,
24,24007,2,0,0,0,,,,,,,,
24,24007,3,0,0,0,,,,,,,,
24,24007,4,0,0,0,,,,,,,,
24,24007,5,0,0,0,,,,,,,,
24,24007,6,NA,NA,NA,,,,,,,,
24,24007,7,1,1,0,,,,,,,,
24,24007,8,0,0,0,,,,,,,,
24,24007,9,0,0,0,,,,,,,,
24,24008,1,12,9,3,,,,,,,,
24,24008,2,0,0,0,,,,,,,,
24,24008,3,0,0,0,,,,,,,,
24,24008,4,0,0,0,,,,,,,,
24,24008,5,0,0,0,,,,,,,,
24,24008,6,NA,NA,NA,,,,,,,,
24,24008,7,1,1,0,,,,,,,,
24,24008,8,0,0,0,,,,,,,,
24,24008,9,1,0,1,,,,,,,,
24,24009,1,9,8,1,,,,,,,,
24,24009,2,0,0,0,,,,,,,,
24,24009,3,0,0,0,,,,,,,,
24,24009,4,0,0,0,,,,,,,,
24,24009,5,0,0,0,,,,,,,,
24,24009,6,NA,NA,NA,,,,,,,,
24,24009,7,4,2,2,,,,,,,,
24,24009,8,0,0,0,,,,,,,,
24,24009,9,0,0,0,,,,,,,,
24,24010,1,29,26,3,,,,,,,,
24,24010,2,2,2,0,,,,,,,,
24,24010,3,0,0,0,,,,,,,,
24,24010,4,0,0,0,,,,,,,,
24,24010,5,0,0,0,,,,,,,,
24,24010,6,NA,NA,NA,,,,,,,,
24,24010,7,1,1,0,,,,,,,,
24,24010,8,1,1,0,,,,,,,,
24,24010,9,0,0,0,,,,,,,,
24,24011,1,70,55,15,,,,,,,,
24,24011,2,1,0,1,,,,,,,,
24,24011,3,0,0,0,,,,,,,,
24,24011,4,0,0,0,,,,,,,,
24,24011,5,0,0,0,,,,,,,,
24,24011,6,NA,NA,NA,,,,,,,,
24,24011,7,2,2,0,,,,,,,,
24,24011,8,5,2,3,,,,,,,,
24,24011,9,0,0,0,,,,,,,,
24,24012,1,29,27,2,,,,,,,,
24,24012,2,6,4,2,,,,,,,,
24,24012,3,0,0,0,,,,,,,,
24,24012,4,0,0,0,,,,,,,,
24,24012,5,0,0,0,,,,,,,,
24,24012,6,NA,NA,NA,,,,,,,,
24,24012,7,2,2,0,,,,,,,,
24,24012,8,1,0,1,,,,,,,,
24,24012,9,0,0,0,,,,,,,,
24,24013,1,115,102,13,,,,,,,,
24,24013,2,0,0,0,,,,,,,,
24,24013,3,0,0,0,,,,,,,,
24,24013,4,0,0,0,,,,,,,,
24,24013,5,0,0,0,,,,,,,,
24,24013,6,NA,NA,NA,,,,,,,,
24,24013,7,1,1,0,,,,,,,,
24,24013,8,5,2,3,,,,,,,,
24,24013,9,0,0,0,,,,,,,,
24,24014,1,21,18,3,,,,,,,,
24,24014,2,0,0,0,,,,,,,,
24,24014,3,0,0,0,,,,,,,,
24,24014,4,0,0,0,,,,,,,,
24,24014,5,0,0,0,,,,,,,,
24,24014,6,NA,NA,NA,,,,,,,,
24,24014,7,2,2,0,,,,,,,,
24,24014,8,0,0,0,,,,,,,,
24,24014,9,0,0,0,,,,,,,,
24,24015,1,20,15,5,,,,,,,,
24,24015,2,1,0,1,,,,,,,,
24,24015,3,0,0,0,,,,,,,,
24,24015,4,0,0,0,,,,,,,,
24,24015,5,0,0,0,,,,,,,,
24,24015,6,NA,NA,NA,,,,,,,,
24,24015,7,1,1,0,,,,,,,,
24,24015,8,1,0,1,,,,,,,,
24,24015,9,0,0,0,,,,,,,,
24,24016,1,23,19,4,,,,,,,,
24,24016,2,0,0,0,,,,,,,,
24,24016,3,0,0,0,,,,,,,,
24,24016,4,0,0,0,,,,,,,,
24,24016,5,0,0,0,,,,,,,,
24,24016,6,NA,NA,NA,,,,,,,,
24,24016,7,1,1,0,,,,,,,,
24,24016,8,4,4,0,,,,,,,,
24,24016,9,0,0,0,,,,,,,,
24,24017,1,29,25,4,,,,,,,,
24,24017,2,0,0,0,,,,,,,,
24,24017,3,0,0,0,,,,,,,,
24,24017,4,0,0,0,,,,,,,,
24,24017,5,0,0,0,,,,,,,,
24,24017,6,NA,NA,NA,,,,,,,,
24,24017,7,1,1,0,,,,,,,,
24,24017,8,1,0,1,,,,,,,,
24,24017,9,0,0,0,,,,,,,,
24,24018,1,23,18,5,,,,,,,,
24,24018,2,0,0,0,,,,,,,,
24,24018,3,0,0,0,,,,,,,,
24,24018,4,0,0,0,,,,,,,,
24,24018,5,0,0,0,,,,,,,,
24,24018,6,NA,NA,NA,,,,,,,,
24,24018,7,2,2,0,,,,,,,,
24,24018,8,3,2,1,,,,,,,,
24,24018,9,0,0,0,,,,,,,,
24,24019,1,3,3,0,,,,,,,,
24,24019,2,0,0,0,,,,,,,,
24,24019,3,0,0,0,,,,,,,,
24,24019,4,0,0,0,,,,,,,,
24,24019,5,0,0,0,,,,,,,,
24,24019,6,NA,NA,NA,,,,,,,,
24,24019,7,1,1,0,,,,,,,,
24,24019,8,0,0,0,,,,,,,,
24,24019,9,0,0,0,,,,,,,,
24,24020,1,84,67,17,,,,,,,,
24,24020,2,18,18,0,,,,,,,,
24,24020,3,0,0,0,,,,,,,,
24,24020,4,0,0,0,,,,,,,,
24,24020,5,0,0,0,,,,,,,,
24,24020,6,NA,NA,NA,,,,,,,,
24,24020,7,4,4,0,,,,,,,,
24,24020,8,0,0,0,,,,,,,,
24,24020,9,59,42,17,,,,,,,,
24,24021,1,18,16,2,,,,,,,,
24,24021,2,0,0,0,,,,,,,,
24,24021,3,0,0,0,,,,,,,,
24,24021,4,0,0,0,,,,,,,,
24,24021,5,0,0,0,,,,,,,,
24,24021,6,NA,NA,NA,,,,,,,,
24,24021,7,1,1,0,,,,,,,,
24,24021,8,1,1,0,,,,,,,,
24,24021,9,0,0,0,,,,,,,,
24,24022,1,7,6,1,,,,,,,,
24,24022,2,4,4,0,,,,,,,,
24,24022,3,0,0,0,,,,,,,,
24,24022,4,0,0,0,,,,,,,,
24,24022,5,0,0,0,,,,,,,,
24,24022,6,NA,NA,NA,,,,,,,,
24,24022,7,3,3,0,,,,,,,,
24,24022,8,0,0,0,,,,,,,,
24,24022,9,0,0,0,,,,,,,,
24,24023,1,19,18,1,,,,,,,,
24,24023,2,0,0,0,,,,,,,,
24,24023,3,0,0,0,,,,,,,,
24,24023,4,0,0,0,,,,,,,,
24,24023,5,0,0,0,,,,,,,,
24,24023,6,NA,NA,NA,,,,,,,,
24,24023,7,1,1,0,,,,,,,,
24,24023,8,0,0,0,,,,,,,,
24,24023,9,0,0,0,,,,,,,,
24,24024,1,121,91,30,,,,,,,,
24,24024,2,0,0,0,,,,,,,,
24,24024,3,0,0,0,,,,,,,,
24,24024,4,0,0,0,,,,,,,,
24,24024,5,0,0,0,,,,,,,,
24,24024,6,NA,NA,NA,,,,,,,,
24,24024,7,1,1,0,,,,,,,,
24,24024,8,2,1,1,,,,,,,,
24,24024,9,0,0,0,,,,,,,,
24,24025,1,34,29,5,,,,,,,,
24,24025,2,0,0,0,,,,,,,,
24,24025,3,0,0,0,,,,,,,,
24,24025,4,0,0,0,,,,,,,,
24,24025,5,0,0,0,,,,,,,,
24,24025,6,NA,NA,NA,,,,,,,,
24,24025,7,1,1,0,,,,,,,,
24,24025,8,0,0,0,,,,,,,,
24,24025,9,0,0,0,,,,,,,,
24,24026,1,6,5,1,,,,,,,,
24,24026,2,0,0,0,,,,,,,,
24,24026,3,0,0,0,,,,,,,,
24,24026,4,0,0,0,,,,,,,,
24,24026,5,0,0,0,,,,,,,,
24,24026,6,NA,NA,NA,,,,,,,,
24,24026,7,1,1,0,,,,,,,,
24,24026,8,1,1,0,,,,,,,,
24,24026,9,0,0,0,,,,,,,,
24,24027,1,19,15,4,,,,,,,,
24,24027,2,0,0,0,,,,,,,,
24,24027,3,0,0,0,,,,,,,,
24,24027,4,0,0,0,,,,,,,,
24,24027,5,0,0,0,,,,,,,,
24,24027,6,NA,NA,NA,,,,,,,,
24,24027,7,2,2,0,,,,,,,,
24,24027,8,1,1,0,,,,,,,,
24,24027,9,0,0,0,,,,,,,,
24,24028,1,734,587,147,,,,,,,,
24,24028,2,344,289,55,,,,,,,,
24,24028,3,0,0,0,,,,,,,,
24,24028,4,0,0,0,,,,,,,,
24,24028,5,0,0,0,,,,,,,,
24,24028,6,NA,NA,NA,,,,,,,,
24,24028,7,5,5,0,,,,,,,,
24,24028,8,56,18,38,,,,,,,,
24,24028,9,0,0,0,,,,,,,,
24,24029,1,26,23,3,,,,,,,,
24,24029,2,0,0,0,,,,,,,,
24,24029,3,0,0,0,,,,,,,,
24,24029,4,0,0,0,,,,,,,,
24,24029,5,0,0,0,,,,,,,,
24,24029,6,NA,NA,NA,,,,,,,,
24,24029,7,6,6,0,,,,,,,,
24,24029,8,1,1,0,,,,,,,,
24,24029,9,0,0,0,,,,,,,,
24,24030,1,1,1,0,,,,,,,,
24,24030,2,0,0,0,,,,,,,,
24,24030,3,0,0,0,,,,,,,,
24,24030,4,0,0,0,,,,,,,,
24,24030,5,0,0,0,,,,,,,,
24,24030,6,NA,NA,NA,,,,,,,,
24,24030,7,0,0,0,,,,,,,,
24,24030,8,0,0,0,,,,,,,,
24,24030,9,0,0,0,,,,,,,,
24,24031,1,4,4,0,,,,,,,,
24,24031,2,0,0,0,,,,,,,,
24,24031,3,0,0,0,,,,,,,,
24,24031,4,0,0,0,,,,,,,,
24,24031,5,0,0,0,,,,,,,,
24,24031,6,NA,NA,NA,,,,,,,,
24,24031,7,1,1,0,,,,,,,,
24,24031,8,0,0,0,,,,,,,,
24,24031,9,0,0,0,,,,,,,,
24,24032,1,25,15,10,,,,,,,,
24,24032,2,0,0,0,,,,,,,,
24,24032,3,0,0,0,,,,,,,,
24,24032,4,0,0,0,,,,,,,,
24,24032,5,0,0,0,,,,,,,,
24,24032,6,NA,NA,NA,,,,,,,,
24,24032,7,4,3,1,,,,,,,,
24,24032,8,1,0,1,,,,,,,,
24,24032,9,0,0,0,,,,,,,,
24,24033,1,6,6,0,,,,,,,,
24,24033,2,0,0,0,,,,,,,,
24,24033,3,0,0,0,,,,,,,,
24,24033,4,0,0,0,,,,,,,,
24,24033,5,0,0,0,,,,,,,,
24,24033,6,NA,NA,NA,,,,,,,,
24,24033,7,1,1,0,,,,,,,,
24,24033,8,0,0,0,,,,,,,,
24,24033,9,0,0,0,,,,,,,,
24,24034,1,29,22,7,,,,,,,,
24,24034,2,0,0,0,,,,,,,,
24,24034,3,0,0,0,,,,,,,,
24,24034,4,0,0,0,,,,,,,,
24,24034,5,0,0,0,,,,,,,,
24,24034,6,NA,NA,NA,,,,,,,,
24,24034,7,2,2,0,,,,,,,,
24,24034,8,2,0,2,,,,,,,,
24,24034,9,0,0,0,,,,,,,,
24,24035,1,282,210,72,,,,,,,,
24,24035,2,66,53,13,,,,,,,,
24,24035,3,0,0,0,,,,,,,,
24,24035,4,0,0,0,,,,,,,,
24,24035,5,0,0,0,,,,,,,,
24,24035,6,NA,NA,NA,,,,,,,,
24,24035,7,3,3,0,,,,,,,,
24,24035,8,83,39,44,,,,,,,,
24,24035,9,0,0,0,,,,,,,,
24,24036,1,42,39,3,,,,,,,,
24,24036,2,0,0,0,,,,,,,,
24,24036,3,0,0,0,,,,,,,,
24,24036,4,0,0,0,,,,,,,,
24,24036,5,0,0,0,,,,,,,,
24,24036,6,NA,NA,NA,,,,,,,,
24,24036,7,2,2,0,,,,,,,,
24,24036,8,2,1,1,,,,,,,,
24,24036,9,0,0,0,,,,,,,,
24,24037,1,110,103,7,,,,,,,,
24,24037,2,0,0,0,,,,,,,,
24,24037,3,0,0,0,,,,,,,,
24,24037,4,0,0,0,,,,,,,,
24,24037,5,0,0,0,,,,,,,,
24,24037,6,NA,NA,NA,,,,,,,,
24,24037,7,2,2,0,,,,,,,,
24,24037,8,6,3,3,,,,,,,,
24,24037,9,0,0,0,,,,,,,,
24,24038,1,27,25,2,,,,,,,,
24,24038,2,0,0,0,,,,,,,,
24,24038,3,0,0,0,,,,,,,,
24,24038,4,0,0,0,,,,,,,,
24,24038,5,0,0,0,,,,,,,,
24,24038,6,NA,NA,NA,,,,,,,,
24,24038,7,2,1,1,,,,,,,,
24,24038,8,1,0,1,,,,,,,,
24,24038,9,0,0,0,,,,,,,,
24,24039,1,5,5,0,,,,,,,,
24,24039,2,11,9,2,,,,,,,,
24,24039,3,0,0,0,,,,,,,,
24,24039,4,0,0,0,,,,,,,,
24,24039,5,0,0,0,,,,,,,,
24,24039,6,NA,NA,NA,,,,,,,,
24,24039,7,3,2,1,,,,,,,,
24,24039,8,0,0,0,,,,,,,,
24,24039,9,0,0,0,,,,,,,,
24,24040,1,50,42,8,,,,,,,,
24,24040,2,0,0,0,,,,,,,,
24,24040,3,0,0,0,,,,,,,,
24,24040,4,0,0,0,,,,,,,,
24,24040,5,0,0,0,,,,,,,,
24,24040,6,NA,NA,NA,,,,,,,,
24,24040,7,2,2,0,,,,,,,,
24,24040,8,2,0,2,,,,,,,,
24,24040,9,0,0,0,,,,,,,,
24,24041,1,33,31,2,,,,,,,,
24,24041,2,0,0,0,,,,,,,,
24,24041,3,0,0,0,,,,,,,,
24,24041,4,0,0,0,,,,,,,,
24,24041,5,0,0,0,,,,,,,,
24,24041,6,NA,NA,NA,,,,,,,,
24,24041,7,3,3,0,,,,,,,,
24,24041,8,1,0,1,,,,,,,,
24,24041,9,0,0,0,,,,,,,,
24,24042,1,10,10,0,,,,,,,,
24,24042,2,5,5,0,,,,,,,,
24,24042,3,0,0,0,,,,,,,,
24,24042,4,0,0,0,,,,,,,,
24,24042,5,0,0,0,,,,,,,,
24,24042,6,NA,NA,NA,,,,,,,,
24,24042,7,2,2,0,,,,,,,,
24,24042,8,0,0,0,,,,,,,,
24,24042,9,0,0,0,,,,,,,,
24,24043,1,12,8,4,,,,,,,,
24,24043,2,0,0,0,,,,,,,,
24,24043,3,0,0,0,,,,,,,,
24,24043,4,0,0,0,,,,,,,,
24,24043,5,0,0,0,,,,,,,,
24,24043,6,NA,NA,NA,,,,,,,,
24,24043,7,1,1,0,,,,,,,,
24,24043,8,1,0,1,,,,,,,,
24,24043,9,0,0,0,,,,,,,,
24,24044,1,12,9,3,,,,,,,,
24,24044,2,0,0,0,,,,,,,,
24,24044,3,0,0,0,,,,,,,,
24,24044,4,0,0,0,,,,,,,,
24,24044,5,0,0,0,,,,,,,,
24,24044,6,NA,NA,NA,,,,,,,,
24,24044,7,2,2,0,,,,,,,,
24,24044,8,0,0,0,,,,,,,,
24,24044,9,0,0,0,,,,,,,,
24,24045,1,12,11,1,,,,,,,,
24,24045,2,3,2,1,,,,,,,,
24,24045,3,0,0,0,,,,,,,,
24,24045,4,0,0,0,,,,,,,,
24,24045,5,0,0,0,,,,,,,,
24,24045,6,NA,NA,NA,,,,,,,,
24,24045,7,1,1,0,,,,,,,,
24,24045,8,1,1,0,,,,,,,,
24,24045,9,0,0,0,,,,,,,,
24,24046,1,10,10,0,,,,,,,,
24,24046,2,0,0,0,,,,,,,,
24,24046,3,0,0,0,,,,,,,,
24,24046,4,0,0,0,,,,,,,,
24,24046,5,0,0,0,,,,,,,,
24,24046,6,NA,NA,NA,,,,,,,,
24,24046,7,2,2,0,,,,,,,,
24,24046,8,1,0,1,,,,,,,,
24,24046,9,0,0,0,,,,,,,,
24,24047,1,8,7,1,,,,,,,,
24,24047,2,0,0,0,,,,,,,,
24,24047,3,0,0,0,,,,,,,,
24,24047,4,0,0,0,,,,,,,,
24,24047,5,0,0,0,,,,,,,,
24,24047,6,NA,NA,NA,,,,,,,,
24,24047,7,1,1,0,,,,,,,,
24,24047,8,0,0,0,,,,,,,,
24,24047,9,0,0,0,,,,,,,,
24,24048,1,9,7,2,,,,,,,,
24,24048,2,0,0,0,,,,,,,,
24,24048,3,0,0,0,,,,,,,,
24,24048,4,0,0,0,,,,,,,,
24,24048,5,0,0,0,,,,,,,,
24,24048,6,NA,NA,NA,,,,,,,,
24,24048,7,1,1,0,,,,,,,,
24,24048,8,1,0,1,,,,,,,,
24,24048,9,0,0,0,,,,,,,,
24,24049,1,15,13,2,,,,,,,,
24,24049,2,0,0,0,,,,,,,,
24,24049,3,0,0,0,,,,,,,,
24,24049,4,0,0,0,,,,,,,,
24,24049,5,0,0,0,,,,,,,,
24,24049,6,0,0,0,,,,,,,,
24,24049,7,2,2,0,,,,,,,,
24,24049,8,1,1,0,,,,,,,,
24,24049,9,0,0,0,,,,,,,,
24,24050,1,43,37,6,,,,,,,,
24,24050,2,1,1,0,,,,,,,,
24,24050,3,0,0,0,,,,,,,,
24,24050,4,0,0,0,,,,,,,,
24,24050,5,0,0,0,,,,,,,,
24,24050,6,NA,NA,NA,,,,,,,,
24,24050,7,1,1,0,,,,,,,,
24,24050,8,0,0,0,,,,,,,,
24,24050,9,0,0,0,,,,,,,,
24,24051,1,9,9,0,,,,,,,,
24,24051,2,0,0,0,,,,,,,,
24,24051,3,0,0,0,,,,,,,,
24,24051,4,0,0,0,,,,,,,,
24,24051,5,0,0,0,,,,,,,,
24,24051,6,NA,NA,NA,,,,,,,,
24,24051,7,3,3,0,,,,,,,,
24,24051,8,1,0,1,,,,,,,,
24,24051,9,0,0,0,,,,,,,,
24,24052,1,12,10,2,,,,,,,,
24,24052,2,0,0,0,,,,,,,,
24,24052,3,0,0,0,,,,,,,,
24,24052,4,0,0,0,,,,,,,,
24,24052,5,0,0,0,,,,,,,,
24,24052,6,NA,NA,NA,,,,,,,,
24,24052,7,1,1,0,,,,,,,,
24,24052,8,0,0,0,,,,,,,,
24,24052,9,0,0,0,,,,,,,,
24,24053,1,57,52,5,,,,,,,,
24,24053,2,0,0,0,,,,,,,,
24,24053,3,0,0,0,,,,,,,,
24,24053,4,0,0,0,,,,,,,,
24,24053,5,0,0,0,,,,,,,,
24,24053,6,NA,NA,NA,,,,,,,,
24,24053,7,4,4,0,,,,,,,,
24,24053,8,0,0,0,,,,,,,,
24,24053,9,0,0,0,,,,,,,,
24,24054,1,73,61,12,,,,,,,,
24,24054,2,0,0,0,,,,,,,,
24,24054,3,0,0,0,,,,,,,,
24,24054,4,0,0,0,,,,,,,,
24,24054,5,0,0,0,,,,,,,,
24,24054,6,NA,NA,NA,,,,,,,,
24,24054,7,3,3,0,,,,,,,,
24,24054,8,3,1,2,,,,,,,,
24,24054,9,0,0,0,,,,,,,,
24,24055,1,24,22,2,,,,,,,,
24,24055,2,0,0,0,,,,,,,,
24,24055,3,0,0,0,,,,,,,,
24,24055,4,0,0,0,,,,,,,,
24,24055,5,0,0,0,,,,,,,,
24,24055,6,NA,NA,NA,,,,,,,,
24,24055,7,3,3,0,,,,,,,,
24,24055,8,4,3,1,,,,,,,,
24,24055,9,0,0,0,,,,,,,,
24,24056,1,12,10,2,,,,,,,,
24,24056,2,0,0,0,,,,,,,,
24,24056,3,0,0,0,,,,,,,,
24,24056,4,0,0,0,,,,,,,,
24,24056,5,0,0,0,,,,,,,,
24,24056,6,NA,NA,NA,,,,,,,,
24,24056,7,1,1,0,,,,,,,,
24,24056,8,0,0,0,,,,,,,,
24,24056,9,2,2,0,,,,,,,,
24,24057,1,29,23,6,,,,,,,,
24,24057,2,4,4,0,,,,,,,,
24,24057,3,0,0,0,,,,,,,,
24,24057,4,0,0,0,,,,,,,,
24,24057,5,0,0,0,,,,,,,,
24,24057,6,NA,NA,NA,,,,,,,,
24,24057,7,2,2,0,,,,,,,,
24,24057,8,5,4,1,,,,,,,,
24,24057,9,0,0,0,,,,,,,,
24,24058,1,20,17,3,,,,,,,,
24,24058,2,0,0,0,,,,,,,,
24,24058,3,0,0,0,,,,,,,,
24,24058,4,0,0,0,,,,,,,,
24,24058,5,0,0,0,,,,,,,,
24,24058,6,NA,NA,NA,,,,,,,,
24,24058,7,3,3,0,,,,,,,,
24,24058,8,0,0,0,,,,,,,,
24,24058,9,0,0,0,,,,,,,,
25,25001,1,498,447,51,,,,,,,,
25,25001,2,186,182,4,,,,,,,,
25,25001,3,0,0,0,,,,,,,,
25,25001,4,0,0,0,,,,,,,,
25,25001,5,0,0,0,,,,,,,,
25,25001,6,NA,NA,NA,,,,,,,,
25,25001,7,104,98,6,,,,,,,,
25,25001,8,97,42,55,,,,,,,,
25,25001,9,8,7,1,,,,,,,,
25,25002,1,67,57,10,,,,,,,,
25,25002,2,17,16,1,,,,,,,,
25,25002,3,0,0,0,,,,,,,,
25,25002,4,0,0,0,,,,,,,,
25,25002,5,0,0,0,,,,,,,,
25,25002,6,0,0,0,,,,,,,,
25,25002,7,1,1,0,,,,,,,,
25,25002,8,7,5,2,,,,,,,,
25,25002,9,0,0,0,,,,,,,,
25,25003,1,19,14,5,,,,,,,,
25,25003,2,2,2,0,,,,,,,,
25,25003,3,0,0,0,,,,,,,,
25,25003,4,0,0,0,,,,,,,,
25,25003,5,0,0,0,,,,,,,,
25,25003,6,7,6,1,,,,,,,,
25,25003,7,1,1,0,,,,,,,,
25,25003,8,6,1,5,,,,,,,,
25,25003,9,0,0,0,,,,,,,,
25,25004,1,35,33,2,,,,,,,,
25,25004,2,6,6,0,,,,,,,,
25,25004,3,0,0,0,,,,,,,,
25,25004,4,0,0,0,,,,,,,,
25,25004,5,0,0,0,,,,,,,,
25,25004,6,NA,NA,NA,,,,,,,,
25,25004,7,1,1,0,,,,,,,,
25,25004,8,10,2,8,,,,,,,,
25,25004,9,0,0,0,,,,,,,,
25,25005,1,8,4,4,,,,,,,,
25,25005,2,1,1,0,,,,,,,,
25,25005,3,0,0,0,,,,,,,,
25,25005,4,0,0,0,,,,,,,,
25,25005,5,0,0,0,,,,,,,,
25,25005,6,5,4,1,,,,,,,,
25,25005,7,2,2,0,,,,,,,,
25,25005,8,1,0,1,,,,,,,,
25,25005,9,1,1,0,,,,,,,,
25,25006,1,796,710,86,,,,,,,,
25,25006,2,408,371,37,,,,,,,,
25,25006,3,0,0,0,,,,,,,,
25,25006,4,0,0,0,,,,,,,,
25,25006,5,0,0,0,,,,,,,,
25,25006,6,NA,NA,NA,,,,,,,,
25,25006,7,0,0,0,,,,,,,,
25,25006,8,313,116,197,,,,,,,,
25,25006,9,0,0,0,,,,,,,,
25,25007,1,32,31,1,,,,,,,,
25,25007,2,3,3,0,,,,,,,,
25,25007,3,0,0,0,,,,,,,,
25,25007,4,0,0,0,,,,,,,,
25,25007,5,0,0,0,,,,,,,,
25,25007,6,0,0,0,,,,,,,,
25,25007,7,3,3,0,,,,,,,,
25,25007,8,7,3,4,,,,,,,,
25,25007,9,0,0,0,,,,,,,,
25,25008,1,31,26,5,,,,,,,,
25,25008,2,12,11,1,,,,,,,,
25,25008,3,0,0,0,,,,,,,,
25,25008,4,0,0,0,,,,,,,,
25,25008,5,0,0,0,,,,,,,,
25,25008,6,NA,NA,NA,,,,,,,,
25,25008,7,4,3,1,,,,,,,,
25,25008,8,9,3,6,,,,,,,,
25,25008,9,0,0,0,,,,,,,,
25,25009,1,66,57,9,,,,,,,,
25,25009,2,31,26,5,,,,,,,,
25,25009,3,0,0,0,,,,,,,,
25,25009,4,0,0,0,,,,,,,,
25,25009,5,0,0,0,,,,,,,,
25,25009,6,NA,NA,NA,,,,,,,,
25,25009,7,10,10,0,,,,,,,,
25,25009,8,15,8,7,,,,,,,,
25,25009,9,4,2,2,,,,,,,,
25,25010,1,73,60,13,,,,,,,,
25,25010,2,29,28,1,,,,,,,,
25,25010,3,0,0,0,,,,,,,,
25,25010,4,0,0,0,,,,,,,,
25,25010,5,0,0,0,,,,,,,,
25,25010,6,NA,NA,NA,,,,,,,,
25,25010,7,0,0,0,,,,,,,,
25,25010,8,12,2,10,,,,,,,,
25,25010,9,0,0,0,,,,,,,,
25,25011,1,429,387,42,,,,,,,,
25,25011,2,120,108,12,,,,,,,,
25,25011,3,0,0,0,,,,,,,,
25,25011,4,0,0,0,,,,,,,,
25,25011,5,0,0,0,,,,,,,,
25,25011,6,0,0,0,,,,,,,,
25,25011,7,0,0,0,,,,,,,,
25,25011,8,172,99,73,,,,,,,,
25,25011,9,0,0,0,,,,,,,,
25,25012,1,694,532,162,,,,,,,,
25,25012,2,113,95,18,,,,,,,,
25,25012,3,2,2,0,,,,,,,,
25,25012,4,0,0,0,,,,,,,,
25,25012,5,0,0,0,,,,,,,,
25,25012,6,NA,NA,NA,,,,,,,,
25,25012,7,3,3,0,,,,,,,,
25,25012,8,84,45,39,,,,,,,,
25,25012,9,0,0,0,,,,,,,,
25,25013,1,32,27,5,,,,,,,,
25,25013,2,2,2,0,,,,,,,,
25,25013,3,0,0,0,,,,,,,,
25,25013,4,0,0,0,,,,,,,,
25,25013,5,0,0,0,,,,,,,,
25,25013,6,NA,NA,NA,,,,,,,,
25,25013,7,2,2,0,,,,,,,,
25,25013,8,25,19,6,,,,,,,,
25,25013,9,0,0,0,,,,,,,,
25,25014,1,60,51,9,,,,,,,,
25,25014,2,16,15,1,,,,,,,,
25,25014,3,0,0,0,,,,,,,,
25,25014,4,0,0,0,,,,,,,,
25,25014,5,0,0,0,,,,,,,,
25,25014,6,NA,NA,NA,,,,,,,,
25,25014,7,0,0,0,,,,,,,,
25,25014,8,13,5,8,,,,,,,,
25,25014,9,0,0,0,,,,,,,,
25,25015,1,60,38,22,,,,,,,,
25,25015,2,27,25,2,,,,,,,,
25,25015,3,6,6,0,,,,,,,,
25,25015,4,0,0,0,,,,,,,,
25,25015,5,0,0,0,,,,,,,,
25,25015,6,NA,NA,NA,,,,,,,,
25,25015,7,1,1,0,,,,,,,,
25,25015,8,12,6,6,,,,,,,,
25,25015,9,0,0,0,,,,,,,,
25,25016,1,14,12,2,,,,,,,,
25,25016,2,2,2,0,,,,,,,,
25,25016,3,0,0,0,,,,,,,,
25,25016,4,0,0,0,,,,,,,,
25,25016,5,0,0,0,,,,,,,,
25,25016,6,NA,NA,NA,,,,,,,,
25,25016,7,1,1,0,,,,,,,,
25,25016,8,2,1,1,,,,,,,,
25,25016,9,0,0,0,,,,,,,,
25,25017,1,72,57,15,,,,,,,,
25,25017,2,33,28,5,,,,,,,,
25,25017,3,0,0,0,,,,,,,,
25,25017,4,0,0,0,,,,,,,,
25,25017,5,0,0,0,,,,,,,,
25,25017,6,0,0,0,,,,,,,,
25,25017,7,3,3,0,,,,,,,,
25,25017,8,6,5,1,,,,,,,,
25,25017,9,0,0,0,,,,,,,,
25,25018,1,137,84,53,,,,,,,,
25,25018,2,57,49,8,,,,,,,,
25,25018,3,0,0,0,,,,,,,,
25,25018,4,0,0,0,,,,,,,,
25,25018,5,0,0,0,,,,,,,,
25,25018,6,NA,NA,NA,,,,,,,,
25,25018,7,1,1,0,,,,,,,,
25,25018,8,28,10,18,,,,,,,,
25,25018,9,0,0,0,,,,,,,,
26,26001,1,5,5,0,,,,,,,,
26,26001,2,0,0,0,,,,,,,,
26,26001,3,0,0,0,,,,,,,,
26,26001,4,0,0,0,,,,,,,,
26,26001,5,0,0,0,,,,,,,,
26,26001,6,0,0,0,,,,,,,,
26,26001,7,0,0,0,,,,,,,,
26,26001,8,0,0,0,,,,,,,,
26,26001,9,0,0,0,,,,,,,,
26,26002,1,97,85,12,,,,,,,,
26,26002,2,0,0,0,,,,,,,,
26,26002,3,0,0,0,,,,,,,,
26,26002,4,0,0,0,,,,,,,,
26,26002,5,0,0,0,,,,,,,,
26,26002,6,NA,NA,NA,,,,,,,,
26,26002,7,3,3,0,,,,,,,,
26,26002,8,23,10,13,,,,,,,,
26,26002,9,0,0,0,,,,,,,,
26,26003,1,33,31,2,,,,,,,,
26,26003,2,2,2,0,,,,,,,,
26,26003,3,0,0,0,,,,,,,,
26,26003,4,0,0,0,,,,,,,,
26,26003,5,0,0,0,,,,,,,,
26,26003,6,NA,NA,NA,,,,,,,,
26,26003,7,4,4,0,,,,,,,,
26,26003,8,2,2,0,,,,,,,,
26,26003,9,50,48,2,,,,,,,,
26,26004,1,12,11,1,,,,,,,,
26,26004,2,13,11,2,,,,,,,,
26,26004,3,0,0,0,,,,,,,,
26,26004,4,0,0,0,,,,,,,,
26,26004,5,0,0,0,,,,,,,,
26,26004,6,NA,NA,NA,,,,,,,,
26,26004,7,1,1,0,,,,,,,,
26,26004,8,1,0,1,,,,,,,,
26,26004,9,0,0,0,,,,,,,,
26,26005,1,1,0,1,,,,,,,,
26,26005,2,0,0,0,,,,,,,,
26,26005,3,0,0,0,,,,,,,,
26,26005,4,0,0,0,,,,,,,,
26,26005,5,0,0,0,,,,,,,,
26,26005,6,NA,NA,NA,,,,,,,,
26,26005,7,0,0,0,,,,,,,,
26,26005,8,0,0,0,,,,,,,,
26,26005,9,0,0,0,,,,,,,,
26,26006,1,5,5,0,,,,,,,,
26,26006,2,0,0,0,,,,,,,,
26,26006,3,0,0,0,,,,,,,,
26,26006,4,0,0,0,,,,,,,,
26,26006,5,0,0,0,,,,,,,,
26,26006,6,NA,NA,NA,,,,,,,,
26,26006,7,0,0,0,,,,,,,,
26,26006,8,1,0,1,,,,,,,,
26,26006,9,1,1,0,,,,,,,,
26,26007,1,0,0,0,,,,,,,,
26,26007,2,0,0,0,,,,,,,,
26,26007,3,0,0,0,,,,,,,,
26,26007,4,0,0,0,,,,,,,,
26,26007,5,0,0,0,,,,,,,,
26,26007,6,3,2,1,,,,,,,,
26,26007,7,0,0,0,,,,,,,,
26,26007,8,0,0,0,,,,,,,,
26,26007,9,0,0,0,,,,,,,,
26,26008,1,2,2,0,,,,,,,,
26,26008,2,0,0,0,,,,,,,,
26,26008,3,0,0,0,,,,,,,,
26,26008,4,0,0,0,,,,,,,,
26,26008,5,0,0,0,,,,,,,,
26,26008,6,NA,NA,NA,,,,,,,,
26,26008,7,0,0,0,,,,,,,,
26,26008,8,0,0,0,,,,,,,,
26,26008,9,0,0,0,,,,,,,,
26,26009,1,4,4,0,,,,,,,,
26,26009,2,0,0,0,,,,,,,,
26,26009,3,0,0,0,,,,,,,,
26,26009,4,0,0,0,,,,,,,,
26,26009,5,0,0,0,,,,,,,,
26,26009,6,NA,NA,NA,,,,,,,,
26,26009,7,0,0,0,,,,,,,,
26,26009,8,0,0,0,,,,,,,,
26,26009,9,0,0,0,,,,,,,,
26,26010,1,8,8,0,,,,,,,,
26,26010,2,0,0,0,,,,,,,,
26,26010,3,0,0,0,,,,,,,,
26,26010,4,0,0,0,,,,,,,,
26,26010,5,0,0,0,,,,,,,,
26,26010,6,NA,NA,NA,,,,,,,,
26,26010,7,0,0,0,,,,,,,,
26,26010,8,0,0,0,,,,,,,,
26,26010,9,0,0,0,,,,,,,,
26,26011,1,5,5,0,,,,,,,,
26,26011,2,0,0,0,,,,,,,,
26,26011,3,0,0,0,,,,,,,,
26,26011,4,0,0,0,,,,,,,,
26,26011,5,0,0,0,,,,,,,,
26,26011,6,NA,NA,NA,,,,,,,,
26,26011,7,0,0,0,,,,,,,,
26,26011,8,0,0,0,,,,,,,,
26,26011,9,1,0,1,,,,,,,,
26,26012,1,71,58,13,,,,,,,,
26,26012,2,7,7,0,,,,,,,,
26,26012,3,0,0,0,,,,,,,,
26,26012,4,0,0,0,,,,,,,,
26,26012,5,0,0,0,,,,,,,,
26,26012,6,NA,NA,NA,,,,,,,,
26,26012,7,3,3,0,,,,,,,,
26,26012,8,0,0,0,,,,,,,,
26,26012,9,0,0,0,,,,,,,,
26,26013,1,5,5,0,,,,,,,,
26,26013,2,0,0,0,,,,,,,,
26,26013,3,0,0,0,,,,,,,,
26,26013,4,0,0,0,,,,,,,,
26,26013,5,0,0,0,,,,,,,,
26,26013,6,NA,NA,NA,,,,,,,,
26,26013,7,0,0,0,,,,,,,,
26,26013,8,0,0,0,,,,,,,,
26,26013,9,0,0,0,,,,,,,,
26,26014,1,5,5,0,,,,,,,,
26,26014,2,0,0,0,,,,,,,,
26,26014,3,0,0,0,,,,,,,,
26,26014,4,0,0,0,,,,,,,,
26,26014,5,0,0,0,,,,,,,,
26,26014,6,NA,NA,NA,,,,,,,,
26,26014,7,1,1,0,,,,,,,,
26,26014,8,1,0,1,,,,,,,,
26,26014,9,0,0,0,,,,,,,,
26,26015,1,3,3,0,,,,,,,,
26,26015,2,0,0,0,,,,,,,,
26,26015,3,0,0,0,,,,,,,,
26,26015,4,0,0,0,,,,,,,,
26,26015,5,0,0,0,,,,,,,,
26,26015,6,NA,NA,NA,,,,,,,,
26,26015,7,0,0,0,,,,,,,,
26,26015,8,0,0,0,,,,,,,,
26,26015,9,0,0,0,,,,,,,,
26,26016,1,13,11,2,,,,,,,,
26,26016,2,0,0,0,,,,,,,,
26,26016,3,0,0,0,,,,,,,,
26,26016,4,0,0,0,,,,,,,,
26,26016,5,0,0,0,,,,,,,,
26,26016,6,0,0,0,,,,,,,,
26,26016,7,2,2,0,,,,,,,,
26,26016,8,1,0,1,,,,,,,,
26,26016,9,2,0,2,,,,,,,,
26,26017,1,117,82,35,,,,,,,,
26,26017,2,0,0,0,,,,,,,,
26,26017,3,0,0,0,,,,,,,,
26,26017,4,0,0,0,,,,,,,,
26,26017,5,0,0,0,,,,,,,,
26,26017,6,NA,NA,NA,,,,,,,,
26,26017,7,0,0,0,,,,,,,,
26,26017,8,0,0,0,,,,,,,,
26,26017,9,0,0,0,,,,,,,,
26,26018,1,612,531,81,,,,,,,,
26,26018,2,91,77,14,,,,,,,,
26,26018,3,0,0,0,,,,,,,,
26,26018,4,0,0,0,,,,,,,,
26,26018,5,0,0,0,,,,,,,,
26,26018,6,NA,NA,NA,,,,,,,,
26,26018,7,1,1,0,,,,,,,,
26,26018,8,124,63,61,,,,,,,,
26,26018,9,0,0,0,,,,,,,,
26,26019,1,42,35,7,,,,,,,,
26,26019,2,0,0,0,,,,,,,,
26,26019,3,0,0,0,,,,,,,,
26,26019,4,0,0,0,,,,,,,,
26,26019,5,0,0,0,,,,,,,,
26,26019,6,NA,NA,NA,,,,,,,,
26,26019,7,3,2,1,,,,,,,,
26,26019,8,4,2,2,,,,,,,,
26,26019,9,56,49,7,,,,,,,,
26,26020,1,8,8,0,,,,,,,,
26,26020,2,0,0,0,,,,,,,,
26,26020,3,0,0,0,,,,,,,,
26,26020,4,0,0,0,,,,,,,,
26,26020,5,0,0,0,,,,,,,,
26,26020,6,NA,NA,NA,,,,,,,,
26,26020,7,0,0,0,,,,,,,,
26,26020,8,0,0,0,,,,,,,,
26,26020,9,0,0,0,,,,,,,,
26,26021,1,5,5,0,,,,,,,,
26,26021,2,0,0,0,,,,,,,,
26,26021,3,0,0,0,,,,,,,,
26,26021,4,0,0,0,,,,,,,,
26,26021,5,0,0,0,,,,,,,,
26,26021,6,NA,NA,NA,,,,,,,,
26,26021,7,0,0,0,,,,,,,,
26,26021,8,0,0,0,,,,,,,,
26,26021,9,0,0,0,,,,,,,,
26,26022,1,1,1,0,,,,,,,,
26,26022,2,0,0,0,,,,,,,,
26,26022,3,0,0,0,,,,,,,,
26,26022,4,0,0,0,,,,,,,,
26,26022,5,0,0,0,,,,,,,,
26,26022,6,NA,NA,NA,,,,,,,,
26,26022,7,1,1,0,,,,,,,,
26,26022,8,0,0,0,,,,,,,,
26,26022,9,0,0,0,,,,,,,,
26,26023,1,16,16,0,,,,,,,,
26,26023,2,0,0,0,,,,,,,,
26,26023,3,0,0,0,,,,,,,,
26,26023,4,0,0,0,,,,,,,,
26,26023,5,0,0,0,,,,,,,,
26,26023,6,NA,NA,NA,,,,,,,,
26,26023,7,0,0,0,,,,,,,,
26,26023,8,1,0,1,,,,,,,,
26,26023,9,0,0,0,,,,,,,,
26,26024,1,1,1,0,,,,,,,,
26,26024,2,1,1,0,,,,,,,,
26,26024,3,2,2,0,,,,,,,,
26,26024,4,0,0,0,,,,,,,,
26,26024,5,0,0,0,,,,,,,,
26,26024,6,NA,NA,NA,,,,,,,,
26,26024,7,0,0,0,,,,,,,,
26,26024,8,1,0,1,,,,,,,,
26,26024,9,0,0,0,,,,,,,,
26,26025,1,88,72,16,,,,,,,,
26,26025,2,25,25,0,,,,,,,,
26,26025,3,0,0,0,,,,,,,,
26,26025,4,0,0,0,,,,,,,,
26,26025,5,0,0,0,,,,,,,,
26,26025,6,NA,NA,NA,,,,,,,,
26,26025,7,4,4,0,,,,,,,,
26,26025,8,8,6,2,,,,,,,,
26,26025,9,0,0,0,,,,,,,,
26,26026,1,59,59,0,,,,,,,,
26,26026,2,9,9,0,,,,,,,,
26,26026,3,0,0,0,,,,,,,,
26,26026,4,0,0,0,,,,,,,,
26,26026,5,0,0,0,,,,,,,,
26,26026,6,NA,NA,NA,,,,,,,,
26,26026,7,3,2,1,,,,,,,,
26,26026,8,3,0,3,,,,,,,,
26,26026,9,28,14,14,,,,,,,,
26,26027,1,26,19,7,,,,,,,,
26,26027,2,6,6,0,,,,,,,,
26,26027,3,0,0,0,,,,,,,,
26,26027,4,0,0,0,,,,,,,,
26,26027,5,0,0,0,,,,,,,,
26,26027,6,NA,NA,NA,,,,,,,,
26,26027,7,4,2,2,,,,,,,,
26,26027,8,4,1,3,,,,,,,,
26,26027,9,0,0,0,,,,,,,,
26,26028,1,1,1,0,,,,,,,,
26,26028,2,0,0,0,,,,,,,,
26,26028,3,1,1,0,,,,,,,,
26,26028,4,0,0,0,,,,,,,,
26,26028,5,0,0,0,,,,,,,,
26,26028,6,NA,NA,NA,,,,,,,,
26,26028,7,0,0,0,,,,,,,,
26,26028,8,1,0,1,,,,,,,,
26,26028,9,0,0,0,,,,,,,,
26,26029,1,228,191,37,,,,,,,,
26,26029,2,51,45,6,,,,,,,,
26,26029,3,4,4,0,,,,,,,,
26,26029,4,7,4,3,,,,,,,,
26,26029,5,0,0,0,,,,,,,,
26,26029,6,NA,NA,NA,,,,,,,,
26,26029,7,3,3,0,,,,,,,,
26,26029,8,5,1,4,,,,,,,,
26,26029,9,0,0,0,,,,,,,,
26,26030,1,816,653,163,,,,,,,,
26,26030,2,294,260,34,,,,,,,,
26,26030,3,2,2,0,,,,,,,,
26,26030,4,0,0,0,,,,,,,,
26,26030,5,0,0,0,,,,,,,,
26,26030,6,NA,NA,NA,,,,,,,,
26,26030,7,51,45,6,,,,,,,,
26,26030,8,101,37,64,,,,,,,,
26,26030,9,122,66,56,,,,,,,,
26,26031,1,3,3,0,,,,,,,,
26,26031,2,0,0,0,,,,,,,,
26,26031,3,0,0,0,,,,,,,,
26,26031,4,0,0,0,,,,,,,,
26,26031,5,0,0,0,,,,,,,,
26,26031,6,NA,NA,NA,,,,,,,,
26,26031,7,2,2,0,,,,,,,,
26,26031,8,0,0,0,,,,,,,,
26,26031,9,0,0,0,,,,,,,,
26,26032,1,3,3,0,,,,,,,,
26,26032,2,0,0,0,,,,,,,,
26,26032,3,0,0,0,,,,,,,,
26,26032,4,0,0,0,,,,,,,,
26,26032,5,0,0,0,,,,,,,,
26,26032,6,NA,NA,NA,,,,,,,,
26,26032,7,0,0,0,,,,,,,,
26,26032,8,0,0,0,,,,,,,,
26,26032,9,0,0,0,,,,,,,,
26,26033,1,64,57,7,,,,,,,,
26,26033,2,14,13,1,,,,,,,,
26,26033,3,0,0,0,,,,,,,,
26,26033,4,0,0,0,,,,,,,,
26,26033,5,0,0,0,,,,,,,,
26,26033,6,NA,NA,NA,,,,,,,,
26,26033,7,4,4,0,,,,,,,,
26,26033,8,11,5,6,,,,,,,,
26,26033,9,0,0,0,,,,,,,,
26,26034,1,2,2,0,,,,,,,,
26,26034,2,2,2,0,,,,,,,,
26,26034,3,0,0,0,,,,,,,,
26,26034,4,0,0,0,,,,,,,,
26,26034,5,0,0,0,,,,,,,,
26,26034,6,NA,NA,NA,,,,,,,,
26,26034,7,0,0,0,,,,,,,,
26,26034,8,0,0,0,,,,,,,,
26,26034,9,0,0,0,,,,,,,,
26,26035,1,19,17,2,,,,,,,,
26,26035,2,0,0,0,,,,,,,,
26,26035,3,0,0,0,,,,,,,,
26,26035,4,0,0,0,,,,,,,,
26,26035,5,0,0,0,,,,,,,,
26,26035,6,NA,NA,NA,,,,,,,,
26,26035,7,1,1,0,,,,,,,,
26,26035,8,1,1,0,,,,,,,,
26,26035,9,0,0,0,,,,,,,,
26,26036,1,34,30,4,,,,,,,,
26,26036,2,4,3,1,,,,,,,,
26,26036,3,3,1,2,,,,,,,,
26,26036,4,0,0,0,,,,,,,,
26,26036,5,0,0,0,,,,,,,,
26,26036,6,NA,NA,NA,,,,,,,,
26,26036,7,1,1,0,,,,,,,,
26,26036,8,1,0,1,,,,,,,,
26,26036,9,4,2,2,,,,,,,,
26,26037,1,4,3,1,,,,,,,,
26,26037,2,0,0,0,,,,,,,,
26,26037,3,0,0,0,,,,,,,,
26,26037,4,0,0,0,,,,,,,,
26,26037,5,0,0,0,,,,,,,,
26,26037,6,NA,NA,NA,,,,,,,,
26,26037,7,0,0,0,,,,,,,,
26,26037,8,0,0,0,,,,,,,,
26,26037,9,0,0,0,,,,,,,,
26,26038,1,7,5,2,,,,,,,,
26,26038,2,0,0,0,,,,,,,,
26,26038,3,0,0,0,,,,,,,,
26,26038,4,0,0,0,,,,,,,,
26,26038,5,0,0,0,,,,,,,,
26,26038,6,NA,NA,NA,,,,,,,,
26,26038,7,0,0,0,,,,,,,,
26,26038,8,0,0,0,,,,,,,,
26,26038,9,0,0,0,,,,,,,,
26,26039,1,7,5,2,,,,,,,,
26,26039,2,5,5,0,,,,,,,,
26,26039,3,0,0,0,,,,,,,,
26,26039,4,0,0,0,,,,,,,,
26,26039,5,0,0,0,,,,,,,,
26,26039,6,NA,NA,NA,,,,,,,,
26,26039,7,1,1,0,,,,,,,,
26,26039,8,1,0,1,,,,,,,,
26,26039,9,0,0,0,,,,,,,,
26,26040,1,4,4,0,,,,,,,,
26,26040,2,0,0,0,,,,,,,,
26,26040,3,0,0,0,,,,,,,,
26,26040,4,0,0,0,,,,,,,,
26,26040,5,0,0,0,,,,,,,,
26,26040,6,NA,NA,NA,,,,,,,,
26,26040,7,1,1,0,,,,,,,,
26,26040,8,0,0,0,,,,,,,,
26,26040,9,0,0,0,,,,,,,,
26,26041,1,47,40,7,,,,,,,,
26,26041,2,0,0,0,,,,,,,,
26,26041,3,0,0,0,,,,,,,,
26,26041,4,0,0,0,,,,,,,,
26,26041,5,0,0,0,,,,,,,,
26,26041,6,NA,NA,NA,,,,,,,,
26,26041,7,2,2,0,,,,,,,,
26,26041,8,2,1,1,,,,,,,,
26,26041,9,0,0,0,,,,,,,,
26,26042,1,246,205,41,,,,,,,,
26,26042,2,68,63,5,,,,,,,,
26,26042,3,0,0,0,,,,,,,,
26,26042,4,0,0,0,,,,,,,,
26,26042,5,0,0,0,,,,,,,,
26,26042,6,0,0,0,,,,,,,,
26,26042,7,4,4,0,,,,,,,,
26,26042,8,1,1,0,,,,,,,,
26,26042,9,0,0,0,,,,,,,,
26,26043,1,442,378,64,,,,,,,,
26,26043,2,90,83,7,,,,,,,,
26,26043,3,6,6,0,,,,,,,,
26,26043,4,0,0,0,,,,,,,,
26,26043,5,0,0,0,,,,,,,,
26,26043,6,NA,NA,NA,,,,,,,,
26,26043,7,15,14,1,,,,,,,,
26,26043,8,55,25,30,,,,,,,,
26,26043,9,0,0,0,,,,,,,,
26,26044,1,0,0,0,,,,,,,,
26,26044,2,0,0,0,,,,,,,,
26,26044,3,0,0,0,,,,,,,,
26,26044,4,0,0,0,,,,,,,,
26,26044,5,0,0,0,,,,,,,,
26,26044,6,NA,NA,NA,,,,,,,,
26,26044,7,0,0,0,,,,,,,,
26,26044,8,0,0,0,,,,,,,,
26,26044,9,0,0,0,,,,,,,,
26,26045,1,10,7,3,,,,,,,,
26,26045,2,0,0,0,,,,,,,,
26,26045,3,0,0,0,,,,,,,,
26,26045,4,0,0,0,,,,,,,,
26,26045,5,0,0,0,,,,,,,,
26,26045,6,NA,NA,NA,,,,,,,,
26,26045,7,1,1,0,,,,,,,,
26,26045,8,0,0,0,,,,,,,,
26,26045,9,0,0,0,,,,,,,,
26,26046,1,1,1,0,,,,,,,,
26,26046,2,0,0,0,,,,,,,,
26,26046,3,0,0,0,,,,,,,,
26,26046,4,0,0,0,,,,,,,,
26,26046,5,0,0,0,,,,,,,,
26,26046,6,NA,NA,NA,,,,,,,,
26,26046,7,0,0,0,,,,,,,,
26,26046,8,0,0,0,,,,,,,,
26,26046,9,0,0,0,,,,,,,,
26,26047,1,10,8,2,,,,,,,,
26,26047,2,0,0,0,,,,,,,,
26,26047,3,9,7,2,,,,,,,,
26,26047,4,0,0,0,,,,,,,,
26,26047,5,0,0,0,,,,,,,,
26,26047,6,NA,NA,NA,,,,,,,,
26,26047,7,1,1,0,,,,,,,,
26,26047,8,1,1,0,,,,,,,,
26,26047,9,0,0,0,,,,,,,,
26,26048,1,0,0,0,,,,,,,,
26,26048,2,0,0,0,,,,,,,,
26,26048,3,0,0,0,,,,,,,,
26,26048,4,0,0,0,,,,,,,,
26,26048,5,90,65,25,,,,,,,,
26,26048,6,NA,NA,NA,,,,,,,,
26,26048,7,2,2,0,,,,,,,,
26,26048,8,18,10,8,,,,,,,,
26,26048,9,13,8,5,,,,,,,,
26,26049,1,2,2,0,,,,,,,,
26,26049,2,0,0,0,,,,,,,,
26,26049,3,0,0,0,,,,,,,,
26,26049,4,0,0,0,,,,,,,,
26,26049,5,0,0,0,,,,,,,,
26,26049,6,NA,NA,NA,,,,,,,,
26,26049,7,1,1,0,,,,,,,,
26,26049,8,0,0,0,,,,,,,,
26,26049,9,1,0,1,,,,,,,,
26,26050,1,1,1,0,,,,,,,,
26,26050,2,0,0,0,,,,,,,,
26,26050,3,0,0,0,,,,,,,,
26,26050,4,0,0,0,,,,,,,,
26,26050,5,0,0,0,,,,,,,,
26,26050,6,NA,NA,NA,,,,,,,,
26,26050,7,1,1,0,,,,,,,,
26,26050,8,0,0,0,,,,,,,,
26,26050,9,0,0,0,,,,,,,,
26,26051,1,5,5,0,,,,,,,,
26,26051,2,0,0,0,,,,,,,,
26,26051,3,0,0,0,,,,,,,,
26,26051,4,0,0,0,,,,,,,,
26,26051,5,0,0,0,,,,,,,,
26,26051,6,NA,NA,NA,,,,,,,,
26,26051,7,0,0,0,,,,,,,,
26,26051,8,3,2,1,,,,,,,,
26,26051,9,0,0,0,,,,,,,,
26,26052,1,10,7,3,,,,,,,,
26,26052,2,0,0,0,,,,,,,,
26,26052,3,0,0,0,,,,,,,,
26,26052,4,0,0,0,,,,,,,,
26,26052,5,0,0,0,,,,,,,,
26,26052,6,NA,NA,NA,,,,,,,,
26,26052,7,1,1,0,,,,,,,,
26,26052,8,2,1,1,,,,,,,,
26,26052,9,0,0,0,,,,,,,,
26,26053,1,3,3,0,,,,,,,,
26,26053,2,0,0,0,,,,,,,,
26,26053,3,0,0,0,,,,,,,,
26,26053,4,0,0,0,,,,,,,,
26,26053,5,0,0,0,,,,,,,,
26,26053,6,NA,NA,NA,,,,,,,,
26,26053,7,0,0,0,,,,,,,,
26,26053,8,1,0,1,,,,,,,,
26,26053,9,0,0,0,,,,,,,,
26,26054,1,1,1,0,,,,,,,,
26,26054,2,0,0,0,,,,,,,,
26,26054,3,0,0,0,,,,,,,,
26,26054,4,0,0,0,,,,,,,,
26,26054,5,0,0,0,,,,,,,,
26,26054,6,NA,NA,NA,,,,,,,,
26,26054,7,0,0,0,,,,,,,,
26,26054,8,0,0,0,,,,,,,,
26,26054,9,0,0,0,,,,,,,,
26,26055,1,224,175,49,,,,,,,,
26,26055,2,23,19,4,,,,,,,,
26,26055,3,0,0,0,,,,,,,,
26,26055,4,0,0,0,,,,,,,,
26,26055,5,0,0,0,,,,,,,,
26,26055,6,NA,NA,NA,,,,,,,,
26,26055,7,6,6,0,,,,,,,,
26,26055,8,35,10,25,,,,,,,,
26,26055,9,14,9,5,,,,,,,,
26,26056,1,10,8,2,,,,,,,,
26,26056,2,1,1,0,,,,,,,,
26,26056,3,0,0,0,,,,,,,,
26,26056,4,0,0,0,,,,,,,,
26,26056,5,0,0,0,,,,,,,,
26,26056,6,NA,NA,NA,,,,,,,,
26,26056,7,1,1,0,,,,,,,,
26,26056,8,1,0,1,,,,,,,,
26,26056,9,0,0,0,,,,,,,,
26,26057,1,0,0,0,,,,,,,,
26,26057,2,0,0,0,,,,,,,,
26,26057,3,0,0,0,,,,,,,,
26,26057,4,0,0,0,,,,,,,,
26,26057,5,0,0,0,,,,,,,,
26,26057,6,NA,NA,NA,,,,,,,,
26,26057,7,0,0,0,,,,,,,,
26,26057,8,0,0,0,,,,,,,,
26,26057,9,0,0,0,,,,,,,,
26,26058,1,22,17,5,,,,,,,,
26,26058,2,0,0,0,,,,,,,,
26,26058,3,4,3,1,,,,,,,,
26,26058,4,0,0,0,,,,,,,,
26,26058,5,0,0,0,,,,,,,,
26,26058,6,NA,NA,NA,,,,,,,,
26,26058,7,2,2,0,,,,,,,,
26,26058,8,2,1,1,,,,,,,,
26,26058,9,0,0,0,,,,,,,,
26,26059,1,2,2,0,,,,,,,,
26,26059,2,0,0,0,,,,,,,,
26,26059,3,0,0,0,,,,,,,,
26,26059,4,0,0,0,,,,,,,,
26,26059,5,0,0,0,,,,,,,,
26,26059,6,NA,NA,NA,,,,,,,,
26,26059,7,2,2,0,,,,,,,,
26,26059,8,2,2,0,,,,,,,,
26,26059,9,0,0,0,,,,,,,,
26,26060,1,3,3,0,,,,,,,,
26,26060,2,0,0,0,,,,,,,,
26,26060,3,0,0,0,,,,,,,,
26,26060,4,0,0,0,,,,,,,,
26,26060,5,0,0,0,,,,,,,,
26,26060,6,NA,NA,NA,,,,,,,,
26,26060,7,0,0,0,,,,,,,,
26,26060,8,0,0,0,,,,,,,,
26,26060,9,0,0,0,,,,,,,,
26,26061,1,2,2,0,,,,,,,,
26,26061,2,0,0,0,,,,,,,,
26,26061,3,0,0,0,,,,,,,,
26,26061,4,0,0,0,,,,,,,,
26,26061,5,0,0,0,,,,,,,,
26,26061,6,NA,NA,NA,,,,,,,,
26,26061,7,0,0,0,,,,,,,,
26,26061,8,0,0,0,,,,,,,,
26,26061,9,1,1,0,,,,,,,,
26,26062,1,2,2,0,,,,,,,,
26,26062,2,0,0,0,,,,,,,,
26,26062,3,0,0,0,,,,,,,,
26,26062,4,0,0,0,,,,,,,,
26,26062,5,0,0,0,,,,,,,,
26,26062,6,NA,NA,NA,,,,,,,,
26,26062,7,0,0,0,,,,,,,,
26,26062,8,0,0,0,,,,,,,,
26,26062,9,0,0,0,,,,,,,,
26,26063,1,2,2,0,,,,,,,,
26,26063,2,0,0,0,,,,,,,,
26,26063,3,0,0,0,,,,,,,,
26,26063,4,0,0,0,,,,,,,,
26,26063,5,0,0,0,,,,,,,,
26,26063,6,NA,NA,NA,,,,,,,,
26,26063,7,0,0,0,,,,,,,,
26,26063,8,0,0,0,,,,,,,,
26,26063,9,0,0,0,,,,,,,,
26,26064,1,1,1,0,,,,,,,,
26,26064,2,0,0,0,,,,,,,,
26,26064,3,0,0,0,,,,,,,,
26,26064,4,0,0,0,,,,,,,,
26,26064,5,0,0,0,,,,,,,,
26,26064,6,NA,NA,NA,,,,,,,,
26,26064,7,0,0,0,,,,,,,,
26,26064,8,1,0,1,,,,,,,,
26,26064,9,0,0,0,,,,,,,,
26,26065,1,1,1,0,,,,,,,,
26,26065,2,0,0,0,,,,,,,,
26,26065,3,0,0,0,,,,,,,,
26,26065,4,0,0,0,,,,,,,,
26,26065,5,0,0,0,,,,,,,,
26,26065,6,NA,NA,NA,,,,,,,,
26,26065,7,0,0,0,,,,,,,,
26,26065,8,0,0,0,,,,,,,,
26,26065,9,0,0,0,,,,,,,,
26,26066,1,9,6,3,,,,,,,,
26,26066,2,0,0,0,,,,,,,,
26,26066,3,0,0,0,,,,,,,,
26,26066,4,0,0,0,,,,,,,,
26,26066,5,0,0,0,,,,,,,,
26,26066,6,NA,NA,NA,,,,,,,,
26,26066,7,1,1,0,,,,,,,,
26,26066,8,0,0,0,,,,,,,,
26,26066,9,0,0,0,,,,,,,,
26,26067,1,2,2,0,,,,,,,,
26,26067,2,2,2,0,,,,,,,,
26,26067,3,0,0,0,,,,,,,,
26,26067,4,0,0,0,,,,,,,,
26,26067,5,0,0,0,,,,,,,,
26,26067,6,NA,NA,NA,,,,,,,,
26,26067,7,0,0,0,,,,,,,,
26,26067,8,0,0,0,,,,,,,,
26,26067,9,0,0,0,,,,,,,,
26,26068,1,3,3,0,,,,,,,,
26,26068,2,0,0,0,,,,,,,,
26,26068,3,0,0,0,,,,,,,,
26,26068,4,0,0,0,,,,,,,,
26,26068,5,0,0,0,,,,,,,,
26,26068,6,NA,NA,NA,,,,,,,,
26,26068,7,0,0,0,,,,,,,,
26,26068,8,1,0,1,,,,,,,,
26,26068,9,0,0,0,,,,,,,,
26,26069,1,0,0,0,,,,,,,,
26,26069,2,0,0,0,,,,,,,,
26,26069,3,0,0,0,,,,,,,,
26,26069,4,0,0,0,,,,,,,,
26,26069,5,7,7,0,,,,,,,,
26,26069,6,0,0,0,,,,,,,,
26,26069,7,1,1,0,,,,,,,,
26,26069,8,2,0,2,,,,,,,,
26,26069,9,0,0,0,,,,,,,,
26,26070,1,19,16,3,,,,,,,,
26,26070,2,0,0,0,,,,,,,,
26,26070,3,14,12,2,,,,,,,,
26,26070,4,0,0,0,,,,,,,,
26,26070,5,0,0,0,,,,,,,,
26,26070,6,NA,NA,NA,,,,,,,,
26,26070,7,2,2,0,,,,,,,,
26,26070,8,3,2,1,,,,,,,,
26,26070,9,0,0,0,,,,,,,,
26,26071,1,42,40,2,,,,,,,,
26,26071,2,0,0,0,,,,,,,,
26,26071,3,0,0,0,,,,,,,,
26,26071,4,0,0,0,,,,,,,,
26,26071,5,0,0,0,,,,,,,,
26,26071,6,NA,NA,NA,,,,,,,,
26,26071,7,2,2,0,,,,,,,,
26,26071,8,2,0,2,,,,,,,,
26,26071,9,0,0,0,,,,,,,,
26,26072,1,56,45,11,,,,,,,,
26,26072,2,0,0,0,,,,,,,,
26,26072,3,0,0,0,,,,,,,,
26,26072,4,0,0,0,,,,,,,,
26,26072,5,0,0,0,,,,,,,,
26,26072,6,NA,NA,NA,,,,,,,,
26,26072,7,0,0,0,,,,,,,,
26,26072,8,1,1,0,,,,,,,,
26,26072,9,0,0,0,,,,,,,,
27,27001,1,182,171,11,,,,,,,,
27,27001,2,10,7,3,,,,,,,,
27,27001,3,0,0,0,,,,,,,,
27,27001,4,0,0,0,,,,,,,,
27,27001,5,0,0,0,,,,,,,,
27,27001,6,NA,NA,NA,,,,,,,,
27,27001,7,2,2,0,,,,,,,,
27,27001,8,5,1,4,,,,,,,,
27,27001,9,0,0,0,,,,,,,,
27,27002,1,562,497,65,,,,,,,,
27,27002,2,87,74,13,,,,,,,,
27,27002,3,0,0,0,,,,,,,,
27,27002,4,0,0,0,,,,,,,,
27,27002,5,0,0,0,,,,,,,,
27,27002,6,NA,NA,NA,,,,,,,,
27,27002,7,2,2,0,,,,,,,,
27,27002,8,0,0,0,,,,,,,,
27,27002,9,0,0,0,,,,,,,,
27,27003,1,239,222,17,,,,,,,,
27,27003,2,30,24,6,,,,,,,,
27,27003,3,0,0,0,,,,,,,,
27,27003,4,0,0,0,,,,,,,,
27,27003,5,0,0,0,,,,,,,,
27,27003,6,NA,NA,NA,,,,,,,,
27,27003,7,3,3,0,,,,,,,,
27,27003,8,1,0,1,,,,,,,,
27,27003,9,13,11,2,,,,,,,,
27,27004,1,ND,ND,ND,,,,,,,,
27,27004,2,ND,ND,ND,,,,,,,,
27,27004,3,ND,ND,ND,,,,,,,,
27,27004,4,ND,ND,ND,,,,,,,,
27,27004,5,ND,ND,ND,,,,,,,,
27,27004,6,ND,ND,ND,,,,,,,,
27,27004,7,ND,ND,ND,,,,,,,,
27,27004,8,ND,ND,ND,,,,,,,,
27,27004,9,ND,ND,ND,,,,,,,,
27,27005,1,366,352,14,,,,,,,,
27,27005,2,57,42,15,,,,,,,,
27,27005,3,0,0,0,,,,,,,,
27,27005,4,0,0,0,,,,,,,,
27,27005,5,0,0,0,,,,,,,,
27,27005,6,NA,NA,NA,,,,,,,,
27,27005,7,9,9,0,,,,,,,,
27,27005,8,0,0,0,,,,,,,,
27,27005,9,0,0,0,,,,,,,,
27,27006,1,256,240,16,,,,,,,,
27,27006,2,45,31,14,,,,,,,,
27,27006,3,0,0,0,,,,,,,,
27,27006,4,0,0,0,,,,,,,,
27,27006,5,0,0,0,,,,,,,,
27,27006,6,NA,NA,NA,,,,,,,,
27,27006,7,1,0,1,,,,,,,,
27,27006,8,5,3,2,,,,,,,,
27,27006,9,0,0,0,,,,,,,,
27,27007,1,78,70,8,,,,,,,,
27,27007,2,11,7,4,,,,,,,,
27,27007,3,0,0,0,,,,,,,,
27,27007,4,0,0,0,,,,,,,,
27,27007,5,0,0,0,,,,,,,,
27,27007,6,NA,NA,NA,,,,,,,,
27,27007,7,2,2,0,,,,,,,,
27,27007,8,9,3,6,,,,,,,,
27,27007,9,0,0,0,,,,,,,,
27,27008,1,478,429,49,,,,,,,,
27,27008,2,35,19,16,,,,,,,,
27,27008,3,0,0,0,,,,,,,,
27,27008,4,0,0,0,,,,,,,,
27,27008,5,0,0,0,,,,,,,,
27,27008,6,NA,NA,NA,,,,,,,,
27,27008,7,6,6,0,,,,,,,,
27,27008,8,3,3,0,,,,,,,,
27,27008,9,0,0,0,,,,,,,,
27,27009,1,152,147,5,,,,,,,,
27,27009,2,19,16,3,,,,,,,,
27,27009,3,0,0,0,,,,,,,,
27,27009,4,0,0,0,,,,,,,,
27,27009,5,0,0,0,,,,,,,,
27,27009,6,NA,NA,NA,,,,,,,,
27,27009,7,3,3,0,,,,,,,,
27,27009,8,6,6,0,,,,,,,,
27,27009,9,0,0,0,,,,,,,,
27,27010,1,210,199,11,,,,,,,,
27,27010,2,7,4,3,,,,,,,,
27,27010,3,0,0,0,,,,,,,,
27,27010,4,0,0,0,,,,,,,,
27,27010,5,0,0,0,,,,,,,,
27,27010,6,NA,NA,NA,,,,,,,,
27,27010,7,3,3,0,,,,,,,,
27,27010,8,0,0,0,,,,,,,,
27,27010,9,0,0,0,,,,,,,,
27,27011,1,111,98,13,,,,,,,,
27,27011,2,2,1,1,,,,,,,,
27,27011,3,0,0,0,,,,,,,,
27,27011,4,0,0,0,,,,,,,,
27,27011,5,0,0,0,,,,,,,,
27,27011,6,NA,NA,NA,,,,,,,,
27,27011,7,2,2,0,,,,,,,,
27,27011,8,0,0,0,,,,,,,,
27,27011,9,0,0,0,,,,,,,,
27,27012,1,432,410,22,,,,,,,,
27,27012,2,35,27,8,,,,,,,,
27,27012,3,0,0,0,,,,,,,,
27,27012,4,0,0,0,,,,,,,,
27,27012,5,0,0,0,,,,,,,,
27,27012,6,NA,NA,NA,,,,,,,,
27,27012,7,2,2,0,,,,,,,,
27,27012,8,7,1,6,,,,,,,,
27,27012,9,6,5,1,,,,,,,,
27,27013,1,256,209,47,,,,,,,,
27,27013,2,30,24,6,,,,,,,,
27,27013,3,0,0,0,,,,,,,,
27,27013,4,0,0,0,,,,,,,,
27,27013,5,0,0,0,,,,,,,,
27,27013,6,NA,NA,NA,,,,,,,,
27,27013,7,20,20,0,,,,,,,,
27,27013,8,10,10,0,,,,,,,,
27,27013,9,0,0,0,,,,,,,,
27,27014,1,269,231,38,,,,,,,,
27,27014,2,49,36,13,,,,,,,,
27,27014,3,0,0,0,,,,,,,,
27,27014,4,0,0,0,,,,,,,,
27,27014,5,0,0,0,,,,,,,,
27,27014,6,NA,NA,NA,,,,,,,,
27,27014,7,8,3,5,,,,,,,,
27,27014,8,8,6,2,,,,,,,,
27,27014,9,0,0,0,,,,,,,,
27,27015,1,135,131,4,,,,,,,,
27,27015,2,0,0,0,,,,,,,,
27,27015,3,0,0,0,,,,,,,,
27,27015,4,0,0,0,,,,,,,,
27,27015,5,0,0,0,,,,,,,,
27,27015,6,NA,NA,NA,,,,,,,,
27,27015,7,1,1,0,,,,,,,,
27,27015,8,2,1,1,,,,,,,,
27,27015,9,0,0,0,,,,,,,,
27,27016,1,218,213,5,,,,,,,,
27,27016,2,14,13,1,,,,,,,,
27,27016,3,0,0,0,,,,,,,,
27,27016,4,0,0,0,,,,,,,,
27,27016,5,0,0,0,,,,,,,,
27,27016,6,NA,NA,NA,,,,,,,,
27,27016,7,2,2,0,,,,,,,,
27,27016,8,1,1,0,,,,,,,,
27,27016,9,0,0,0,,,,,,,,
27,27017,1,104,89,15,,,,,,,,
27,27017,2,17,10,7,,,,,,,,
27,27017,3,0,0,0,,,,,,,,
27,27017,4,0,0,0,,,,,,,,
27,27017,5,0,0,0,,,,,,,,
27,27017,6,NA,NA,NA,,,,,,,,
27,27017,7,2,2,0,,,,,,,,
27,27017,8,8,8,0,,,,,,,,
27,27017,9,0,0,0,,,,,,,,
28,28001,1,ND,ND,ND,,,,,,,,
28,28001,2,ND,ND,ND,,,,,,,,
28,28001,3,ND,ND,ND,,,,,,,,
28,28001,4,ND,ND,ND,,,,,,,,
28,28001,5,ND,ND,ND,,,,,,,,
28,28001,6,ND,ND,ND,,,,,,,,
28,28001,7,ND,ND,ND,,,,,,,,
28,28001,8,ND,ND,ND,,,,,,,,
28,28001,9,ND,ND,ND,,,,,,,,
28,28002,1,ND,ND,ND,,,,,,,,
28,28002,2,ND,ND,ND,,,,,,,,
28,28002,3,ND,ND,ND,,,,,,,,
28,28002,4,ND,ND,ND,,,,,,,,
28,28002,5,ND,ND,ND,,,,,,,,
28,28002,6,ND,ND,ND,,,,,,,,
28,28002,7,ND,ND,ND,,,,,,,,
28,28002,8,ND,ND,ND,,,,,,,,
28,28002,9,ND,ND,ND,,,,,,,,
28,28003,1,ND,ND,ND,,,,,,,,
28,28003,2,ND,ND,ND,,,,,,,,
28,28003,3,ND,ND,ND,,,,,,,,
28,28003,4,ND,ND,ND,,,,,,,,
28,28003,5,ND,ND,ND,,,,,,,,
28,28003,6,ND,ND,ND,,,,,,,,
28,28003,7,ND,ND,ND,,,,,,,,
28,28003,8,ND,ND,ND,,,,,,,,
28,28003,9,ND,ND,ND,,,,,,,,
28,28004,1,ND,ND,ND,,,,,,,,
28,28004,2,ND,ND,ND,,,,,,,,
28,28004,3,ND,ND,ND,,,,,,,,
28,28004,4,ND,ND,ND,,,,,,,,
28,28004,5,ND,ND,ND,,,,,,,,
28,28004,6,ND,ND,ND,,,,,,,,
28,28004,7,ND,ND,ND,,,,,,,,
28,28004,8,ND,ND,ND,,,,,,,,
28,28004,9,ND,ND,ND,,,,,,,,
28,28005,1,0,0,0,,,,,,,,
28,28005,2,0,0,0,,,,,,,,
28,28005,3,0,0,0,,,,,,,,
28,28005,4,0,0,0,,,,,,,,
28,28005,5,0,0,0,,,,,,,,
28,28005,6,NA,NA,NA,,,,,,,,
28,28005,7,0,0,0,,,,,,,,
28,28005,8,0,0,0,,,,,,,,
28,28005,9,0,0,0,,,,,,,,
28,28006,1,ND,ND,ND,,,,,,,,
28,28006,2,ND,ND,ND,,,,,,,,
28,28006,3,ND,ND,ND,,,,,,,,
28,28006,4,ND,ND,ND,,,,,,,,
28,28006,5,ND,ND,ND,,,,,,,,
28,28006,6,ND,ND,ND,,,,,,,,
28,28006,7,ND,ND,ND,,,,,,,,
28,28006,8,ND,ND,ND,,,,,,,,
28,28006,9,ND,ND,ND,,,,,,,,
28,28007,1,0,0,0,,,,,,,,
28,28007,2,2,2,0,,,,,,,,
28,28007,3,0,0,0,,,,,,,,
28,28007,4,0,0,0,,,,,,,,
28,28007,5,0,0,0,,,,,,,,
28,28007,6,NA,NA,NA,,,,,,,,
28,28007,7,1,1,0,,,,,,,,
28,28007,8,0,0,0,,,,,,,,
28,28007,9,0,0,0,,,,,,,,
28,28008,1,ND,ND,ND,,,,,,,,
28,28008,2,ND,ND,ND,,,,,,,,
28,28008,3,ND,ND,ND,,,,,,,,
28,28008,4,ND,ND,ND,,,,,,,,
28,28008,5,ND,ND,ND,,,,,,,,
28,28008,6,ND,ND,ND,,,,,,,,
28,28008,7,ND,ND,ND,,,,,,,,
28,28008,8,ND,ND,ND,,,,,,,,
28,28008,9,ND,ND,ND,,,,,,,,
28,28009,1,ND,ND,ND,,,,,,,,
28,28009,2,ND,ND,ND,,,,,,,,
28,28009,3,ND,ND,ND,,,,,,,,
28,28009,4,ND,ND,ND,,,,,,,,
28,28009,5,ND,ND,ND,,,,,,,,
28,28009,6,ND,ND,ND,,,,,,,,
28,28009,7,ND,ND,ND,,,,,,,,
28,28009,8,ND,ND,ND,,,,,,,,
28,28009,9,ND,ND,ND,,,,,,,,
28,28010,1,ND,ND,ND,,,,,,,,
28,28010,2,ND,ND,ND,,,,,,,,
28,28010,3,ND,ND,ND,,,,,,,,
28,28010,4,ND,ND,ND,,,,,,,,
28,28010,5,ND,ND,ND,,,,,,,,
28,28010,6,ND,ND,ND,,,,,,,,
28,28010,7,ND,ND,ND,,,,,,,,
28,28010,8,ND,ND,ND,,,,,,,,
28,28010,9,ND,ND,ND,,,,,,,,
28,28011,1,ND,ND,ND,,,,,,,,
28,28011,2,ND,ND,ND,,,,,,,,
28,28011,3,ND,ND,ND,,,,,,,,
28,28011,4,ND,ND,ND,,,,,,,,
28,28011,5,ND,ND,ND,,,,,,,,
28,28011,6,ND,ND,ND,,,,,,,,
28,28011,7,ND,ND,ND,,,,,,,,
28,28011,8,ND,ND,ND,,,,,,,,
28,28011,9,ND,ND,ND,,,,,,,,
28,28012,1,ND,ND,ND,,,,,,,,
28,28012,2,ND,ND,ND,,,,,,,,
28,28012,3,ND,ND,ND,,,,,,,,
28,28012,4,ND,ND,ND,,,,,,,,
28,28012,5,ND,ND,ND,,,,,,,,
28,28012,6,ND,ND,ND,,,,,,,,
28,28012,7,ND,ND,ND,,,,,,,,
28,28012,8,ND,ND,ND,,,,,,,,
28,28012,9,ND,ND,ND,,,,,,,,
28,28013,1,ND,ND,ND,,,,,,,,
28,28013,2,ND,ND,ND,,,,,,,,
28,28013,3,ND,ND,ND,,,,,,,,
28,28013,4,ND,ND,ND,,,,,,,,
28,28013,5,ND,ND,ND,,,,,,,,
28,28013,6,ND,ND,ND,,,,,,,,
28,28013,7,ND,ND,ND,,,,,,,,
28,28013,8,ND,ND,ND,,,,,,,,
28,28013,9,ND,ND,ND,,,,,,,,
28,28014,1,ND,ND,ND,,,,,,,,
28,28014,2,ND,ND,ND,,,,,,,,
28,28014,3,ND,ND,ND,,,,,,,,
28,28014,4,ND,ND,ND,,,,,,,,
28,28014,5,ND,ND,ND,,,,,,,,
28,28014,6,ND,ND,ND,,,,,,,,
28,28014,7,ND,ND,ND,,,,,,,,
28,28014,8,ND,ND,ND,,,,,,,,
28,28014,9,ND,ND,ND,,,,,,,,
28,28015,1,ND,ND,ND,,,,,,,,
28,28015,2,ND,ND,ND,,,,,,,,
28,28015,3,ND,ND,ND,,,,,,,,
28,28015,4,ND,ND,ND,,,,,,,,
28,28015,5,ND,ND,ND,,,,,,,,
28,28015,6,ND,ND,ND,,,,,,,,
28,28015,7,ND,ND,ND,,,,,,,,
28,28015,8,ND,ND,ND,,,,,,,,
28,28015,9,ND,ND,ND,,,,,,,,
28,28016,1,ND,ND,ND,,,,,,,,
28,28016,2,ND,ND,ND,,,,,,,,
28,28016,3,ND,ND,ND,,,,,,,,
28,28016,4,ND,ND,ND,,,,,,,,
28,28016,5,ND,ND,ND,,,,,,,,
28,28016,6,ND,ND,ND,,,,,,,,
28,28016,7,ND,ND,ND,,,,,,,,
28,28016,8,ND,ND,ND,,,,,,,,
28,28016,9,ND,ND,ND,,,,,,,,
28,28017,1,ND,ND,ND,,,,,,,,
28,28017,2,ND,ND,ND,,,,,,,,
28,28017,3,ND,ND,ND,,,,,,,,
28,28017,4,ND,ND,ND,,,,,,,,
28,28017,5,ND,ND,ND,,,,,,,,
28,28017,6,ND,ND,ND,,,,,,,,
28,28017,7,ND,ND,ND,,,,,,,,
28,28017,8,ND,ND,ND,,,,,,,,
28,28017,9,ND,ND,ND,,,,,,,,
28,28018,1,ND,ND,ND,,,,,,,,
28,28018,2,ND,ND,ND,,,,,,,,
28,28018,3,ND,ND,ND,,,,,,,,
28,28018,4,ND,ND,ND,,,,,,,,
28,28018,5,ND,ND,ND,,,,,,,,
28,28018,6,ND,ND,ND,,,,,,,,
28,28018,7,ND,ND,ND,,,,,,,,
28,28018,8,ND,ND,ND,,,,,,,,
28,28018,9,ND,ND,ND,,,,,,,,
28,28019,1,ND,ND,ND,,,,,,,,
28,28019,2,ND,ND,ND,,,,,,,,
28,28019,3,ND,ND,ND,,,,,,,,
28,28019,4,ND,ND,ND,,,,,,,,
28,28019,5,ND,ND,ND,,,,,,,,
28,28019,6,ND,ND,ND,,,,,,,,
28,28019,7,ND,ND,ND,,,,,,,,
28,28019,8,ND,ND,ND,,,,,,,,
28,28019,9,ND,ND,ND,,,,,,,,
28,28020,1,ND,ND,ND,,,,,,,,
28,28020,2,ND,ND,ND,,,,,,,,
28,28020,3,ND,ND,ND,,,,,,,,
28,28020,4,ND,ND,ND,,,,,,,,
28,28020,5,ND,ND,ND,,,,,,,,
28,28020,6,ND,ND,ND,,,,,,,,
28,28020,7,ND,ND,ND,,,,,,,,
28,28020,8,ND,ND,ND,,,,,,,,
28,28020,9,ND,ND,ND,,,,,,,,
28,28021,1,ND,ND,ND,,,,,,,,
28,28021,2,ND,ND,ND,,,,,,,,
28,28021,3,ND,ND,ND,,,,,,,,
28,28021,4,ND,ND,ND,,,,,,,,
28,28021,5,ND,ND,ND,,,,,,,,
28,28021,6,ND,ND,ND,,,,,,,,
28,28021,7,ND,ND,ND,,,,,,,,
28,28021,8,ND,ND,ND,,,,,,,,
28,28021,9,ND,ND,ND,,,,,,,,
28,28022,1,0,0,0,,,,,,,,
28,28022,2,101,91,10,,,,,,,,
28,28022,3,0,0,0,,,,,,,,
28,28022,4,0,0,0,,,,,,,,
28,28022,5,0,0,0,,,,,,,,
28,28022,6,NA,NA,NA,,,,,,,,
28,28022,7,0,0,0,,,,,,,,
28,28022,8,15,9,6,,,,,,,,
28,28022,9,0,0,0,,,,,,,,
28,28023,1,ND,ND,ND,,,,,,,,
28,28023,2,ND,ND,ND,,,,,,,,
28,28023,3,ND,ND,ND,,,,,,,,
28,28023,4,ND,ND,ND,,,,,,,,
28,28023,5,ND,ND,ND,,,,,,,,
28,28023,6,ND,ND,ND,,,,,,,,
28,28023,7,ND,ND,ND,,,,,,,,
28,28023,8,ND,ND,ND,,,,,,,,
28,28023,9,ND,ND,ND,,,,,,,,
28,28024,1,0,0,0,,,,,,,,
28,28024,2,2,2,0,,,,,,,,
28,28024,3,0,0,0,,,,,,,,
28,28024,4,0,0,0,,,,,,,,
28,28024,5,0,0,0,,,,,,,,
28,28024,6,NA,NA,NA,,,,,,,,
28,28024,7,1,1,0,,,,,,,,
28,28024,8,1,0,1,,,,,,,,
28,28024,9,0,0,0,,,,,,,,
28,28025,1,0,0,0,,,,,,,,
28,28025,2,31,22,9,,,,,,,,
28,28025,3,0,0,0,,,,,,,,
28,28025,4,0,0,0,,,,,,,,
28,28025,5,0,0,0,,,,,,,,
28,28025,6,NA,NA,NA,,,,,,,,
28,28025,7,1,1,0,,,,,,,,
28,28025,8,0,0,0,,,,,,,,
28,28025,9,0,0,0,,,,,,,,
28,28026,1,ND,ND,ND,,,,,,,,
28,28026,2,ND,ND,ND,,,,,,,,
28,28026,3,ND,ND,ND,,,,,,,,
28,28026,4,ND,ND,ND,,,,,,,,
28,28026,5,ND,ND,ND,,,,,,,,
28,28026,6,ND,ND,ND,,,,,,,,
28,28026,7,ND,ND,ND,,,,,,,,
28,28026,8,ND,ND,ND,,,,,,,,
28,28026,9,ND,ND,ND,,,,,,,,
28,28027,1,0,0,0,,,,,,,,
28,28027,2,54,50,4,,,,,,,,
28,28027,3,0,0,0,,,,,,,,
28,28027,4,0,0,0,,,,,,,,
28,28027,5,0,0,0,,,,,,,,
28,28027,6,NA,NA,NA,,,,,,,,
28,28027,7,0,0,0,,,,,,,,
28,28027,8,23,16,7,,,,,,,,
28,28027,9,0,0,0,,,,,,,,
28,28028,1,ND,ND,ND,,,,,,,,
28,28028,2,ND,ND,ND,,,,,,,,
28,28028,3,ND,ND,ND,,,,,,,,
28,28028,4,ND,ND,ND,,,,,,,,
28,28028,5,ND,ND,ND,,,,,,,,
28,28028,6,ND,ND,ND,,,,,,,,
28,28028,7,ND,ND,ND,,,,,,,,
28,28028,8,ND,ND,ND,,,,,,,,
28,28028,9,ND,ND,ND,,,,,,,,
28,28029,1,ND,ND,ND,,,,,,,,
28,28029,2,ND,ND,ND,,,,,,,,
28,28029,3,ND,ND,ND,,,,,,,,
28,28029,4,ND,ND,ND,,,,,,,,
28,28029,5,ND,ND,ND,,,,,,,,
28,28029,6,ND,ND,ND,,,,,,,,
28,28029,7,ND,ND,ND,,,,,,,,
28,28029,8,ND,ND,ND,,,,,,,,
28,28029,9,ND,ND,ND,,,,,,,,
28,28030,1,ND,ND,ND,,,,,,,,
28,28030,2,ND,ND,ND,,,,,,,,
28,28030,3,ND,ND,ND,,,,,,,,
28,28030,4,ND,ND,ND,,,,,,,,
28,28030,5,ND,ND,ND,,,,,,,,
28,28030,6,ND,ND,ND,,,,,,,,
28,28030,7,ND,ND,ND,,,,,,,,
28,28030,8,ND,ND,ND,,,,,,,,
28,28030,9,ND,ND,ND,,,,,,,,
28,28031,1,ND,ND,ND,,,,,,,,
28,28031,2,ND,ND,ND,,,,,,,,
28,28031,3,ND,ND,ND,,,,,,,,
28,28031,4,ND,ND,ND,,,,,,,,
28,28031,5,ND,ND,ND,,,,,,,,
28,28031,6,ND,ND,ND,,,,,,,,
28,28031,7,ND,ND,ND,,,,,,,,
28,28031,8,ND,ND,ND,,,,,,,,
28,28031,9,ND,ND,ND,,,,,,,,
28,28032,1,0,0,0,,,,,,,,
28,28032,2,80,53,27,,,,,,,,
28,28032,3,0,0,0,,,,,,,,
28,28032,4,0,0,0,,,,,,,,
28,28032,5,0,0,0,,,,,,,,
28,28032,6,NA,NA,NA,,,,,,,,
28,28032,7,5,5,0,,,,,,,,
28,28032,8,33,14,19,,,,,,,,
28,28032,9,0,0,0,,,,,,,,
28,28033,1,0,0,0,,,,,,,,
28,28033,2,63,51,12,,,,,,,,
28,28033,3,0,0,0,,,,,,,,
28,28033,4,0,0,0,,,,,,,,
28,28033,5,0,0,0,,,,,,,,
28,28033,6,NA,NA,NA,,,,,,,,
28,28033,7,3,3,0,,,,,,,,
28,28033,8,14,10,4,,,,,,,,
28,28033,9,38,31,7,,,,,,,,
28,28034,1,ND,ND,ND,,,,,,,,
28,28034,2,ND,ND,ND,,,,,,,,
28,28034,3,ND,ND,ND,,,,,,,,
28,28034,4,ND,ND,ND,,,,,,,,
28,28034,5,ND,ND,ND,,,,,,,,
28,28034,6,ND,ND,ND,,,,,,,,
28,28034,7,ND,ND,ND,,,,,,,,
28,28034,8,ND,ND,ND,,,,,,,,
28,28034,9,ND,ND,ND,,,,,,,,
28,28035,1,0,0,0,,,,,,,,
28,28035,2,2,2,0,,,,,,,,
28,28035,3,0,0,0,,,,,,,,
28,28035,4,0,0,0,,,,,,,,
28,28035,5,0,0,0,,,,,,,,
28,28035,6,NA,NA,NA,,,,,,,,
28,28035,7,0,0,0,,,,,,,,
28,28035,8,1,0,1,,,,,,,,
28,28035,9,0,0,0,,,,,,,,
28,28036,1,ND,ND,ND,,,,,,,,
28,28036,2,ND,ND,ND,,,,,,,,
28,28036,3,ND,ND,ND,,,,,,,,
28,28036,4,ND,ND,ND,,,,,,,,
28,28036,5,ND,ND,ND,,,,,,,,
28,28036,6,ND,ND,ND,,,,,,,,
28,28036,7,ND,ND,ND,,,,,,,,
28,28036,8,ND,ND,ND,,,,,,,,
28,28036,9,ND,ND,ND,,,,,,,,
28,28037,1,ND,ND,ND,,,,,,,,
28,28037,2,ND,ND,ND,,,,,,,,
28,28037,3,ND,ND,ND,,,,,,,,
28,28037,4,ND,ND,ND,,,,,,,,
28,28037,5,ND,ND,ND,,,,,,,,
28,28037,6,ND,ND,ND,,,,,,,,
28,28037,7,ND,ND,ND,,,,,,,,
28,28037,8,ND,ND,ND,,,,,,,,
28,28037,9,ND,ND,ND,,,,,,,,
28,28038,1,ND,ND,ND,,,,,,,,
28,28038,2,ND,ND,ND,,,,,,,,
28,28038,3,ND,ND,ND,,,,,,,,
28,28038,4,ND,ND,ND,,,,,,,,
28,28038,5,ND,ND,ND,,,,,,,,
28,28038,6,ND,ND,ND,,,,,,,,
28,28038,7,ND,ND,ND,,,,,,,,
28,28038,8,ND,ND,ND,,,,,,,,
28,28038,9,ND,ND,ND,,,,,,,,
28,28039,1,ND,ND,ND,,,,,,,,
28,28039,2,ND,ND,ND,,,,,,,,
28,28039,3,ND,ND,ND,,,,,,,,
28,28039,4,ND,ND,ND,,,,,,,,
28,28039,5,ND,ND,ND,,,,,,,,
28,28039,6,ND,ND,ND,,,,,,,,
28,28039,7,ND,ND,ND,,,,,,,,
28,28039,8,ND,ND,ND,,,,,,,,
28,28039,9,ND,ND,ND,,,,,,,,
28,28040,1,0,0,0,,,,,,,,
28,28040,2,16,16,0,,,,,,,,
28,28040,3,0,0,0,,,,,,,,
28,28040,4,0,0,0,,,,,,,,
28,28040,5,0,0,0,,,,,,,,
28,28040,6,NA,NA,NA,,,,,,,,
28,28040,7,0,0,0,,,,,,,,
28,28040,8,0,0,0,,,,,,,,
28,28040,9,0,0,0,,,,,,,,
28,28041,1,0,0,0,,,,,,,,
28,28041,2,86,73,13,,,,,,,,
28,28041,3,0,0,0,,,,,,,,
28,28041,4,0,0,0,,,,,,,,
28,28041,5,0,0,0,,,,,,,,
28,28041,6,0,0,0,,,,,,,,
28,28041,7,5,5,0,,,,,,,,
28,28041,8,57,30,27,,,,,,,,
28,28041,9,20,9,11,,,,,,,,
28,28042,1,ND,ND,ND,,,,,,,,
28,28042,2,ND,ND,ND,,,,,,,,
28,28042,3,ND,ND,ND,,,,,,,,
28,28042,4,ND,ND,ND,,,,,,,,
28,28042,5,ND,ND,ND,,,,,,,,
28,28042,6,ND,ND,ND,,,,,,,,
28,28042,7,ND,ND,ND,,,,,,,,
28,28042,8,ND,ND,ND,,,,,,,,
28,28042,9,ND,ND,ND,,,,,,,,
28,28043,1,ND,ND,ND,,,,,,,,
28,28043,2,ND,ND,ND,,,,,,,,
28,28043,3,ND,ND,ND,,,,,,,,
28,28043,4,ND,ND,ND,,,,,,,,
28,28043,5,ND,ND,ND,,,,,,,,
28,28043,6,ND,ND,ND,,,,,,,,
28,28043,7,ND,ND,ND,,,,,,,,
28,28043,8,ND,ND,ND,,,,,,,,
28,28043,9,ND,ND,ND,,,,,,,,
29,29001,1,27,12,15,,,,,,,,
29,29001,2,0,0,0,,,,,,,,
29,29001,3,0,0,0,,,,,,,,
29,29001,4,0,0,0,,,,,,,,
29,29001,5,0,0,0,,,,,,,,
29,29001,6,NA,NA,NA,,,,,,,,
29,29001,7,3,3,0,,,,,,,,
29,29001,8,1,1,0,,,,,,,,
29,29001,9,0,0,0,,,,,,,,
29,29002,1,28,22,6,,,,,,,,
29,29002,2,0,0,0,,,,,,,,
29,29002,3,0,0,0,,,,,,,,
29,29002,4,0,0,0,,,,,,,,
29,29002,5,0,0,0,,,,,,,,
29,29002,6,NA,NA,NA,,,,,,,,
29,29002,7,3,2,1,,,,,,,,
29,29002,8,2,0,2,,,,,,,,
29,29002,9,0,0,0,,,,,,,,
29,29003,1,14,9,5,,,,,,,,
29,29003,2,0,0,0,,,,,,,,
29,29003,3,0,0,0,,,,,,,,
29,29003,4,0,0,0,,,,,,,,
29,29003,5,0,0,0,,,,,,,,
29,29003,6,NA,NA,NA,,,,,,,,
29,29003,7,2,2,0,,,,,,,,
29,29003,8,1,0,1,,,,,,,,
29,29003,9,0,0,0,,,,,,,,
29,29004,1,24,20,4,,,,,,,,
29,29004,2,0,0,0,,,,,,,,
29,29004,3,0,0,0,,,,,,,,
29,29004,4,0,0,0,,,,,,,,
29,29004,5,0,0,0,,,,,,,,
29,29004,6,NA,NA,NA,,,,,,,,
29,29004,7,2,2,0,,,,,,,,
29,29004,8,1,1,0,,,,,,,,
29,29004,9,0,0,0,,,,,,,,
29,29005,1,187,166,21,,,,,,,,
29,29005,2,19,18,1,,,,,,,,
29,29005,3,0,0,0,,,,,,,,
29,29005,4,0,0,0,,,,,,,,
29,29005,5,0,0,0,,,,,,,,
29,29005,6,NA,NA,NA,,,,,,,,
29,29005,7,16,15,1,,,,,,,,
29,29005,8,22,13,9,,,,,,,,
29,29005,9,7,2,5,,,,,,,,
29,29006,1,118,89,29,,,,,,,,
29,29006,2,0,0,0,,,,,,,,
29,29006,3,0,0,0,,,,,,,,
29,29006,4,0,0,0,,,,,,,,
29,29006,5,0,0,0,,,,,,,,
29,29006,6,NA,NA,NA,,,,,,,,
29,29006,7,1,1,0,,,,,,,,
29,29006,8,0,0,0,,,,,,,,
29,29006,9,0,0,0,,,,,,,,
29,29007,1,16,12,4,,,,,,,,
29,29007,2,0,0,0,,,,,,,,
29,29007,3,0,0,0,,,,,,,,
29,29007,4,0,0,0,,,,,,,,
29,29007,5,0,0,0,,,,,,,,
29,29007,6,NA,NA,NA,,,,,,,,
29,29007,7,4,4,0,,,,,,,,
29,29007,8,1,1,0,,,,,,,,
29,29007,9,0,0,0,,,,,,,,
29,29008,1,19,17,2,,,,,,,,
29,29008,2,0,0,0,,,,,,,,
29,29008,3,0,0,0,,,,,,,,
29,29008,4,0,0,0,,,,,,,,
29,29008,5,0,0,0,,,,,,,,
29,29008,6,NA,NA,NA,,,,,,,,
29,29008,7,3,3,0,,,,,,,,
29,29008,8,1,0,1,,,,,,,,
29,29008,9,0,0,0,,,,,,,,
29,29009,1,16,13,3,,,,,,,,
29,29009,2,0,0,0,,,,,,,,
29,29009,3,0,0,0,,,,,,,,
29,29009,4,0,0,0,,,,,,,,
29,29009,5,0,0,0,,,,,,,,
29,29009,6,NA,NA,NA,,,,,,,,
29,29009,7,1,1,0,,,,,,,,
29,29009,8,1,0,1,,,,,,,,
29,29009,9,0,0,0,,,,,,,,
29,29010,1,74,52,22,,,,,,,,
29,29010,2,20,18,2,,,,,,,,
29,29010,3,0,0,0,,,,,,,,
29,29010,4,0,0,0,,,,,,,,
29,29010,5,0,0,0,,,,,,,,
29,29010,6,NA,NA,NA,,,,,,,,
29,29010,7,11,9,2,,,,,,,,
29,29010,8,4,3,1,,,,,,,,
29,29010,9,0,0,0,,,,,,,,
29,29011,1,7,3,4,,,,,,,,
29,29011,2,0,0,0,,,,,,,,
29,29011,3,0,0,0,,,,,,,,
29,29011,4,0,0,0,,,,,,,,
29,29011,5,0,0,0,,,,,,,,
29,29011,6,NA,NA,NA,,,,,,,,
29,29011,7,1,1,0,,,,,,,,
29,29011,8,1,0,1,,,,,,,,
29,29011,9,0,0,0,,,,,,,,
29,29012,1,16,11,5,,,,,,,,
29,29012,2,0,0,0,,,,,,,,
29,29012,3,0,0,0,,,,,,,,
29,29012,4,0,0,0,,,,,,,,
29,29012,5,0,0,0,,,,,,,,
29,29012,6,NA,NA,NA,,,,,,,,
29,29012,7,3,3,0,,,,,,,,
29,29012,8,0,0,0,,,,,,,,
29,29012,9,0,0,0,,,,,,,,
29,29013,1,127,102,25,,,,,,,,
29,29013,2,14,8,6,,,,,,,,
29,29013,3,0,0,0,,,,,,,,
29,29013,4,0,0,0,,,,,,,,
29,29013,5,0,0,0,,,,,,,,
29,29013,6,NA,NA,NA,,,,,,,,
29,29013,7,1,1,0,,,,,,,,
29,29013,8,6,4,2,,,,,,,,
29,29013,9,0,0,0,,,,,,,,
29,29014,1,25,25,0,,,,,,,,
29,29014,2,0,0,0,,,,,,,,
29,29014,3,0,0,0,,,,,,,,
29,29014,4,0,0,0,,,,,,,,
29,29014,5,0,0,0,,,,,,,,
29,29014,6,NA,NA,NA,,,,,,,,
29,29014,7,3,2,1,,,,,,,,
29,29014,8,0,0,0,,,,,,,,
29,29014,9,0,0,0,,,,,,,,
29,29015,1,60,55,5,,,,,,,,
29,29015,2,0,0,0,,,,,,,,
29,29015,3,0,0,0,,,,,,,,
29,29015,4,0,0,0,,,,,,,,
29,29015,5,0,0,0,,,,,,,,
29,29015,6,NA,NA,NA,,,,,,,,
29,29015,7,2,2,0,,,,,,,,
29,29015,8,0,0,0,,,,,,,,
29,29015,9,0,0,0,,,,,,,,
29,29016,1,28,24,4,,,,,,,,
29,29016,2,0,0,0,,,,,,,,
29,29016,3,0,0,0,,,,,,,,
29,29016,4,0,0,0,,,,,,,,
29,29016,5,0,0,0,,,,,,,,
29,29016,6,NA,NA,NA,,,,,,,,
29,29016,7,3,3,0,,,,,,,,
29,29016,8,2,2,0,,,,,,,,
29,29016,9,0,0,0,,,,,,,,
29,29017,1,18,12,6,,,,,,,,
29,29017,2,0,0,0,,,,,,,,
29,29017,3,0,0,0,,,,,,,,
29,29017,4,0,0,0,,,,,,,,
29,29017,5,0,0,0,,,,,,,,
29,29017,6,NA,NA,NA,,,,,,,,
29,29017,7,2,2,0,,,,,,,,
29,29017,8,0,0,0,,,,,,,,
29,29017,9,0,0,0,,,,,,,,
29,29018,1,51,40,11,,,,,,,,
29,29018,2,0,0,0,,,,,,,,
29,29018,3,0,0,0,,,,,,,,
29,29018,4,0,0,0,,,,,,,,
29,29018,5,0,0,0,,,,,,,,
29,29018,6,NA,NA,NA,,,,,,,,
29,29018,7,3,3,0,,,,,,,,
29,29018,8,0,0,0,,,,,,,,
29,29018,9,0,0,0,,,,,,,,
29,29019,1,39,31,8,,,,,,,,
29,29019,2,0,0,0,,,,,,,,
29,29019,3,0,0,0,,,,,,,,
29,29019,4,0,0,0,,,,,,,,
29,29019,5,0,0,0,,,,,,,,
29,29019,6,NA,NA,NA,,,,,,,,
29,29019,7,3,3,0,,,,,,,,
29,29019,8,1,0,1,,,,,,,,
29,29019,9,0,0,0,,,,,,,,
29,29020,1,25,16,9,,,,,,,,
29,29020,2,0,0,0,,,,,,,,
29,29020,3,0,0,0,,,,,,,,
29,29020,4,0,0,0,,,,,,,,
29,29020,5,0,0,0,,,,,,,,
29,29020,6,NA,NA,NA,,,,,,,,
29,29020,7,3,3,0,,,,,,,,
29,29020,8,1,1,0,,,,,,,,
29,29020,9,0,0,0,,,,,,,,
29,29021,1,39,34,5,,,,,,,,
29,29021,2,0,0,0,,,,,,,,
29,29021,3,0,0,0,,,,,,,,
29,29021,4,0,0,0,,,,,,,,
29,29021,5,0,0,0,,,,,,,,
29,29021,6,NA,NA,NA,,,,,,,,
29,29021,7,1,1,0,,,,,,,,
29,29021,8,0,0,0,,,,,,,,
29,29021,9,0,0,0,,,,,,,,
29,29022,1,13,10,3,,,,,,,,
29,29022,2,0,0,0,,,,,,,,
29,29022,3,0,0,0,,,,,,,,
29,29022,4,0,0,0,,,,,,,,
29,29022,5,0,0,0,,,,,,,,
29,29022,6,NA,NA,NA,,,,,,,,
29,29022,7,2,1,1,,,,,,,,
29,29022,8,0,0,0,,,,,,,,
29,29022,9,0,0,0,,,,,,,,
29,29023,1,56,42,14,,,,,,,,
29,29023,2,0,0,0,,,,,,,,
29,29023,3,0,0,0,,,,,,,,
29,29023,4,0,0,0,,,,,,,,
29,29023,5,0,0,0,,,,,,,,
29,29023,6,NA,NA,NA,,,,,,,,
29,29023,7,2,2,0,,,,,,,,
29,29023,8,1,1,0,,,,,,,,
29,29023,9,1,0,1,,,,,,,,
29,29024,1,33,27,6,,,,,,,,
29,29024,2,8,6,2,,,,,,,,
29,29024,3,0,0,0,,,,,,,,
29,29024,4,0,0,0,,,,,,,,
29,29024,5,0,0,0,,,,,,,,
29,29024,6,NA,NA,NA,,,,,,,,
29,29024,7,5,4,1,,,,,,,,
29,29024,8,4,1,3,,,,,,,,
29,29024,9,0,0,0,,,,,,,,
29,29025,1,117,86,31,,,,,,,,
29,29025,2,0,0,0,,,,,,,,
29,29025,3,0,0,0,,,,,,,,
29,29025,4,0,0,0,,,,,,,,
29,29025,5,0,0,0,,,,,,,,
29,29025,6,NA,NA,NA,,,,,,,,
29,29025,7,4,3,1,,,,,,,,
29,29025,8,3,1,2,,,,,,,,
29,29025,9,0,0,0,,,,,,,,
29,29026,1,35,34,1,,,,,,,,
29,29026,2,0,0,0,,,,,,,,
29,29026,3,0,0,0,,,,,,,,
29,29026,4,0,0,0,,,,,,,,
29,29026,5,0,0,0,,,,,,,,
29,29026,6,NA,NA,NA,,,,,,,,
29,29026,7,3,3,0,,,,,,,,
29,29026,8,1,0,1,,,,,,,,
29,29026,9,0,0,0,,,,,,,,
29,29027,1,10,8,2,,,,,,,,
29,29027,2,0,0,0,,,,,,,,
29,29027,3,0,0,0,,,,,,,,
29,29027,4,0,0,0,,,,,,,,
29,29027,5,0,0,0,,,,,,,,
29,29027,6,NA,NA,NA,,,,,,,,
29,29027,7,3,3,0,,,,,,,,
29,29027,8,0,0,0,,,,,,,,
29,29027,9,0,0,0,,,,,,,,
29,29028,1,25,20,5,,,,,,,,
29,29028,2,0,0,0,,,,,,,,
29,29028,3,0,0,0,,,,,,,,
29,29028,4,0,0,0,,,,,,,,
29,29028,5,0,0,0,,,,,,,,
29,29028,6,NA,NA,NA,,,,,,,,
29,29028,7,5,5,0,,,,,,,,
29,29028,8,2,0,2,,,,,,,,
29,29028,9,0,0,0,,,,,,,,
29,29029,1,23,22,1,,,,,,,,
29,29029,2,0,0,0,,,,,,,,
29,29029,3,0,0,0,,,,,,,,
29,29029,4,0,0,0,,,,,,,,
29,29029,5,0,0,0,,,,,,,,
29,29029,6,NA,NA,NA,,,,,,,,
29,29029,7,3,3,0,,,,,,,,
29,29029,8,1,0,1,,,,,,,,
29,29029,9,0,0,0,,,,,,,,
29,29030,1,37,32,5,,,,,,,,
29,29030,2,0,0,0,,,,,,,,
29,29030,3,0,0,0,,,,,,,,
29,29030,4,0,0,0,,,,,,,,
29,29030,5,0,0,0,,,,,,,,
29,29030,6,NA,NA,NA,,,,,,,,
29,29030,7,3,3,0,,,,,,,,
29,29030,8,2,1,1,,,,,,,,
29,29030,9,0,0,0,,,,,,,,
29,29031,1,40,30,10,,,,,,,,
29,29031,2,0,0,0,,,,,,,,
29,29031,3,0,0,0,,,,,,,,
29,29031,4,0,0,0,,,,,,,,
29,29031,5,0,0,0,,,,,,,,
29,29031,6,NA,NA,NA,,,,,,,,
29,29031,7,3,3,0,,,,,,,,
29,29031,8,7,2,5,,,,,,,,
29,29031,9,0,0,0,,,,,,,,
29,29032,1,9,9,0,,,,,,,,
29,29032,2,0,0,0,,,,,,,,
29,29032,3,0,0,0,,,,,,,,
29,29032,4,0,0,0,,,,,,,,
29,29032,5,0,0,0,,,,,,,,
29,29032,6,NA,NA,NA,,,,,,,,
29,29032,7,1,1,0,,,,,,,,
29,29032,8,0,0,0,,,,,,,,
29,29032,9,0,0,0,,,,,,,,
29,29033,1,91,72,19,,,,,,,,
29,29033,2,0,0,0,,,,,,,,
29,29033,3,0,0,0,,,,,,,,
29,29033,4,0,0,0,,,,,,,,
29,29033,5,0,0,0,,,,,,,,
29,29033,6,NA,NA,NA,,,,,,,,
29,29033,7,13,13,0,,,,,,,,
29,29033,8,39,28,11,,,,,,,,
29,29033,9,0,0,0,,,,,,,,
29,29034,1,39,30,9,,,,,,,,
29,29034,2,0,0,0,,,,,,,,
29,29034,3,0,0,0,,,,,,,,
29,29034,4,0,0,0,,,,,,,,
29,29034,5,0,0,0,,,,,,,,
29,29034,6,NA,NA,NA,,,,,,,,
29,29034,7,2,2,0,,,,,,,,
29,29034,8,5,0,5,,,,,,,,
29,29034,9,8,5,3,,,,,,,,
29,29035,1,13,10,3,,,,,,,,
29,29035,2,0,0,0,,,,,,,,
29,29035,3,0,0,0,,,,,,,,
29,29035,4,0,0,0,,,,,,,,
29,29035,5,0,0,0,,,,,,,,
29,29035,6,NA,NA,NA,,,,,,,,
29,29035,7,3,3,0,,,,,,,,
29,29035,8,1,0,1,,,,,,,,
29,29035,9,0,0,0,,,,,,,,
29,29036,1,20,13,7,,,,,,,,
29,29036,2,4,4,0,,,,,,,,
29,29036,3,0,0,0,,,,,,,,
29,29036,4,0,0,0,,,,,,,,
29,29036,5,0,0,0,,,,,,,,
29,29036,6,5,5,0,,,,,,,,
29,29036,7,6,6,0,,,,,,,,
29,29036,8,2,1,1,,,,,,,,
29,29036,9,0,0,0,,,,,,,,
29,29037,1,13,11,2,,,,,,,,
29,29037,2,0,0,0,,,,,,,,
29,29037,3,0,0,0,,,,,,,,
29,29037,4,0,0,0,,,,,,,,
29,29037,5,0,0,0,,,,,,,,
29,29037,6,NA,NA,NA,,,,,,,,
29,29037,7,3,2,1,,,,,,,,
29,29037,8,1,1,0,,,,,,,,
29,29037,9,0,0,0,,,,,,,,
29,29038,1,48,36,12,,,,,,,,
29,29038,2,0,0,0,,,,,,,,
29,29038,3,0,0,0,,,,,,,,
29,29038,4,0,0,0,,,,,,,,
29,29038,5,0,0,0,,,,,,,,
29,29038,6,NA,NA,NA,,,,,,,,
29,29038,7,4,4,0,,,,,,,,
29,29038,8,1,0,1,,,,,,,,
29,29038,9,0,0,0,,,,,,,,
29,29039,1,27,22,5,,,,,,,,
29,29039,2,0,0,0,,,,,,,,
29,29039,3,0,0,0,,,,,,,,
29,29039,4,0,0,0,,,,,,,,
29,29039,5,0,0,0,,,,,,,,
29,29039,6,NA,NA,NA,,,,,,,,
29,29039,7,3,3,0,,,,,,,,
29,29039,8,0,0,0,,,,,,,,
29,29039,9,0,0,0,,,,,,,,
29,29040,1,21,16,5,,,,,,,,
29,29040,2,0,0,0,,,,,,,,
29,29040,3,0,0,0,,,,,,,,
29,29040,4,0,0,0,,,,,,,,
29,29040,5,0,0,0,,,,,,,,
29,29040,6,NA,NA,NA,,,,,,,,
29,29040,7,4,4,0,,,,,,,,
29,29040,8,1,0,1,,,,,,,,
29,29040,9,0,0,0,,,,,,,,
29,29041,1,37,31,6,,,,,,,,
29,29041,2,6,5,1,,,,,,,,
29,29041,3,0,0,0,,,,,,,,
29,29041,4,0,0,0,,,,,,,,
29,29041,5,0,0,0,,,,,,,,
29,29041,6,11,7,4,,,,,,,,
29,29041,7,5,5,0,,,,,,,,
29,29041,8,2,2,0,,,,,,,,
29,29041,9,0,0,0,,,,,,,,
29,29042,1,28,20,8,,,,,,,,
29,29042,2,0,0,0,,,,,,,,
29,29042,3,0,0,0,,,,,,,,
29,29042,4,0,0,0,,,,,,,,
29,29042,5,0,0,0,,,,,,,,
29,29042,6,NA,NA,NA,,,,,,,,
29,29042,7,1,1,0,,,,,,,,
29,29042,8,0,0,0,,,,,,,,
29,29042,9,0,0,0,,,,,,,,
29,29043,1,43,34,9,,,,,,,,
29,29043,2,0,0,0,,,,,,,,
29,29043,3,0,0,0,,,,,,,,
29,29043,4,0,0,0,,,,,,,,
29,29043,5,0,0,0,,,,,,,,
29,29043,6,NA,NA,NA,,,,,,,,
29,29043,7,4,4,0,,,,,,,,
29,29043,8,3,2,1,,,,,,,,
29,29043,9,0,0,0,,,,,,,,
29,29044,1,112,82,30,,,,,,,,
29,29044,2,8,6,2,,,,,,,,
29,29044,3,0,0,0,,,,,,,,
29,29044,4,0,0,0,,,,,,,,
29,29044,5,0,0,0,,,,,,,,
29,29044,6,16,12,4,,,,,,,,
29,29044,7,8,8,0,,,,,,,,
29,29044,8,8,4,4,,,,,,,,
29,29044,9,0,0,0,,,,,,,,
29,29045,1,14,14,0,,,,,,,,
29,29045,2,0,0,0,,,,,,,,
29,29045,3,0,0,0,,,,,,,,
29,29045,4,0,0,0,,,,,,,,
29,29045,5,0,0,0,,,,,,,,
29,29045,6,NA,NA,NA,,,,,,,,
29,29045,7,1,1,0,,,,,,,,
29,29045,8,1,0,1,,,,,,,,
29,29045,9,0,0,0,,,,,,,,
29,29046,1,12,11,1,,,,,,,,
29,29046,2,0,0,0,,,,,,,,
29,29046,3,0,0,0,,,,,,,,
29,29046,4,0,0,0,,,,,,,,
29,29046,5,0,0,0,,,,,,,,
29,29046,6,NA,NA,NA,,,,,,,,
29,29046,7,3,3,0,,,,,,,,
29,29046,8,0,0,0,,,,,,,,
29,29046,9,0,0,0,,,,,,,,
29,29047,1,10,8,2,,,,,,,,
29,29047,2,0,0,0,,,,,,,,
29,29047,3,0,0,0,,,,,,,,
29,29047,4,0,0,0,,,,,,,,
29,29047,5,0,0,0,,,,,,,,
29,29047,6,NA,NA,NA,,,,,,,,
29,29047,7,1,1,0,,,,,,,,
29,29047,8,1,0,1,,,,,,,,
29,29047,9,0,0,0,,,,,,,,
29,29048,1,ND,ND,ND,,,,,,,,
29,29048,2,ND,ND,ND,,,,,,,,
29,29048,3,ND,ND,ND,,,,,,,,
29,29048,4,ND,ND,ND,,,,,,,,
29,29048,5,ND,ND,ND,,,,,,,,
29,29048,6,ND,ND,ND,,,,,,,,
29,29048,7,ND,ND,ND,,,,,,,,
29,29048,8,ND,ND,ND,,,,,,,,
29,29048,9,ND,ND,ND,,,,,,,,
29,29049,1,18,13,5,,,,,,,,
29,29049,2,0,0,0,,,,,,,,
29,29049,3,0,0,0,,,,,,,,
29,29049,4,0,0,0,,,,,,,,
29,29049,5,0,0,0,,,,,,,,
29,29049,6,NA,NA,NA,,,,,,,,
29,29049,7,1,1,0,,,,,,,,
29,29049,8,0,0,0,,,,,,,,
29,29049,9,0,0,0,,,,,,,,
29,29050,1,27,18,9,,,,,,,,
29,29050,2,0,0,0,,,,,,,,
29,29050,3,0,0,0,,,,,,,,
29,29050,4,0,0,0,,,,,,,,
29,29050,5,0,0,0,,,,,,,,
29,29050,6,NA,NA,NA,,,,,,,,
29,29050,7,4,4,0,,,,,,,,
29,29050,8,1,1,0,,,,,,,,
29,29050,9,0,0,0,,,,,,,,
29,29051,1,7,5,2,,,,,,,,
29,29051,2,0,0,0,,,,,,,,
29,29051,3,0,0,0,,,,,,,,
29,29051,4,0,0,0,,,,,,,,
29,29051,5,0,0,0,,,,,,,,
29,29051,6,NA,NA,NA,,,,,,,,
29,29051,7,3,3,0,,,,,,,,
29,29051,8,0,0,0,,,,,,,,
29,29051,9,0,0,0,,,,,,,,
29,29052,1,16,11,5,,,,,,,,
29,29052,2,0,0,0,,,,,,,,
29,29052,3,0,0,0,,,,,,,,
29,29052,4,0,0,0,,,,,,,,
29,29052,5,0,0,0,,,,,,,,
29,29052,6,NA,NA,NA,,,,,,,,
29,29052,7,3,3,0,,,,,,,,
29,29052,8,1,1,0,,,,,,,,
29,29052,9,0,0,0,,,,,,,,
29,29053,1,15,13,2,,,,,,,,
29,29053,2,0,0,0,,,,,,,,
29,29053,3,0,0,0,,,,,,,,
29,29053,4,0,0,0,,,,,,,,
29,29053,5,0,0,0,,,,,,,,
29,29053,6,NA,NA,NA,,,,,,,,
29,29053,7,2,2,0,,,,,,,,
29,29053,8,2,0,2,,,,,,,,
29,29053,9,0,0,0,,,,,,,,
29,29054,1,12,11,1,,,,,,,,
29,29054,2,0,0,0,,,,,,,,
29,29054,3,0,0,0,,,,,,,,
29,29054,4,0,0,0,,,,,,,,
29,29054,5,0,0,0,,,,,,,,
29,29054,6,NA,NA,NA,,,,,,,,
29,29054,7,2,2,0,,,,,,,,
29,29054,8,1,0,1,,,,,,,,
29,29054,9,0,0,0,,,,,,,,
29,29055,1,11,10,1,,,,,,,,
29,29055,2,0,0,0,,,,,,,,
29,29055,3,0,0,0,,,,,,,,
29,29055,4,0,0,0,,,,,,,,
29,29055,5,0,0,0,,,,,,,,
29,29055,6,NA,NA,NA,,,,,,,,
29,29055,7,2,2,0,,,,,,,,
29,29055,8,0,0,0,,,,,,,,
29,29055,9,0,0,0,,,,,,,,
29,29056,1,16,11,5,,,,,,,,
29,29056,2,0,0,0,,,,,,,,
29,29056,3,0,0,0,,,,,,,,
29,29056,4,0,0,0,,,,,,,,
29,29056,5,0,0,0,,,,,,,,
29,29056,6,NA,NA,NA,,,,,,,,
29,29056,7,3,3,0,,,,,,,,
29,29056,8,1,1,0,,,,,,,,
29,29056,9,0,0,0,,,,,,,,
29,29057,1,7,5,2,,,,,,,,
29,29057,2,0,0,0,,,,,,,,
29,29057,3,0,0,0,,,,,,,,
29,29057,4,0,0,0,,,,,,,,
29,29057,5,0,0,0,,,,,,,,
29,29057,6,NA,NA,NA,,,,,,,,
29,29057,7,5,3,2,,,,,,,,
29,29057,8,0,0,0,,,,,,,,
29,29057,9,0,0,0,,,,,,,,
29,29058,1,7,4,3,,,,,,,,
29,29058,2,0,0,0,,,,,,,,
29,29058,3,0,0,0,,,,,,,,
29,29058,4,0,0,0,,,,,,,,
29,29058,5,6,4,2,,,,,,,,
29,29058,6,NA,NA,NA,,,,,,,,
29,29058,7,3,3,0,,,,,,,,
29,29058,8,1,0,1,,,,,,,,
29,29058,9,0,0,0,,,,,,,,
29,29059,1,12,10,2,,,,,,,,
29,29059,2,4,4,0,,,,,,,,
29,29059,3,0,0,0,,,,,,,,
29,29059,4,0,0,0,,,,,,,,
29,29059,5,0,0,0,,,,,,,,
29,29059,6,NA,NA,NA,,,,,,,,
29,29059,7,6,4,2,,,,,,,,
29,29059,8,0,0,0,,,,,,,,
29,29059,9,0,0,0,,,,,,,,
29,29060,1,14,10,4,,,,,,,,
29,29060,2,0,0,0,,,,,,,,
29,29060,3,0,0,0,,,,,,,,
29,29060,4,0,0,0,,,,,,,,
29,29060,5,0,0,0,,,,,,,,
29,29060,6,NA,NA,NA,,,,,,,,
29,29060,7,2,2,0,,,,,,,,
29,29060,8,0,0,0,,,,,,,,
29,29060,9,0,0,0,,,,,,,,
30,30001,1,10,8,2,,,,,,,,
30,30001,2,0,0,0,,,,,,,,
30,30001,3,0,0,0,,,,,,,,
30,30001,4,0,0,0,,,,,,,,
30,30001,5,0,0,0,,,,,,,,
30,30001,6,NA,NA,NA,,,,,,,,
30,30001,7,1,1,0,,,,,,,,
30,30001,8,0,0,0,,,,,,,,
30,30001,9,0,0,0,,,,,,,,
30,30002,1,8,6,2,,,,,,,,
30,30002,2,0,0,0,,,,,,,,
30,30002,3,0,0,0,,,,,,,,
30,30002,4,0,0,0,,,,,,,,
30,30002,5,0,0,0,,,,,,,,
30,30002,6,NA,NA,NA,,,,,,,,
30,30002,7,2,2,0,,,,,,,,
30,30002,8,0,0,0,,,,,,,,
30,30002,9,0,0,0,,,,,,,,
30,30003,1,ND,ND,ND,,,,,,,,
30,30003,2,ND,ND,ND,,,,,,,,
30,30003,3,ND,ND,ND,,,,,,,,
30,30003,4,ND,ND,ND,,,,,,,,
30,30003,5,ND,ND,ND,,,,,,,,
30,30003,6,ND,ND,ND,,,,,,,,
30,30003,7,ND,ND,ND,,,,,,,,
30,30003,8,ND,ND,ND,,,,,,,,
30,30003,9,ND,ND,ND,,,,,,,,
30,30004,1,30,28,2,,,,,,,,
30,30004,2,0,0,0,,,,,,,,
30,30004,3,0,0,0,,,,,,,,
30,30004,4,0,0,0,,,,,,,,
30,30004,5,0,0,0,,,,,,,,
30,30004,6,NA,NA,NA,,,,,,,,
30,30004,7,2,2,0,,,,,,,,
30,30004,8,2,0,2,,,,,,,,
30,30004,9,3,1,2,,,,,,,,
30,30005,1,8,7,1,,,,,,,,
30,30005,2,0,0,0,,,,,,,,
30,30005,3,0,0,0,,,,,,,,
30,30005,4,0,0,0,,,,,,,,
30,30005,5,0,0,0,,,,,,,,
30,30005,6,NA,NA,NA,,,,,,,,
30,30005,7,1,1,0,,,,,,,,
30,30005,8,1,0,1,,,,,,,,
30,30005,9,0,0,0,,,,,,,,
30,30006,1,ND,ND,ND,,,,,,,,
30,30006,2,ND,ND,ND,,,,,,,,
30,30006,3,ND,ND,ND,,,,,,,,
30,30006,4,ND,ND,ND,,,,,,,,
30,30006,5,ND,ND,ND,,,,,,,,
30,30006,6,ND,ND,ND,,,,,,,,
30,30006,7,ND,ND,ND,,,,,,,,
30,30006,8,ND,ND,ND,,,,,,,,
30,30006,9,ND,ND,ND,,,,,,,,
30,30007,1,3,2,1,,,,,,,,
30,30007,2,0,0,0,,,,,,,,
30,30007,3,0,0,0,,,,,,,,
30,30007,4,0,0,0,,,,,,,,
30,30007,5,0,0,0,,,,,,,,
30,30007,6,NA,NA,NA,,,,,,,,
30,30007,7,1,1,0,,,,,,,,
30,30007,8,0,0,0,,,,,,,,
30,30007,9,0,0,0,,,,,,,,
30,30008,1,6,6,0,,,,,,,,
30,30008,2,0,0,0,,,,,,,,
30,30008,3,0,0,0,,,,,,,,
30,30008,4,0,0,0,,,,,,,,
30,30008,5,0,0,0,,,,,,,,
30,30008,6,NA,NA,NA,,,,,,,,
30,30008,7,2,2,0,,,,,,,,
30,30008,8,0,0,0,,,,,,,,
30,30008,9,0,0,0,,,,,,,,
30,30009,1,22,21,1,,,,,,,,
30,30009,2,0,0,0,,,,,,,,
30,30009,3,0,0,0,,,,,,,,
30,30009,4,0,0,0,,,,,,,,
30,30009,5,0,0,0,,,,,,,,
30,30009,6,NA,NA,NA,,,,,,,,
30,30009,7,1,1,0,,,,,,,,
30,30009,8,1,0,1,,,,,,,,
30,30009,9,0,0,0,,,,,,,,
30,30010,1,28,21,7,,,,,,,,
30,30010,2,0,0,0,,,,,,,,
30,30010,3,0,0,0,,,,,,,,
30,30010,4,0,0,0,,,,,,,,
30,30010,5,0,0,0,,,,,,,,
30,30010,6,NA,NA,NA,,,,,,,,
30,30010,7,1,1,0,,,,,,,,
30,30010,8,0,0,0,,,,,,,,
30,30010,9,0,0,0,,,,,,,,
30,30011,1,81,56,25,,,,,,,,
30,30011,2,0,0,0,,,,,,,,
30,30011,3,0,0,0,,,,,,,,
30,30011,4,0,0,0,,,,,,,,
30,30011,5,0,0,0,,,,,,,,
30,30011,6,NA,NA,NA,,,,,,,,
30,30011,7,1,1,0,,,,,,,,
30,30011,8,1,0,1,,,,,,,,
30,30011,9,0,0,0,,,,,,,,
30,30012,1,6,6,0,,,,,,,,
30,30012,2,0,0,0,,,,,,,,
30,30012,3,0,0,0,,,,,,,,
30,30012,4,0,0,0,,,,,,,,
30,30012,5,0,0,0,,,,,,,,
30,30012,6,NA,NA,NA,,,,,,,,
30,30012,7,1,1,0,,,,,,,,
30,30012,8,0,0,0,,,,,,,,
30,30012,9,0,0,0,,,,,,,,
30,30013,1,39,30,9,,,,,,,,
30,30013,2,0,0,0,,,,,,,,
30,30013,3,0,0,0,,,,,,,,
30,30013,4,0,0,0,,,,,,,,
30,30013,5,0,0,0,,,,,,,,
30,30013,6,NA,NA,NA,,,,,,,,
30,30013,7,0,0,0,,,,,,,,
30,30013,8,0,0,0,,,,,,,,
30,30013,9,0,0,0,,,,,,,,
30,30014,1,32,27,5,,,,,,,,
30,30014,2,0,0,0,,,,,,,,
30,30014,3,0,0,0,,,,,,,,
30,30014,4,0,0,0,,,,,,,,
30,30014,5,0,0,0,,,,,,,,
30,30014,6,NA,NA,NA,,,,,,,,
30,30014,7,1,1,0,,,,,,,,
30,30014,8,0,0,0,,,,,,,,
30,30014,9,0,0,0,,,,,,,,
30,30015,1,53,49,4,,,,,,,,
30,30015,2,0,0,0,,,,,,,,
30,30015,3,0,0,0,,,,,,,,
30,30015,4,0,0,0,,,,,,,,
30,30015,5,0,0,0,,,,,,,,
30,30015,6,NA,NA,NA,,,,,,,,
30,30015,7,4,4,0,,,,,,,,
30,30015,8,5,1,4,,,,,,,,
30,30015,9,0,0,0,,,,,,,,
30,30016,1,ND,ND,ND,,,,,,,,
30,30016,2,ND,ND,ND,,,,,,,,
30,30016,3,ND,ND,ND,,,,,,,,
30,30016,4,ND,ND,ND,,,,,,,,
30,30016,5,ND,ND,ND,,,,,,,,
30,30016,6,ND,ND,ND,,,,,,,,
30,30016,7,ND,ND,ND,,,,,,,,
30,30016,8,ND,ND,ND,,,,,,,,
30,30016,9,ND,ND,ND,,,,,,,,
30,30017,1,13,13,0,,,,,,,,
30,30017,2,0,0,0,,,,,,,,
30,30017,3,0,0,0,,,,,,,,
30,30017,4,0,0,0,,,,,,,,
30,30017,5,0,0,0,,,,,,,,
30,30017,6,NA,NA,NA,,,,,,,,
30,30017,7,1,1,0,,,,,,,,
30,30017,8,0,0,0,,,,,,,,
30,30017,9,0,0,0,,,,,,,,
30,30018,1,10,10,0,,,,,,,,
30,30018,2,0,0,0,,,,,,,,
30,30018,3,0,0,0,,,,,,,,
30,30018,4,0,0,0,,,,,,,,
30,30018,5,0,0,0,,,,,,,,
30,30018,6,NA,NA,NA,,,,,,,,
30,30018,7,1,1,0,,,,,,,,
30,30018,8,0,0,0,,,,,,,,
30,30018,9,0,0,0,,,,,,,,
30,30019,1,9,8,1,,,,,,,,
30,30019,2,0,0,0,,,,,,,,
30,30019,3,0,0,0,,,,,,,,
30,30019,4,0,0,0,,,,,,,,
30,30019,5,0,0,0,,,,,,,,
30,30019,6,NA,NA,NA,,,,,,,,
30,30019,7,1,1,0,,,,,,,,
30,30019,8,0,0,0,,,,,,,,
30,30019,9,0,0,0,,,,,,,,
30,30020,1,9,9,0,,,,,,,,
30,30020,2,0,0,0,,,,,,,,
30,30020,3,0,0,0,,,,,,,,
30,30020,4,0,0,0,,,,,,,,
30,30020,5,0,0,0,,,,,,,,
30,30020,6,NA,NA,NA,,,,,,,,
30,30020,7,2,2,0,,,,,,,,
30,30020,8,0,0,0,,,,,,,,
30,30020,9,0,0,0,,,,,,,,
30,30021,1,18,15,3,,,,,,,,
30,30021,2,0,0,0,,,,,,,,
30,30021,3,0,0,0,,,,,,,,
30,30021,4,0,0,0,,,,,,,,
30,30021,5,0,0,0,,,,,,,,
30,30021,6,NA,NA,NA,,,,,,,,
30,30021,7,2,2,0,,,,,,,,
30,30021,8,0,0,0,,,,,,,,
30,30021,9,0,0,0,,,,,,,,
30,30022,1,35,29,6,,,,,,,,
30,30022,2,0,0,0,,,,,,,,
30,30022,3,0,0,0,,,,,,,,
30,30022,4,0,0,0,,,,,,,,
30,30022,5,0,0,0,,,,,,,,
30,30022,6,NA,NA,NA,,,,,,,,
30,30022,7,1,1,0,,,,,,,,
30,30022,8,1,0,1,,,,,,,,
30,30022,9,0,0,0,,,,,,,,
30,30023,1,30,27,3,,,,,,,,
30,30023,2,0,0,0,,,,,,,,
30,30023,3,0,0,0,,,,,,,,
30,30023,4,0,0,0,,,,,,,,
30,30023,5,0,0,0,,,,,,,,
30,30023,6,NA,NA,NA,,,,,,,,
30,30023,7,1,1,0,,,,,,,,
30,30023,8,6,2,4,,,,,,,,
30,30023,9,0,0,0,,,,,,,,
30,30024,1,16,13,3,,,,,,,,
30,30024,2,0,0,0,,,,,,,,
30,30024,3,0,0,0,,,,,,,,
30,30024,4,0,0,0,,,,,,,,
30,30024,5,0,0,0,,,,,,,,
30,30024,6,NA,NA,NA,,,,,,,,
30,30024,7,2,2,0,,,,,,,,
30,30024,8,2,0,2,,,,,,,,
30,30024,9,0,0,0,,,,,,,,
30,30025,1,29,29,0,,,,,,,,
30,30025,2,0,0,0,,,,,,,,
30,30025,3,0,0,0,,,,,,,,
30,30025,4,0,0,0,,,,,,,,
30,30025,5,0,0,0,,,,,,,,
30,30025,6,NA,NA,NA,,,,,,,,
30,30025,7,1,1,0,,,,,,,,
30,30025,8,0,0,0,,,,,,,,
30,30025,9,0,0,0,,,,,,,,
30,30026,1,ND,ND,ND,,,,,,,,
30,30026,2,ND,ND,ND,,,,,,,,
30,30026,3,ND,ND,ND,,,,,,,,
30,30026,4,ND,ND,ND,,,,,,,,
30,30026,5,ND,ND,ND,,,,,,,,
30,30026,6,ND,ND,ND,,,,,,,,
30,30026,7,ND,ND,ND,,,,,,,,
30,30026,8,ND,ND,ND,,,,,,,,
30,30026,9,ND,ND,ND,,,,,,,,
30,30027,1,22,21,1,,,,,,,,
30,30027,2,0,0,0,,,,,,,,
30,30027,3,0,0,0,,,,,,,,
30,30027,4,0,0,0,,,,,,,,
30,30027,5,0,0,0,,,,,,,,
30,30027,6,NA,NA,NA,,,,,,,,
30,30027,7,0,0,0,,,,,,,,
30,30027,8,0,0,0,,,,,,,,
30,30027,9,0,0,0,,,,,,,,
30,30028,1,110,84,26,,,,,,,,
30,30028,2,0,0,0,,,,,,,,
30,30028,3,0,0,0,,,,,,,,
30,30028,4,0,0,0,,,,,,,,
30,30028,5,0,0,0,,,,,,,,
30,30028,6,NA,NA,NA,,,,,,,,
30,30028,7,2,2,0,,,,,,,,
30,30028,8,6,0,6,,,,,,,,
30,30028,9,0,0,0,,,,,,,,
30,30029,1,7,7,0,,,,,,,,
30,30029,2,0,0,0,,,,,,,,
30,30029,3,0,0,0,,,,,,,,
30,30029,4,0,0,0,,,,,,,,
30,30029,5,0,0,0,,,,,,,,
30,30029,6,NA,NA,NA,,,,,,,,
30,30029,7,2,2,0,,,,,,,,
30,30029,8,1,0,1,,,,,,,,
30,30029,9,0,0,0,,,,,,,,
30,30030,1,25,20,5,,,,,,,,
30,30030,2,0,0,0,,,,,,,,
30,30030,3,0,0,0,,,,,,,,
30,30030,4,0,0,0,,,,,,,,
30,30030,5,0,0,0,,,,,,,,
30,30030,6,NA,NA,NA,,,,,,,,
30,30030,7,1,1,0,,,,,,,,
30,30030,8,1,0,1,,,,,,,,
30,30030,9,0,0,0,,,,,,,,
30,30031,1,17,17,0,,,,,,,,
30,30031,2,0,0,0,,,,,,,,
30,30031,3,0,0,0,,,,,,,,
30,30031,4,0,0,0,,,,,,,,
30,30031,5,0,0,0,,,,,,,,
30,30031,6,NA,NA,NA,,,,,,,,
30,30031,7,2,2,0,,,,,,,,
30,30031,8,3,2,1,,,,,,,,
30,30031,9,0,0,0,,,,,,,,
30,30032,1,78,68,10,,,,,,,,
30,30032,2,0,0,0,,,,,,,,
30,30032,3,0,0,0,,,,,,,,
30,30032,4,0,0,0,,,,,,,,
30,30032,5,0,0,0,,,,,,,,
30,30032,6,NA,NA,NA,,,,,,,,
30,30032,7,3,3,0,,,,,,,,
30,30032,8,4,1,3,,,,,,,,
30,30032,9,0,0,0,,,,,,,,
30,30033,1,32,29,3,,,,,,,,
30,30033,2,0,0,0,,,,,,,,
30,30033,3,0,0,0,,,,,,,,
30,30033,4,0,0,0,,,,,,,,
30,30033,5,0,0,0,,,,,,,,
30,30033,6,NA,NA,NA,,,,,,,,
30,30033,7,1,1,0,,,,,,,,
30,30033,8,1,1,0,,,,,,,,
30,30033,9,0,0,0,,,,,,,,
30,30034,1,39,33,6,,,,,,,,
30,30034,2,0,0,0,,,,,,,,
30,30034,3,0,0,0,,,,,,,,
30,30034,4,0,0,0,,,,,,,,
30,30034,5,0,0,0,,,,,,,,
30,30034,6,NA,NA,NA,,,,,,,,
30,30034,7,3,3,0,,,,,,,,
30,30034,8,0,0,0,,,,,,,,
30,30034,9,0,0,0,,,,,,,,
30,30035,1,18,16,2,,,,,,,,
30,30035,2,0,0,0,,,,,,,,
30,30035,3,0,0,0,,,,,,,,
30,30035,4,0,0,0,,,,,,,,
30,30035,5,0,0,0,,,,,,,,
30,30035,6,NA,NA,NA,,,,,,,,
30,30035,7,2,2,0,,,,,,,,
30,30035,8,0,0,0,,,,,,,,
30,30035,9,0,0,0,,,,,,,,
30,30036,1,9,9,0,,,,,,,,
30,30036,2,0,0,0,,,,,,,,
30,30036,3,0,0,0,,,,,,,,
30,30036,4,0,0,0,,,,,,,,
30,30036,5,0,0,0,,,,,,,,
30,30036,6,NA,NA,NA,,,,,,,,
30,30036,7,1,1,0,,,,,,,,
30,30036,8,2,2,0,,,,,,,,
30,30036,9,0,0,0,,,,,,,,
30,30037,1,10,10,0,,,,,,,,
30,30037,2,0,0,0,,,,,,,,
30,30037,3,0,0,0,,,,,,,,
30,30037,4,0,0,0,,,,,,,,
30,30037,5,0,0,0,,,,,,,,
30,30037,6,NA,NA,NA,,,,,,,,
30,30037,7,2,2,0,,,,,,,,
30,30037,8,0,0,0,,,,,,,,
30,30037,9,0,0,0,,,,,,,,
30,30038,1,87,75,12,,,,,,,,
30,30038,2,0,0,0,,,,,,,,
30,30038,3,0,0,0,,,,,,,,
30,30038,4,0,0,0,,,,,,,,
30,30038,5,0,0,0,,,,,,,,
30,30038,6,NA,NA,NA,,,,,,,,
30,30038,7,3,3,0,,,,,,,,
30,30038,8,28,16,12,,,,,,,,
30,30038,9,0,0,0,,,,,,,,
30,30039,1,417,279,138,,,,,,,,
30,30039,2,0,0,0,,,,,,,,
30,30039,3,0,0,0,,,,,,,,
30,30039,4,0,0,0,,,,,,,,
30,30039,5,0,0,0,,,,,,,,
30,30039,6,NA,NA,NA,,,,,,,,
30,30039,7,1,1,0,,,,,,,,
30,30039,8,0,0,0,,,,,,,,
30,30039,9,0,0,0,,,,,,,,
30,30040,1,7,6,1,,,,,,,,
30,30040,2,0,0,0,,,,,,,,
30,30040,3,0,0,0,,,,,,,,
30,30040,4,0,0,0,,,,,,,,
30,30040,5,0,0,0,,,,,,,,
30,30040,6,NA,NA,NA,,,,,,,,
30,30040,7,1,1,0,,,,,,,,
30,30040,8,0,0,0,,,,,,,,
30,30040,9,0,0,0,,,,,,,,
30,30041,1,9,7,2,,,,,,,,
30,30041,2,0,0,0,,,,,,,,
30,30041,3,0,0,0,,,,,,,,
30,30041,4,0,0,0,,,,,,,,
30,30041,5,0,0,0,,,,,,,,
30,30041,6,NA,NA,NA,,,,,,,,
30,30041,7,2,2,0,,,,,,,,
30,30041,8,0,0,0,,,,,,,,
30,30041,9,0,0,0,,,,,,,,
30,30042,1,10,10,0,,,,,,,,
30,30042,2,0,0,0,,,,,,,,
30,30042,3,0,0,0,,,,,,,,
30,30042,4,0,0,0,,,,,,,,
30,30042,5,0,0,0,,,,,,,,
30,30042,6,NA,NA,NA,,,,,,,,
30,30042,7,1,1,0,,,,,,,,
30,30042,8,0,0,0,,,,,,,,
30,30042,9,0,0,0,,,,,,,,
30,30043,1,9,8,1,,,,,,,,
30,30043,2,0,0,0,,,,,,,,
30,30043,3,0,0,0,,,,,,,,
30,30043,4,0,0,0,,,,,,,,
30,30043,5,0,0,0,,,,,,,,
30,30043,6,NA,NA,NA,,,,,,,,
30,30043,7,1,1,0,,,,,,,,
30,30043,8,0,0,0,,,,,,,,
30,30043,9,0,0,0,,,,,,,,
30,30044,1,ND,ND,ND,,,,,,,,
30,30044,2,ND,ND,ND,,,,,,,,
30,30044,3,ND,ND,ND,,,,,,,,
30,30044,4,ND,ND,ND,,,,,,,,
30,30044,5,ND,ND,ND,,,,,,,,
30,30044,6,ND,ND,ND,,,,,,,,
30,30044,7,ND,ND,ND,,,,,,,,
30,30044,8,ND,ND,ND,,,,,,,,
30,30044,9,ND,ND,ND,,,,,,,,
30,30045,1,61,52,9,,,,,,,,
30,30045,2,0,0,0,,,,,,,,
30,30045,3,0,0,0,,,,,,,,
30,30045,4,0,0,0,,,,,,,,
30,30045,5,0,0,0,,,,,,,,
30,30045,6,NA,NA,NA,,,,,,,,
30,30045,7,2,2,0,,,,,,,,
30,30045,8,1,0,1,,,,,,,,
30,30045,9,0,0,0,,,,,,,,
30,30046,1,13,12,1,,,,,,,,
30,30046,2,0,0,0,,,,,,,,
30,30046,3,0,0,0,,,,,,,,
30,30046,4,0,0,0,,,,,,,,
30,30046,5,0,0,0,,,,,,,,
30,30046,6,NA,NA,NA,,,,,,,,
30,30046,7,1,1,0,,,,,,,,
30,30046,8,0,0,0,,,,,,,,
30,30046,9,0,0,0,,,,,,,,
30,30047,1,55,53,2,,,,,,,,
30,30047,2,0,0,0,,,,,,,,
30,30047,3,0,0,0,,,,,,,,
30,30047,4,0,0,0,,,,,,,,
30,30047,5,0,0,0,,,,,,,,
30,30047,6,NA,NA,NA,,,,,,,,
30,30047,7,3,3,0,,,,,,,,
30,30047,8,2,1,1,,,,,,,,
30,30047,9,0,0,0,,,,,,,,
30,30048,1,ND,ND,ND,,,,,,,,
30,30048,2,ND,ND,ND,,,,,,,,
30,30048,3,ND,ND,ND,,,,,,,,
30,30048,4,ND,ND,ND,,,,,,,,
30,30048,5,ND,ND,ND,,,,,,,,
30,30048,6,ND,ND,ND,,,,,,,,
30,30048,7,ND,ND,ND,,,,,,,,
30,30048,8,ND,ND,ND,,,,,,,,
30,30048,9,ND,ND,ND,,,,,,,,
30,30049,1,18,16,2,,,,,,,,
30,30049,2,0,0,0,,,,,,,,
30,30049,3,0,0,0,,,,,,,,
30,30049,4,0,0,0,,,,,,,,
30,30049,5,0,0,0,,,,,,,,
30,30049,6,NA,NA,NA,,,,,,,,
30,30049,7,1,0,1,,,,,,,,
30,30049,8,0,0,0,,,,,,,,
30,30049,9,0,0,0,,,,,,,,
30,30050,1,20,18,2,,,,,,,,
30,30050,2,0,0,0,,,,,,,,
30,30050,3,0,0,0,,,,,,,,
30,30050,4,0,0,0,,,,,,,,
30,30050,5,0,0,0,,,,,,,,
30,30050,6,NA,NA,NA,,,,,,,,
30,30050,7,1,1,0,,,,,,,,
30,30050,8,0,0,0,,,,,,,,
30,30050,9,0,0,0,,,,,,,,
30,30051,1,55,53,2,,,,,,,,
30,30051,2,0,0,0,,,,,,,,
30,30051,3,0,0,0,,,,,,,,
30,30051,4,0,0,0,,,,,,,,
30,30051,5,0,0,0,,,,,,,,
30,30051,6,NA,NA,NA,,,,,,,,
30,30051,7,1,1,0,,,,,,,,
30,30051,8,4,3,1,,,,,,,,
30,30051,9,0,0,0,,,,,,,,
30,30052,1,16,15,1,,,,,,,,
30,30052,2,0,0,0,,,,,,,,
30,30052,3,0,0,0,,,,,,,,
30,30052,4,0,0,0,,,,,,,,
30,30052,5,0,0,0,,,,,,,,
30,30052,6,NA,NA,NA,,,,,,,,
30,30052,7,2,2,0,,,,,,,,
30,30052,8,2,1,1,,,,,,,,
30,30052,9,0,0,0,,,,,,,,
30,30053,1,20,18,2,,,,,,,,
30,30053,2,0,0,0,,,,,,,,
30,30053,3,0,0,0,,,,,,,,
30,30053,4,0,0,0,,,,,,,,
30,30053,5,0,0,0,,,,,,,,
30,30053,6,NA,NA,NA,,,,,,,,
30,30053,7,1,1,0,,,,,,,,
30,30053,8,1,0,1,,,,,,,,
30,30053,9,0,0,0,,,,,,,,
30,30054,1,13,13,0,,,,,,,,
30,30054,2,0,0,0,,,,,,,,
30,30054,3,0,0,0,,,,,,,,
30,30054,4,0,0,0,,,,,,,,
30,30054,5,0,0,0,,,,,,,,
30,30054,6,NA,NA,NA,,,,,,,,
30,30054,7,2,2,0,,,,,,,,
30,30054,8,0,0,0,,,,,,,,
30,30054,9,0,0,0,,,,,,,,
30,30055,1,15,15,0,,,,,,,,
30,30055,2,0,0,0,,,,,,,,
30,30055,3,0,0,0,,,,,,,,
30,30055,4,0,0,0,,,,,,,,
30,30055,5,0,0,0,,,,,,,,
30,30055,6,NA,NA,NA,,,,,,,,
30,30055,7,0,0,0,,,,,,,,
30,30055,8,0,0,0,,,,,,,,
30,30055,9,0,0,0,,,,,,,,
30,30056,1,20,20,0,,,,,,,,
30,30056,2,0,0,0,,,,,,,,
30,30056,3,0,0,0,,,,,,,,
30,30056,4,0,0,0,,,,,,,,
30,30056,5,0,0,0,,,,,,,,
30,30056,6,NA,NA,NA,,,,,,,,
30,30056,7,2,2,0,,,,,,,,
30,30056,8,0,0,0,,,,,,,,
30,30056,9,0,0,0,,,,,,,,
30,30057,1,13,13,0,,,,,,,,
30,30057,2,0,0,0,,,,,,,,
30,30057,3,0,0,0,,,,,,,,
30,30057,4,0,0,0,,,,,,,,
30,30057,5,0,0,0,,,,,,,,
30,30057,6,NA,NA,NA,,,,,,,,
30,30057,7,2,2,0,,,,,,,,
30,30057,8,0,0,0,,,,,,,,
30,30057,9,0,0,0,,,,,,,,
30,30058,1,50,48,2,,,,,,,,
30,30058,2,0,0,0,,,,,,,,
30,30058,3,0,0,0,,,,,,,,
30,30058,4,0,0,0,,,,,,,,
30,30058,5,0,0,0,,,,,,,,
30,30058,6,NA,NA,NA,,,,,,,,
30,30058,7,1,1,0,,,,,,,,
30,30058,8,4,2,2,,,,,,,,
30,30058,9,0,0,0,,,,,,,,
30,30059,1,19,19,0,,,,,,,,
30,30059,2,0,0,0,,,,,,,,
30,30059,3,0,0,0,,,,,,,,
30,30059,4,0,0,0,,,,,,,,
30,30059,5,0,0,0,,,,,,,,
30,30059,6,NA,NA,NA,,,,,,,,
30,30059,7,0,0,0,,,,,,,,
30,30059,8,0,0,0,,,,,,,,
30,30059,9,0,0,0,,,,,,,,
30,30060,1,20,18,2,,,,,,,,
30,30060,2,0,0,0,,,,,,,,
30,30060,3,0,0,0,,,,,,,,
30,30060,4,0,0,0,,,,,,,,
30,30060,5,0,0,0,,,,,,,,
30,30060,6,NA,NA,NA,,,,,,,,
30,30060,7,3,3,0,,,,,,,,
30,30060,8,0,0,0,,,,,,,,
30,30060,9,0,0,0,,,,,,,,
30,30061,1,95,83,12,,,,,,,,
30,30061,2,0,0,0,,,,,,,,
30,30061,3,0,0,0,,,,,,,,
30,30061,4,0,0,0,,,,,,,,
30,30061,5,0,0,0,,,,,,,,
30,30061,6,NA,NA,NA,,,,,,,,
30,30061,7,1,1,0,,,,,,,,
30,30061,8,6,5,1,,,,,,,,
30,30061,9,0,0,0,,,,,,,,
30,30062,1,14,14,0,,,,,,,,
30,30062,2,0,0,0,,,,,,,,
30,30062,3,0,0,0,,,,,,,,
30,30062,4,0,0,0,,,,,,,,
30,30062,5,0,0,0,,,,,,,,
30,30062,6,NA,NA,NA,,,,,,,,
30,30062,7,2,1,1,,,,,,,,
30,30062,8,1,1,0,,,,,,,,
30,30062,9,0,0,0,,,,,,,,
30,30063,1,22,20,2,,,,,,,,
30,30063,2,0,0,0,,,,,,,,
30,30063,3,0,0,0,,,,,,,,
30,30063,4,0,0,0,,,,,,,,
30,30063,5,0,0,0,,,,,,,,
30,30063,6,NA,NA,NA,,,,,,,,
30,30063,7,3,3,0,,,,,,,,
30,30063,8,1,1,0,,,,,,,,
30,30063,9,0,0,0,,,,,,,,
30,30064,1,8,8,0,,,,,,,,
30,30064,2,0,0,0,,,,,,,,
30,30064,3,0,0,0,,,,,,,,
30,30064,4,0,0,0,,,,,,,,
30,30064,5,0,0,0,,,,,,,,
30,30064,6,NA,NA,NA,,,,,,,,
30,30064,7,1,1,0,,,,,,,,
30,30064,8,0,0,0,,,,,,,,
30,30064,9,0,0,0,,,,,,,,
30,30065,1,49,42,7,,,,,,,,
30,30065,2,0,0,0,,,,,,,,
30,30065,3,0,0,0,,,,,,,,
30,30065,4,0,0,0,,,,,,,,
30,30065,5,0,0,0,,,,,,,,
30,30065,6,NA,NA,NA,,,,,,,,
30,30065,7,3,3,0,,,,,,,,
30,30065,8,4,2,2,,,,,,,,
30,30065,9,0,0,0,,,,,,,,
30,30066,1,36,30,6,,,,,,,,
30,30066,2,0,0,0,,,,,,,,
30,30066,3,0,0,0,,,,,,,,
30,30066,4,0,0,0,,,,,,,,
30,30066,5,0,0,0,,,,,,,,
30,30066,6,NA,NA,NA,,,,,,,,
30,30066,7,2,2,0,,,,,,,,
30,30066,8,0,0,0,,,,,,,,
30,30066,9,0,0,0,,,,,,,,
30,30067,1,29,25,4,,,,,,,,
30,30067,2,0,0,0,,,,,,,,
30,30067,3,0,0,0,,,,,,,,
30,30067,4,0,0,0,,,,,,,,
30,30067,5,0,0,0,,,,,,,,
30,30067,6,NA,NA,NA,,,,,,,,
30,30067,7,3,3,0,,,,,,,,
30,30067,8,1,1,0,,,,,,,,
30,30067,9,0,0,0,,,,,,,,
30,30068,1,ND,ND,ND,,,,,,,,
30,30068,2,ND,ND,ND,,,,,,,,
30,30068,3,ND,ND,ND,,,,,,,,
30,30068,4,ND,ND,ND,,,,,,,,
30,30068,5,ND,ND,ND,,,,,,,,
30,30068,6,ND,ND,ND,,,,,,,,
30,30068,7,ND,ND,ND,,,,,,,,
30,30068,8,ND,ND,ND,,,,,,,,
30,30068,9,ND,ND,ND,,,,,,,,
30,30069,1,22,20,2,,,,,,,,
30,30069,2,0,0,0,,,,,,,,
30,30069,3,0,0,0,,,,,,,,
30,30069,4,0,0,0,,,,,,,,
30,30069,5,0,0,0,,,,,,,,
30,30069,6,NA,NA,NA,,,,,,,,
30,30069,7,2,2,0,,,,,,,,
30,30069,8,3,2,1,,,,,,,,
30,30069,9,0,0,0,,,,,,,,
30,30070,1,13,12,1,,,,,,,,
30,30070,2,0,0,0,,,,,,,,
30,30070,3,0,0,0,,,,,,,,
30,30070,4,0,0,0,,,,,,,,
30,30070,5,0,0,0,,,,,,,,
30,30070,6,NA,NA,NA,,,,,,,,
30,30070,7,2,2,0,,,,,,,,
30,30070,8,1,0,1,,,,,,,,
30,30070,9,0,0,0,,,,,,,,
30,30071,1,22,19,3,,,,,,,,
30,30071,2,0,0,0,,,,,,,,
30,30071,3,0,0,0,,,,,,,,
30,30071,4,0,0,0,,,,,,,,
30,30071,5,0,0,0,,,,,,,,
30,30071,6,NA,NA,NA,,,,,,,,
30,30071,7,2,2,0,,,,,,,,
30,30071,8,7,1,6,,,,,,,,
30,30071,9,0,0,0,,,,,,,,
30,30072,1,27,22,5,,,,,,,,
30,30072,2,0,0,0,,,,,,,,
30,30072,3,0,0,0,,,,,,,,
30,30072,4,0,0,0,,,,,,,,
30,30072,5,0,0,0,,,,,,,,
30,30072,6,NA,NA,NA,,,,,,,,
30,30072,7,0,0,0,,,,,,,,
30,30072,8,0,0,0,,,,,,,,
30,30072,9,0,0,0,,,,,,,,
30,30073,1,55,46,9,,,,,,,,
30,30073,2,0,0,0,,,,,,,,
30,30073,3,0,0,0,,,,,,,,
30,30073,4,0,0,0,,,,,,,,
30,30073,5,0,0,0,,,,,,,,
30,30073,6,NA,NA,NA,,,,,,,,
30,30073,7,1,1,0,,,,,,,,
30,30073,8,0,0,0,,,,,,,,
30,30073,9,0,0,0,,,,,,,,
30,30074,1,9,7,2,,,,,,,,
30,30074,2,0,0,0,,,,,,,,
30,30074,3,0,0,0,,,,,,,,
30,30074,4,0,0,0,,,,,,,,
30,30074,5,0,0,0,,,,,,,,
30,30074,6,NA,NA,NA,,,,,,,,
30,30074,7,1,0,1,,,,,,,,
30,30074,8,0,0,0,,,,,,,,
30,30074,9,0,0,0,,,,,,,,
30,30075,1,ND,ND,ND,,,,,,,,
30,30075,2,ND,ND,ND,,,,,,,,
30,30075,3,ND,ND,ND,,,,,,,,
30,30075,4,ND,ND,ND,,,,,,,,
30,30075,5,ND,ND,ND,,,,,,,,
30,30075,6,ND,ND,ND,,,,,,,,
30,30075,7,ND,ND,ND,,,,,,,,
30,30075,8,ND,ND,ND,,,,,,,,
30,30075,9,ND,ND,ND,,,,,,,,
30,30076,1,21,18,3,,,,,,,,
30,30076,2,0,0,0,,,,,,,,
30,30076,3,0,0,0,,,,,,,,
30,30076,4,0,0,0,,,,,,,,
30,30076,5,0,0,0,,,,,,,,
30,30076,6,NA,NA,NA,,,,,,,,
30,30076,7,2,2,0,,,,,,,,
30,30076,8,0,0,0,,,,,,,,
30,30076,9,0,0,0,,,,,,,,
30,30077,1,57,56,1,,,,,,,,
30,30077,2,9,7,2,,,,,,,,
30,30077,3,0,0,0,,,,,,,,
30,30077,4,0,0,0,,,,,,,,
30,30077,5,0,0,0,,,,,,,,
30,30077,6,NA,NA,NA,,,,,,,,
30,30077,7,1,1,0,,,,,,,,
30,30077,8,2,0,2,,,,,,,,
30,30077,9,0,0,0,,,,,,,,
30,30078,1,22,22,0,,,,,,,,
30,30078,2,0,0,0,,,,,,,,
30,30078,3,0,0,0,,,,,,,,
30,30078,4,0,0,0,,,,,,,,
30,30078,5,0,0,0,,,,,,,,
30,30078,6,NA,NA,NA,,,,,,,,
30,30078,7,1,1,0,,,,,,,,
30,30078,8,1,1,0,,,,,,,,
30,30078,9,0,0,0,,,,,,,,
30,30079,1,6,5,1,,,,,,,,
30,30079,2,0,0,0,,,,,,,,
30,30079,3,0,0,0,,,,,,,,
30,30079,4,0,0,0,,,,,,,,
30,30079,5,0,0,0,,,,,,,,
30,30079,6,NA,NA,NA,,,,,,,,
30,30079,7,3,3,0,,,,,,,,
30,30079,8,1,1,0,,,,,,,,
30,30079,9,0,0,0,,,,,,,,
30,30080,1,19,17,2,,,,,,,,
30,30080,2,0,0,0,,,,,,,,
30,30080,3,0,0,0,,,,,,,,
30,30080,4,0,0,0,,,,,,,,
30,30080,5,0,0,0,,,,,,,,
30,30080,6,NA,NA,NA,,,,,,,,
30,30080,7,2,2,0,,,,,,,,
30,30080,8,0,0,0,,,,,,,,
30,30080,9,0,0,0,,,,,,,,
30,30081,1,20,15,5,,,,,,,,
30,30081,2,0,0,0,,,,,,,,
30,30081,3,0,0,0,,,,,,,,
30,30081,4,0,0,0,,,,,,,,
30,30081,5,0,0,0,,,,,,,,
30,30081,6,NA,NA,NA,,,,,,,,
30,30081,7,4,4,0,,,,,,,,
30,30081,8,2,1,1,,,,,,,,
30,30081,9,0,0,0,,,,,,,,
30,30082,1,ND,ND,ND,,,,,,,,
30,30082,2,ND,ND,ND,,,,,,,,
30,30082,3,ND,ND,ND,,,,,,,,
30,30082,4,ND,ND,ND,,,,,,,,
30,30082,5,ND,ND,ND,,,,,,,,
30,30082,6,ND,ND,ND,,,,,,,,
30,30082,7,ND,ND,ND,,,,,,,,
30,30082,8,ND,ND,ND,,,,,,,,
30,30082,9,ND,ND,ND,,,,,,,,
30,30083,1,47,39,8,,,,,,,,
30,30083,2,0,0,0,,,,,,,,
30,30083,3,0,0,0,,,,,,,,
30,30083,4,0,0,0,,,,,,,,
30,30083,5,0,0,0,,,,,,,,
30,30083,6,NA,NA,NA,,,,,,,,
30,30083,7,1,1,0,,,,,,,,
30,30083,8,1,1,0,,,,,,,,
30,30083,9,0,0,0,,,,,,,,
30,30084,1,9,7,2,,,,,,,,
30,30084,2,0,0,0,,,,,,,,
30,30084,3,0,0,0,,,,,,,,
30,30084,4,0,0,0,,,,,,,,
30,30084,5,0,0,0,,,,,,,,
30,30084,6,NA,NA,NA,,,,,,,,
30,30084,7,1,1,0,,,,,,,,
30,30084,8,1,0,1,,,,,,,,
30,30084,9,0,0,0,,,,,,,,
30,30085,1,80,70,10,,,,,,,,
30,30085,2,21,17,4,,,,,,,,
30,30085,3,0,0,0,,,,,,,,
30,30085,4,0,0,0,,,,,,,,
30,30085,5,0,0,0,,,,,,,,
30,30085,6,NA,NA,NA,,,,,,,,
30,30085,7,3,3,0,,,,,,,,
30,30085,8,2,1,1,,,,,,,,
30,30085,9,0,0,0,,,,,,,,
30,30086,1,50,40,10,,,,,,,,
30,30086,2,0,0,0,,,,,,,,
30,30086,3,0,0,0,,,,,,,,
30,30086,4,0,0,0,,,,,,,,
30,30086,5,0,0,0,,,,,,,,
30,30086,6,NA,NA,NA,,,,,,,,
30,30086,7,1,1,0,,,,,,,,
30,30086,8,1,1,0,,,,,,,,
30,30086,9,0,0,0,,,,,,,,
30,30087,1,310,210,100,,,,,,,,
30,30087,2,0,0,0,,,,,,,,
30,30087,3,0,0,0,,,,,,,,
30,30087,4,0,0,0,,,,,,,,
30,30087,5,0,0,0,,,,,,,,
30,30087,6,NA,NA,NA,,,,,,,,
30,30087,7,12,11,1,,,,,,,,
30,30087,8,30,14,16,,,,,,,,
30,30087,9,0,0,0,,,,,,,,
30,30088,1,6,6,0,,,,,,,,
30,30088,2,0,0,0,,,,,,,,
30,30088,3,0,0,0,,,,,,,,
30,30088,4,0,0,0,,,,,,,,
30,30088,5,0,0,0,,,,,,,,
30,30088,6,NA,NA,NA,,,,,,,,
30,30088,7,2,2,0,,,,,,,,
30,30088,8,2,1,1,,,,,,,,
30,30088,9,0,0,0,,,,,,,,
30,30089,1,46,44,2,,,,,,,,
30,30089,2,0,0,0,,,,,,,,
30,30089,3,0,0,0,,,,,,,,
30,30089,4,0,0,0,,,,,,,,
30,30089,5,0,0,0,,,,,,,,
30,30089,6,NA,NA,NA,,,,,,,,
30,30089,7,0,0,0,,,,,,,,
30,30089,8,0,0,0,,,,,,,,
30,30089,9,0,0,0,,,,,,,,
30,30090,1,14,13,1,,,,,,,,
30,30090,2,0,0,0,,,,,,,,
30,30090,3,0,0,0,,,,,,,,
30,30090,4,0,0,0,,,,,,,,
30,30090,5,0,0,0,,,,,,,,
30,30090,6,NA,NA,NA,,,,,,,,
30,30090,7,1,1,0,,,,,,,,
30,30090,8,1,0,1,,,,,,,,
30,30090,9,0,0,0,,,,,,,,
30,30091,1,47,46,1,,,,,,,,
30,30091,2,0,0,0,,,,,,,,
30,30091,3,0,0,0,,,,,,,,
30,30091,4,0,0,0,,,,,,,,
30,30091,5,0,0,0,,,,,,,,
30,30091,6,NA,NA,NA,,,,,,,,
30,30091,7,2,2,0,,,,,,,,
30,30091,8,1,1,0,,,,,,,,
30,30091,9,0,0,0,,,,,,,,
30,30092,1,ND,ND,ND,,,,,,,,
30,30092,2,ND,ND,ND,,,,,,,,
30,30092,3,ND,ND,ND,,,,,,,,
30,30092,4,ND,ND,ND,,,,,,,,
30,30092,5,ND,ND,ND,,,,,,,,
30,30092,6,ND,ND,ND,,,,,,,,
30,30092,7,ND,ND,ND,,,,,,,,
30,30092,8,ND,ND,ND,,,,,,,,
30,30092,9,ND,ND,ND,,,,,,,,
30,30093,1,ND,ND,ND,,,,,,,,
30,30093,2,ND,ND,ND,,,,,,,,
30,30093,3,ND,ND,ND,,,,,,,,
30,30093,4,ND,ND,ND,,,,,,,,
30,30093,5,ND,ND,ND,,,,,,,,
30,30093,6,ND,ND,ND,,,,,,,,
30,30093,7,ND,ND,ND,,,,,,,,
30,30093,8,ND,ND,ND,,,,,,,,
30,30093,9,ND,ND,ND,,,,,,,,
30,30094,1,36,31,5,,,,,,,,
30,30094,2,0,0,0,,,,,,,,
30,30094,3,0,0,0,,,,,,,,
30,30094,4,0,0,0,,,,,,,,
30,30094,5,0,0,0,,,,,,,,
30,30094,6,NA,NA,NA,,,,,,,,
30,30094,7,2,2,0,,,,,,,,
30,30094,8,1,0,1,,,,,,,,
30,30094,9,0,0,0,,,,,,,,
30,30095,1,9,9,0,,,,,,,,
30,30095,2,0,0,0,,,,,,,,
30,30095,3,0,0,0,,,,,,,,
30,30095,4,0,0,0,,,,,,,,
30,30095,5,0,0,0,,,,,,,,
30,30095,6,NA,NA,NA,,,,,,,,
30,30095,7,1,1,0,,,,,,,,
30,30095,8,0,0,0,,,,,,,,
30,30095,9,0,0,0,,,,,,,,
30,30096,1,5,5,0,,,,,,,,
30,30096,2,0,0,0,,,,,,,,
30,30096,3,0,0,0,,,,,,,,
30,30096,4,0,0,0,,,,,,,,
30,30096,5,0,0,0,,,,,,,,
30,30096,6,NA,NA,NA,,,,,,,,
30,30096,7,2,2,0,,,,,,,,
30,30096,8,1,1,0,,,,,,,,
30,30096,9,0,0,0,,,,,,,,
30,30097,1,17,16,1,,,,,,,,
30,30097,2,0,0,0,,,,,,,,
30,30097,3,0,0,0,,,,,,,,
30,30097,4,0,0,0,,,,,,,,
30,30097,5,0,0,0,,,,,,,,
30,30097,6,NA,NA,NA,,,,,,,,
30,30097,7,3,3,0,,,,,,,,
30,30097,8,0,0,0,,,,,,,,
30,30097,9,0,0,0,,,,,,,,
30,30098,1,14,14,0,,,,,,,,
30,30098,2,0,0,0,,,,,,,,
30,30098,3,0,0,0,,,,,,,,
30,30098,4,0,0,0,,,,,,,,
30,30098,5,0,0,0,,,,,,,,
30,30098,6,NA,NA,NA,,,,,,,,
30,30098,7,0,0,0,,,,,,,,
30,30098,8,0,0,0,,,,,,,,
30,30098,9,0,0,0,,,,,,,,
30,30099,1,ND,ND,ND,,,,,,,,
30,30099,2,ND,ND,ND,,,,,,,,
30,30099,3,ND,ND,ND,,,,,,,,
30,30099,4,ND,ND,ND,,,,,,,,
30,30099,5,ND,ND,ND,,,,,,,,
30,30099,6,ND,ND,ND,,,,,,,,
30,30099,7,ND,ND,ND,,,,,,,,
30,30099,8,ND,ND,ND,,,,,,,,
30,30099,9,ND,ND,ND,,,,,,,,
30,30100,1,15,15,0,,,,,,,,
30,30100,2,0,0,0,,,,,,,,
30,30100,3,0,0,0,,,,,,,,
30,30100,4,0,0,0,,,,,,,,
30,30100,5,0,0,0,,,,,,,,
30,30100,6,NA,NA,NA,,,,,,,,
30,30100,7,1,1,0,,,,,,,,
30,30100,8,1,0,1,,,,,,,,
30,30100,9,0,0,0,,,,,,,,
30,30101,1,35,28,7,,,,,,,,
30,30101,2,0,0,0,,,,,,,,
30,30101,3,0,0,0,,,,,,,,
30,30101,4,0,0,0,,,,,,,,
30,30101,5,0,0,0,,,,,,,,
30,30101,6,NA,NA,NA,,,,,,,,
30,30101,7,1,1,0,,,,,,,,
30,30101,8,1,1,0,,,,,,,,
30,30101,9,0,0,0,,,,,,,,
30,30102,1,91,69,22,,,,,,,,
30,30102,2,0,0,0,,,,,,,,
30,30102,3,0,0,0,,,,,,,,
30,30102,4,0,0,0,,,,,,,,
30,30102,5,0,0,0,,,,,,,,
30,30102,6,NA,NA,NA,,,,,,,,
30,30102,7,0,0,0,,,,,,,,
30,30102,8,0,0,0,,,,,,,,
30,30102,9,0,0,0,,,,,,,,
30,30103,1,33,33,0,,,,,,,,
30,30103,2,2,2,0,,,,,,,,
30,30103,3,0,0,0,,,,,,,,
30,30103,4,0,0,0,,,,,,,,
30,30103,5,0,0,0,,,,,,,,
30,30103,6,NA,NA,NA,,,,,,,,
30,30103,7,1,1,0,,,,,,,,
30,30103,8,1,1,0,,,,,,,,
30,30103,9,0,0,0,,,,,,,,
30,30104,1,17,16,1,,,,,,,,
30,30104,2,0,0,0,,,,,,,,
30,30104,3,0,0,0,,,,,,,,
30,30104,4,0,0,0,,,,,,,,
30,30104,5,0,0,0,,,,,,,,
30,30104,6,NA,NA,NA,,,,,,,,
30,30104,7,0,0,0,,,,,,,,
30,30104,8,0,0,0,,,,,,,,
30,30104,9,0,0,0,,,,,,,,
30,30105,1,ND,ND,ND,,,,,,,,
30,30105,2,ND,ND,ND,,,,,,,,
30,30105,3,ND,ND,ND,,,,,,,,
30,30105,4,ND,ND,ND,,,,,,,,
30,30105,5,ND,ND,ND,,,,,,,,
30,30105,6,ND,ND,ND,,,,,,,,
30,30105,7,ND,ND,ND,,,,,,,,
30,30105,8,ND,ND,ND,,,,,,,,
30,30105,9,ND,ND,ND,,,,,,,,
30,30106,1,8,8,0,,,,,,,,
30,30106,2,0,0,0,,,,,,,,
30,30106,3,0,0,0,,,,,,,,
30,30106,4,0,0,0,,,,,,,,
30,30106,5,0,0,0,,,,,,,,
30,30106,6,NA,NA,NA,,,,,,,,
30,30106,7,2,2,0,,,,,,,,
30,30106,8,0,0,0,,,,,,,,
30,30106,9,0,0,0,,,,,,,,
30,30107,1,5,5,0,,,,,,,,
30,30107,2,0,0,0,,,,,,,,
30,30107,3,0,0,0,,,,,,,,
30,30107,4,0,0,0,,,,,,,,
30,30107,5,0,0,0,,,,,,,,
30,30107,6,NA,NA,NA,,,,,,,,
30,30107,7,1,1,0,,,,,,,,
30,30107,8,0,0,0,,,,,,,,
30,30107,9,0,0,0,,,,,,,,
30,30108,1,117,91,26,,,,,,,,
30,30108,2,0,0,0,,,,,,,,
30,30108,3,0,0,0,,,,,,,,
30,30108,4,0,0,0,,,,,,,,
30,30108,5,0,0,0,,,,,,,,
30,30108,6,NA,NA,NA,,,,,,,,
30,30108,7,1,1,0,,,,,,,,
30,30108,8,1,0,1,,,,,,,,
30,30108,9,0,0,0,,,,,,,,
30,30109,1,44,40,4,,,,,,,,
30,30109,2,0,0,0,,,,,,,,
30,30109,3,0,0,0,,,,,,,,
30,30109,4,0,0,0,,,,,,,,
30,30109,5,0,0,0,,,,,,,,
30,30109,6,NA,NA,NA,,,,,,,,
30,30109,7,2,2,0,,,,,,,,
30,30109,8,1,0,1,,,,,,,,
30,30109,9,1,1,0,,,,,,,,
30,30110,1,9,9,0,,,,,,,,
30,30110,2,0,0,0,,,,,,,,
30,30110,3,0,0,0,,,,,,,,
30,30110,4,0,0,0,,,,,,,,
30,30110,5,0,0,0,,,,,,,,
30,30110,6,NA,NA,NA,,,,,,,,
30,30110,7,0,0,0,,,,,,,,
30,30110,8,0,0,0,,,,,,,,
30,30110,9,0,0,0,,,,,,,,
30,30111,1,34,28,6,,,,,,,,
30,30111,2,0,0,0,,,,,,,,
30,30111,3,0,0,0,,,,,,,,
30,30111,4,0,0,0,,,,,,,,
30,30111,5,0,0,0,,,,,,,,
30,30111,6,0,0,0,,,,,,,,
30,30111,7,2,2,0,,,,,,,,
30,30111,8,4,3,1,,,,,,,,
30,30111,9,0,0,0,,,,,,,,
30,30112,1,15,12,3,,,,,,,,
30,30112,2,0,0,0,,,,,,,,
30,30112,3,0,0,0,,,,,,,,
30,30112,4,0,0,0,,,,,,,,
30,30112,5,0,0,0,,,,,,,,
30,30112,6,NA,NA,NA,,,,,,,,
30,30112,7,2,2,0,,,,,,,,
30,30112,8,1,0,1,,,,,,,,
30,30112,9,0,0,0,,,,,,,,
30,30113,1,8,8,0,,,,,,,,
30,30113,2,0,0,0,,,,,,,,
30,30113,3,0,0,0,,,,,,,,
30,30113,4,0,0,0,,,,,,,,
30,30113,5,0,0,0,,,,,,,,
30,30113,6,NA,NA,NA,,,,,,,,
30,30113,7,1,1,0,,,,,,,,
30,30113,8,1,0,1,,,,,,,,
30,30113,9,0,0,0,,,,,,,,
30,30114,1,15,13,2,,,,,,,,
30,30114,2,0,0,0,,,,,,,,
30,30114,3,0,0,0,,,,,,,,
30,30114,4,0,0,0,,,,,,,,
30,30114,5,0,0,0,,,,,,,,
30,30114,6,NA,NA,NA,,,,,,,,
30,30114,7,1,1,0,,,,,,,,
30,30114,8,0,0,0,,,,,,,,
30,30114,9,0,0,0,,,,,,,,
30,30115,1,30,28,2,,,,,,,,
30,30115,2,0,0,0,,,,,,,,
30,30115,3,0,0,0,,,,,,,,
30,30115,4,0,0,0,,,,,,,,
30,30115,5,0,0,0,,,,,,,,
30,30115,6,NA,NA,NA,,,,,,,,
30,30115,7,2,2,0,,,,,,,,
30,30115,8,1,0,1,,,,,,,,
30,30115,9,0,0,0,,,,,,,,
30,30116,1,24,24,0,,,,,,,,
30,30116,2,0,0,0,,,,,,,,
30,30116,3,0,0,0,,,,,,,,
30,30116,4,0,0,0,,,,,,,,
30,30116,5,0,0,0,,,,,,,,
30,30116,6,NA,NA,NA,,,,,,,,
30,30116,7,3,3,0,,,,,,,,
30,30116,8,2,2,0,,,,,,,,
30,30116,9,0,0,0,,,,,,,,
30,30117,1,25,23,2,,,,,,,,
30,30117,2,5,3,2,,,,,,,,
30,30117,3,0,0,0,,,,,,,,
30,30117,4,0,0,0,,,,,,,,
30,30117,5,0,0,0,,,,,,,,
30,30117,6,NA,NA,NA,,,,,,,,
30,30117,7,2,2,0,,,,,,,,
30,30117,8,1,0,1,,,,,,,,
30,30117,9,0,0,0,,,,,,,,
30,30118,1,233,192,41,,,,,,,,
30,30118,2,43,35,8,,,,,,,,
30,30118,3,0,0,0,,,,,,,,
30,30118,4,0,0,0,,,,,,,,
30,30118,5,0,0,0,,,,,,,,
30,30118,6,NA,NA,NA,,,,,,,,
30,30118,7,3,3,0,,,,,,,,
30,30118,8,1,1,0,,,,,,,,
30,30118,9,70,52,18,,,,,,,,
30,30119,1,ND,ND,ND,,,,,,,,
30,30119,2,ND,ND,ND,,,,,,,,
30,30119,3,ND,ND,ND,,,,,,,,
30,30119,4,ND,ND,ND,,,,,,,,
30,30119,5,ND,ND,ND,,,,,,,,
30,30119,6,ND,ND,ND,,,,,,,,
30,30119,7,ND,ND,ND,,,,,,,,
30,30119,8,ND,ND,ND,,,,,,,,
30,30119,9,ND,ND,ND,,,,,,,,
30,30120,1,14,11,3,,,,,,,,
30,30120,2,0,0,0,,,,,,,,
30,30120,3,0,0,0,,,,,,,,
30,30120,4,0,0,0,,,,,,,,
30,30120,5,0,0,0,,,,,,,,
30,30120,6,NA,NA,NA,,,,,,,,
30,30120,7,3,3,0,,,,,,,,
30,30120,8,0,0,0,,,,,,,,
30,30120,9,0,0,0,,,,,,,,
30,30121,1,20,17,3,,,,,,,,
30,30121,2,0,0,0,,,,,,,,
30,30121,3,0,0,0,,,,,,,,
30,30121,4,0,0,0,,,,,,,,
30,30121,5,0,0,0,,,,,,,,
30,30121,6,NA,NA,NA,,,,,,,,
30,30121,7,1,1,0,,,,,,,,
30,30121,8,0,0,0,,,,,,,,
30,30121,9,0,0,0,,,,,,,,
30,30122,1,23,23,0,,,,,,,,
30,30122,2,0,0,0,,,,,,,,
30,30122,3,0,0,0,,,,,,,,
30,30122,4,0,0,0,,,,,,,,
30,30122,5,0,0,0,,,,,,,,
30,30122,6,NA,NA,NA,,,,,,,,
30,30122,7,2,2,0,,,,,,,,
30,30122,8,1,1,0,,,,,,,,
30,30122,9,0,0,0,,,,,,,,
30,30123,1,54,40,14,,,,,,,,
30,30123,2,0,0,0,,,,,,,,
30,30123,3,0,0,0,,,,,,,,
30,30123,4,0,0,0,,,,,,,,
30,30123,5,0,0,0,,,,,,,,
30,30123,6,NA,NA,NA,,,,,,,,
30,30123,7,1,1,0,,,,,,,,
30,30123,8,8,7,1,,,,,,,,
30,30123,9,0,0,0,,,,,,,,
30,30124,1,139,113,26,,,,,,,,
30,30124,2,0,0,0,,,,,,,,
30,30124,3,0,0,0,,,,,,,,
30,30124,4,0,0,0,,,,,,,,
30,30124,5,0,0,0,,,,,,,,
30,30124,6,NA,NA,NA,,,,,,,,
30,30124,7,1,1,0,,,,,,,,
30,30124,8,0,0,0,,,,,,,,
30,30124,9,5,2,3,,,,,,,,
30,30125,1,ND,ND,ND,,,,,,,,
30,30125,2,ND,ND,ND,,,,,,,,
30,30125,3,ND,ND,ND,,,,,,,,
30,30125,4,ND,ND,ND,,,,,,,,
30,30125,5,ND,ND,ND,,,,,,,,
30,30125,6,ND,ND,ND,,,,,,,,
30,30125,7,ND,ND,ND,,,,,,,,
30,30125,8,ND,ND,ND,,,,,,,,
30,30125,9,ND,ND,ND,,,,,,,,
30,30126,1,16,14,2,,,,,,,,
30,30126,2,0,0,0,,,,,,,,
30,30126,3,0,0,0,,,,,,,,
30,30126,4,0,0,0,,,,,,,,
30,30126,5,0,0,0,,,,,,,,
30,30126,6,NA,NA,NA,,,,,,,,
30,30126,7,2,2,0,,,,,,,,
30,30126,8,1,1,0,,,,,,,,
30,30126,9,0,0,0,,,,,,,,
30,30127,1,13,11,2,,,,,,,,
30,30127,2,0,0,0,,,,,,,,
30,30127,3,0,0,0,,,,,,,,
30,30127,4,0,0,0,,,,,,,,
30,30127,5,0,0,0,,,,,,,,
30,30127,6,NA,NA,NA,,,,,,,,
30,30127,7,2,2,0,,,,,,,,
30,30127,8,1,0,1,,,,,,,,
30,30127,9,0,0,0,,,,,,,,
30,30128,1,80,70,10,,,,,,,,
30,30128,2,0,0,0,,,,,,,,
30,30128,3,0,0,0,,,,,,,,
30,30128,4,0,0,0,,,,,,,,
30,30128,5,0,0,0,,,,,,,,
30,30128,6,NA,NA,NA,,,,,,,,
30,30128,7,2,2,0,,,,,,,,
30,30128,8,2,2,0,,,,,,,,
30,30128,9,0,0,0,,,,,,,,
30,30129,1,17,17,0,,,,,,,,
30,30129,2,0,0,0,,,,,,,,
30,30129,3,0,0,0,,,,,,,,
30,30129,4,0,0,0,,,,,,,,
30,30129,5,0,0,0,,,,,,,,
30,30129,6,NA,NA,NA,,,,,,,,
30,30129,7,2,2,0,,,,,,,,
30,30129,8,2,0,2,,,,,,,,
30,30129,9,0,0,0,,,,,,,,
30,30130,1,49,45,4,,,,,,,,
30,30130,2,0,0,0,,,,,,,,
30,30130,3,0,0,0,,,,,,,,
30,30130,4,0,0,0,,,,,,,,
30,30130,5,0,0,0,,,,,,,,
30,30130,6,NA,NA,NA,,,,,,,,
30,30130,7,1,1,0,,,,,,,,
30,30130,8,5,2,3,,,,,,,,
30,30130,9,0,0,0,,,,,,,,
30,30131,1,124,90,34,,,,,,,,
30,30131,2,0,0,0,,,,,,,,
30,30131,3,0,0,0,,,,,,,,
30,30131,4,0,0,0,,,,,,,,
30,30131,5,0,0,0,,,,,,,,
30,30131,6,NA,NA,NA,,,,,,,,
30,30131,7,2,2,0,,,,,,,,
30,30131,8,17,8,9,,,,,,,,
30,30131,9,0,0,0,,,,,,,,
30,30132,1,14,13,1,,,,,,,,
30,30132,2,0,0,0,,,,,,,,
30,30132,3,0,0,0,,,,,,,,
30,30132,4,0,0,0,,,,,,,,
30,30132,5,0,0,0,,,,,,,,
30,30132,6,NA,NA,NA,,,,,,,,
30,30132,7,2,2,0,,,,,,,,
30,30132,8,0,0,0,,,,,,,,
30,30132,9,0,0,0,,,,,,,,
30,30133,1,15,13,2,,,,,,,,
30,30133,2,0,0,0,,,,,,,,
30,30133,3,0,0,0,,,,,,,,
30,30133,4,0,0,0,,,,,,,,
30,30133,5,0,0,0,,,,,,,,
30,30133,6,NA,NA,NA,,,,,,,,
30,30133,7,0,0,0,,,,,,,,
30,30133,8,0,0,0,,,,,,,,
30,30133,9,0,0,0,,,,,,,,
30,30134,1,10,10,0,,,,,,,,
30,30134,2,0,0,0,,,,,,,,
30,30134,3,0,0,0,,,,,,,,
30,30134,4,0,0,0,,,,,,,,
30,30134,5,0,0,0,,,,,,,,
30,30134,6,NA,NA,NA,,,,,,,,
30,30134,7,1,1,0,,,,,,,,
30,30134,8,0,0,0,,,,,,,,
30,30134,9,0,0,0,,,,,,,,
30,30135,1,28,22,6,,,,,,,,
30,30135,2,0,0,0,,,,,,,,
30,30135,3,0,0,0,,,,,,,,
30,30135,4,0,0,0,,,,,,,,
30,30135,5,0,0,0,,,,,,,,
30,30135,6,NA,NA,NA,,,,,,,,
30,30135,7,1,1,0,,,,,,,,
30,30135,8,1,0,1,,,,,,,,
30,30135,9,0,0,0,,,,,,,,
30,30136,1,ND,ND,ND,,,,,,,,
30,30136,2,ND,ND,ND,,,,,,,,
30,30136,3,ND,ND,ND,,,,,,,,
30,30136,4,ND,ND,ND,,,,,,,,
30,30136,5,ND,ND,ND,,,,,,,,
30,30136,6,ND,ND,ND,,,,,,,,
30,30136,7,ND,ND,ND,,,,,,,,
30,30136,8,ND,ND,ND,,,,,,,,
30,30136,9,ND,ND,ND,,,,,,,,
30,30137,1,11,11,0,,,,,,,,
30,30137,2,0,0,0,,,,,,,,
30,30137,3,0,0,0,,,,,,,,
30,30137,4,0,0,0,,,,,,,,
30,30137,5,0,0,0,,,,,,,,
30,30137,6,NA,NA,NA,,,,,,,,
30,30137,7,1,1,0,,,,,,,,
30,30137,8,0,0,0,,,,,,,,
30,30137,9,0,0,0,,,,,,,,
30,30138,1,ND,ND,ND,,,,,,,,
30,30138,2,ND,ND,ND,,,,,,,,
30,30138,3,ND,ND,ND,,,,,,,,
30,30138,4,ND,ND,ND,,,,,,,,
30,30138,5,ND,ND,ND,,,,,,,,
30,30138,6,ND,ND,ND,,,,,,,,
30,30138,7,ND,ND,ND,,,,,,,,
30,30138,8,ND,ND,ND,,,,,,,,
30,30138,9,ND,ND,ND,,,,,,,,
30,30139,1,7,5,2,,,,,,,,
30,30139,2,0,0,0,,,,,,,,
30,30139,3,0,0,0,,,,,,,,
30,30139,4,0,0,0,,,,,,,,
30,30139,5,0,0,0,,,,,,,,
30,30139,6,NA,NA,NA,,,,,,,,
30,30139,7,0,0,0,,,,,,,,
30,30139,8,0,0,0,,,,,,,,
30,30139,9,0,0,0,,,,,,,,
30,30140,1,16,11,5,,,,,,,,
30,30140,2,0,0,0,,,,,,,,
30,30140,3,0,0,0,,,,,,,,
30,30140,4,0,0,0,,,,,,,,
30,30140,5,0,0,0,,,,,,,,
30,30140,6,NA,NA,NA,,,,,,,,
30,30140,7,0,0,0,,,,,,,,
30,30140,8,0,0,0,,,,,,,,
30,30140,9,0,0,0,,,,,,,,
30,30141,1,ND,ND,ND,,,,,,,,
30,30141,2,ND,ND,ND,,,,,,,,
30,30141,3,ND,ND,ND,,,,,,,,
30,30141,4,ND,ND,ND,,,,,,,,
30,30141,5,ND,ND,ND,,,,,,,,
30,30141,6,ND,ND,ND,,,,,,,,
30,30141,7,ND,ND,ND,,,,,,,,
30,30141,8,ND,ND,ND,,,,,,,,
30,30141,9,ND,ND,ND,,,,,,,,
30,30142,1,24,24,0,,,,,,,,
30,30142,2,0,0,0,,,,,,,,
30,30142,3,0,0,0,,,,,,,,
30,30142,4,0,0,0,,,,,,,,
30,30142,5,0,0,0,,,,,,,,
30,30142,6,NA,NA,NA,,,,,,,,
30,30142,7,2,2,0,,,,,,,,
30,30142,8,1,0,1,,,,,,,,
30,30142,9,0,0,0,,,,,,,,
30,30143,1,39,37,2,,,,,,,,
30,30143,2,0,0,0,,,,,,,,
30,30143,3,0,0,0,,,,,,,,
30,30143,4,0,0,0,,,,,,,,
30,30143,5,0,0,0,,,,,,,,
30,30143,6,NA,NA,NA,,,,,,,,
30,30143,7,3,3,0,,,,,,,,
30,30143,8,1,1,0,,,,,,,,
30,30143,9,0,0,0,,,,,,,,
30,30144,1,ND,ND,ND,,,,,,,,
30,30144,2,ND,ND,ND,,,,,,,,
30,30144,3,ND,ND,ND,,,,,,,,
30,30144,4,ND,ND,ND,,,,,,,,
30,30144,5,ND,ND,ND,,,,,,,,
30,30144,6,ND,ND,ND,,,,,,,,
30,30144,7,ND,ND,ND,,,,,,,,
30,30144,8,ND,ND,ND,,,,,,,,
30,30144,9,ND,ND,ND,,,,,,,,
30,30145,1,25,23,2,,,,,,,,
30,30145,2,0,0,0,,,,,,,,
30,30145,3,0,0,0,,,,,,,,
30,30145,4,0,0,0,,,,,,,,
30,30145,5,0,0,0,,,,,,,,
30,30145,6,NA,NA,NA,,,,,,,,
30,30145,7,2,2,0,,,,,,,,
30,30145,8,1,1,0,,,,,,,,
30,30145,9,0,0,0,,,,,,,,
30,30146,1,8,8,0,,,,,,,,
30,30146,2,0,0,0,,,,,,,,
30,30146,3,0,0,0,,,,,,,,
30,30146,4,0,0,0,,,,,,,,
30,30146,5,0,0,0,,,,,,,,
30,30146,6,NA,NA,NA,,,,,,,,
30,30146,7,2,2,0,,,,,,,,
30,30146,8,0,0,0,,,,,,,,
30,30146,9,0,0,0,,,,,,,,
30,30147,1,ND,ND,ND,,,,,,,,
30,30147,2,ND,ND,ND,,,,,,,,
30,30147,3,ND,ND,ND,,,,,,,,
30,30147,4,ND,ND,ND,,,,,,,,
30,30147,5,ND,ND,ND,,,,,,,,
30,30147,6,ND,ND,ND,,,,,,,,
30,30147,7,ND,ND,ND,,,,,,,,
30,30147,8,ND,ND,ND,,,,,,,,
30,30147,9,ND,ND,ND,,,,,,,,
30,30148,1,6,6,0,,,,,,,,
30,30148,2,0,0,0,,,,,,,,
30,30148,3,0,0,0,,,,,,,,
30,30148,4,0,0,0,,,,,,,,
30,30148,5,0,0,0,,,,,,,,
30,30148,6,NA,NA,NA,,,,,,,,
30,30148,7,1,1,0,,,,,,,,
30,30148,8,2,1,1,,,,,,,,
30,30148,9,0,0,0,,,,,,,,
30,30149,1,37,35,2,,,,,,,,
30,30149,2,0,0,0,,,,,,,,
30,30149,3,0,0,0,,,,,,,,
30,30149,4,0,0,0,,,,,,,,
30,30149,5,0,0,0,,,,,,,,
30,30149,6,NA,NA,NA,,,,,,,,
30,30149,7,0,0,0,,,,,,,,
30,30149,8,0,0,0,,,,,,,,
30,30149,9,0,0,0,,,,,,,,
30,30150,1,16,14,2,,,,,,,,
30,30150,2,0,0,0,,,,,,,,
30,30150,3,0,0,0,,,,,,,,
30,30150,4,0,0,0,,,,,,,,
30,30150,5,0,0,0,,,,,,,,
30,30150,6,NA,NA,NA,,,,,,,,
30,30150,7,2,2,0,,,,,,,,
30,30150,8,0,0,0,,,,,,,,
30,30150,9,0,0,0,,,,,,,,
30,30151,1,12,10,2,,,,,,,,
30,30151,2,0,0,0,,,,,,,,
30,30151,3,0,0,0,,,,,,,,
30,30151,4,0,0,0,,,,,,,,
30,30151,5,0,0,0,,,,,,,,
30,30151,6,NA,NA,NA,,,,,,,,
30,30151,7,3,3,0,,,,,,,,
30,30151,8,1,1,0,,,,,,,,
30,30151,9,0,0,0,,,,,,,,
30,30152,1,2,2,0,,,,,,,,
30,30152,2,0,0,0,,,,,,,,
30,30152,3,0,0,0,,,,,,,,
30,30152,4,0,0,0,,,,,,,,
30,30152,5,0,0,0,,,,,,,,
30,30152,6,NA,NA,NA,,,,,,,,
30,30152,7,1,1,0,,,,,,,,
30,30152,8,0,0,0,,,,,,,,
30,30152,9,0,0,0,,,,,,,,
30,30153,1,14,13,1,,,,,,,,
30,30153,2,0,0,0,,,,,,,,
30,30153,3,0,0,0,,,,,,,,
30,30153,4,0,0,0,,,,,,,,
30,30153,5,0,0,0,,,,,,,,
30,30153,6,NA,NA,NA,,,,,,,,
30,30153,7,1,1,0,,,,,,,,
30,30153,8,0,0,0,,,,,,,,
30,30153,9,0,0,0,,,,,,,,
30,30154,1,22,21,1,,,,,,,,
30,30154,2,0,0,0,,,,,,,,
30,30154,3,0,0,0,,,,,,,,
30,30154,4,0,0,0,,,,,,,,
30,30154,5,0,0,0,,,,,,,,
30,30154,6,NA,NA,NA,,,,,,,,
30,30154,7,0,0,0,,,,,,,,
30,30154,8,0,0,0,,,,,,,,
30,30154,9,0,0,0,,,,,,,,
30,30155,1,21,19,2,,,,,,,,
30,30155,2,0,0,0,,,,,,,,
30,30155,3,0,0,0,,,,,,,,
30,30155,4,0,0,0,,,,,,,,
30,30155,5,0,0,0,,,,,,,,
30,30155,6,NA,NA,NA,,,,,,,,
30,30155,7,1,1,0,,,,,,,,
30,30155,8,4,3,1,,,,,,,,
30,30155,9,0,0,0,,,,,,,,
30,30156,1,10,10,0,,,,,,,,
30,30156,2,0,0,0,,,,,,,,
30,30156,3,0,0,0,,,,,,,,
30,30156,4,0,0,0,,,,,,,,
30,30156,5,0,0,0,,,,,,,,
30,30156,6,NA,NA,NA,,,,,,,,
30,30156,7,2,2,0,,,,,,,,
30,30156,8,1,0,1,,,,,,,,
30,30156,9,0,0,0,,,,,,,,
30,30157,1,19,16,3,,,,,,,,
30,30157,2,0,0,0,,,,,,,,
30,30157,3,0,0,0,,,,,,,,
30,30157,4,0,0,0,,,,,,,,
30,30157,5,0,0,0,,,,,,,,
30,30157,6,NA,NA,NA,,,,,,,,
30,30157,7,1,1,0,,,,,,,,
30,30157,8,0,0,0,,,,,,,,
30,30157,9,0,0,0,,,,,,,,
30,30158,1,39,33,6,,,,,,,,
30,30158,2,0,0,0,,,,,,,,
30,30158,3,0,0,0,,,,,,,,
30,30158,4,0,0,0,,,,,,,,
30,30158,5,0,0,0,,,,,,,,
30,30158,6,NA,NA,NA,,,,,,,,
30,30158,7,2,2,0,,,,,,,,
30,30158,8,0,0,0,,,,,,,,
30,30158,9,0,0,0,,,,,,,,
30,30159,1,13,12,1,,,,,,,,
30,30159,2,0,0,0,,,,,,,,
30,30159,3,0,0,0,,,,,,,,
30,30159,4,0,0,0,,,,,,,,
30,30159,5,0,0,0,,,,,,,,
30,30159,6,NA,NA,NA,,,,,,,,
30,30159,7,2,2,0,,,,,,,,
30,30159,8,0,0,0,,,,,,,,
30,30159,9,0,0,0,,,,,,,,
30,30160,1,44,40,4,,,,,,,,
30,30160,2,0,0,0,,,,,,,,
30,30160,3,0,0,0,,,,,,,,
30,30160,4,0,0,0,,,,,,,,
30,30160,5,0,0,0,,,,,,,,
30,30160,6,NA,NA,NA,,,,,,,,
30,30160,7,1,1,0,,,,,,,,
30,30160,8,0,0,0,,,,,,,,
30,30160,9,0,0,0,,,,,,,,
30,30161,1,54,47,7,,,,,,,,
30,30161,2,0,0,0,,,,,,,,
30,30161,3,0,0,0,,,,,,,,
30,30161,4,0,0,0,,,,,,,,
30,30161,5,0,0,0,,,,,,,,
30,30161,6,NA,NA,NA,,,,,,,,
30,30161,7,0,0,0,,,,,,,,
30,30161,8,0,0,0,,,,,,,,
30,30161,9,0,0,0,,,,,,,,
30,30162,1,8,8,0,,,,,,,,
30,30162,2,0,0,0,,,,,,,,
30,30162,3,0,0,0,,,,,,,,
30,30162,4,0,0,0,,,,,,,,
30,30162,5,0,0,0,,,,,,,,
30,30162,6,NA,NA,NA,,,,,,,,
30,30162,7,2,2,0,,,,,,,,
30,30162,8,0,0,0,,,,,,,,
30,30162,9,0,0,0,,,,,,,,
30,30163,1,11,11,0,,,,,,,,
30,30163,2,0,0,0,,,,,,,,
30,30163,3,0,0,0,,,,,,,,
30,30163,4,0,0,0,,,,,,,,
30,30163,5,0,0,0,,,,,,,,
30,30163,6,NA,NA,NA,,,,,,,,
30,30163,7,1,1,0,,,,,,,,
30,30163,8,1,1,0,,,,,,,,
30,30163,9,0,0,0,,,,,,,,
30,30164,1,21,18,3,,,,,,,,
30,30164,2,0,0,0,,,,,,,,
30,30164,3,0,0,0,,,,,,,,
30,30164,4,0,0,0,,,,,,,,
30,30164,5,0,0,0,,,,,,,,
30,30164,6,NA,NA,NA,,,,,,,,
30,30164,7,5,4,1,,,,,,,,
30,30164,8,2,0,2,,,,,,,,
30,30164,9,0,0,0,,,,,,,,
30,30165,1,6,6,0,,,,,,,,
30,30165,2,0,0,0,,,,,,,,
30,30165,3,0,0,0,,,,,,,,
30,30165,4,0,0,0,,,,,,,,
30,30165,5,0,0,0,,,,,,,,
30,30165,6,NA,NA,NA,,,,,,,,
30,30165,7,1,1,0,,,,,,,,
30,30165,8,1,1,0,,,,,,,,
30,30165,9,0,0,0,,,,,,,,
30,30166,1,15,12,3,,,,,,,,
30,30166,2,0,0,0,,,,,,,,
30,30166,3,0,0,0,,,,,,,,
30,30166,4,0,0,0,,,,,,,,
30,30166,5,0,0,0,,,,,,,,
30,30166,6,NA,NA,NA,,,,,,,,
30,30166,7,1,1,0,,,,,,,,
30,30166,8,0,0,0,,,,,,,,
30,30166,9,0,0,0,,,,,,,,
30,30167,1,23,23,0,,,,,,,,
30,30167,2,0,0,0,,,,,,,,
30,30167,3,0,0,0,,,,,,,,
30,30167,4,0,0,0,,,,,,,,
30,30167,5,0,0,0,,,,,,,,
30,30167,6,NA,NA,NA,,,,,,,,
30,30167,7,1,1,0,,,,,,,,
30,30167,8,0,0,0,,,,,,,,
30,30167,9,0,0,0,,,,,,,,
30,30168,1,22,20,2,,,,,,,,
30,30168,2,0,0,0,,,,,,,,
30,30168,3,0,0,0,,,,,,,,
30,30168,4,0,0,0,,,,,,,,
30,30168,5,0,0,0,,,,,,,,
30,30168,6,NA,NA,NA,,,,,,,,
30,30168,7,1,1,0,,,,,,,,
30,30168,8,0,0,0,,,,,,,,
30,30168,9,0,0,0,,,,,,,,
30,30169,1,ND,ND,ND,,,,,,,,
30,30169,2,ND,ND,ND,,,,,,,,
30,30169,3,ND,ND,ND,,,,,,,,
30,30169,4,ND,ND,ND,,,,,,,,
30,30169,5,ND,ND,ND,,,,,,,,
30,30169,6,ND,ND,ND,,,,,,,,
30,30169,7,ND,ND,ND,,,,,,,,
30,30169,8,ND,ND,ND,,,,,,,,
30,30169,9,ND,ND,ND,,,,,,,,
30,30170,1,10,10,0,,,,,,,,
30,30170,2,0,0,0,,,,,,,,
30,30170,3,0,0,0,,,,,,,,
30,30170,4,0,0,0,,,,,,,,
30,30170,5,0,0,0,,,,,,,,
30,30170,6,NA,NA,NA,,,,,,,,
30,30170,7,2,2,0,,,,,,,,
30,30170,8,0,0,0,,,,,,,,
30,30170,9,0,0,0,,,,,,,,
30,30171,1,14,12,2,,,,,,,,
30,30171,2,0,0,0,,,,,,,,
30,30171,3,0,0,0,,,,,,,,
30,30171,4,0,0,0,,,,,,,,
30,30171,5,0,0,0,,,,,,,,
30,30171,6,NA,NA,NA,,,,,,,,
30,30171,7,2,2,0,,,,,,,,
30,30171,8,1,0,1,,,,,,,,
30,30171,9,0,0,0,,,,,,,,
30,30172,1,17,15,2,,,,,,,,
30,30172,2,0,0,0,,,,,,,,
30,30172,3,0,0,0,,,,,,,,
30,30172,4,0,0,0,,,,,,,,
30,30172,5,0,0,0,,,,,,,,
30,30172,6,NA,NA,NA,,,,,,,,
30,30172,7,1,1,0,,,,,,,,
30,30172,8,0,0,0,,,,,,,,
30,30172,9,0,0,0,,,,,,,,
30,30173,1,24,22,2,,,,,,,,
30,30173,2,8,8,0,,,,,,,,
30,30173,3,0,0,0,,,,,,,,
30,30173,4,0,0,0,,,,,,,,
30,30173,5,0,0,0,,,,,,,,
30,30173,6,NA,NA,NA,,,,,,,,
30,30173,7,2,1,1,,,,,,,,
30,30173,8,2,1,1,,,,,,,,
30,30173,9,0,0,0,,,,,,,,
30,30174,1,93,84,9,,,,,,,,
30,30174,2,0,0,0,,,,,,,,
30,30174,3,0,0,0,,,,,,,,
30,30174,4,0,0,0,,,,,,,,
30,30174,5,0,0,0,,,,,,,,
30,30174,6,NA,NA,NA,,,,,,,,
30,30174,7,4,4,0,,,,,,,,
30,30174,8,6,5,1,,,,,,,,
30,30174,9,2,1,1,,,,,,,,
30,30175,1,16,11,5,,,,,,,,
30,30175,2,0,0,0,,,,,,,,
30,30175,3,0,0,0,,,,,,,,
30,30175,4,0,0,0,,,,,,,,
30,30175,5,0,0,0,,,,,,,,
30,30175,6,NA,NA,NA,,,,,,,,
30,30175,7,1,1,0,,,,,,,,
30,30175,8,0,0,0,,,,,,,,
30,30175,9,0,0,0,,,,,,,,
30,30176,1,7,7,0,,,,,,,,
30,30176,2,0,0,0,,,,,,,,
30,30176,3,0,0,0,,,,,,,,
30,30176,4,0,0,0,,,,,,,,
30,30176,5,0,0,0,,,,,,,,
30,30176,6,NA,NA,NA,,,,,,,,
30,30176,7,1,1,0,,,,,,,,
30,30176,8,0,0,0,,,,,,,,
30,30176,9,0,0,0,,,,,,,,
30,30177,1,17,16,1,,,,,,,,
30,30177,2,0,0,0,,,,,,,,
30,30177,3,0,0,0,,,,,,,,
30,30177,4,0,0,0,,,,,,,,
30,30177,5,0,0,0,,,,,,,,
30,30177,6,NA,NA,NA,,,,,,,,
30,30177,7,1,1,0,,,,,,,,
30,30177,8,0,0,0,,,,,,,,
30,30177,9,0,0,0,,,,,,,,
30,30178,1,23,20,3,,,,,,,,
30,30178,2,0,0,0,,,,,,,,
30,30178,3,0,0,0,,,,,,,,
30,30178,4,0,0,0,,,,,,,,
30,30178,5,0,0,0,,,,,,,,
30,30178,6,NA,NA,NA,,,,,,,,
30,30178,7,2,2,0,,,,,,,,
30,30178,8,2,1,1,,,,,,,,
30,30178,9,0,0,0,,,,,,,,
30,30179,1,5,5,0,,,,,,,,
30,30179,2,0,0,0,,,,,,,,
30,30179,3,0,0,0,,,,,,,,
30,30179,4,0,0,0,,,,,,,,
30,30179,5,0,0,0,,,,,,,,
30,30179,6,NA,NA,NA,,,,,,,,
30,30179,7,3,3,0,,,,,,,,
30,30179,8,1,0,1,,,,,,,,
30,30179,9,0,0,0,,,,,,,,
30,30180,1,19,18,1,,,,,,,,
30,30180,2,0,0,0,,,,,,,,
30,30180,3,0,0,0,,,,,,,,
30,30180,4,0,0,0,,,,,,,,
30,30180,5,0,0,0,,,,,,,,
30,30180,6,NA,NA,NA,,,,,,,,
30,30180,7,2,2,0,,,,,,,,
30,30180,8,0,0,0,,,,,,,,
30,30180,9,0,0,0,,,,,,,,
30,30181,1,21,19,2,,,,,,,,
30,30181,2,0,0,0,,,,,,,,
30,30181,3,0,0,0,,,,,,,,
30,30181,4,0,0,0,,,,,,,,
30,30181,5,0,0,0,,,,,,,,
30,30181,6,NA,NA,NA,,,,,,,,
30,30181,7,1,1,0,,,,,,,,
30,30181,8,1,0,1,,,,,,,,
30,30181,9,0,0,0,,,,,,,,
30,30182,1,ND,ND,ND,,,,,,,,
30,30182,2,ND,ND,ND,,,,,,,,
30,30182,3,ND,ND,ND,,,,,,,,
30,30182,4,ND,ND,ND,,,,,,,,
30,30182,5,ND,ND,ND,,,,,,,,
30,30182,6,ND,ND,ND,,,,,,,,
30,30182,7,ND,ND,ND,,,,,,,,
30,30182,8,ND,ND,ND,,,,,,,,
30,30182,9,ND,ND,ND,,,,,,,,
30,30183,1,71,55,16,,,,,,,,
30,30183,2,0,0,0,,,,,,,,
30,30183,3,0,0,0,,,,,,,,
30,30183,4,0,0,0,,,,,,,,
30,30183,5,0,0,0,,,,,,,,
30,30183,6,NA,NA,NA,,,,,,,,
30,30183,7,1,1,0,,,,,,,,
30,30183,8,2,2,0,,,,,,,,
30,30183,9,0,0,0,,,,,,,,
30,30184,1,10,8,2,,,,,,,,
30,30184,2,4,4,0,,,,,,,,
30,30184,3,0,0,0,,,,,,,,
30,30184,4,0,0,0,,,,,,,,
30,30184,5,0,0,0,,,,,,,,
30,30184,6,NA,NA,NA,,,,,,,,
30,30184,7,1,1,0,,,,,,,,
30,30184,8,0,0,0,,,,,,,,
30,30184,9,0,0,0,,,,,,,,
30,30185,1,9,6,3,,,,,,,,
30,30185,2,0,0,0,,,,,,,,
30,30185,3,0,0,0,,,,,,,,
30,30185,4,0,0,0,,,,,,,,
30,30185,5,0,0,0,,,,,,,,
30,30185,6,0,0,0,,,,,,,,
30,30185,7,3,3,0,,,,,,,,
30,30185,8,1,0,1,,,,,,,,
30,30185,9,0,0,0,,,,,,,,
30,30186,1,8,8,0,,,,,,,,
30,30186,2,0,0,0,,,,,,,,
30,30186,3,0,0,0,,,,,,,,
30,30186,4,0,0,0,,,,,,,,
30,30186,5,0,0,0,,,,,,,,
30,30186,6,NA,NA,NA,,,,,,,,
30,30186,7,2,2,0,,,,,,,,
30,30186,8,1,1,0,,,,,,,,
30,30186,9,2,2,0,,,,,,,,
30,30187,1,10,10,0,,,,,,,,
30,30187,2,0,0,0,,,,,,,,
30,30187,3,0,0,0,,,,,,,,
30,30187,4,0,0,0,,,,,,,,
30,30187,5,0,0,0,,,,,,,,
30,30187,6,NA,NA,NA,,,,,,,,
30,30187,7,2,2,0,,,,,,,,
30,30187,8,2,2,0,,,,,,,,
30,30187,9,0,0,0,,,,,,,,
30,30188,1,23,19,4,,,,,,,,
30,30188,2,0,0,0,,,,,,,,
30,30188,3,0,0,0,,,,,,,,
30,30188,4,0,0,0,,,,,,,,
30,30188,5,0,0,0,,,,,,,,
30,30188,6,NA,NA,NA,,,,,,,,
30,30188,7,2,2,0,,,,,,,,
30,30188,8,1,0,1,,,,,,,,
30,30188,9,0,0,0,,,,,,,,
30,30189,1,160,107,53,,,,,,,,
30,30189,2,0,0,0,,,,,,,,
30,30189,3,0,0,0,,,,,,,,
30,30189,4,0,0,0,,,,,,,,
30,30189,5,0,0,0,,,,,,,,
30,30189,6,NA,NA,NA,,,,,,,,
30,30189,7,2,2,0,,,,,,,,
30,30189,8,1,1,0,,,,,,,,
30,30189,9,0,0,0,,,,,,,,
30,30190,1,4,4,0,,,,,,,,
30,30190,2,0,0,0,,,,,,,,
30,30190,3,0,0,0,,,,,,,,
30,30190,4,0,0,0,,,,,,,,
30,30190,5,0,0,0,,,,,,,,
30,30190,6,NA,NA,NA,,,,,,,,
30,30190,7,1,1,0,,,,,,,,
30,30190,8,0,0,0,,,,,,,,
30,30190,9,0,0,0,,,,,,,,
30,30191,1,ND,ND,ND,,,,,,,,
30,30191,2,ND,ND,ND,,,,,,,,
30,30191,3,ND,ND,ND,,,,,,,,
30,30191,4,ND,ND,ND,,,,,,,,
30,30191,5,ND,ND,ND,,,,,,,,
30,30191,6,ND,ND,ND,,,,,,,,
30,30191,7,ND,ND,ND,,,,,,,,
30,30191,8,ND,ND,ND,,,,,,,,
30,30191,9,ND,ND,ND,,,,,,,,
30,30192,1,22,19,3,,,,,,,,
30,30192,2,0,0,0,,,,,,,,
30,30192,3,0,0,0,,,,,,,,
30,30192,4,0,0,0,,,,,,,,
30,30192,5,0,0,0,,,,,,,,
30,30192,6,NA,NA,NA,,,,,,,,
30,30192,7,0,0,0,,,,,,,,
30,30192,8,1,1,0,,,,,,,,
30,30192,9,0,0,0,,,,,,,,
30,30193,1,141,108,33,,,,,,,,
30,30193,2,0,0,0,,,,,,,,
30,30193,3,0,0,0,,,,,,,,
30,30193,4,0,0,0,,,,,,,,
30,30193,5,0,0,0,,,,,,,,
30,30193,6,NA,NA,NA,,,,,,,,
30,30193,7,5,4,1,,,,,,,,
30,30193,8,41,20,21,,,,,,,,
30,30193,9,0,0,0,,,,,,,,
30,30194,1,14,11,3,,,,,,,,
30,30194,2,0,0,0,,,,,,,,
30,30194,3,0,0,0,,,,,,,,
30,30194,4,0,0,0,,,,,,,,
30,30194,5,0,0,0,,,,,,,,
30,30194,6,NA,NA,NA,,,,,,,,
30,30194,7,1,1,0,,,,,,,,
30,30194,8,1,1,0,,,,,,,,
30,30194,9,0,0,0,,,,,,,,
30,30195,1,12,10,2,,,,,,,,
30,30195,2,0,0,0,,,,,,,,
30,30195,3,0,0,0,,,,,,,,
30,30195,4,0,0,0,,,,,,,,
30,30195,5,0,0,0,,,,,,,,
30,30195,6,NA,NA,NA,,,,,,,,
30,30195,7,1,1,0,,,,,,,,
30,30195,8,0,0,0,,,,,,,,
30,30195,9,0,0,0,,,,,,,,
30,30196,1,17,16,1,,,,,,,,
30,30196,2,0,0,0,,,,,,,,
30,30196,3,0,0,0,,,,,,,,
30,30196,4,0,0,0,,,,,,,,
30,30196,5,0,0,0,,,,,,,,
30,30196,6,NA,NA,NA,,,,,,,,
30,30196,7,1,1,0,,,,,,,,
30,30196,8,1,1,0,,,,,,,,
30,30196,9,0,0,0,,,,,,,,
30,30197,1,14,12,2,,,,,,,,
30,30197,2,0,0,0,,,,,,,,
30,30197,3,0,0,0,,,,,,,,
30,30197,4,0,0,0,,,,,,,,
30,30197,5,0,0,0,,,,,,,,
30,30197,6,NA,NA,NA,,,,,,,,
30,30197,7,2,2,0,,,,,,,,
30,30197,8,1,1,0,,,,,,,,
30,30197,9,0,0,0,,,,,,,,
30,30198,1,18,17,1,,,,,,,,
30,30198,2,0,0,0,,,,,,,,
30,30198,3,0,0,0,,,,,,,,
30,30198,4,0,0,0,,,,,,,,
30,30198,5,0,0,0,,,,,,,,
30,30198,6,NA,NA,NA,,,,,,,,
30,30198,7,0,0,0,,,,,,,,
30,30198,8,0,0,0,,,,,,,,
30,30198,9,0,0,0,,,,,,,,
30,30199,1,15,15,0,,,,,,,,
30,30199,2,0,0,0,,,,,,,,
30,30199,3,0,0,0,,,,,,,,
30,30199,4,0,0,0,,,,,,,,
30,30199,5,0,0,0,,,,,,,,
30,30199,6,NA,NA,NA,,,,,,,,
30,30199,7,3,3,0,,,,,,,,
30,30199,8,0,0,0,,,,,,,,
30,30199,9,0,0,0,,,,,,,,
30,30200,1,8,8,0,,,,,,,,
30,30200,2,0,0,0,,,,,,,,
30,30200,3,0,0,0,,,,,,,,
30,30200,4,0,0,0,,,,,,,,
30,30200,5,0,0,0,,,,,,,,
30,30200,6,NA,NA,NA,,,,,,,,
30,30200,7,2,2,0,,,,,,,,
30,30200,8,1,1,0,,,,,,,,
30,30200,9,0,0,0,,,,,,,,
30,30201,1,20,20,0,,,,,,,,
30,30201,2,12,6,6,,,,,,,,
30,30201,3,0,0,0,,,,,,,,
30,30201,4,0,0,0,,,,,,,,
30,30201,5,0,0,0,,,,,,,,
30,30201,6,NA,NA,NA,,,,,,,,
30,30201,7,0,0,0,,,,,,,,
30,30201,8,0,0,0,,,,,,,,
30,30201,9,0,0,0,,,,,,,,
30,30202,1,16,14,2,,,,,,,,
30,30202,2,0,0,0,,,,,,,,
30,30202,3,0,0,0,,,,,,,,
30,30202,4,0,0,0,,,,,,,,
30,30202,5,0,0,0,,,,,,,,
30,30202,6,NA,NA,NA,,,,,,,,
30,30202,7,2,2,0,,,,,,,,
30,30202,8,0,0,0,,,,,,,,
30,30202,9,0,0,0,,,,,,,,
30,30203,1,29,29,0,,,,,,,,
30,30203,2,0,0,0,,,,,,,,
30,30203,3,0,0,0,,,,,,,,
30,30203,4,0,0,0,,,,,,,,
30,30203,5,0,0,0,,,,,,,,
30,30203,6,NA,NA,NA,,,,,,,,
30,30203,7,1,1,0,,,,,,,,
30,30203,8,0,0,0,,,,,,,,
30,30203,9,0,0,0,,,,,,,,
30,30204,1,44,39,5,,,,,,,,
30,30204,2,0,0,0,,,,,,,,
30,30204,3,0,0,0,,,,,,,,
30,30204,4,0,0,0,,,,,,,,
30,30204,5,0,0,0,,,,,,,,
30,30204,6,NA,NA,NA,,,,,,,,
30,30204,7,0,0,0,,,,,,,,
30,30204,8,0,0,0,,,,,,,,
30,30204,9,0,0,0,,,,,,,,
30,30205,1,ND,ND,ND,,,,,,,,
30,30205,2,ND,ND,ND,,,,,,,,
30,30205,3,ND,ND,ND,,,,,,,,
30,30205,4,ND,ND,ND,,,,,,,,
30,30205,5,ND,ND,ND,,,,,,,,
30,30205,6,ND,ND,ND,,,,,,,,
30,30205,7,ND,ND,ND,,,,,,,,
30,30205,8,ND,ND,ND,,,,,,,,
30,30205,9,ND,ND,ND,,,,,,,,
30,30206,1,23,20,3,,,,,,,,
30,30206,2,0,0,0,,,,,,,,
30,30206,3,0,0,0,,,,,,,,
30,30206,4,0,0,0,,,,,,,,
30,30206,5,0,0,0,,,,,,,,
30,30206,6,NA,NA,NA,,,,,,,,
30,30206,7,1,1,0,,,,,,,,
30,30206,8,0,0,0,,,,,,,,
30,30206,9,2,1,1,,,,,,,,
30,30207,1,53,47,6,,,,,,,,
30,30207,2,0,0,0,,,,,,,,
30,30207,3,0,0,0,,,,,,,,
30,30207,4,0,0,0,,,,,,,,
30,30207,5,0,0,0,,,,,,,,
30,30207,6,NA,NA,NA,,,,,,,,
30,30207,7,2,2,0,,,,,,,,
30,30207,8,0,0,0,,,,,,,,
30,30207,9,0,0,0,,,,,,,,
30,30208,1,19,19,0,,,,,,,,
30,30208,2,0,0,0,,,,,,,,
30,30208,3,0,0,0,,,,,,,,
30,30208,4,0,0,0,,,,,,,,
30,30208,5,0,0,0,,,,,,,,
30,30208,6,NA,NA,NA,,,,,,,,
30,30208,7,1,1,0,,,,,,,,
30,30208,8,1,0,1,,,,,,,,
30,30208,9,0,0,0,,,,,,,,
30,30209,1,18,15,3,,,,,,,,
30,30209,2,0,0,0,,,,,,,,
30,30209,3,0,0,0,,,,,,,,
30,30209,4,0,0,0,,,,,,,,
30,30209,5,0,0,0,,,,,,,,
30,30209,6,NA,NA,NA,,,,,,,,
30,30209,7,0,0,0,,,,,,,,
30,30209,8,0,0,0,,,,,,,,
30,30209,9,0,0,0,,,,,,,,
30,30210,1,19,18,1,,,,,,,,
30,30210,2,0,0,0,,,,,,,,
30,30210,3,0,0,0,,,,,,,,
30,30210,4,0,0,0,,,,,,,,
30,30210,5,0,0,0,,,,,,,,
30,30210,6,NA,NA,NA,,,,,,,,
30,30210,7,3,3,0,,,,,,,,
30,30210,8,0,0,0,,,,,,,,
30,30210,9,0,0,0,,,,,,,,
30,30211,1,57,49,8,,,,,,,,
30,30211,2,0,0,0,,,,,,,,
30,30211,3,0,0,0,,,,,,,,
30,30211,4,0,0,0,,,,,,,,
30,30211,5,0,0,0,,,,,,,,
30,30211,6,NA,NA,NA,,,,,,,,
30,30211,7,1,1,0,,,,,,,,
30,30211,8,2,1,1,,,,,,,,
30,30211,9,0,0,0,,,,,,,,
30,30212,1,29,29,0,,,,,,,,
30,30212,2,0,0,0,,,,,,,,
30,30212,3,0,0,0,,,,,,,,
30,30212,4,0,0,0,,,,,,,,
30,30212,5,0,0,0,,,,,,,,
30,30212,6,NA,NA,NA,,,,,,,,
30,30212,7,1,1,0,,,,,,,,
30,30212,8,1,0,1,,,,,,,,
30,30212,9,0,0,0,,,,,,,,
31,31001,1,12,10,2,,,,,,,,
31,31001,2,0,0,0,,,,,,,,
31,31001,3,0,0,0,,,,,,,,
31,31001,4,0,0,0,,,,,,,,
31,31001,5,0,0,0,,,,,,,,
31,31001,6,NA,NA,NA,,,,,,,,
31,31001,7,0,0,0,,,,,,,,
31,31001,8,0,0,0,,,,,,,,
31,31001,9,0,0,0,,,,,,,,
31,31002,1,18,12,6,,,,,,,,
31,31002,2,0,0,0,,,,,,,,
31,31002,3,0,0,0,,,,,,,,
31,31002,4,0,0,0,,,,,,,,
31,31002,5,0,0,0,,,,,,,,
31,31002,6,NA,NA,NA,,,,,,,,
31,31002,7,1,1,0,,,,,,,,
31,31002,8,0,0,0,,,,,,,,
31,31002,9,0,0,0,,,,,,,,
31,31003,1,28,24,4,,,,,,,,
31,31003,2,0,0,0,,,,,,,,
31,31003,3,0,0,0,,,,,,,,
31,31003,4,0,0,0,,,,,,,,
31,31003,5,0,0,0,,,,,,,,
31,31003,6,NA,NA,NA,,,,,,,,
31,31003,7,5,5,0,,,,,,,,
31,31003,8,0,0,0,,,,,,,,
31,31003,9,0,0,0,,,,,,,,
31,31004,1,13,9,4,,,,,,,,
31,31004,2,0,0,0,,,,,,,,
31,31004,3,0,0,0,,,,,,,,
31,31004,4,0,0,0,,,,,,,,
31,31004,5,0,0,0,,,,,,,,
31,31004,6,NA,NA,NA,,,,,,,,
31,31004,7,1,1,0,,,,,,,,
31,31004,8,1,0,1,,,,,,,,
31,31004,9,0,0,0,,,,,,,,
31,31005,1,14,10,4,,,,,,,,
31,31005,2,0,0,0,,,,,,,,
31,31005,3,0,0,0,,,,,,,,
31,31005,4,0,0,0,,,,,,,,
31,31005,5,0,0,0,,,,,,,,
31,31005,6,NA,NA,NA,,,,,,,,
31,31005,7,0,0,0,,,,,,,,
31,31005,8,0,0,0,,,,,,,,
31,31005,9,0,0,0,,,,,,,,
31,31006,1,16,13,3,,,,,,,,
31,31006,2,0,0,0,,,,,,,,
31,31006,3,0,0,0,,,,,,,,
31,31006,4,0,0,0,,,,,,,,
31,31006,5,0,0,0,,,,,,,,
31,31006,6,NA,NA,NA,,,,,,,,
31,31006,7,2,1,1,,,,,,,,
31,31006,8,0,0,0,,,,,,,,
31,31006,9,0,0,0,,,,,,,,
31,31007,1,16,8,8,,,,,,,,
31,31007,2,0,0,0,,,,,,,,
31,31007,3,0,0,0,,,,,,,,
31,31007,4,0,0,0,,,,,,,,
31,31007,5,0,0,0,,,,,,,,
31,31007,6,NA,NA,NA,,,,,,,,
31,31007,7,2,2,0,,,,,,,,
31,31007,8,2,0,2,,,,,,,,
31,31007,9,2,2,0,,,,,,,,
31,31008,1,32,28,4,,,,,,,,
31,31008,2,0,0,0,,,,,,,,
31,31008,3,0,0,0,,,,,,,,
31,31008,4,0,0,0,,,,,,,,
31,31008,5,0,0,0,,,,,,,,
31,31008,6,NA,NA,NA,,,,,,,,
31,31008,7,5,5,0,,,,,,,,
31,31008,8,0,0,0,,,,,,,,
31,31008,9,0,0,0,,,,,,,,
31,31009,1,22,18,4,,,,,,,,
31,31009,2,0,0,0,,,,,,,,
31,31009,3,0,0,0,,,,,,,,
31,31009,4,0,0,0,,,,,,,,
31,31009,5,0,0,0,,,,,,,,
31,31009,6,NA,NA,NA,,,,,,,,
31,31009,7,3,2,1,,,,,,,,
31,31009,8,0,0,0,,,,,,,,
31,31009,9,0,0,0,,,,,,,,
31,31010,1,4,4,0,,,,,,,,
31,31010,2,0,0,0,,,,,,,,
31,31010,3,0,0,0,,,,,,,,
31,31010,4,0,0,0,,,,,,,,
31,31010,5,0,0,0,,,,,,,,
31,31010,6,NA,NA,NA,,,,,,,,
31,31010,7,2,2,0,,,,,,,,
31,31010,8,0,0,0,,,,,,,,
31,31010,9,0,0,0,,,,,,,,
31,31011,1,13,9,4,,,,,,,,
31,31011,2,0,0,0,,,,,,,,
31,31011,3,0,0,0,,,,,,,,
31,31011,4,0,0,0,,,,,,,,
31,31011,5,0,0,0,,,,,,,,
31,31011,6,NA,NA,NA,,,,,,,,
31,31011,7,1,1,0,,,,,,,,
31,31011,8,2,0,2,,,,,,,,
31,31011,9,0,0,0,,,,,,,,
31,31012,1,13,12,1,,,,,,,,
31,31012,2,0,0,0,,,,,,,,
31,31012,3,0,0,0,,,,,,,,
31,31012,4,0,0,0,,,,,,,,
31,31012,5,0,0,0,,,,,,,,
31,31012,6,NA,NA,NA,,,,,,,,
31,31012,7,2,1,1,,,,,,,,
31,31012,8,0,0,0,,,,,,,,
31,31012,9,0,0,0,,,,,,,,
31,31013,1,33,24,9,,,,,,,,
31,31013,2,0,0,0,,,,,,,,
31,31013,3,0,0,0,,,,,,,,
31,31013,4,0,0,0,,,,,,,,
31,31013,5,0,0,0,,,,,,,,
31,31013,6,NA,NA,NA,,,,,,,,
31,31013,7,5,4,1,,,,,,,,
31,31013,8,0,0,0,,,,,,,,
31,31013,9,0,0,0,,,,,,,,
31,31014,1,12,10,2,,,,,,,,
31,31014,2,0,0,0,,,,,,,,
31,31014,3,0,0,0,,,,,,,,
31,31014,4,0,0,0,,,,,,,,
31,31014,5,0,0,0,,,,,,,,
31,31014,6,NA,NA,NA,,,,,,,,
31,31014,7,2,2,0,,,,,,,,
31,31014,8,0,0,0,,,,,,,,
31,31014,9,0,0,0,,,,,,,,
31,31015,1,7,5,2,,,,,,,,
31,31015,2,0,0,0,,,,,,,,
31,31015,3,0,0,0,,,,,,,,
31,31015,4,0,0,0,,,,,,,,
31,31015,5,0,0,0,,,,,,,,
31,31015,6,NA,NA,NA,,,,,,,,
31,31015,7,6,3,3,,,,,,,,
31,31015,8,0,0,0,,,,,,,,
31,31015,9,0,0,0,,,,,,,,
31,31016,1,17,15,2,,,,,,,,
31,31016,2,0,0,0,,,,,,,,
31,31016,3,0,0,0,,,,,,,,
31,31016,4,0,0,0,,,,,,,,
31,31016,5,0,0,0,,,,,,,,
31,31016,6,NA,NA,NA,,,,,,,,
31,31016,7,4,4,0,,,,,,,,
31,31016,8,0,0,0,,,,,,,,
31,31016,9,0,0,0,,,,,,,,
31,31017,1,12,9,3,,,,,,,,
31,31017,2,0,0,0,,,,,,,,
31,31017,3,0,0,0,,,,,,,,
31,31017,4,0,0,0,,,,,,,,
31,31017,5,0,0,0,,,,,,,,
31,31017,6,NA,NA,NA,,,,,,,,
31,31017,7,4,4,0,,,,,,,,
31,31017,8,0,0,0,,,,,,,,
31,31017,9,0,0,0,,,,,,,,
31,31018,1,13,11,2,,,,,,,,
31,31018,2,0,0,0,,,,,,,,
31,31018,3,0,0,0,,,,,,,,
31,31018,4,0,0,0,,,,,,,,
31,31018,5,0,0,0,,,,,,,,
31,31018,6,NA,NA,NA,,,,,,,,
31,31018,7,2,2,0,,,,,,,,
31,31018,8,0,0,0,,,,,,,,
31,31018,9,0,0,0,,,,,,,,
31,31019,1,64,56,8,,,,,,,,
31,31019,2,0,0,0,,,,,,,,
31,31019,3,0,0,0,,,,,,,,
31,31019,4,0,0,0,,,,,,,,
31,31019,5,0,0,0,,,,,,,,
31,31019,6,NA,NA,NA,,,,,,,,
31,31019,7,3,3,0,,,,,,,,
31,31019,8,0,0,0,,,,,,,,
31,31019,9,0,0,0,,,,,,,,
31,31020,1,15,14,1,,,,,,,,
31,31020,2,0,0,0,,,,,,,,
31,31020,3,0,0,0,,,,,,,,
31,31020,4,0,0,0,,,,,,,,
31,31020,5,0,0,0,,,,,,,,
31,31020,6,NA,NA,NA,,,,,,,,
31,31020,7,2,2,0,,,,,,,,
31,31020,8,0,0,0,,,,,,,,
31,31020,9,0,0,0,,,,,,,,
31,31021,1,66,64,2,,,,,,,,
31,31021,2,0,0,0,,,,,,,,
31,31021,3,0,0,0,,,,,,,,
31,31021,4,0,0,0,,,,,,,,
31,31021,5,0,0,0,,,,,,,,
31,31021,6,NA,NA,NA,,,,,,,,
31,31021,7,2,2,0,,,,,,,,
31,31021,8,0,0,0,,,,,,,,
31,31021,9,0,0,0,,,,,,,,
31,31022,1,14,14,0,,,,,,,,
31,31022,2,0,0,0,,,,,,,,
31,31022,3,0,0,0,,,,,,,,
31,31022,4,0,0,0,,,,,,,,
31,31022,5,0,0,0,,,,,,,,
31,31022,6,NA,NA,NA,,,,,,,,
31,31022,7,4,4,0,,,,,,,,
31,31022,8,0,0,0,,,,,,,,
31,31022,9,0,0,0,,,,,,,,
31,31023,1,18,14,4,,,,,,,,
31,31023,2,0,0,0,,,,,,,,
31,31023,3,0,0,0,,,,,,,,
31,31023,4,0,0,0,,,,,,,,
31,31023,5,0,0,0,,,,,,,,
31,31023,6,NA,NA,NA,,,,,,,,
31,31023,7,1,1,0,,,,,,,,
31,31023,8,0,0,0,,,,,,,,
31,31023,9,0,0,0,,,,,,,,
31,31024,1,14,12,2,,,,,,,,
31,31024,2,0,0,0,,,,,,,,
31,31024,3,0,0,0,,,,,,,,
31,31024,4,0,0,0,,,,,,,,
31,31024,5,0,0,0,,,,,,,,
31,31024,6,NA,NA,NA,,,,,,,,
31,31024,7,0,0,0,,,,,,,,
31,31024,8,0,0,0,,,,,,,,
31,31024,9,0,0,0,,,,,,,,
31,31025,1,11,9,2,,,,,,,,
31,31025,2,0,0,0,,,,,,,,
31,31025,3,0,0,0,,,,,,,,
31,31025,4,0,0,0,,,,,,,,
31,31025,5,0,0,0,,,,,,,,
31,31025,6,NA,NA,NA,,,,,,,,
31,31025,7,3,3,0,,,,,,,,
31,31025,8,0,0,0,,,,,,,,
31,31025,9,0,0,0,,,,,,,,
31,31026,1,10,8,2,,,,,,,,
31,31026,2,0,0,0,,,,,,,,
31,31026,3,0,0,0,,,,,,,,
31,31026,4,0,0,0,,,,,,,,
31,31026,5,0,0,0,,,,,,,,
31,31026,6,NA,NA,NA,,,,,,,,
31,31026,7,3,2,1,,,,,,,,
31,31026,8,0,0,0,,,,,,,,
31,31026,9,0,0,0,,,,,,,,
31,31027,1,17,13,4,,,,,,,,
31,31027,2,0,0,0,,,,,,,,
31,31027,3,0,0,0,,,,,,,,
31,31027,4,0,0,0,,,,,,,,
31,31027,5,0,0,0,,,,,,,,
31,31027,6,NA,NA,NA,,,,,,,,
31,31027,7,4,4,0,,,,,,,,
31,31027,8,0,0,0,,,,,,,,
31,31027,9,0,0,0,,,,,,,,
31,31028,1,10,7,3,,,,,,,,
31,31028,2,0,0,0,,,,,,,,
31,31028,3,0,0,0,,,,,,,,
31,31028,4,0,0,0,,,,,,,,
31,31028,5,0,0,0,,,,,,,,
31,31028,6,NA,NA,NA,,,,,,,,
31,31028,7,3,2,1,,,,,,,,
31,31028,8,1,0,1,,,,,,,,
31,31028,9,0,0,0,,,,,,,,
31,31029,1,21,16,5,,,,,,,,
31,31029,2,0,0,0,,,,,,,,
31,31029,3,0,0,0,,,,,,,,
31,31029,4,0,0,0,,,,,,,,
31,31029,5,0,0,0,,,,,,,,
31,31029,6,NA,NA,NA,,,,,,,,
31,31029,7,5,4,1,,,,,,,,
31,31029,8,0,0,0,,,,,,,,
31,31029,9,0,0,0,,,,,,,,
31,31030,1,20,19,1,,,,,,,,
31,31030,2,0,0,0,,,,,,,,
31,31030,3,0,0,0,,,,,,,,
31,31030,4,0,0,0,,,,,,,,
31,31030,5,0,0,0,,,,,,,,
31,31030,6,NA,NA,NA,,,,,,,,
31,31030,7,1,1,0,,,,,,,,
31,31030,8,0,0,0,,,,,,,,
31,31030,9,0,0,0,,,,,,,,
31,31031,1,20,19,1,,,,,,,,
31,31031,2,0,0,0,,,,,,,,
31,31031,3,0,0,0,,,,,,,,
31,31031,4,0,0,0,,,,,,,,
31,31031,5,0,0,0,,,,,,,,
31,31031,6,NA,NA,NA,,,,,,,,
31,31031,7,1,1,0,,,,,,,,
31,31031,8,0,0,0,,,,,,,,
31,31031,9,0,0,0,,,,,,,,
31,31032,1,34,31,3,,,,,,,,
31,31032,2,0,0,0,,,,,,,,
31,31032,3,0,0,0,,,,,,,,
31,31032,4,0,0,0,,,,,,,,
31,31032,5,0,0,0,,,,,,,,
31,31032,6,NA,NA,NA,,,,,,,,
31,31032,7,3,3,0,,,,,,,,
31,31032,8,0,0,0,,,,,,,,
31,31032,9,0,0,0,,,,,,,,
31,31033,1,90,88,2,,,,,,,,
31,31033,2,0,0,0,,,,,,,,
31,31033,3,0,0,0,,,,,,,,
31,31033,4,0,0,0,,,,,,,,
31,31033,5,0,0,0,,,,,,,,
31,31033,6,NA,NA,NA,,,,,,,,
31,31033,7,1,1,0,,,,,,,,
31,31033,8,0,0,0,,,,,,,,
31,31033,9,0,0,0,,,,,,,,
31,31034,1,20,17,3,,,,,,,,
31,31034,2,0,0,0,,,,,,,,
31,31034,3,0,0,0,,,,,,,,
31,31034,4,0,0,0,,,,,,,,
31,31034,5,0,0,0,,,,,,,,
31,31034,6,NA,NA,NA,,,,,,,,
31,31034,7,4,4,0,,,,,,,,
31,31034,8,0,0,0,,,,,,,,
31,31034,9,0,0,0,,,,,,,,
31,31035,1,18,14,4,,,,,,,,
31,31035,2,0,0,0,,,,,,,,
31,31035,3,0,0,0,,,,,,,,
31,31035,4,0,0,0,,,,,,,,
31,31035,5,0,0,0,,,,,,,,
31,31035,6,NA,NA,NA,,,,,,,,
31,31035,7,2,2,0,,,,,,,,
31,31035,8,0,0,0,,,,,,,,
31,31035,9,0,0,0,,,,,,,,
31,31036,1,12,10,2,,,,,,,,
31,31036,2,0,0,0,,,,,,,,
31,31036,3,0,0,0,,,,,,,,
31,31036,4,0,0,0,,,,,,,,
31,31036,5,0,0,0,,,,,,,,
31,31036,6,NA,NA,NA,,,,,,,,
31,31036,7,4,3,1,,,,,,,,
31,31036,8,0,0,0,,,,,,,,
31,31036,9,0,0,0,,,,,,,,
31,31037,1,13,13,0,,,,,,,,
31,31037,2,0,0,0,,,,,,,,
31,31037,3,0,0,0,,,,,,,,
31,31037,4,0,0,0,,,,,,,,
31,31037,5,0,0,0,,,,,,,,
31,31037,6,NA,NA,NA,,,,,,,,
31,31037,7,2,2,0,,,,,,,,
31,31037,8,2,0,2,,,,,,,,
31,31037,9,0,0,0,,,,,,,,
31,31038,1,92,70,22,,,,,,,,
31,31038,2,0,0,0,,,,,,,,
31,31038,3,0,0,0,,,,,,,,
31,31038,4,0,0,0,,,,,,,,
31,31038,5,0,0,0,,,,,,,,
31,31038,6,NA,NA,NA,,,,,,,,
31,31038,7,5,5,0,,,,,,,,
31,31038,8,1,1,0,,,,,,,,
31,31038,9,0,0,0,,,,,,,,
31,31039,1,12,9,3,,,,,,,,
31,31039,2,0,0,0,,,,,,,,
31,31039,3,0,0,0,,,,,,,,
31,31039,4,0,0,0,,,,,,,,
31,31039,5,0,0,0,,,,,,,,
31,31039,6,NA,NA,NA,,,,,,,,
31,31039,7,2,2,0,,,,,,,,
31,31039,8,0,0,0,,,,,,,,
31,31039,9,0,0,0,,,,,,,,
31,31040,1,20,10,10,,,,,,,,
31,31040,2,15,10,5,,,,,,,,
31,31040,3,0,0,0,,,,,,,,
31,31040,4,0,0,0,,,,,,,,
31,31040,5,0,0,0,,,,,,,,
31,31040,6,NA,NA,NA,,,,,,,,
31,31040,7,6,5,1,,,,,,,,
31,31040,8,4,2,2,,,,,,,,
31,31040,9,0,0,0,,,,,,,,
31,31041,1,114,87,27,,,,,,,,
31,31041,2,0,0,0,,,,,,,,
31,31041,3,0,0,0,,,,,,,,
31,31041,4,0,0,0,,,,,,,,
31,31041,5,0,0,0,,,,,,,,
31,31041,6,NA,NA,NA,,,,,,,,
31,31041,7,2,2,0,,,,,,,,
31,31041,8,10,6,4,,,,,,,,
31,31041,9,0,0,0,,,,,,,,
31,31042,1,17,13,4,,,,,,,,
31,31042,2,0,0,0,,,,,,,,
31,31042,3,0,0,0,,,,,,,,
31,31042,4,0,0,0,,,,,,,,
31,31042,5,0,0,0,,,,,,,,
31,31042,6,NA,NA,NA,,,,,,,,
31,31042,7,4,3,1,,,,,,,,
31,31042,8,0,0,0,,,,,,,,
31,31042,9,0,0,0,,,,,,,,
31,31043,1,18,16,2,,,,,,,,
31,31043,2,0,0,0,,,,,,,,
31,31043,3,0,0,0,,,,,,,,
31,31043,4,0,0,0,,,,,,,,
31,31043,5,0,0,0,,,,,,,,
31,31043,6,NA,NA,NA,,,,,,,,
31,31043,7,2,2,0,,,,,,,,
31,31043,8,0,0,0,,,,,,,,
31,31043,9,0,0,0,,,,,,,,
31,31044,1,20,15,5,,,,,,,,
31,31044,2,0,0,0,,,,,,,,
31,31044,3,0,0,0,,,,,,,,
31,31044,4,0,0,0,,,,,,,,
31,31044,5,0,0,0,,,,,,,,
31,31044,6,NA,NA,NA,,,,,,,,
31,31044,7,2,2,0,,,,,,,,
31,31044,8,1,0,1,,,,,,,,
31,31044,9,1,1,0,,,,,,,,
31,31045,1,12,8,4,,,,,,,,
31,31045,2,0,0,0,,,,,,,,
31,31045,3,0,0,0,,,,,,,,
31,31045,4,0,0,0,,,,,,,,
31,31045,5,0,0,0,,,,,,,,
31,31045,6,NA,NA,NA,,,,,,,,
31,31045,7,1,1,0,,,,,,,,
31,31045,8,0,0,0,,,,,,,,
31,31045,9,0,0,0,,,,,,,,
31,31046,1,17,16,1,,,,,,,,
31,31046,2,0,0,0,,,,,,,,
31,31046,3,0,0,0,,,,,,,,
31,31046,4,0,0,0,,,,,,,,
31,31046,5,0,0,0,,,,,,,,
31,31046,6,NA,NA,NA,,,,,,,,
31,31046,7,1,1,0,,,,,,,,
31,31046,8,0,0,0,,,,,,,,
31,31046,9,0,0,0,,,,,,,,
31,31047,1,22,18,4,,,,,,,,
31,31047,2,0,0,0,,,,,,,,
31,31047,3,0,0,0,,,,,,,,
31,31047,4,0,0,0,,,,,,,,
31,31047,5,0,0,0,,,,,,,,
31,31047,6,NA,NA,NA,,,,,,,,
31,31047,7,3,3,0,,,,,,,,
31,31047,8,0,0,0,,,,,,,,
31,31047,9,0,0,0,,,,,,,,
31,31048,1,28,24,4,,,,,,,,
31,31048,2,0,0,0,,,,,,,,
31,31048,3,0,0,0,,,,,,,,
31,31048,4,0,0,0,,,,,,,,
31,31048,5,0,0,0,,,,,,,,
31,31048,6,NA,NA,NA,,,,,,,,
31,31048,7,1,1,0,,,,,,,,
31,31048,8,0,0,0,,,,,,,,
31,31048,9,0,0,0,,,,,,,,
31,31049,1,14,12,2,,,,,,,,
31,31049,2,0,0,0,,,,,,,,
31,31049,3,0,0,0,,,,,,,,
31,31049,4,0,0,0,,,,,,,,
31,31049,5,0,0,0,,,,,,,,
31,31049,6,NA,NA,NA,,,,,,,,
31,31049,7,2,2,0,,,,,,,,
31,31049,8,0,0,0,,,,,,,,
31,31049,9,0,0,0,,,,,,,,
31,31050,1,263,229,34,,,,,,,,
31,31050,2,126,117,9,,,,,,,,
31,31050,3,0,0,0,,,,,,,,
31,31050,4,0,0,0,,,,,,,,
31,31050,5,0,0,0,,,,,,,,
31,31050,6,NA,NA,NA,,,,,,,,
31,31050,7,3,3,0,,,,,,,,
31,31050,8,0,0,0,,,,,,,,
31,31050,9,0,0,0,,,,,,,,
31,31051,1,9,8,1,,,,,,,,
31,31051,2,0,0,0,,,,,,,,
31,31051,3,0,0,0,,,,,,,,
31,31051,4,0,0,0,,,,,,,,
31,31051,5,0,0,0,,,,,,,,
31,31051,6,NA,NA,NA,,,,,,,,
31,31051,7,1,1,0,,,,,,,,
31,31051,8,0,0,0,,,,,,,,
31,31051,9,0,0,0,,,,,,,,
31,31052,1,69,52,17,,,,,,,,
31,31052,2,0,0,0,,,,,,,,
31,31052,3,0,0,0,,,,,,,,
31,31052,4,0,0,0,,,,,,,,
31,31052,5,0,0,0,,,,,,,,
31,31052,6,NA,NA,NA,,,,,,,,
31,31052,7,5,4,1,,,,,,,,
31,31052,8,7,5,2,,,,,,,,
31,31052,9,5,4,1,,,,,,,,
31,31053,1,20,16,4,,,,,,,,
31,31053,2,0,0,0,,,,,,,,
31,31053,3,0,0,0,,,,,,,,
31,31053,4,0,0,0,,,,,,,,
31,31053,5,0,0,0,,,,,,,,
31,31053,6,NA,NA,NA,,,,,,,,
31,31053,7,1,1,0,,,,,,,,
31,31053,8,0,0,0,,,,,,,,
31,31053,9,0,0,0,,,,,,,,
31,31054,1,14,14,0,,,,,,,,
31,31054,2,0,0,0,,,,,,,,
31,31054,3,0,0,0,,,,,,,,
31,31054,4,0,0,0,,,,,,,,
31,31054,5,0,0,0,,,,,,,,
31,31054,6,NA,NA,NA,,,,,,,,
31,31054,7,4,4,0,,,,,,,,
31,31054,8,0,0,0,,,,,,,,
31,31054,9,0,0,0,,,,,,,,
31,31055,1,11,9,2,,,,,,,,
31,31055,2,0,0,0,,,,,,,,
31,31055,3,0,0,0,,,,,,,,
31,31055,4,0,0,0,,,,,,,,
31,31055,5,0,0,0,,,,,,,,
31,31055,6,NA,NA,NA,,,,,,,,
31,31055,7,1,1,0,,,,,,,,
31,31055,8,0,0,0,,,,,,,,
31,31055,9,0,0,0,,,,,,,,
31,31056,1,66,57,9,,,,,,,,
31,31056,2,0,0,0,,,,,,,,
31,31056,3,0,0,0,,,,,,,,
31,31056,4,0,0,0,,,,,,,,
31,31056,5,0,0,0,,,,,,,,
31,31056,6,NA,NA,NA,,,,,,,,
31,31056,7,6,5,1,,,,,,,,
31,31056,8,0,0,0,,,,,,,,
31,31056,9,0,0,0,,,,,,,,
31,31057,1,12,11,1,,,,,,,,
31,31057,2,8,8,0,,,,,,,,
31,31057,3,0,0,0,,,,,,,,
31,31057,4,0,0,0,,,,,,,,
31,31057,5,0,0,0,,,,,,,,
31,31057,6,NA,NA,NA,,,,,,,,
31,31057,7,3,2,1,,,,,,,,
31,31057,8,0,0,0,,,,,,,,
31,31057,9,1,0,1,,,,,,,,
31,31058,1,41,32,9,,,,,,,,
31,31058,2,0,0,0,,,,,,,,
31,31058,3,0,0,0,,,,,,,,
31,31058,4,0,0,0,,,,,,,,
31,31058,5,0,0,0,,,,,,,,
31,31058,6,NA,NA,NA,,,,,,,,
31,31058,7,9,8,1,,,,,,,,
31,31058,8,3,2,1,,,,,,,,
31,31058,9,0,0,0,,,,,,,,
31,31059,1,142,99,43,,,,,,,,
31,31059,2,0,0,0,,,,,,,,
31,31059,3,0,0,0,,,,,,,,
31,31059,4,0,0,0,,,,,,,,
31,31059,5,0,0,0,,,,,,,,
31,31059,6,NA,NA,NA,,,,,,,,
31,31059,7,8,7,1,,,,,,,,
31,31059,8,75,37,38,,,,,,,,
31,31059,9,6,6,0,,,,,,,,
31,31060,1,10,8,2,,,,,,,,
31,31060,2,0,0,0,,,,,,,,
31,31060,3,0,0,0,,,,,,,,
31,31060,4,0,0,0,,,,,,,,
31,31060,5,0,0,0,,,,,,,,
31,31060,6,NA,NA,NA,,,,,,,,
31,31060,7,3,3,0,,,,,,,,
31,31060,8,0,0,0,,,,,,,,
31,31060,9,0,0,0,,,,,,,,
31,31061,1,12,11,1,,,,,,,,
31,31061,2,0,0,0,,,,,,,,
31,31061,3,0,0,0,,,,,,,,
31,31061,4,0,0,0,,,,,,,,
31,31061,5,0,0,0,,,,,,,,
31,31061,6,NA,NA,NA,,,,,,,,
31,31061,7,2,1,1,,,,,,,,
31,31061,8,0,0,0,,,,,,,,
31,31061,9,0,0,0,,,,,,,,
31,31062,1,13,10,3,,,,,,,,
31,31062,2,0,0,0,,,,,,,,
31,31062,3,0,0,0,,,,,,,,
31,31062,4,0,0,0,,,,,,,,
31,31062,5,0,0,0,,,,,,,,
31,31062,6,NA,NA,NA,,,,,,,,
31,31062,7,3,3,0,,,,,,,,
31,31062,8,1,0,1,,,,,,,,
31,31062,9,0,0,0,,,,,,,,
31,31063,1,8,7,1,,,,,,,,
31,31063,2,0,0,0,,,,,,,,
31,31063,3,0,0,0,,,,,,,,
31,31063,4,0,0,0,,,,,,,,
31,31063,5,0,0,0,,,,,,,,
31,31063,6,NA,NA,NA,,,,,,,,
31,31063,7,1,1,0,,,,,,,,
31,31063,8,2,0,2,,,,,,,,
31,31063,9,0,0,0,,,,,,,,
31,31064,1,9,9,0,,,,,,,,
31,31064,2,0,0,0,,,,,,,,
31,31064,3,0,0,0,,,,,,,,
31,31064,4,0,0,0,,,,,,,,
31,31064,5,0,0,0,,,,,,,,
31,31064,6,NA,NA,NA,,,,,,,,
31,31064,7,3,3,0,,,,,,,,
31,31064,8,0,0,0,,,,,,,,
31,31064,9,0,0,0,,,,,,,,
31,31065,1,10,10,0,,,,,,,,
31,31065,2,1,0,1,,,,,,,,
31,31065,3,0,0,0,,,,,,,,
31,31065,4,0,0,0,,,,,,,,
31,31065,5,0,0,0,,,,,,,,
31,31065,6,NA,NA,NA,,,,,,,,
31,31065,7,1,1,0,,,,,,,,
31,31065,8,0,0,0,,,,,,,,
31,31065,9,0,0,0,,,,,,,,
31,31066,1,12,10,2,,,,,,,,
31,31066,2,0,0,0,,,,,,,,
31,31066,3,0,0,0,,,,,,,,
31,31066,4,0,0,0,,,,,,,,
31,31066,5,0,0,0,,,,,,,,
31,31066,6,NA,NA,NA,,,,,,,,
31,31066,7,3,3,0,,,,,,,,
31,31066,8,0,0,0,,,,,,,,
31,31066,9,0,0,0,,,,,,,,
31,31067,1,26,20,6,,,,,,,,
31,31067,2,0,0,0,,,,,,,,
31,31067,3,0,0,0,,,,,,,,
31,31067,4,0,0,0,,,,,,,,
31,31067,5,0,0,0,,,,,,,,
31,31067,6,NA,NA,NA,,,,,,,,
31,31067,7,3,3,0,,,,,,,,
31,31067,8,1,0,1,,,,,,,,
31,31067,9,0,0,0,,,,,,,,
31,31068,1,15,13,2,,,,,,,,
31,31068,2,0,0,0,,,,,,,,
31,31068,3,0,0,0,,,,,,,,
31,31068,4,0,0,0,,,,,,,,
31,31068,5,0,0,0,,,,,,,,
31,31068,6,NA,NA,NA,,,,,,,,
31,31068,7,3,2,1,,,,,,,,
31,31068,8,0,0,0,,,,,,,,
31,31068,9,0,0,0,,,,,,,,
31,31069,1,33,32,1,,,,,,,,
31,31069,2,0,0,0,,,,,,,,
31,31069,3,0,0,0,,,,,,,,
31,31069,4,0,0,0,,,,,,,,
31,31069,5,0,0,0,,,,,,,,
31,31069,6,NA,NA,NA,,,,,,,,
31,31069,7,3,2,1,,,,,,,,
31,31069,8,0,0,0,,,,,,,,
31,31069,9,0,0,0,,,,,,,,
31,31070,1,14,10,4,,,,,,,,
31,31070,2,6,6,0,,,,,,,,
31,31070,3,0,0,0,,,,,,,,
31,31070,4,0,0,0,,,,,,,,
31,31070,5,0,0,0,,,,,,,,
31,31070,6,NA,NA,NA,,,,,,,,
31,31070,7,5,5,0,,,,,,,,
31,31070,8,0,0,0,,,,,,,,
31,31070,9,0,0,0,,,,,,,,
31,31071,1,11,9,2,,,,,,,,
31,31071,2,0,0,0,,,,,,,,
31,31071,3,0,0,0,,,,,,,,
31,31071,4,0,0,0,,,,,,,,
31,31071,5,0,0,0,,,,,,,,
31,31071,6,NA,NA,NA,,,,,,,,
31,31071,7,3,3,0,,,,,,,,
31,31071,8,0,0,0,,,,,,,,
31,31071,9,0,0,0,,,,,,,,
31,31072,1,11,10,1,,,,,,,,
31,31072,2,0,0,0,,,,,,,,
31,31072,3,0,0,0,,,,,,,,
31,31072,4,0,0,0,,,,,,,,
31,31072,5,0,0,0,,,,,,,,
31,31072,6,NA,NA,NA,,,,,,,,
31,31072,7,3,2,1,,,,,,,,
31,31072,8,0,0,0,,,,,,,,
31,31072,9,0,0,0,,,,,,,,
31,31073,1,23,23,0,,,,,,,,
31,31073,2,0,0,0,,,,,,,,
31,31073,3,0,0,0,,,,,,,,
31,31073,4,0,0,0,,,,,,,,
31,31073,5,0,0,0,,,,,,,,
31,31073,6,NA,NA,NA,,,,,,,,
31,31073,7,3,3,0,,,,,,,,
31,31073,8,0,0,0,,,,,,,,
31,31073,9,0,0,0,,,,,,,,
31,31074,1,14,12,2,,,,,,,,
31,31074,2,0,0,0,,,,,,,,
31,31074,3,0,0,0,,,,,,,,
31,31074,4,0,0,0,,,,,,,,
31,31074,5,0,0,0,,,,,,,,
31,31074,6,NA,NA,NA,,,,,,,,
31,31074,7,3,3,0,,,,,,,,
31,31074,8,0,0,0,,,,,,,,
31,31074,9,0,0,0,,,,,,,,
31,31075,1,22,20,2,,,,,,,,
31,31075,2,0,0,0,,,,,,,,
31,31075,3,0,0,0,,,,,,,,
31,31075,4,0,0,0,,,,,,,,
31,31075,5,0,0,0,,,,,,,,
31,31075,6,NA,NA,NA,,,,,,,,
31,31075,7,1,1,0,,,,,,,,
31,31075,8,0,0,0,,,,,,,,
31,31075,9,0,0,0,,,,,,,,
31,31076,1,37,36,1,,,,,,,,
31,31076,2,0,0,0,,,,,,,,
31,31076,3,0,0,0,,,,,,,,
31,31076,4,0,0,0,,,,,,,,
31,31076,5,0,0,0,,,,,,,,
31,31076,6,0,0,0,,,,,,,,
31,31076,7,3,1,2,,,,,,,,
31,31076,8,0,0,0,,,,,,,,
31,31076,9,0,0,0,,,,,,,,
31,31077,1,13,11,2,,,,,,,,
31,31077,2,0,0,0,,,,,,,,
31,31077,3,0,0,0,,,,,,,,
31,31077,4,0,0,0,,,,,,,,
31,31077,5,0,0,0,,,,,,,,
31,31077,6,NA,NA,NA,,,,,,,,
31,31077,7,2,2,0,,,,,,,,
31,31077,8,0,0,0,,,,,,,,
31,31077,9,0,0,0,,,,,,,,
31,31078,1,12,12,0,,,,,,,,
31,31078,2,0,0,0,,,,,,,,
31,31078,3,0,0,0,,,,,,,,
31,31078,4,0,0,0,,,,,,,,
31,31078,5,0,0,0,,,,,,,,
31,31078,6,NA,NA,NA,,,,,,,,
31,31078,7,3,3,0,,,,,,,,
31,31078,8,0,0,0,,,,,,,,
31,31078,9,0,0,0,,,,,,,,
31,31079,1,70,62,8,,,,,,,,
31,31079,2,0,0,0,,,,,,,,
31,31079,3,0,0,0,,,,,,,,
31,31079,4,0,0,0,,,,,,,,
31,31079,5,0,0,0,,,,,,,,
31,31079,6,NA,NA,NA,,,,,,,,
31,31079,7,8,8,0,,,,,,,,
31,31079,8,2,0,2,,,,,,,,
31,31079,9,0,0,0,,,,,,,,
31,31080,1,26,24,2,,,,,,,,
31,31080,2,0,0,0,,,,,,,,
31,31080,3,0,0,0,,,,,,,,
31,31080,4,0,0,0,,,,,,,,
31,31080,5,0,0,0,,,,,,,,
31,31080,6,NA,NA,NA,,,,,,,,
31,31080,7,1,1,0,,,,,,,,
31,31080,8,0,0,0,,,,,,,,
31,31080,9,0,0,0,,,,,,,,
31,31081,1,18,15,3,,,,,,,,
31,31081,2,0,0,0,,,,,,,,
31,31081,3,0,0,0,,,,,,,,
31,31081,4,0,0,0,,,,,,,,
31,31081,5,0,0,0,,,,,,,,
31,31081,6,NA,NA,NA,,,,,,,,
31,31081,7,2,2,0,,,,,,,,
31,31081,8,0,0,0,,,,,,,,
31,31081,9,0,0,0,,,,,,,,
31,31082,1,14,14,0,,,,,,,,
31,31082,2,0,0,0,,,,,,,,
31,31082,3,0,0,0,,,,,,,,
31,31082,4,0,0,0,,,,,,,,
31,31082,5,0,0,0,,,,,,,,
31,31082,6,NA,NA,NA,,,,,,,,
31,31082,7,3,3,0,,,,,,,,
31,31082,8,0,0,0,,,,,,,,
31,31082,9,0,0,0,,,,,,,,
31,31083,1,22,16,6,,,,,,,,
31,31083,2,0,0,0,,,,,,,,
31,31083,3,0,0,0,,,,,,,,
31,31083,4,0,0,0,,,,,,,,
31,31083,5,0,0,0,,,,,,,,
31,31083,6,NA,NA,NA,,,,,,,,
31,31083,7,2,2,0,,,,,,,,
31,31083,8,0,0,0,,,,,,,,
31,31083,9,0,0,0,,,,,,,,
31,31084,1,19,18,1,,,,,,,,
31,31084,2,0,0,0,,,,,,,,
31,31084,3,0,0,0,,,,,,,,
31,31084,4,0,0,0,,,,,,,,
31,31084,5,0,0,0,,,,,,,,
31,31084,6,NA,NA,NA,,,,,,,,
31,31084,7,3,2,1,,,,,,,,
31,31084,8,0,0,0,,,,,,,,
31,31084,9,0,0,0,,,,,,,,
31,31085,1,34,31,3,,,,,,,,
31,31085,2,0,0,0,,,,,,,,
31,31085,3,0,0,0,,,,,,,,
31,31085,4,0,0,0,,,,,,,,
31,31085,5,0,0,0,,,,,,,,
31,31085,6,NA,NA,NA,,,,,,,,
31,31085,7,3,3,0,,,,,,,,
31,31085,8,1,0,1,,,,,,,,
31,31085,9,0,0,0,,,,,,,,
31,31086,1,11,8,3,,,,,,,,
31,31086,2,0,0,0,,,,,,,,
31,31086,3,0,0,0,,,,,,,,
31,31086,4,0,0,0,,,,,,,,
31,31086,5,0,0,0,,,,,,,,
31,31086,6,NA,NA,NA,,,,,,,,
31,31086,7,3,3,0,,,,,,,,
31,31086,8,0,0,0,,,,,,,,
31,31086,9,0,0,0,,,,,,,,
31,31087,1,11,9,2,,,,,,,,
31,31087,2,0,0,0,,,,,,,,
31,31087,3,0,0,0,,,,,,,,
31,31087,4,0,0,0,,,,,,,,
31,31087,5,0,0,0,,,,,,,,
31,31087,6,NA,NA,NA,,,,,,,,
31,31087,7,3,2,1,,,,,,,,
31,31087,8,0,0,0,,,,,,,,
31,31087,9,0,0,0,,,,,,,,
31,31088,1,10,8,2,,,,,,,,
31,31088,2,0,0,0,,,,,,,,
31,31088,3,0,0,0,,,,,,,,
31,31088,4,0,0,0,,,,,,,,
31,31088,5,0,0,0,,,,,,,,
31,31088,6,NA,NA,NA,,,,,,,,
31,31088,7,3,3,0,,,,,,,,
31,31088,8,0,0,0,,,,,,,,
31,31088,9,0,0,0,,,,,,,,
31,31089,1,73,65,8,,,,,,,,
31,31089,2,0,0,0,,,,,,,,
31,31089,3,0,0,0,,,,,,,,
31,31089,4,0,0,0,,,,,,,,
31,31089,5,0,0,0,,,,,,,,
31,31089,6,NA,NA,NA,,,,,,,,
31,31089,7,3,3,0,,,,,,,,
31,31089,8,5,3,2,,,,,,,,
31,31089,9,0,0,0,,,,,,,,
31,31090,1,18,16,2,,,,,,,,
31,31090,2,0,0,0,,,,,,,,
31,31090,3,0,0,0,,,,,,,,
31,31090,4,0,0,0,,,,,,,,
31,31090,5,0,0,0,,,,,,,,
31,31090,6,NA,NA,NA,,,,,,,,
31,31090,7,3,3,0,,,,,,,,
31,31090,8,0,0,0,,,,,,,,
31,31090,9,0,0,0,,,,,,,,
31,31091,1,52,48,4,,,,,,,,
31,31091,2,0,0,0,,,,,,,,
31,31091,3,0,0,0,,,,,,,,
31,31091,4,0,0,0,,,,,,,,
31,31091,5,0,0,0,,,,,,,,
31,31091,6,NA,NA,NA,,,,,,,,
31,31091,7,1,1,0,,,,,,,,
31,31091,8,0,0,0,,,,,,,,
31,31091,9,0,0,0,,,,,,,,
31,31092,1,31,29,2,,,,,,,,
31,31092,2,0,0,0,,,,,,,,
31,31092,3,0,0,0,,,,,,,,
31,31092,4,0,0,0,,,,,,,,
31,31092,5,0,0,0,,,,,,,,
31,31092,6,NA,NA,NA,,,,,,,,
31,31092,7,2,2,0,,,,,,,,
31,31092,8,0,0,0,,,,,,,,
31,31092,9,0,0,0,,,,,,,,
31,31093,1,32,23,9,,,,,,,,
31,31093,2,0,0,0,,,,,,,,
31,31093,3,0,0,0,,,,,,,,
31,31093,4,0,0,0,,,,,,,,
31,31093,5,0,0,0,,,,,,,,
31,31093,6,NA,NA,NA,,,,,,,,
31,31093,7,4,4,0,,,,,,,,
31,31093,8,3,2,1,,,,,,,,
31,31093,9,0,0,0,,,,,,,,
31,31094,1,12,12,0,,,,,,,,
31,31094,2,0,0,0,,,,,,,,
31,31094,3,0,0,0,,,,,,,,
31,31094,4,0,0,0,,,,,,,,
31,31094,5,0,0,0,,,,,,,,
31,31094,6,NA,NA,NA,,,,,,,,
31,31094,7,3,2,1,,,,,,,,
31,31094,8,0,0,0,,,,,,,,
31,31094,9,0,0,0,,,,,,,,
31,31095,1,16,12,4,,,,,,,,
31,31095,2,0,0,0,,,,,,,,
31,31095,3,0,0,0,,,,,,,,
31,31095,4,0,0,0,,,,,,,,
31,31095,5,0,0,0,,,,,,,,
31,31095,6,NA,NA,NA,,,,,,,,
31,31095,7,2,2,0,,,,,,,,
31,31095,8,1,0,1,,,,,,,,
31,31095,9,0,0,0,,,,,,,,
31,31096,1,252,204,48,,,,,,,,
31,31096,2,0,0,0,,,,,,,,
31,31096,3,0,0,0,,,,,,,,
31,31096,4,0,0,0,,,,,,,,
31,31096,5,0,0,0,,,,,,,,
31,31096,6,NA,NA,NA,,,,,,,,
31,31096,7,7,7,0,,,,,,,,
31,31096,8,3,1,2,,,,,,,,
31,31096,9,0,0,0,,,,,,,,
31,31097,1,10,8,2,,,,,,,,
31,31097,2,0,0,0,,,,,,,,
31,31097,3,0,0,0,,,,,,,,
31,31097,4,0,0,0,,,,,,,,
31,31097,5,0,0,0,,,,,,,,
31,31097,6,NA,NA,NA,,,,,,,,
31,31097,7,2,2,0,,,,,,,,
31,31097,8,0,0,0,,,,,,,,
31,31097,9,0,0,0,,,,,,,,
31,31098,1,31,23,8,,,,,,,,
31,31098,2,0,0,0,,,,,,,,
31,31098,3,0,0,0,,,,,,,,
31,31098,4,0,0,0,,,,,,,,
31,31098,5,0,0,0,,,,,,,,
31,31098,6,NA,NA,NA,,,,,,,,
31,31098,7,3,3,0,,,,,,,,
31,31098,8,2,0,2,,,,,,,,
31,31098,9,0,0,0,,,,,,,,
31,31099,1,37,34,3,,,,,,,,
31,31099,2,0,0,0,,,,,,,,
31,31099,3,0,0,0,,,,,,,,
31,31099,4,0,0,0,,,,,,,,
31,31099,5,0,0,0,,,,,,,,
31,31099,6,NA,NA,NA,,,,,,,,
31,31099,7,2,2,0,,,,,,,,
31,31099,8,0,0,0,,,,,,,,
31,31099,9,0,0,0,,,,,,,,
31,31100,1,12,8,4,,,,,,,,
31,31100,2,0,0,0,,,,,,,,
31,31100,3,0,0,0,,,,,,,,
31,31100,4,0,0,0,,,,,,,,
31,31100,5,0,0,0,,,,,,,,
31,31100,6,NA,NA,NA,,,,,,,,
31,31100,7,3,3,0,,,,,,,,
31,31100,8,0,0,0,,,,,,,,
31,31100,9,0,0,0,,,,,,,,
31,31101,1,72,47,25,,,,,,,,
31,31101,2,0,0,0,,,,,,,,
31,31101,3,0,0,0,,,,,,,,
31,31101,4,0,0,0,,,,,,,,
31,31101,5,0,0,0,,,,,,,,
31,31101,6,NA,NA,NA,,,,,,,,
31,31101,7,5,5,0,,,,,,,,
31,31101,8,17,10,7,,,,,,,,
31,31101,9,0,0,0,,,,,,,,
31,31102,1,198,168,30,,,,,,,,
31,31102,2,53,33,20,,,,,,,,
31,31102,3,0,0,0,,,,,,,,
31,31102,4,0,0,0,,,,,,,,
31,31102,5,0,0,0,,,,,,,,
31,31102,6,NA,NA,NA,,,,,,,,
31,31102,7,3,3,0,,,,,,,,
31,31102,8,18,11,7,,,,,,,,
31,31102,9,11,6,5,,,,,,,,
31,31103,1,10,8,2,,,,,,,,
31,31103,2,0,0,0,,,,,,,,
31,31103,3,0,0,0,,,,,,,,
31,31103,4,0,0,0,,,,,,,,
31,31103,5,0,0,0,,,,,,,,
31,31103,6,NA,NA,NA,,,,,,,,
31,31103,7,2,2,0,,,,,,,,
31,31103,8,2,0,2,,,,,,,,
31,31103,9,0,0,0,,,,,,,,
31,31104,1,26,23,3,,,,,,,,
31,31104,2,0,0,0,,,,,,,,
31,31104,3,0,0,0,,,,,,,,
31,31104,4,0,0,0,,,,,,,,
31,31104,5,0,0,0,,,,,,,,
31,31104,6,NA,NA,NA,,,,,,,,
31,31104,7,3,3,0,,,,,,,,
31,31104,8,0,0,0,,,,,,,,
31,31104,9,0,0,0,,,,,,,,
31,31105,1,12,9,3,,,,,,,,
31,31105,2,0,0,0,,,,,,,,
31,31105,3,0,0,0,,,,,,,,
31,31105,4,0,0,0,,,,,,,,
31,31105,5,0,0,0,,,,,,,,
31,31105,6,NA,NA,NA,,,,,,,,
31,31105,7,1,1,0,,,,,,,,
31,31105,8,0,0,0,,,,,,,,
31,31105,9,0,0,0,,,,,,,,
31,31106,1,9,7,2,,,,,,,,
31,31106,2,0,0,0,,,,,,,,
31,31106,3,0,0,0,,,,,,,,
31,31106,4,0,0,0,,,,,,,,
31,31106,5,0,0,0,,,,,,,,
31,31106,6,NA,NA,NA,,,,,,,,
31,31106,7,3,3,0,,,,,,,,
31,31106,8,0,0,0,,,,,,,,
31,31106,9,0,0,0,,,,,,,,
32,32001,1,10,8,2,,,,,,,,
32,32001,2,0,0,0,,,,,,,,
32,32001,3,0,0,0,,,,,,,,
32,32001,4,0,0,0,,,,,,,,
32,32001,5,0,0,0,,,,,,,,
32,32001,6,NA,NA,NA,,,,,,,,
32,32001,7,3,2,1,,,,,,,,
32,32001,8,1,1,0,,,,,,,,
32,32001,9,0,0,0,,,,,,,,
32,32002,1,ND,ND,ND,,,,,,,,
32,32002,2,ND,ND,ND,,,,,,,,
32,32002,3,ND,ND,ND,,,,,,,,
32,32002,4,ND,ND,ND,,,,,,,,
32,32002,5,ND,ND,ND,,,,,,,,
32,32002,6,ND,ND,ND,,,,,,,,
32,32002,7,ND,ND,ND,,,,,,,,
32,32002,8,ND,ND,ND,,,,,,,,
32,32002,9,ND,ND,ND,,,,,,,,
32,32003,1,4,4,0,,,,,,,,
32,32003,2,0,0,0,,,,,,,,
32,32003,3,0,0,0,,,,,,,,
32,32003,4,0,0,0,,,,,,,,
32,32003,5,0,0,0,,,,,,,,
32,32003,6,NA,NA,NA,,,,,,,,
32,32003,7,1,1,0,,,,,,,,
32,32003,8,0,0,0,,,,,,,,
32,32003,9,0,0,0,,,,,,,,
32,32004,1,3,3,0,,,,,,,,
32,32004,2,0,0,0,,,,,,,,
32,32004,3,0,0,0,,,,,,,,
32,32004,4,0,0,0,,,,,,,,
32,32004,5,0,0,0,,,,,,,,
32,32004,6,NA,NA,NA,,,,,,,,
32,32004,7,0,0,0,,,,,,,,
32,32004,8,0,0,0,,,,,,,,
32,32004,9,0,0,0,,,,,,,,
32,32005,1,29,26,3,,,,,,,,
32,32005,2,0,0,0,,,,,,,,
32,32005,3,0,0,0,,,,,,,,
32,32005,4,0,0,0,,,,,,,,
32,32005,5,0,0,0,,,,,,,,
32,32005,6,NA,NA,NA,,,,,,,,
32,32005,7,2,2,0,,,,,,,,
32,32005,8,4,1,3,,,,,,,,
32,32005,9,0,0,0,,,,,,,,
32,32006,1,8,5,3,,,,,,,,
32,32006,2,0,0,0,,,,,,,,
32,32006,3,0,0,0,,,,,,,,
32,32006,4,0,0,0,,,,,,,,
32,32006,5,0,0,0,,,,,,,,
32,32006,6,NA,NA,NA,,,,,,,,
32,32006,7,2,2,0,,,,,,,,
32,32006,8,0,0,0,,,,,,,,
32,32006,9,0,0,0,,,,,,,,
32,32007,1,11,11,0,,,,,,,,
32,32007,2,1,1,0,,,,,,,,
32,32007,3,0,0,0,,,,,,,,
32,32007,4,0,0,0,,,,,,,,
32,32007,5,0,0,0,,,,,,,,
32,32007,6,NA,NA,NA,,,,,,,,
32,32007,7,1,1,0,,,,,,,,
32,32007,8,2,0,2,,,,,,,,
32,32007,9,0,0,0,,,,,,,,
32,32008,1,5,5,0,,,,,,,,
32,32008,2,0,0,0,,,,,,,,
32,32008,3,0,0,0,,,,,,,,
32,32008,4,0,0,0,,,,,,,,
32,32008,5,0,0,0,,,,,,,,
32,32008,6,NA,NA,NA,,,,,,,,
32,32008,7,1,0,1,,,,,,,,
32,32008,8,1,0,1,,,,,,,,
32,32008,9,0,0,0,,,,,,,,
32,32009,1,4,4,0,,,,,,,,
32,32009,2,0,0,0,,,,,,,,
32,32009,3,0,0,0,,,,,,,,
32,32009,4,0,0,0,,,,,,,,
32,32009,5,0,0,0,,,,,,,,
32,32009,6,NA,NA,NA,,,,,,,,
32,32009,7,0,0,0,,,,,,,,
32,32009,8,0,0,0,,,,,,,,
32,32009,9,0,0,0,,,,,,,,
32,32010,1,110,80,30,,,,,,,,
32,32010,2,0,0,0,,,,,,,,
32,32010,3,0,0,0,,,,,,,,
32,32010,4,0,0,0,,,,,,,,
32,32010,5,0,0,0,,,,,,,,
32,32010,6,NA,NA,NA,,,,,,,,
32,32010,7,0,0,0,,,,,,,,
32,32010,8,0,0,0,,,,,,,,
32,32010,9,0,0,0,,,,,,,,
32,32011,1,4,4,0,,,,,,,,
32,32011,2,0,0,0,,,,,,,,
32,32011,3,0,0,0,,,,,,,,
32,32011,4,0,0,0,,,,,,,,
32,32011,5,0,0,0,,,,,,,,
32,32011,6,NA,NA,NA,,,,,,,,
32,32011,7,2,2,0,,,,,,,,
32,32011,8,0,0,0,,,,,,,,
32,32011,9,0,0,0,,,,,,,,
32,32012,1,5,5,0,,,,,,,,
32,32012,2,0,0,0,,,,,,,,
32,32012,3,0,0,0,,,,,,,,
32,32012,4,0,0,0,,,,,,,,
32,32012,5,0,0,0,,,,,,,,
32,32012,6,NA,NA,NA,,,,,,,,
32,32012,7,1,1,0,,,,,,,,
32,32012,8,0,0,0,,,,,,,,
32,32012,9,0,0,0,,,,,,,,
32,32013,1,10,9,1,,,,,,,,
32,32013,2,0,0,0,,,,,,,,
32,32013,3,0,0,0,,,,,,,,
32,32013,4,0,0,0,,,,,,,,
32,32013,5,0,0,0,,,,,,,,
32,32013,6,NA,NA,NA,,,,,,,,
32,32013,7,0,0,0,,,,,,,,
32,32013,8,0,0,0,,,,,,,,
32,32013,9,0,0,0,,,,,,,,
32,32014,1,10,10,0,,,,,,,,
32,32014,2,0,0,0,,,,,,,,
32,32014,3,0,0,0,,,,,,,,
32,32014,4,0,0,0,,,,,,,,
32,32014,5,0,0,0,,,,,,,,
32,32014,6,0,0,0,,,,,,,,
32,32014,7,3,3,0,,,,,,,,
32,32014,8,1,0,1,,,,,,,,
32,32014,9,0,0,0,,,,,,,,
32,32015,1,2,2,0,,,,,,,,
32,32015,2,0,0,0,,,,,,,,
32,32015,3,0,0,0,,,,,,,,
32,32015,4,0,0,0,,,,,,,,
32,32015,5,0,0,0,,,,,,,,
32,32015,6,NA,NA,NA,,,,,,,,
32,32015,7,1,1,0,,,,,,,,
32,32015,8,0,0,0,,,,,,,,
32,32015,9,0,0,0,,,,,,,,
32,32016,1,3,2,1,,,,,,,,
32,32016,2,0,0,0,,,,,,,,
32,32016,3,0,0,0,,,,,,,,
32,32016,4,0,0,0,,,,,,,,
32,32016,5,0,0,0,,,,,,,,
32,32016,6,NA,NA,NA,,,,,,,,
32,32016,7,1,1,0,,,,,,,,
32,32016,8,0,0,0,,,,,,,,
32,32016,9,0,0,0,,,,,,,,
32,32017,1,156,108,48,,,,,,,,
32,32017,2,0,0,0,,,,,,,,
32,32017,3,0,0,0,,,,,,,,
32,32017,4,0,0,0,,,,,,,,
32,32017,5,0,0,0,,,,,,,,
32,32017,6,NA,NA,NA,,,,,,,,
32,32017,7,1,1,0,,,,,,,,
32,32017,8,25,11,14,,,,,,,,
32,32017,9,0,0,0,,,,,,,,
32,32018,1,3,3,0,,,,,,,,
32,32018,2,0,0,0,,,,,,,,
32,32018,3,0,0,0,,,,,,,,
32,32018,4,0,0,0,,,,,,,,
32,32018,5,0,0,0,,,,,,,,
32,32018,6,NA,NA,NA,,,,,,,,
32,32018,7,2,2,0,,,,,,,,
32,32018,8,0,0,0,,,,,,,,
32,32018,9,0,0,0,,,,,,,,
32,32019,1,6,3,3,,,,,,,,
32,32019,2,0,0,0,,,,,,,,
32,32019,3,0,0,0,,,,,,,,
32,32019,4,0,0,0,,,,,,,,
32,32019,5,0,0,0,,,,,,,,
32,32019,6,NA,NA,NA,,,,,,,,
32,32019,7,1,1,0,,,,,,,,
32,32019,8,2,1,1,,,,,,,,
32,32019,9,0,0,0,,,,,,,,
32,32020,1,47,34,13,,,,,,,,
32,32020,2,0,0,0,,,,,,,,
32,32020,3,0,0,0,,,,,,,,
32,32020,4,0,0,0,,,,,,,,
32,32020,5,0,0,0,,,,,,,,
32,32020,6,NA,NA,NA,,,,,,,,
32,32020,7,5,4,1,,,,,,,,
32,32020,8,11,8,3,,,,,,,,
32,32020,9,0,0,0,,,,,,,,
32,32021,1,ND,ND,ND,,,,,,,,
32,32021,2,ND,ND,ND,,,,,,,,
32,32021,3,ND,ND,ND,,,,,,,,
32,32021,4,ND,ND,ND,,,,,,,,
32,32021,5,ND,ND,ND,,,,,,,,
32,32021,6,ND,ND,ND,,,,,,,,
32,32021,7,ND,ND,ND,,,,,,,,
32,32021,8,ND,ND,ND,,,,,,,,
32,32021,9,ND,ND,ND,,,,,,,,
32,32022,1,ND,ND,ND,,,,,,,,
32,32022,2,ND,ND,ND,,,,,,,,
32,32022,3,ND,ND,ND,,,,,,,,
32,32022,4,ND,ND,ND,,,,,,,,
32,32022,5,ND,ND,ND,,,,,,,,
32,32022,6,ND,ND,ND,,,,,,,,
32,32022,7,ND,ND,ND,,,,,,,,
32,32022,8,ND,ND,ND,,,,,,,,
32,32022,9,ND,ND,ND,,,,,,,,
32,32023,1,14,12,2,,,,,,,,
32,32023,2,0,0,0,,,,,,,,
32,32023,3,0,0,0,,,,,,,,
32,32023,4,0,0,0,,,,,,,,
32,32023,5,0,0,0,,,,,,,,
32,32023,6,NA,NA,NA,,,,,,,,
32,32023,7,1,1,0,,,,,,,,
32,32023,8,2,2,0,,,,,,,,
32,32023,9,0,0,0,,,,,,,,
32,32024,1,21,18,3,,,,,,,,
32,32024,2,0,0,0,,,,,,,,
32,32024,3,0,0,0,,,,,,,,
32,32024,4,0,0,0,,,,,,,,
32,32024,5,0,0,0,,,,,,,,
32,32024,6,NA,NA,NA,,,,,,,,
32,32024,7,4,4,0,,,,,,,,
32,32024,8,1,1,0,,,,,,,,
32,32024,9,0,0,0,,,,,,,,
32,32025,1,2,2,0,,,,,,,,
32,32025,2,0,0,0,,,,,,,,
32,32025,3,0,0,0,,,,,,,,
32,32025,4,0,0,0,,,,,,,,
32,32025,5,0,0,0,,,,,,,,
32,32025,6,NA,NA,NA,,,,,,,,
32,32025,7,1,1,0,,,,,,,,
32,32025,8,0,0,0,,,,,,,,
32,32025,9,6,6,0,,,,,,,,
32,32026,1,7,7,0,,,,,,,,
32,32026,2,0,0,0,,,,,,,,
32,32026,3,0,0,0,,,,,,,,
32,32026,4,0,0,0,,,,,,,,
32,32026,5,0,0,0,,,,,,,,
32,32026,6,0,0,0,,,,,,,,
32,32026,7,2,2,0,,,,,,,,
32,32026,8,0,0,0,,,,,,,,
32,32026,9,2,2,0,,,,,,,,
32,32027,1,ND,ND,ND,,,,,,,,
32,32027,2,ND,ND,ND,,,,,,,,
32,32027,3,ND,ND,ND,,,,,,,,
32,32027,4,ND,ND,ND,,,,,,,,
32,32027,5,ND,ND,ND,,,,,,,,
32,32027,6,ND,ND,ND,,,,,,,,
32,32027,7,ND,ND,ND,,,,,,,,
32,32027,8,ND,ND,ND,,,,,,,,
32,32027,9,ND,ND,ND,,,,,,,,
32,32028,1,6,4,2,,,,,,,,
32,32028,2,0,0,0,,,,,,,,
32,32028,3,0,0,0,,,,,,,,
32,32028,4,0,0,0,,,,,,,,
32,32028,5,0,0,0,,,,,,,,
32,32028,6,NA,NA,NA,,,,,,,,
32,32028,7,0,0,0,,,,,,,,
32,32028,8,0,0,0,,,,,,,,
32,32028,9,0,0,0,,,,,,,,
32,32029,1,14,11,3,,,,,,,,
32,32029,2,0,0,0,,,,,,,,
32,32029,3,0,0,0,,,,,,,,
32,32029,4,0,0,0,,,,,,,,
32,32029,5,0,0,0,,,,,,,,
32,32029,6,NA,NA,NA,,,,,,,,
32,32029,7,4,4,0,,,,,,,,
32,32029,8,1,0,1,,,,,,,,
32,32029,9,0,0,0,,,,,,,,
32,32030,1,4,3,1,,,,,,,,
32,32030,2,0,0,0,,,,,,,,
32,32030,3,0,0,0,,,,,,,,
32,32030,4,0,0,0,,,,,,,,
32,32030,5,0,0,0,,,,,,,,
32,32030,6,NA,NA,NA,,,,,,,,
32,32030,7,1,0,1,,,,,,,,
32,32030,8,0,0,0,,,,,,,,
32,32030,9,0,0,0,,,,,,,,
32,32031,1,ND,ND,ND,,,,,,,,
32,32031,2,ND,ND,ND,,,,,,,,
32,32031,3,ND,ND,ND,,,,,,,,
32,32031,4,ND,ND,ND,,,,,,,,
32,32031,5,ND,ND,ND,,,,,,,,
32,32031,6,ND,ND,ND,,,,,,,,
32,32031,7,ND,ND,ND,,,,,,,,
32,32031,8,ND,ND,ND,,,,,,,,
32,32031,9,ND,ND,ND,,,,,,,,
32,32032,1,20,19,1,,,,,,,,
32,32032,2,0,0,0,,,,,,,,
32,32032,3,0,0,0,,,,,,,,
32,32032,4,0,0,0,,,,,,,,
32,32032,5,0,0,0,,,,,,,,
32,32032,6,NA,NA,NA,,,,,,,,
32,32032,7,1,1,0,,,,,,,,
32,32032,8,0,0,0,,,,,,,,
32,32032,9,0,0,0,,,,,,,,
32,32033,1,9,6,3,,,,,,,,
32,32033,2,0,0,0,,,,,,,,
32,32033,3,0,0,0,,,,,,,,
32,32033,4,0,0,0,,,,,,,,
32,32033,5,0,0,0,,,,,,,,
32,32033,6,NA,NA,NA,,,,,,,,
32,32033,7,2,2,0,,,,,,,,
32,32033,8,1,1,0,,,,,,,,
32,32033,9,0,0,0,,,,,,,,
32,32034,1,50,48,2,,,,,,,,
32,32034,2,0,0,0,,,,,,,,
32,32034,3,0,0,0,,,,,,,,
32,32034,4,0,0,0,,,,,,,,
32,32034,5,0,0,0,,,,,,,,
32,32034,6,NA,NA,NA,,,,,,,,
32,32034,7,4,4,0,,,,,,,,
32,32034,8,1,0,1,,,,,,,,
32,32034,9,0,0,0,,,,,,,,
32,32035,1,4,4,0,,,,,,,,
32,32035,2,0,0,0,,,,,,,,
32,32035,3,0,0,0,,,,,,,,
32,32035,4,0,0,0,,,,,,,,
32,32035,5,0,0,0,,,,,,,,
32,32035,6,NA,NA,NA,,,,,,,,
32,32035,7,1,1,0,,,,,,,,
32,32035,8,0,0,0,,,,,,,,
32,32035,9,0,0,0,,,,,,,,
32,32036,1,7,6,1,,,,,,,,
32,32036,2,0,0,0,,,,,,,,
32,32036,3,0,0,0,,,,,,,,
32,32036,4,0,0,0,,,,,,,,
32,32036,5,0,0,0,,,,,,,,
32,32036,6,NA,NA,NA,,,,,,,,
32,32036,7,1,1,0,,,,,,,,
32,32036,8,2,1,1,,,,,,,,
32,32036,9,0,0,0,,,,,,,,
32,32037,1,5,5,0,,,,,,,,
32,32037,2,0,0,0,,,,,,,,
32,32037,3,0,0,0,,,,,,,,
32,32037,4,0,0,0,,,,,,,,
32,32037,5,0,0,0,,,,,,,,
32,32037,6,2,2,0,,,,,,,,
32,32037,7,2,2,0,,,,,,,,
32,32037,8,0,0,0,,,,,,,,
32,32037,9,0,0,0,,,,,,,,
32,32038,1,35,29,6,,,,,,,,
32,32038,2,0,0,0,,,,,,,,
32,32038,3,0,0,0,,,,,,,,
32,32038,4,0,0,0,,,,,,,,
32,32038,5,0,0,0,,,,,,,,
32,32038,6,NA,NA,NA,,,,,,,,
32,32038,7,2,2,0,,,,,,,,
32,32038,8,0,0,0,,,,,,,,
32,32038,9,0,0,0,,,,,,,,
32,32039,1,45,28,17,,,,,,,,
32,32039,2,0,0,0,,,,,,,,
32,32039,3,0,0,0,,,,,,,,
32,32039,4,0,0,0,,,,,,,,
32,32039,5,0,0,0,,,,,,,,
32,32039,6,NA,NA,NA,,,,,,,,
32,32039,7,1,1,0,,,,,,,,
32,32039,8,5,2,3,,,,,,,,
32,32039,9,0,0,0,,,,,,,,
32,32040,1,10,8,2,,,,,,,,
32,32040,2,0,0,0,,,,,,,,
32,32040,3,0,0,0,,,,,,,,
32,32040,4,0,0,0,,,,,,,,
32,32040,5,0,0,0,,,,,,,,
32,32040,6,NA,NA,NA,,,,,,,,
32,32040,7,2,1,1,,,,,,,,
32,32040,8,1,0,1,,,,,,,,
32,32040,9,1,0,1,,,,,,,,
32,32041,1,13,13,0,,,,,,,,
32,32041,2,0,0,0,,,,,,,,
32,32041,3,0,0,0,,,,,,,,
32,32041,4,0,0,0,,,,,,,,
32,32041,5,0,0,0,,,,,,,,
32,32041,6,NA,NA,NA,,,,,,,,
32,32041,7,2,2,0,,,,,,,,
32,32041,8,1,1,0,,,,,,,,
32,32041,9,0,0,0,,,,,,,,
32,32042,1,37,32,5,,,,,,,,
32,32042,2,0,0,0,,,,,,,,
32,32042,3,0,0,0,,,,,,,,
32,32042,4,0,0,0,,,,,,,,
32,32042,5,0,0,0,,,,,,,,
32,32042,6,0,0,0,,,,,,,,
32,32042,7,5,4,1,,,,,,,,
32,32042,8,3,1,2,,,,,,,,
32,32042,9,1,0,1,,,,,,,,
32,32043,1,1,1,0,,,,,,,,
32,32043,2,0,0,0,,,,,,,,
32,32043,3,0,0,0,,,,,,,,
32,32043,4,0,0,0,,,,,,,,
32,32043,5,0,0,0,,,,,,,,
32,32043,6,NA,NA,NA,,,,,,,,
32,32043,7,0,0,0,,,,,,,,
32,32043,8,0,0,0,,,,,,,,
32,32043,9,2,2,0,,,,,,,,
32,32044,1,10,8,2,,,,,,,,
32,32044,2,0,0,0,,,,,,,,
32,32044,3,0,0,0,,,,,,,,
32,32044,4,0,0,0,,,,,,,,
32,32044,5,0,0,0,,,,,,,,
32,32044,6,NA,NA,NA,,,,,,,,
32,32044,7,1,1,0,,,,,,,,
32,32044,8,1,0,1,,,,,,,,
32,32044,9,0,0,0,,,,,,,,
32,32045,1,10,9,1,,,,,,,,
32,32045,2,0,0,0,,,,,,,,
32,32045,3,0,0,0,,,,,,,,
32,32045,4,0,0,0,,,,,,,,
32,32045,5,0,0,0,,,,,,,,
32,32045,6,NA,NA,NA,,,,,,,,
32,32045,7,1,1,0,,,,,,,,
32,32045,8,0,0,0,,,,,,,,
32,32045,9,0,0,0,,,,,,,,
32,32046,1,5,4,1,,,,,,,,
32,32046,2,0,0,0,,,,,,,,
32,32046,3,0,0,0,,,,,,,,
32,32046,4,0,0,0,,,,,,,,
32,32046,5,0,0,0,,,,,,,,
32,32046,6,NA,NA,NA,,,,,,,,
32,32046,7,1,1,0,,,,,,,,
32,32046,8,0,0,0,,,,,,,,
32,32046,9,0,0,0,,,,,,,,
32,32047,1,11,9,2,,,,,,,,
32,32047,2,0,0,0,,,,,,,,
32,32047,3,0,0,0,,,,,,,,
32,32047,4,0,0,0,,,,,,,,
32,32047,5,0,0,0,,,,,,,,
32,32047,6,NA,NA,NA,,,,,,,,
32,32047,7,1,1,0,,,,,,,,
32,32047,8,0,0,0,,,,,,,,
32,32047,9,0,0,0,,,,,,,,
32,32048,1,19,15,4,,,,,,,,
32,32048,2,10,10,0,,,,,,,,
32,32048,3,0,0,0,,,,,,,,
32,32048,4,0,0,0,,,,,,,,
32,32048,5,0,0,0,,,,,,,,
32,32048,6,NA,NA,NA,,,,,,,,
32,32048,7,4,4,0,,,,,,,,
32,32048,8,1,1,0,,,,,,,,
32,32048,9,0,0,0,,,,,,,,
32,32049,1,47,29,18,,,,,,,,
32,32049,2,0,0,0,,,,,,,,
32,32049,3,0,0,0,,,,,,,,
32,32049,4,0,0,0,,,,,,,,
32,32049,5,0,0,0,,,,,,,,
32,32049,6,NA,NA,NA,,,,,,,,
32,32049,7,0,0,0,,,,,,,,
32,32049,8,0,0,0,,,,,,,,
32,32049,9,0,0,0,,,,,,,,
32,32050,1,8,8,0,,,,,,,,
32,32050,2,0,0,0,,,,,,,,
32,32050,3,0,0,0,,,,,,,,
32,32050,4,0,0,0,,,,,,,,
32,32050,5,0,0,0,,,,,,,,
32,32050,6,NA,NA,NA,,,,,,,,
32,32050,7,0,0,0,,,,,,,,
32,32050,8,0,0,0,,,,,,,,
32,32050,9,0,0,0,,,,,,,,
32,32051,1,16,9,7,,,,,,,,
32,32051,2,0,0,0,,,,,,,,
32,32051,3,0,0,0,,,,,,,,
32,32051,4,0,0,0,,,,,,,,
32,32051,5,0,0,0,,,,,,,,
32,32051,6,NA,NA,NA,,,,,,,,
32,32051,7,6,6,0,,,,,,,,
32,32051,8,0,0,0,,,,,,,,
32,32051,9,0,0,0,,,,,,,,
32,32052,1,27,21,6,,,,,,,,
32,32052,2,2,2,0,,,,,,,,
32,32052,3,0,0,0,,,,,,,,
32,32052,4,0,0,0,,,,,,,,
32,32052,5,0,0,0,,,,,,,,
32,32052,6,NA,NA,NA,,,,,,,,
32,32052,7,2,2,0,,,,,,,,
32,32052,8,1,0,1,,,,,,,,
32,32052,9,0,0,0,,,,,,,,
32,32053,1,6,5,1,,,,,,,,
32,32053,2,0,0,0,,,,,,,,
32,32053,3,0,0,0,,,,,,,,
32,32053,4,0,0,0,,,,,,,,
32,32053,5,0,0,0,,,,,,,,
32,32053,6,NA,NA,NA,,,,,,,,
32,32053,7,3,3,0,,,,,,,,
32,32053,8,0,0,0,,,,,,,,
32,32053,9,0,0,0,,,,,,,,
32,32054,1,11,11,0,,,,,,,,
32,32054,2,0,0,0,,,,,,,,
32,32054,3,0,0,0,,,,,,,,
32,32054,4,0,0,0,,,,,,,,
32,32054,5,0,0,0,,,,,,,,
32,32054,6,NA,NA,NA,,,,,,,,
32,32054,7,3,3,0,,,,,,,,
32,32054,8,1,0,1,,,,,,,,
32,32054,9,0,0,0,,,,,,,,
32,32055,1,36,26,10,,,,,,,,
32,32055,2,4,2,2,,,,,,,,
32,32055,3,0,0,0,,,,,,,,
32,32055,4,0,0,0,,,,,,,,
32,32055,5,0,0,0,,,,,,,,
32,32055,6,NA,NA,NA,,,,,,,,
32,32055,7,3,3,0,,,,,,,,
32,32055,8,5,2,3,,,,,,,,
32,32055,9,0,0,0,,,,,,,,
32,32056,1,205,119,86,,,,,,,,
32,32056,2,0,0,0,,,,,,,,
32,32056,3,0,0,0,,,,,,,,
32,32056,4,0,0,0,,,,,,,,
32,32056,5,0,0,0,,,,,,,,
32,32056,6,NA,NA,NA,,,,,,,,
32,32056,7,1,1,0,,,,,,,,
32,32056,8,22,14,8,,,,,,,,
32,32056,9,0,0,0,,,,,,,,
32,32057,1,14,12,2,,,,,,,,
32,32057,2,0,0,0,,,,,,,,
32,32057,3,0,0,0,,,,,,,,
32,32057,4,0,0,0,,,,,,,,
32,32057,5,0,0,0,,,,,,,,
32,32057,6,NA,NA,NA,,,,,,,,
32,32057,7,3,3,0,,,,,,,,
32,32057,8,1,1,0,,,,,,,,
32,32057,9,0,0,0,,,,,,,,
32,32058,1,4,4,0,,,,,,,,
32,32058,2,0,0,0,,,,,,,,
32,32058,3,0,0,0,,,,,,,,
32,32058,4,0,0,0,,,,,,,,
32,32058,5,0,0,0,,,,,,,,
32,32058,6,NA,NA,NA,,,,,,,,
32,32058,7,1,1,0,,,,,,,,
32,32058,8,0,0,0,,,,,,,,
32,32058,9,5,5,0,,,,,,,,
